{"textures":{"0":"modelengine:entity/dragon_monk","particle":"#0"},"elements":[{"from":[2.841,7.398197,2.8611708],"to":[13.159,17.716196,13.179171],"faces":{"east":{"uv":[0.0075,1.0075,0.8675,1.8675],"tintindex":0,"rotation":0,"texture":"#0"},"south":{"uv":[1.0075,0.0075,1.8675,0.8675],"tintindex":0,"rotation":0,"texture":"#0"},"north":{"uv":[0.0075,0.0075,0.8675,0.8675],"tintindex":0,"rotation":0,"texture":"#0"},"west":{"uv":[1.0075,1.0075,1.8675,1.8675],"tintindex":0,"rotation":0,"texture":"#0"},"up":{"uv":[0.8675,2.8675,0.0075,2.0075],"tintindex":0,"rotation":0,"texture":"#0"},"down":{"uv":[2.8675,0.0075,2.0075,0.8675],"tintindex":0,"rotation":0,"texture":"#0"}}},{"from":[12.770468,10.714697,6.0747],"to":[13.507467,13.662699,7.9172],"faces":{"east":{"uv":[8.8825,9.3825,9.0625,9.6175],"tintindex":0,"rotation":0,"texture":"#0"},"south":{"uv":[9.7575,9.3825,9.8125,9.6175],"tintindex":0,"rotation":0,"texture":"#0"},"north":{"uv":[9.7575,9.0075,9.8125,9.2425],"tintindex":0,"rotation":0,"texture":"#0"},"west":{"uv":[9.3825,9.0075,9.5625,9.2425],"tintindex":0,"rotation":0,"texture":"#0"},"up":{"uv":[9.9375,2.6875,9.8825,2.5075],"tintindex":0,"rotation":0,"texture":"#0"},"down":{"uv":[2.8125,9.8825,2.7575,10.0625],"tintindex":0,"rotation":0,"texture":"#0"}},"rotation":{"origin":[13.1389675,12.188696,6.9959497],"angle":22.5,"axis":"y"}},{"from":[2.4925327,10.714697,6.0747],"to":[3.2295327,13.662699,7.9172],"faces":{"east":{"uv":[9.3825,8.2575,9.5625,8.4925],"tintindex":0,"rotation":0,"texture":"#0"},"south":{"uv":[9.0075,9.7575,9.0625,9.9925],"tintindex":0,"rotation":0,"texture":"#0"},"north":{"uv":[8.7575,9.7575,8.8125,9.9925],"tintindex":0,"rotation":0,"texture":"#0"},"west":{"uv":[8.5075,9.3825,8.6875,9.6175],"tintindex":0,"rotation":0,"texture":"#0"},"up":{"uv":[9.8125,9.9375,9.7575,9.7575],"tintindex":0,"rotation":0,"texture":"#0"},"down":{"uv":[2.5625,9.8825,2.5075,10.0625],"tintindex":0,"rotation":0,"texture":"#0"}},"rotation":{"origin":[2.861033,12.188696,6.9959497],"angle":-22.5,"axis":"y"}},{"from":[7.263,10.036108,2.2090883],"to":[8.7369995,12.98411,3.6830883],"faces":{"east":{"uv":[7.1325,9.6325,7.2425,9.8675],"tintindex":0,"rotation":0,"texture":"#0"},"south":{"uv":[7.3825,9.6325,7.4925,9.8675],"tintindex":0,"rotation":0,"texture":"#0"},"north":{"uv":[9.6325,7.0075,9.7425,7.2425],"tintindex":0,"rotation":0,"texture":"#0"},"west":{"uv":[9.6325,7.3825,9.7425,7.6175],"tintindex":0,"rotation":0,"texture":"#0"},"up":{"uv":[2.1175,1.8675,2.0075,1.7575],"tintindex":0,"rotation":0,"texture":"#0"},"down":{"uv":[3.1175,0.7575,3.0075,0.8675],"tintindex":0,"rotation":0,"texture":"#0"}},"rotation":{"origin":[8.0,11.510111,2.9460888],"angle":22.5,"axis":"x"}}],"display":{"head":{"rotation":[0.0,0.0,0.0]},"firstperson_righthand":{"rotation":[0.0,0.0,0.0]},"thirdperson_lefthand":{"rotation":[0.0,-0.0,-0.0]},"firstperson_lefthand":{"rotation":[0.0,-0.0,-0.0]},"fixed":{"rotation":[0.0,0.0,0.0]},"ground":{"rotation":[0.0,0.0,0.0]},"thirdperson_righthand":{"rotation":[0.0,0.0,0.0]},"gui":{"rotation":[-150.0,-45.0,180.0]}}}