{"textures":{"0":"modelengine:entity/dragon_monk","particle":"#0"},"elements":[{"from":[3.4490252,1.4584999,5.4205],"to":[8.608025,8.828499,10.5795],"faces":{"east":{"uv":[4.7575,5.1325,5.1875,5.7425],"tintindex":0,"rotation":0,"texture":"#0"},"south":{"uv":[0.0075,5.2575,0.4375,5.8675],"tintindex":0,"rotation":0,"texture":"#0"},"north":{"uv":[5.1325,4.1325,5.5625,4.7425],"tintindex":0,"rotation":0,"texture":"#0"},"west":{"uv":[5.3825,0.0075,5.8125,0.6175],"tintindex":0,"rotation":0,"texture":"#0"},"up":{"uv":[2.9375,7.5625,2.5075,7.1325],"tintindex":0,"rotation":0,"texture":"#0"},"down":{"uv":[3.5625,7.1325,3.1325,7.5625],"tintindex":0,"rotation":0,"texture":"#0"}}},{"from":[1.6433754,1.4584999,5.789],"to":[3.1173754,5.880499,10.211],"faces":{"east":{"uv":[6.1325,6.7575,6.4925,7.1175],"tintindex":0,"rotation":0,"texture":"#0"},"south":{"uv":[2.7575,9.3825,2.8675,9.7425],"tintindex":0,"rotation":0,"texture":"#0"},"north":{"uv":[2.5075,9.3825,2.6175,9.7425],"tintindex":0,"rotation":0,"texture":"#0"},"west":{"uv":[5.6325,7.5075,5.9925,7.8675],"tintindex":0,"rotation":0,"texture":"#0"},"up":{"uv":[6.2425,9.7425,6.1325,9.3825],"tintindex":0,"rotation":0,"texture":"#0"},"down":{"uv":[6.4925,9.3825,6.3825,9.7425],"tintindex":0,"rotation":0,"texture":"#0"}}},{"from":[3.0805254,1.5584984,5.052],"to":[8.976524,5.9804993,10.948],"faces":{"east":{"uv":[5.0075,7.6325,5.4925,7.9925],"tintindex":0,"rotation":0,"texture":"#0"},"south":{"uv":[2.3825,7.7575,2.8675,8.1175],"tintindex":0,"rotation":0,"texture":"#0"},"north":{"uv":[7.6325,3.6325,8.1175,3.9925],"tintindex":0,"rotation":0,"texture":"#0"},"west":{"uv":[7.7575,2.5075,8.2425,2.8675],"tintindex":0,"rotation":0,"texture":"#0"},"up":{"uv":[6.7425,1.2425,6.2575,0.7575],"tintindex":0,"rotation":0,"texture":"#0"},"down":{"uv":[6.7425,1.3825,6.2575,1.8675],"tintindex":0,"rotation":0,"texture":"#0"}}}],"display":{"head":{"rotation":[0.0,0.0,0.0]},"firstperson_righthand":{"rotation":[0.0,0.0,0.0]},"thirdperson_lefthand":{"rotation":[0.0,-0.0,-0.0]},"firstperson_lefthand":{"rotation":[0.0,-0.0,-0.0]},"fixed":{"rotation":[0.0,0.0,0.0]},"ground":{"rotation":[0.0,0.0,0.0]},"thirdperson_righthand":{"rotation":[0.0,0.0,0.0]},"gui":{"rotation":[-150.0,-45.0,180.0]}}}