{"textures":{"0":"modelengine:entity/dragon_monk","particle":"#0"},"elements":[{"from":[5.4205,0.5906172,5.346878],"to":[10.5795,7.960617,10.5058775],"faces":{"east":{"uv":[5.0075,1.5075,5.4375,2.1175],"tintindex":0,"rotation":0,"texture":"#0"},"south":{"uv":[2.8825,5.0075,3.3125,5.6175],"tintindex":0,"rotation":0,"texture":"#0"},"north":{"uv":[5.0075,0.7575,5.4375,1.3675],"tintindex":0,"rotation":0,"texture":"#0"},"west":{"uv":[3.5075,5.0075,3.9375,5.6175],"tintindex":0,"rotation":0,"texture":"#0"},"up":{"uv":[0.9375,7.4375,0.5075,7.0075],"tintindex":0,"rotation":0,"texture":"#0"},"down":{"uv":[7.4375,3.0075,7.0075,3.4375],"tintindex":0,"rotation":0,"texture":"#0"}}},{"from":[5.052,0.5656171,4.978378],"to":[10.948,6.461617,10.874378],"faces":{"east":{"uv":[5.0075,6.3825,5.4925,6.8675],"tintindex":0,"rotation":0,"texture":"#0"},"south":{"uv":[2.5075,6.5075,2.9925,6.9925],"tintindex":0,"rotation":0,"texture":"#0"},"north":{"uv":[6.3825,3.6325,6.8675,4.1175],"tintindex":0,"rotation":0,"texture":"#0"},"west":{"uv":[3.1325,6.5075,3.6175,6.9925],"tintindex":0,"rotation":0,"texture":"#0"},"up":{"uv":[7.1175,0.4925,6.6325,0.0075],"tintindex":0,"rotation":0,"texture":"#0"},"down":{"uv":[1.7425,6.6325,1.2575,7.1175],"tintindex":0,"rotation":0,"texture":"#0"}}}],"display":{"head":{"rotation":[0.0,0.0,0.0]},"firstperson_righthand":{"rotation":[0.0,0.0,0.0]},"thirdperson_lefthand":{"rotation":[0.0,-0.0,-0.0]},"firstperson_lefthand":{"rotation":[0.0,-0.0,-0.0]},"fixed":{"rotation":[0.0,0.0,0.0]},"ground":{"rotation":[0.0,0.0,0.0]},"thirdperson_righthand":{"rotation":[0.0,0.0,0.0]},"gui":{"rotation":[-150.0,-45.0,180.0]}}}