{"textures":{"0":"modelengine:entity/dragon_monk","particle":"#0"},"elements":[{"from":[5.9165,2.6762695,7.263],"to":[8.1275,8.572269,8.7369995],"faces":{"east":{"uv":[1.0075,9.3825,1.1175,9.8675],"tintindex":0,"rotation":0,"texture":"#0"},"south":{"uv":[1.0075,8.3825,1.1875,8.8675],"tintindex":0,"rotation":0,"texture":"#0"},"north":{"uv":[8.0075,8.2575,8.1875,8.7425],"tintindex":0,"rotation":0,"texture":"#0"},"west":{"uv":[1.2575,9.3825,1.3675,9.8675],"tintindex":0,"rotation":0,"texture":"#0"},"up":{"uv":[0.4375,9.8675,0.2575,9.7575],"tintindex":0,"rotation":0,"texture":"#0"},"down":{"uv":[9.9375,0.6325,9.7575,0.7425],"tintindex":0,"rotation":0,"texture":"#0"}},"rotation":{"origin":[7.022,5.6242695,8.0],"angle":-22.5,"axis":"z"}}],"display":{"head":{"rotation":[0.0,0.0,0.0]},"firstperson_righthand":{"rotation":[0.0,0.0,0.0]},"thirdperson_lefthand":{"rotation":[0.0,-0.0,-0.0]},"firstperson_lefthand":{"rotation":[0.0,-0.0,-0.0]},"fixed":{"rotation":[0.0,0.0,0.0]},"ground":{"rotation":[0.0,0.0,0.0]},"thirdperson_righthand":{"rotation":[0.0,0.0,0.0]},"gui":{"rotation":[-150.0,-45.0,180.0]}}}