{"textures":{"0":"modelengine:entity/dragon_monk","particle":"#0"},"elements":[{"from":[5.4205003,0.5878334,5.4205],"to":[10.5795,7.9578342,10.5795],"faces":{"east":{"uv":[4.5625,5.1325,4.1325,5.7425],"tintindex":0,"rotation":0,"texture":"#0"},"south":{"uv":[5.5625,3.3825,5.1325,3.9925],"tintindex":0,"rotation":0,"texture":"#0"},"north":{"uv":[1.6875,5.1325,1.2575,5.7425],"tintindex":0,"rotation":0,"texture":"#0"},"west":{"uv":[2.3125,5.1325,1.8825,5.7425],"tintindex":0,"rotation":0,"texture":"#0"},"up":{"uv":[7.0075,4.0625,7.4375,3.6325],"tintindex":0,"rotation":0,"texture":"#0"},"down":{"uv":[5.0075,7.0075,5.4375,7.4375],"tintindex":0,"rotation":0,"texture":"#0"}}},{"from":[4.6835003,0.66283417,4.6835003],"to":[11.316501,6.558834,11.3165],"faces":{"east":{"uv":[4.8125,2.0075,4.2575,2.4925],"tintindex":0,"rotation":0,"texture":"#0"},"south":{"uv":[4.8125,1.3825,4.2575,1.8675],"tintindex":0,"rotation":0,"texture":"#0"},"north":{"uv":[1.1875,4.2575,0.6325,4.7425],"tintindex":0,"rotation":0,"texture":"#0"},"west":{"uv":[4.8125,0.7575,4.2575,1.2425],"tintindex":0,"rotation":0,"texture":"#0"},"up":{"uv":[1.0075,4.0625,1.5625,3.5075],"tintindex":0,"rotation":0,"texture":"#0"},"down":{"uv":[3.5075,1.3825,4.0625,1.9375],"tintindex":0,"rotation":0,"texture":"#0"}}}],"display":{"head":{"rotation":[0.0,0.0,0.0]},"firstperson_righthand":{"rotation":[0.0,0.0,0.0]},"thirdperson_lefthand":{"rotation":[0.0,-0.0,-0.0]},"firstperson_lefthand":{"rotation":[0.0,-0.0,-0.0]},"fixed":{"rotation":[0.0,0.0,0.0]},"ground":{"rotation":[0.0,0.0,0.0]},"thirdperson_righthand":{"rotation":[0.0,0.0,0.0]},"gui":{"rotation":[-150.0,-45.0,180.0]}}}