{"textures":{"0":"modelengine:entity/dragon_monk","particle":"#0"},"elements":[{"from":[6.618125,0.5903082,4.55143],"to":[11.040125,7.960308,5.28843],"faces":{"east":{"uv":[9.5625,9.3825,9.5075,9.9925],"tintindex":0,"rotation":0,"texture":"#0"},"south":{"uv":[5.9925,6.7575,5.6325,7.3675],"tintindex":0,"rotation":0,"texture":"#0"},"north":{"uv":[0.3675,6.7575,0.0075,7.3675],"tintindex":0,"rotation":0,"texture":"#0"},"west":{"uv":[6.9375,9.5075,6.8825,10.1175],"tintindex":0,"rotation":0,"texture":"#0"},"up":{"uv":[8.1325,1.6875,8.4925,1.6325],"tintindex":0,"rotation":0,"texture":"#0"},"down":{"uv":[9.6325,7.7575,9.9925,7.8125],"tintindex":0,"rotation":0,"texture":"#0"}}},{"from":[5.144125,2.0643082,5.32528],"to":[10.303125,9.434308,10.48428],"faces":{"east":{"uv":[1.0625,4.8825,0.6325,5.4925],"tintindex":0,"rotation":0,"texture":"#0"},"south":{"uv":[5.1875,2.6325,4.7575,3.2425],"tintindex":0,"rotation":0,"texture":"#0"},"north":{"uv":[4.9375,4.3825,4.5075,4.9925],"tintindex":0,"rotation":0,"texture":"#0"},"west":{"uv":[5.1875,0.0075,4.7575,0.6175],"tintindex":0,"rotation":0,"texture":"#0"},"up":{"uv":[6.8825,1.0625,7.3125,0.6325],"tintindex":0,"rotation":0,"texture":"#0"},"down":{"uv":[6.8825,1.2575,7.3125,1.6875],"tintindex":0,"rotation":0,"texture":"#0"}}},{"from":[5.144125,0.5903082,10.370974],"to":[11.040125,7.960308,11.107973],"faces":{"east":{"uv":[6.6875,9.5075,6.6325,10.1175],"tintindex":0,"rotation":0,"texture":"#0"},"south":{"uv":[4.6175,2.8825,4.1325,3.4925],"tintindex":0,"rotation":0,"texture":"#0"},"north":{"uv":[4.6175,0.0075,4.1325,0.6175],"tintindex":0,"rotation":0,"texture":"#0"},"west":{"uv":[9.5625,5.6325,9.5075,6.2425],"tintindex":0,"rotation":0,"texture":"#0"},"up":{"uv":[5.2575,9.6875,5.7425,9.6325],"tintindex":0,"rotation":0,"texture":"#0"},"down":{"uv":[9.6325,6.7575,10.1175,6.8125],"tintindex":0,"rotation":0,"texture":"#0"}}},{"from":[10.671625,0.5903082,5.2119737],"to":[11.040125,7.960308,10.370974],"faces":{"east":{"uv":[6.4375,6.0075,6.0075,6.6175],"tintindex":0,"rotation":0,"texture":"#0"},"south":{"uv":[3.0625,9.6325,3.0075,10.2425],"tintindex":0,"rotation":0,"texture":"#0"},"north":{"uv":[9.6875,2.5075,9.6325,3.1175],"tintindex":0,"rotation":0,"texture":"#0"},"west":{"uv":[6.4375,5.2575,6.0075,5.8675],"tintindex":0,"rotation":0,"texture":"#0"},"up":{"uv":[0.0075,10.1875,0.0625,9.7575],"tintindex":0,"rotation":0,"texture":"#0"},"down":{"uv":[9.7575,0.0075,9.8125,0.4375],"tintindex":0,"rotation":0,"texture":"#0"}}},{"from":[5.144125,5.012308,4.55143],"to":[6.618125,7.960308,5.28843],"faces":{"east":{"uv":[8.5625,9.7575,8.5075,9.9925],"tintindex":0,"rotation":0,"texture":"#0"},"south":{"uv":[5.9925,9.6325,5.8825,9.8675],"tintindex":0,"rotation":0,"texture":"#0"},"north":{"uv":[0.8675,8.6325,0.7575,8.8675],"tintindex":0,"rotation":0,"texture":"#0"},"west":{"uv":[9.8125,8.2575,9.7575,8.4925],"tintindex":0,"rotation":0,"texture":"#0"},"up":{"uv":[7.7575,7.5625,7.8675,7.5075],"tintindex":0,"rotation":0,"texture":"#0"},"down":{"uv":[8.2575,4.5075,8.3675,4.5625],"tintindex":0,"rotation":0,"texture":"#0"}}}],"display":{"head":{"rotation":[0.0,0.0,0.0]},"firstperson_righthand":{"rotation":[0.0,0.0,0.0]},"thirdperson_lefthand":{"rotation":[0.0,-0.0,-0.0]},"firstperson_lefthand":{"rotation":[0.0,-0.0,-0.0]},"fixed":{"rotation":[0.0,0.0,0.0]},"ground":{"rotation":[0.0,0.0,0.0]},"thirdperson_righthand":{"rotation":[0.0,0.0,0.0]},"gui":{"rotation":[-150.0,-45.0,180.0]}}}