{"textures":{"0":"modelengine:entity/dragon_monk","particle":"#0"},"elements":[{"from":[6.8945,2.2520003,7.29985],"to":[9.1055,8.148001,8.70015],"faces":{"east":{"uv":[1.8675,9.3825,1.7575,9.8675],"tintindex":0,"rotation":0,"texture":"#0"},"south":{"uv":[8.5625,5.5075,8.3825,5.9925],"tintindex":0,"rotation":0,"texture":"#0"},"north":{"uv":[8.5625,2.2575,8.3825,2.7425],"tintindex":0,"rotation":0,"texture":"#0"},"west":{"uv":[1.6175,9.3825,1.5075,9.8675],"tintindex":0,"rotation":0,"texture":"#0"},"up":{"uv":[9.7575,0.9925,9.9375,0.8825],"tintindex":0,"rotation":0,"texture":"#0"},"down":{"uv":[9.7575,1.1325,9.9375,1.2425],"tintindex":0,"rotation":0,"texture":"#0"}}}],"display":{"head":{"rotation":[0.0,0.0,0.0]},"firstperson_righthand":{"rotation":[0.0,0.0,0.0]},"thirdperson_lefthand":{"rotation":[0.0,-0.0,-0.0]},"firstperson_lefthand":{"rotation":[0.0,-0.0,-0.0]},"fixed":{"rotation":[0.0,0.0,0.0]},"ground":{"rotation":[0.0,0.0,0.0]},"thirdperson_righthand":{"rotation":[0.0,0.0,0.0]},"gui":{"rotation":[-150.0,-45.0,180.0]}}}