{"textures":{"0":"modelengine:entity/dragon_monk","particle":"#0"},"elements":[{"from":[5.4205,5.135861,3.3324628],"to":[10.5795,6.978361,5.5434628],"faces":{"east":{"uv":[3.4375,9.6325,3.2575,9.8125],"tintindex":0,"rotation":0,"texture":"#0"},"south":{"uv":[8.8125,7.1325,8.3825,7.3125],"tintindex":0,"rotation":0,"texture":"#0"},"north":{"uv":[8.8125,6.7575,8.3825,6.9375],"tintindex":0,"rotation":0,"texture":"#0"},"west":{"uv":[9.6875,8.6325,9.5075,8.8125],"tintindex":0,"rotation":0,"texture":"#0"},"up":{"uv":[8.3825,8.4375,8.8125,8.2575],"tintindex":0,"rotation":0,"texture":"#0"},"down":{"uv":[8.5075,0.0075,8.9375,0.1875],"tintindex":0,"rotation":0,"texture":"#0"}}},{"from":[5.45735,6.0540276,3.5163245],"to":[10.54265,7.5280275,6.0958242],"faces":{"east":{"uv":[1.6175,4.2575,1.3825,4.3675],"tintindex":0,"rotation":0,"texture":"#0"},"south":{"uv":[9.8125,1.5075,9.3825,1.6175],"tintindex":0,"rotation":0,"texture":"#0"},"north":{"uv":[9.5625,6.5075,9.1325,6.6175],"tintindex":0,"rotation":0,"texture":"#0"},"west":{"uv":[1.9925,3.5075,1.7575,3.6175],"tintindex":0,"rotation":0,"texture":"#0"},"up":{"uv":[8.0075,7.7425,8.4375,7.5075],"tintindex":0,"rotation":0,"texture":"#0"},"down":{"uv":[8.0075,7.8825,8.4375,8.1175],"tintindex":0,"rotation":0,"texture":"#0"}},"rotation":{"origin":[8.0,6.791028,4.806074],"angle":-22.5,"axis":"x"}},{"from":[5.4205,5.135861,5.5434628],"to":[10.5795,8.083861,10.702463],"faces":{"east":{"uv":[6.0625,8.0075,5.6325,8.2425],"tintindex":0,"rotation":0,"texture":"#0"},"south":{"uv":[8.3125,5.1325,7.8825,5.3675],"tintindex":0,"rotation":0,"texture":"#0"},"north":{"uv":[4.8125,7.8825,4.3825,8.1175],"tintindex":0,"rotation":0,"texture":"#0"},"west":{"uv":[8.3125,4.7575,7.8825,4.9925],"tintindex":0,"rotation":0,"texture":"#0"},"up":{"uv":[7.2575,4.6875,7.6875,4.2575],"tintindex":0,"rotation":0,"texture":"#0"},"down":{"uv":[4.3825,7.2575,4.8125,7.6875],"tintindex":0,"rotation":0,"texture":"#0"}}}],"display":{"head":{"rotation":[0.0,0.0,0.0]},"firstperson_righthand":{"rotation":[0.0,0.0,0.0]},"thirdperson_lefthand":{"rotation":[0.0,-0.0,-0.0]},"firstperson_lefthand":{"rotation":[0.0,-0.0,-0.0]},"fixed":{"rotation":[0.0,0.0,0.0]},"ground":{"rotation":[0.0,0.0,0.0]},"thirdperson_righthand":{"rotation":[0.0,0.0,0.0]},"gui":{"rotation":[-150.0,-45.0,180.0]}}}