{"textures":{"0":"modelengine:entity/dragon_monk","particle":"#0"},"elements":[{"from":[5.4205003,5.011999,5.4205],"to":[10.5795,7.959999,10.5795],"faces":{"east":{"uv":[6.6875,8.2575,6.2575,8.4925],"tintindex":0,"rotation":0,"texture":"#0"},"south":{"uv":[4.8125,8.2575,4.3825,8.4925],"tintindex":0,"rotation":0,"texture":"#0"},"north":{"uv":[8.6875,3.7575,8.2575,3.9925],"tintindex":0,"rotation":0,"texture":"#0"},"west":{"uv":[8.6875,4.1325,8.2575,4.3675],"tintindex":0,"rotation":0,"texture":"#0"},"up":{"uv":[0.0075,8.0625,0.4375,7.6325],"tintindex":0,"rotation":0,"texture":"#0"},"down":{"uv":[7.6325,3.0075,8.0625,3.4375],"tintindex":0,"rotation":0,"texture":"#0"}}}],"display":{"head":{"rotation":[0.0,0.0,0.0]},"firstperson_righthand":{"rotation":[0.0,0.0,0.0]},"thirdperson_lefthand":{"rotation":[0.0,-0.0,-0.0]},"firstperson_lefthand":{"rotation":[0.0,-0.0,-0.0]},"fixed":{"rotation":[0.0,0.0,0.0]},"ground":{"rotation":[0.0,0.0,0.0]},"thirdperson_righthand":{"rotation":[0.0,0.0,0.0]},"gui":{"rotation":[-150.0,-45.0,180.0]}}}