{"textures":{"0":"modelengine:entity/dragon_monk","particle":"#0"},"elements":[{"from":[13.788069,15.014938,7.879224],"to":[16.736069,17.96294,10.827224],"faces":{"east":{"uv":[2.6325,9.0075,2.8675,9.2425],"tintindex":0,"rotation":0,"texture":"#0"},"south":{"uv":[4.0075,9.0075,4.2425,9.2425],"tintindex":0,"rotation":0,"texture":"#0"},"north":{"uv":[2.2575,9.0075,2.4925,9.2425],"tintindex":0,"rotation":0,"texture":"#0"},"west":{"uv":[4.3825,9.0075,4.6175,9.2425],"tintindex":0,"rotation":0,"texture":"#0"},"up":{"uv":[5.8675,9.2425,5.6325,9.0075],"tintindex":0,"rotation":0,"texture":"#0"},"down":{"uv":[6.2425,9.0075,6.0075,9.2425],"tintindex":0,"rotation":0,"texture":"#0"}},"rotation":{"origin":[15.262069,16.488937,9.353224],"angle":45.0,"axis":"y"}},{"from":[12.6825695,13.083666,10.263471],"to":[15.630569,16.031666,13.211471],"faces":{"east":{"uv":[8.6325,9.0075,8.8675,9.2425],"tintindex":0,"rotation":0,"texture":"#0"},"south":{"uv":[9.0075,9.0075,9.2425,9.2425],"tintindex":0,"rotation":0,"texture":"#0"},"north":{"uv":[9.0075,8.2575,9.2425,8.4925],"tintindex":0,"rotation":0,"texture":"#0"},"west":{"uv":[9.1325,0.0075,9.3675,0.2425],"tintindex":0,"rotation":0,"texture":"#0"},"up":{"uv":[9.3675,0.6175,9.1325,0.3825],"tintindex":0,"rotation":0,"texture":"#0"},"down":{"uv":[9.3675,0.7575,9.1325,0.9925],"tintindex":0,"rotation":0,"texture":"#0"}},"rotation":{"origin":[14.156569,14.557665,11.737471],"angle":22.5,"axis":"x"}},{"from":[10.166293,11.434378,11.070868],"to":[13.114294,14.382378,14.0188675],"faces":{"east":{"uv":[9.1325,1.8825,9.3675,2.1175],"tintindex":0,"rotation":0,"texture":"#0"},"south":{"uv":[9.1325,2.2575,9.3675,2.4925],"tintindex":0,"rotation":0,"texture":"#0"},"north":{"uv":[9.1325,1.1325,9.3675,1.3675],"tintindex":0,"rotation":0,"texture":"#0"},"west":{"uv":[9.1325,4.2575,9.3675,4.4925],"tintindex":0,"rotation":0,"texture":"#0"},"up":{"uv":[9.3675,4.8675,9.1325,4.6325],"tintindex":0,"rotation":0,"texture":"#0"},"down":{"uv":[9.3675,5.0075,9.1325,5.2425],"tintindex":0,"rotation":0,"texture":"#0"}},"rotation":{"origin":[11.640293,12.908377,12.5448675],"angle":-45.0,"axis":"z"}},{"from":[-0.7360687,15.014938,7.879224],"to":[2.2119312,17.96294,10.827224],"faces":{"east":{"uv":[0.7575,9.0075,0.9925,9.2425],"tintindex":0,"rotation":0,"texture":"#0"},"south":{"uv":[1.1325,9.0075,1.3675,9.2425],"tintindex":0,"rotation":0,"texture":"#0"},"north":{"uv":[0.3825,9.0075,0.6175,9.2425],"tintindex":0,"rotation":0,"texture":"#0"},"west":{"uv":[1.5075,9.0075,1.7425,9.2425],"tintindex":0,"rotation":0,"texture":"#0"},"up":{"uv":[9.2425,1.7425,9.0075,1.5075],"tintindex":0,"rotation":0,"texture":"#0"},"down":{"uv":[2.1175,9.0075,1.8825,9.2425],"tintindex":0,"rotation":0,"texture":"#0"}},"rotation":{"origin":[0.73793125,16.488937,9.353224],"angle":-45.0,"axis":"y"}},{"from":[2.8857064,11.434378,11.070868],"to":[5.833707,14.382378,14.0188675],"faces":{"east":{"uv":[9.1325,5.7575,9.3675,5.9925],"tintindex":0,"rotation":0,"texture":"#0"},"south":{"uv":[9.1325,6.1325,9.3675,6.3675],"tintindex":0,"rotation":0,"texture":"#0"},"north":{"uv":[9.1325,5.3825,9.3675,5.6175],"tintindex":0,"rotation":0,"texture":"#0"},"west":{"uv":[6.7575,9.1325,6.9925,9.3675],"tintindex":0,"rotation":0,"texture":"#0"},"up":{"uv":[9.3675,8.8675,9.1325,8.6325],"tintindex":0,"rotation":0,"texture":"#0"},"down":{"uv":[9.4925,2.6325,9.2575,2.8675],"tintindex":0,"rotation":0,"texture":"#0"}},"rotation":{"origin":[4.359707,12.908377,12.5448675],"angle":45.0,"axis":"z"}},{"from":[9.474,10.947187,2.0837097],"to":[12.422,13.895187,5.031709],"faces":{"east":{"uv":[8.7575,5.6325,8.9925,5.8675],"tintindex":0,"rotation":0,"texture":"#0"},"south":{"uv":[8.7575,6.0075,8.9925,6.2425],"tintindex":0,"rotation":0,"texture":"#0"},"north":{"uv":[8.7575,5.2575,8.9925,5.4925],"tintindex":0,"rotation":0,"texture":"#0"},"west":{"uv":[8.7575,6.3825,8.9925,6.6175],"tintindex":0,"rotation":0,"texture":"#0"},"up":{"uv":[6.9925,8.9925,6.7575,8.7575],"tintindex":0,"rotation":0,"texture":"#0"},"down":{"uv":[8.9925,8.6325,8.7575,8.8675],"tintindex":0,"rotation":0,"texture":"#0"}},"rotation":{"origin":[10.948,12.421186,3.5577097],"angle":-22.5,"axis":"x"}},{"from":[0.36943102,13.083666,10.263471],"to":[3.317431,16.031666,13.211471],"faces":{"east":{"uv":[9.0075,6.7575,9.2425,6.9925],"tintindex":0,"rotation":0,"texture":"#0"},"south":{"uv":[9.0075,7.1325,9.2425,7.3675],"tintindex":0,"rotation":0,"texture":"#0"},"north":{"uv":[6.3825,9.0075,6.6175,9.2425],"tintindex":0,"rotation":0,"texture":"#0"},"west":{"uv":[9.0075,7.5075,9.2425,7.7425],"tintindex":0,"rotation":0,"texture":"#0"},"up":{"uv":[9.2425,8.1175,9.0075,7.8825],"tintindex":0,"rotation":0,"texture":"#0"},"down":{"uv":[8.4925,9.0075,8.2575,9.2425],"tintindex":0,"rotation":0,"texture":"#0"}},"rotation":{"origin":[1.843431,14.557665,11.737471],"angle":22.5,"axis":"x"}},{"from":[13.788069,15.014938,4.931224],"to":[16.736069,17.96294,7.879224],"faces":{"east":{"uv":[5.2575,8.8825,5.4925,9.1175],"tintindex":0,"rotation":0,"texture":"#0"},"south":{"uv":[7.1325,8.8825,7.3675,9.1175],"tintindex":0,"rotation":0,"texture":"#0"},"north":{"uv":[4.8825,8.8825,5.1175,9.1175],"tintindex":0,"rotation":0,"texture":"#0"},"west":{"uv":[7.5075,8.8825,7.7425,9.1175],"tintindex":0,"rotation":0,"texture":"#0"},"up":{"uv":[8.1175,9.1175,7.8825,8.8825],"tintindex":0,"rotation":0,"texture":"#0"},"down":{"uv":[0.2425,9.0075,0.0075,9.2425],"tintindex":0,"rotation":0,"texture":"#0"}},"rotation":{"origin":[15.262069,16.488937,6.405224],"angle":45.0,"axis":"z"}},{"from":[1.3670001,8.068808,5.1313734],"to":[14.632999,15.438807,11.027373],"faces":{"east":{"uv":[0.0075,3.7575,0.4925,4.3675],"tintindex":0,"rotation":0,"texture":"#0"},"south":{"uv":[2.0075,1.0075,3.1175,1.6175],"tintindex":0,"rotation":0,"texture":"#0"},"north":{"uv":[1.0075,2.0075,2.1175,2.6175],"tintindex":0,"rotation":0,"texture":"#0"},"west":{"uv":[1.7575,3.7575,2.2425,4.3675],"tintindex":0,"rotation":0,"texture":"#0"},"up":{"uv":[3.3675,2.2425,2.2575,1.7575],"tintindex":0,"rotation":0,"texture":"#0"},"down":{"uv":[3.3675,2.3825,2.2575,2.8675],"tintindex":0,"rotation":0,"texture":"#0"}}},{"from":[12.422,13.190956,2.8466735],"to":[15.37,16.138958,5.794673],"faces":{"east":{"uv":[8.7575,0.3825,8.9925,0.6175],"tintindex":0,"rotation":0,"texture":"#0"},"south":{"uv":[8.7575,0.7575,8.9925,0.9925],"tintindex":0,"rotation":0,"texture":"#0"},"north":{"uv":[8.3825,8.6325,8.6175,8.8675],"tintindex":0,"rotation":0,"texture":"#0"},"west":{"uv":[8.7575,1.1325,8.9925,1.3675],"tintindex":0,"rotation":0,"texture":"#0"},"up":{"uv":[8.9925,2.2425,8.7575,2.0075],"tintindex":0,"rotation":0,"texture":"#0"},"down":{"uv":[8.9925,2.3825,8.7575,2.6175],"tintindex":0,"rotation":0,"texture":"#0"}},"rotation":{"origin":[13.896,14.664957,4.320673],"angle":-45.0,"axis":"x"}},{"from":[6.526,9.064251,1.542285],"to":[9.474,12.012251,4.490285],"faces":{"east":{"uv":[4.5075,8.6325,4.7425,8.8675],"tintindex":0,"rotation":0,"texture":"#0"},"south":{"uv":[6.0075,8.6325,6.2425,8.8675],"tintindex":0,"rotation":0,"texture":"#0"},"north":{"uv":[4.1325,8.6325,4.3675,8.8675],"tintindex":0,"rotation":0,"texture":"#0"},"west":{"uv":[6.3825,8.6325,6.6175,8.8675],"tintindex":0,"rotation":0,"texture":"#0"},"up":{"uv":[8.8675,7.7425,8.6325,7.5075],"tintindex":0,"rotation":0,"texture":"#0"},"down":{"uv":[8.8675,7.8825,8.6325,8.1175],"tintindex":0,"rotation":0,"texture":"#0"}},"rotation":{"origin":[8.0,10.53825,3.016285],"angle":-45.0,"axis":"y"}},{"from":[-0.7360687,15.014938,4.931224],"to":[2.2119312,17.96294,7.879224],"faces":{"east":{"uv":[8.8825,3.1325,9.1175,3.3675],"tintindex":0,"rotation":0,"texture":"#0"},"south":{"uv":[3.2575,8.8825,3.4925,9.1175],"tintindex":0,"rotation":0,"texture":"#0"},"north":{"uv":[8.8825,2.7575,9.1175,2.9925],"tintindex":0,"rotation":0,"texture":"#0"},"west":{"uv":[8.8825,3.5075,9.1175,3.7425],"tintindex":0,"rotation":0,"texture":"#0"},"up":{"uv":[3.8675,9.1175,3.6325,8.8825],"tintindex":0,"rotation":0,"texture":"#0"},"down":{"uv":[9.1175,3.8825,8.8825,4.1175],"tintindex":0,"rotation":0,"texture":"#0"}},"rotation":{"origin":[0.73793125,16.488937,6.405224],"angle":-45.0,"axis":"z"}},{"from":[3.578,10.947187,2.0837097],"to":[6.526,13.895187,5.031709],"faces":{"east":{"uv":[8.6325,1.6325,8.8675,1.8675],"tintindex":0,"rotation":0,"texture":"#0"},"south":{"uv":[1.7575,8.6325,1.9925,8.8675],"tintindex":0,"rotation":0,"texture":"#0"},"north":{"uv":[1.3825,8.6325,1.6175,8.8675],"tintindex":0,"rotation":0,"texture":"#0"},"west":{"uv":[2.1325,8.6325,2.3675,8.8675],"tintindex":0,"rotation":0,"texture":"#0"},"up":{"uv":[2.7425,8.8675,2.5075,8.6325],"tintindex":0,"rotation":0,"texture":"#0"},"down":{"uv":[3.1175,8.6325,2.8825,8.8675],"tintindex":0,"rotation":0,"texture":"#0"}},"rotation":{"origin":[5.052,12.421186,3.5577097],"angle":-22.5,"axis":"x"}},{"from":[6.526,11.173807,11.592005],"to":[9.474,14.121807,14.540005],"faces":{"east":{"uv":[9.2575,3.0075,9.4925,3.2425],"tintindex":0,"rotation":0,"texture":"#0"},"south":{"uv":[3.3825,9.2575,3.6175,9.4925],"tintindex":0,"rotation":0,"texture":"#0"},"north":{"uv":[3.0075,9.2575,3.2425,9.4925],"tintindex":0,"rotation":0,"texture":"#0"},"west":{"uv":[9.2575,3.3825,9.4925,3.6175],"tintindex":0,"rotation":0,"texture":"#0"},"up":{"uv":[9.4925,3.9925,9.2575,3.7575],"tintindex":0,"rotation":0,"texture":"#0"},"down":{"uv":[4.9925,9.2575,4.7575,9.4925],"tintindex":0,"rotation":0,"texture":"#0"}},"rotation":{"origin":[8.0,12.647808,13.066006],"angle":45.0,"axis":"x"}},{"from":[0.6300001,13.190956,2.8466735],"to":[3.578,16.138958,5.794673],"faces":{"east":{"uv":[5.3825,3.0075,5.6175,3.2425],"tintindex":0,"rotation":0,"texture":"#0"},"south":{"uv":[5.6325,6.3825,5.8675,6.6175],"tintindex":0,"rotation":0,"texture":"#0"},"north":{"uv":[5.0075,2.2575,5.2425,2.4925],"tintindex":0,"rotation":0,"texture":"#0"},"west":{"uv":[6.7575,7.3825,6.9925,7.6175],"tintindex":0,"rotation":0,"texture":"#0"},"up":{"uv":[0.2425,8.8675,0.0075,8.6325],"tintindex":0,"rotation":0,"texture":"#0"},"down":{"uv":[0.6175,8.6325,0.3825,8.8675],"tintindex":0,"rotation":0,"texture":"#0"}},"rotation":{"origin":[2.104,14.664957,4.320673],"angle":-45.0,"axis":"x"}}],"display":{"head":{"rotation":[0.0,0.0,0.0]},"firstperson_righthand":{"rotation":[0.0,0.0,0.0]},"thirdperson_lefthand":{"rotation":[0.0,-0.0,-0.0]},"firstperson_lefthand":{"rotation":[0.0,-0.0,-0.0]},"fixed":{"rotation":[0.0,0.0,0.0]},"ground":{"rotation":[0.0,0.0,0.0]},"thirdperson_righthand":{"rotation":[0.0,0.0,0.0]},"gui":{"rotation":[-150.0,-45.0,180.0]}}}