{"textures":{"0":"modelengine:entity/7debcd7c-3e30-3e7b-a132-c405f544adf7","particle":"#0"},"elements":[{"from":[13.749626,14.000701,13.97764],"to":[2.0829587,2.334034,2.3109732],"faces":{"east":{"uv":[11.0625,10.25,11.25,10.0625],"tintindex":0,"rotation":180,"texture":"#0"},"south":{"uv":[11.0625,10.25,11.25,10.0625],"tintindex":0,"rotation":180,"texture":"#0"},"north":{"uv":[11.0625,10.25,11.25,10.0625],"tintindex":0,"rotation":180,"texture":"#0"},"west":{"uv":[11.0625,10.25,11.25,10.0625],"tintindex":0,"rotation":180,"texture":"#0"},"up":{"uv":[11.0625,10.25,11.25,10.0625],"tintindex":0,"rotation":180,"texture":"#0"},"down":{"uv":[11.0625,10.25,11.25,10.0625],"tintindex":0,"rotation":180,"texture":"#0"}}},{"from":[2.5829587,2.834034,2.8109736],"to":[13.249626,13.500701,13.47764],"faces":{"east":{"uv":[10.875,10.25,11.875,11.25],"tintindex":0,"rotation":0,"texture":"#0"},"south":{"uv":[10.875,10.25,11.875,11.25],"tintindex":0,"rotation":0,"texture":"#0"},"north":{"uv":[10.875,10.25,11.875,11.25],"tintindex":0,"rotation":0,"texture":"#0"},"west":{"uv":[10.875,10.25,11.875,11.25],"tintindex":0,"rotation":0,"texture":"#0"},"up":{"uv":[10.875,10.25,11.875,11.25],"tintindex":0,"rotation":0,"texture":"#0"},"down":{"uv":[10.875,10.25,11.875,11.25],"tintindex":0,"rotation":0,"texture":"#0"}}},{"from":[-12.08371,2.5411406,7.875103],"to":[2.5829587,13.2078085,7.9084363],"faces":{"south":{"uv":[10.875,11.25,11.875,12.625],"tintindex":0,"rotation":270,"texture":"#0"},"north":{"uv":[10.875,11.25,11.875,12.625],"tintindex":0,"rotation":90,"texture":"#0"}},"rotation":{"origin":[-4.7503757,7.8744745,7.89177],"angle":45.0,"axis":"x"}},{"from":[2.6233988,13.500701,7.875103],"to":[13.290066,28.16737,7.9084363],"faces":{"south":{"uv":[10.875,11.25,11.875,12.625],"tintindex":0,"rotation":0,"texture":"#0"},"north":{"uv":[10.875,11.25,11.875,12.625],"tintindex":0,"rotation":0,"texture":"#0"}},"rotation":{"origin":[7.9567323,20.834034,7.89177],"angle":-45.0,"axis":"y"}},{"from":[-12.08371,2.5411406,7.875103],"to":[2.5829587,13.2078085,7.9084363],"faces":{"south":{"uv":[10.875,11.25,11.875,12.625],"tintindex":0,"rotation":270,"texture":"#0"},"north":{"uv":[10.875,11.25,11.875,12.625],"tintindex":0,"rotation":90,"texture":"#0"}},"rotation":{"origin":[-4.7503757,7.8744745,7.89177],"angle":-45.0,"axis":"x"}},{"from":[13.249626,2.5411406,7.875103],"to":[27.91629,13.2078085,7.9084363],"faces":{"south":{"uv":[10.875,12.625,11.875,11.25],"tintindex":0,"rotation":270,"texture":"#0"},"north":{"uv":[10.875,12.625,11.875,11.25],"tintindex":0,"rotation":90,"texture":"#0"}},"rotation":{"origin":[20.582958,7.8744745,7.89177],"angle":-45.0,"axis":"x"}},{"from":[2.6233988,-11.832634,7.875103],"to":[13.290066,2.834034,7.9084363],"faces":{"south":{"uv":[10.875,12.625,11.875,11.25],"tintindex":0,"rotation":0,"texture":"#0"},"north":{"uv":[10.875,12.625,11.875,11.25],"tintindex":0,"rotation":0,"texture":"#0"}},"rotation":{"origin":[7.9567323,-4.4993,7.89177],"angle":45.0,"axis":"y"}},{"from":[8.152163,2.5411406,13.47764],"to":[8.185496,13.2078085,28.144308],"faces":{"east":{"uv":[10.875,12.625,11.875,11.25],"tintindex":0,"rotation":90,"texture":"#0"},"west":{"uv":[10.875,12.625,11.875,11.25],"tintindex":0,"rotation":270,"texture":"#0"}},"rotation":{"origin":[8.16883,7.8744745,20.810974],"angle":45.0,"axis":"z"}},{"from":[8.152163,2.5411406,-11.855694],"to":[8.185496,13.2078085,2.8109736],"faces":{"east":{"uv":[10.875,11.25,11.875,12.625],"tintindex":0,"rotation":90,"texture":"#0"},"west":{"uv":[10.875,11.25,11.875,12.625],"tintindex":0,"rotation":270,"texture":"#0"}},"rotation":{"origin":[8.16883,7.8744745,-4.52236],"angle":45.0,"axis":"z"}},{"from":[2.6233988,13.500701,7.875103],"to":[13.290066,28.16737,7.9084363],"faces":{"south":{"uv":[10.875,11.25,11.875,12.625],"tintindex":0,"rotation":0,"texture":"#0"},"north":{"uv":[10.875,11.25,11.875,12.625],"tintindex":0,"rotation":0,"texture":"#0"}},"rotation":{"origin":[7.9567323,20.834034,7.89177],"angle":45.0,"axis":"y"}},{"from":[8.152163,2.5411406,13.47764],"to":[8.185496,13.2078085,28.144308],"faces":{"east":{"uv":[10.875,12.625,11.875,11.25],"tintindex":0,"rotation":90,"texture":"#0"},"west":{"uv":[10.875,12.625,11.875,11.25],"tintindex":0,"rotation":270,"texture":"#0"}},"rotation":{"origin":[8.16883,7.8744745,20.810974],"angle":-45.0,"axis":"z"}},{"from":[8.152163,2.5411406,-11.855694],"to":[8.185496,13.2078085,2.8109736],"faces":{"east":{"uv":[10.875,11.25,11.875,12.625],"tintindex":0,"rotation":90,"texture":"#0"},"west":{"uv":[10.875,11.25,11.875,12.625],"tintindex":0,"rotation":270,"texture":"#0"}},"rotation":{"origin":[8.16883,7.8744745,-4.52236],"angle":-45.0,"axis":"z"}},{"from":[13.249626,2.5411406,7.875103],"to":[27.91629,13.2078085,7.9084363],"faces":{"south":{"uv":[10.875,12.625,11.875,11.25],"tintindex":0,"rotation":270,"texture":"#0"},"north":{"uv":[10.875,12.625,11.875,11.25],"tintindex":0,"rotation":90,"texture":"#0"}},"rotation":{"origin":[20.582958,7.8744745,7.89177],"angle":45.0,"axis":"x"}},{"from":[2.6233988,-11.832634,7.875103],"to":[13.290066,2.834034,7.9084363],"faces":{"south":{"uv":[10.875,12.625,11.875,11.25],"tintindex":0,"rotation":0,"texture":"#0"},"north":{"uv":[10.875,12.625,11.875,11.25],"tintindex":0,"rotation":0,"texture":"#0"}},"rotation":{"origin":[7.9567323,-4.4993,7.89177],"angle":-45.0,"axis":"y"}}],"display":{"head":{"rotation":[0.0,0.0,0.0]},"firstperson_righthand":{"rotation":[0.0,0.0,0.0]},"thirdperson_lefthand":{"rotation":[0.0,-0.0,-0.0]},"firstperson_lefthand":{"rotation":[0.0,-0.0,-0.0]},"fixed":{"rotation":[0.0,0.0,0.0]},"ground":{"rotation":[0.0,0.0,0.0]},"thirdperson_righthand":{"rotation":[0.0,0.0,0.0]},"gui":{"rotation":[-150.0,-45.0,180.0]}}}