{"display":{"firstperson_lefthand":{"rotation":[-90,0,-8],"scale":[0.6,0.6,0.6],"translation":[1.5,12.5,0]},"firstperson_righthand":{"rotation":[-90,0,-8],"scale":[0.6,0.6,0.6],"translation":[1.5,12.5,0]},"fixed":{"rotation":[90,45,-90],"scale":[0.5,0.5,0.5],"translation":[1.5,2.25,0]},"ground":{"rotation":[74,73,0],"scale":[0.5,0.5,0.5],"translation":[0,2,1]},"gui":{"rotation":[90,45,-90],"scale":[0.5,0.5,0.5],"translation":[1.75,1.75,0]},"head":{"rotation":[-90,0,0],"translation":[0,0,-6]},"thirdperson_lefthand":{"scale":[0.9,0.9,0.9],"translation":[0,5.75,1.5]},"thirdperson_righthand":{"scale":[0.9,0.9,0.9],"translation":[0,5.75,1.5]}},"elements":[{"faces":{"down":{"texture":"#0","uv":[7.5,1.5,7,2]},"east":{"texture":"#0","uv":[0.5,0,1,4.5]},"north":{"texture":"#0","uv":[0,0,0.5,4.5]},"south":{"texture":"#0","uv":[1,0,1.5,4.5]},"up":{"texture":"#0","uv":[6.5,5.5,6,5]},"west":{"texture":"#0","uv":[1.5,0,2,4.5]}},"from":[7,-9,7],"rotation":{"angle":0,"axis":"y","origin":[8,-0.5,8]},"to":[9,9,9]},{"faces":{"down":{"texture":"#0","uv":[5,9.75,4.75,10.5]},"east":{"texture":"#0","uv":[6.5,6.25,7.25,7]},"north":{"texture":"#0","uv":[3,9.75,3.25,10.5]},"south":{"texture":"#0","uv":[3.25,9.75,3.5,10.5]},"up":{"texture":"#0","uv":[10,4.25,9.75,3.5]},"west":{"texture":"#0","uv":[0,6.75,0.75,7.5]}},"from":[7.49,-6.68841,17.17914],"rotation":{"angle":45,"axis":"x","origin":[8,5.67157,8.37617]},"to":[8.51,-3.66841,20.19914]},{"faces":{"down":{"texture":"#0","uv":[6.5,0.75,6.25,1.25]},"east":{"texture":"#0","uv":[2,2.75,2.5,5.5]},"north":{"texture":"#0","uv":[4.25,5.5,4.5,8.25]},"south":{"texture":"#0","uv":[4.5,5.5,4.75,8.25]},"up":{"texture":"#0","uv":[6,4,5.75,3.5]},"west":{"texture":"#0","uv":[2.5,2.75,3,5.5]}},"from":[7.5,11,6.99645],"rotation":{"angle":0,"axis":"y","origin":[8,-0.67157,8.37617]},"to":[8.5,22,8.99645]},{"faces":{"down":{"texture":"#0","uv":[2.25,9,2,10]},"east":{"texture":"#0","uv":[0,4.5,1,5.5]},"north":{"texture":"#0","uv":[1.25,9,1.5,10]},"south":{"texture":"#0","uv":[1.5,9,1.75,10]},"up":{"texture":"#0","uv":[2,10,1.75,9]},"west":{"texture":"#0","uv":[4.5,0,5.5,1]}},"from":[7.49,4.06841,15.57914],"rotation":{"angle":-45,"axis":"x","origin":[8,-3.67157,8.37617]},"to":[8.51,8.08841,19.59914]},{"faces":{"down":{"texture":"#0","uv":[0,0,0,0.75]},"east":{"texture":"#0","uv":[2,0,2.75,2.75]},"north":{"texture":"#0","uv":[0,0,0,2.75]},"south":{"texture":"#0","uv":[0,0,0,2.75]},"up":{"texture":"#0","uv":[0,0.75,0,0]},"west":{"texture":"#0","uv":[2.75,0,3.5,2.75]}},"from":[8,11,6.49645],"rotation":{"angle":0,"axis":"y","origin":[8,-0.67157,7.87617]},"to":[8,22,9.49645]},{"faces":{"down":{"texture":"#0","uv":[7.5,6.5,7.25,7]},"east":{"texture":"#0","uv":[2.25,9,2.75,9.5]},"north":{"texture":"#0","uv":[3.5,6.5,3.75,7]},"south":{"texture":"#0","uv":[5.25,6.5,5.5,7]},"up":{"texture":"#0","uv":[7.25,6.25,7,5.75]},"west":{"texture":"#0","uv":[4.25,9,4.75,9.5]}},"from":[7.5,14.67841,23.18914],"rotation":{"angle":-45,"axis":"x","origin":[8,-0.67157,8.37617]},"to":[8.5,16.67841,25.18914]},{"faces":{"down":{"texture":"#0","uv":[0,0,0,0.75]},"east":{"texture":"#0","uv":[0.75,6.75,1.5,7.5]},"north":{"texture":"#0","uv":[0,0,0,0.75]},"south":{"texture":"#0","uv":[0,0,0,0.75]},"up":{"texture":"#0","uv":[0,0.75,0,0]},"west":{"texture":"#0","uv":[1.5,6.75,2.25,7.5]}},"from":[8,13.82485,22.83559],"rotation":{"angle":-45,"axis":"x","origin":[7,-1.02513,8.02262]},"to":[8,16.82485,25.83559]},{"faces":{"down":{"texture":"#0","uv":[10.25,3,10,3.5]},"east":{"texture":"#0","uv":[3.75,5.5,4.25,7]},"north":{"texture":"#0","uv":[4,7.75,4.25,9.25]},"south":{"texture":"#0","uv":[5.75,7.75,6,9.25]},"up":{"texture":"#0","uv":[3,8.75,2.75,8.25]},"west":{"texture":"#0","uv":[5.5,4,6,5.5]}},"from":[7.5,-16,6.99645],"rotation":{"angle":0,"axis":"y","origin":[8,6.67157,8.37617]},"to":[8.5,-10,8.99645]},{"faces":{"down":{"texture":"#0","uv":[10.25,5,10,5.5]},"east":{"texture":"#0","uv":[9,4.5,9.5,5]},"north":{"texture":"#0","uv":[10,3.5,10.25,4]},"south":{"texture":"#0","uv":[10,4,10.25,4.5]},"up":{"texture":"#0","uv":[10.25,5,10,4.5]},"west":{"texture":"#0","uv":[9,5,9.5,5.5]}},"from":[7.5,-10.67841,23.18914],"rotation":{"angle":45,"axis":"x","origin":[8,6.67157,8.37617]},"to":[8.5,-8.67841,25.18914]},{"faces":{"down":{"texture":"#0","uv":[0,0,0,0.75]},"east":{"texture":"#0","uv":[6.75,2,7.5,2.75]},"north":{"texture":"#0","uv":[0,0,0,0.75]},"south":{"texture":"#0","uv":[0,0,0,0.75]},"up":{"texture":"#0","uv":[0,0.75,0,0]},"west":{"texture":"#0","uv":[2.25,6.75,3,7.5]}},"from":[8,-10.82485,22.83559],"rotation":{"angle":45,"axis":"x","origin":[7,7.02513,8.02262]},"to":[8,-7.82485,25.83559]},{"faces":{"down":{"texture":"#0","uv":[10.25,6.5,10,7]},"east":{"texture":"#0","uv":[9,5.5,9.5,6]},"north":{"texture":"#0","uv":[5.5,10,5.75,10.5]},"south":{"texture":"#0","uv":[10,5.5,10.25,6]},"up":{"texture":"#0","uv":[10.25,6.5,10,6]},"west":{"texture":"#0","uv":[9,6.75,9.5,7.25]}},"from":[7.5,-11,4.66802],"rotation":{"angle":-22.5,"axis":"x","origin":[8,-9,5.16802]},"to":[8.5,-9,6.66802]},{"faces":{"down":{"texture":"#0","uv":[0,0,0,0.75]},"east":{"texture":"#0","uv":[6.75,2.75,7.5,3.5]},"north":{"texture":"#0","uv":[0,0,0,0.75]},"south":{"texture":"#0","uv":[0,0,0,0.75]},"up":{"texture":"#0","uv":[0,0.75,0,0]},"west":{"texture":"#0","uv":[7,0.75,7.75,1.5]}},"from":[8,-11.5,4.16802],"rotation":{"angle":-22.5,"axis":"x","origin":[8,-9,5.16802]},"to":[8,-8.5,7.16802]},{"faces":{"down":{"texture":"#0","uv":[8,10,7.75,10.5]},"east":{"texture":"#0","uv":[9,7.25,9.5,7.75]},"north":{"texture":"#0","uv":[10,7,10.25,7.5]},"south":{"texture":"#0","uv":[7.5,10,7.75,10.5]},"up":{"texture":"#0","uv":[10.25,8,10,7.5]},"west":{"texture":"#0","uv":[7.5,9,8,9.5]}},"from":[7.5,-11,9.33198],"rotation":{"angle":22.5,"axis":"x","origin":[8,-9,10.83198]},"to":[8.5,-9,11.33198]},{"faces":{"down":{"texture":"#0","uv":[0,0,0,0.75]},"east":{"texture":"#0","uv":[3.5,7,4.25,7.75]},"north":{"texture":"#0","uv":[0,0,0,0.75]},"south":{"texture":"#0","uv":[0,0,0,0.75]},"up":{"texture":"#0","uv":[0,0.75,0,0]},"west":{"texture":"#0","uv":[7,3.5,7.75,4.25]}},"from":[8,-11.5,8.83198],"rotation":{"angle":22.5,"axis":"x","origin":[8,-9,10.83198]},"to":[8,-8.5,11.83198]},{"faces":{"down":{"texture":"#0","uv":[0,0,0,0.75]},"east":{"texture":"#0","uv":[4,2.5,4.75,4]},"north":{"texture":"#0","uv":[0,0,0,1.5]},"south":{"texture":"#0","uv":[0,0,0,1.5]},"up":{"texture":"#0","uv":[0,0.75,0,0]},"west":{"texture":"#0","uv":[4,4,4.75,5.5]}},"from":[8,-16,6.49645],"rotation":{"angle":0,"axis":"y","origin":[8,6.67157,7.87617]},"to":[8,-10,9.49645]},{"faces":{"down":{"texture":"#0","uv":[6.5,9.75,6.25,10.5]},"east":{"texture":"#0","uv":[7,4.25,7.75,5]},"north":{"texture":"#0","uv":[5,9.75,5.25,10.5]},"south":{"texture":"#0","uv":[5.75,9.75,6,10.5]},"up":{"texture":"#0","uv":[6.25,10.5,6,9.75]},"west":{"texture":"#0","uv":[7,5,7.75,5.75]}},"from":[7.51,8.69952,5.89492],"rotation":{"angle":22.5,"axis":"x","origin":[8,12.47487,5.17028]},"to":[8.49,11.67952,8.87492]},{"faces":{"down":{"texture":"#0","uv":[4,5,3.75,5.5]},"east":{"texture":"#0","uv":[6.5,0.75,7,2]},"north":{"texture":"#0","uv":[0.5,8.75,0.75,10]},"south":{"texture":"#0","uv":[5.5,8.75,5.75,10]},"up":{"texture":"#0","uv":[4.75,2.5,4.5,2]},"west":{"texture":"#0","uv":[3,6.5,3.5,7.75]}},"from":[7.5,9.72293,12.54612],"rotation":{"angle":45,"axis":"x","origin":[7.995,14.81691,12.65391]},"to":[8.5,14.72293,14.54612]},{"faces":{"down":{"texture":"#0","uv":[7.25,9.75,7,10.5]},"east":{"texture":"#0","uv":[5.25,7,6,7.75]},"north":{"texture":"#0","uv":[6.5,9.75,6.75,10.5]},"south":{"texture":"#0","uv":[9.75,6.5,10,7.25]},"up":{"texture":"#0","uv":[7,10.5,6.75,9.75]},"west":{"texture":"#0","uv":[6,7,6.75,7.75]}},"from":[7.51,8.69952,7.12508],"rotation":{"angle":-22.5,"axis":"x","origin":[8,12.47487,10.82972]},"to":[8.49,11.67952,10.10508]},{"faces":{"down":{"texture":"#0","uv":[0,0,0,0.75]},"east":{"texture":"#0","uv":[4.75,4,5.5,5.25]},"north":{"texture":"#0","uv":[0,0,0,1.25]},"south":{"texture":"#0","uv":[0,0,0,1.25]},"up":{"texture":"#0","uv":[0,0.75,0,0]},"west":{"texture":"#0","uv":[3,5.25,3.75,6.5]}},"from":[8,9.72293,12.04612],"rotation":{"angle":45,"axis":"x","origin":[7.995,14.81691,12.65391]},"to":[8,14.72293,15.04612]},{"faces":{"down":{"texture":"#0","uv":[10.25,8.5,10,9]},"east":{"texture":"#0","uv":[5.25,7.75,5.75,8.75]},"north":{"texture":"#0","uv":[9,8.25,9.25,9.25]},"south":{"texture":"#0","uv":[9.25,0,9.5,1]},"up":{"texture":"#0","uv":[10.25,8.5,10,8]},"west":{"texture":"#0","uv":[3,7.75,3.5,8.75]}},"from":[7.51,13.12246,11.15545],"rotation":{"angle":-22.5,"axis":"x","origin":[7.99,16.04224,12.59634]},"to":[8.47,17.08246,13.11545]},{"faces":{"down":{"texture":"#0","uv":[0,0,0,0.75]},"east":{"texture":"#0","uv":[4.75,5.25,5.5,6.5]},"north":{"texture":"#0","uv":[0,0,0,1.25]},"south":{"texture":"#0","uv":[0,0,0,1.25]},"up":{"texture":"#0","uv":[0,0.75,0,0]},"west":{"texture":"#0","uv":[0,5.5,0.75,6.75]}},"from":[7.99,12.60246,10.63545],"rotation":{"angle":-22.5,"axis":"x","origin":[7.99,16.04224,12.59634]},"to":[7.99,17.60246,13.63545]},{"faces":{"down":{"texture":"#0","uv":[10.5,8,10.25,8.5]},"east":{"texture":"#0","uv":[4.75,6.5,5.25,7.75]},"north":{"texture":"#0","uv":[0.75,9,1,10.25]},"south":{"texture":"#0","uv":[1,9,1.25,10.25]},"up":{"texture":"#0","uv":[10.5,8,10.25,7.5]},"west":{"texture":"#0","uv":[6.5,5,7,6.25]}},"from":[7.5,9.72293,1.45388],"rotation":{"angle":-45,"axis":"x","origin":[7.995,14.81691,3.34609]},"to":[8.5,14.72293,3.45388]},{"faces":{"down":{"texture":"#0","uv":[0,0,0,0.75]},"east":{"texture":"#0","uv":[1.5,5.5,2.25,6.75]},"north":{"texture":"#0","uv":[0,0,0,1.25]},"south":{"texture":"#0","uv":[0,0,0,1.25]},"up":{"texture":"#0","uv":[0,0.75,0,0]},"west":{"texture":"#0","uv":[2.25,5.5,3,6.75]}},"from":[8,9.72293,0.95388],"rotation":{"angle":-45,"axis":"x","origin":[7.995,14.81691,3.34609]},"to":[8,14.72293,3.95388]},{"faces":{"down":{"texture":"#0","uv":[0,0,0,0.75]},"east":{"texture":"#0","uv":[5.5,0,6.25,1.25]},"north":{"texture":"#0","uv":[0,0,0,1.25]},"south":{"texture":"#0","uv":[0,0,0,1.25]},"up":{"texture":"#0","uv":[0,0.75,0,0]},"west":{"texture":"#0","uv":[0.75,5.5,1.5,6.75]}},"from":[7.99,12.60246,2.36455],"rotation":{"angle":22.5,"axis":"x","origin":[7.99,16.04224,3.40366]},"to":[7.99,17.60246,5.36455]},{"faces":{"down":{"texture":"#0","uv":[7.5,10.25,7.25,10.75]},"east":{"texture":"#0","uv":[3,7.75,3.5,8.75]},"north":{"texture":"#0","uv":[9.5,9.25,9.75,10.25]},"south":{"texture":"#0","uv":[9.75,2.5,10,3.5]},"up":{"texture":"#0","uv":[10.5,7.5,10.25,7]},"west":{"texture":"#0","uv":[5.25,7.75,5.75,8.75]}},"from":[7.51,13.12246,2.88455],"rotation":{"angle":22.5,"axis":"x","origin":[7.99,16.04224,3.40366]},"to":[8.47,17.08246,4.84455]},{"faces":{"down":{"texture":"#0","uv":[10.25,2.25,10,3]},"east":{"texture":"#0","uv":[9.5,7.75,8.75,8.25]},"north":{"texture":"#0","uv":[10.25,6,10.5,6.5]},"south":{"texture":"#0","uv":[10.25,6.5,10.5,7]},"up":{"texture":"#0","uv":[2.25,10.75,2,10]},"west":{"texture":"#0","uv":[8.75,7.75,9.5,8.25]}},"from":[7.49,15.57775,1.3522],"rotation":{"angle":45,"axis":"x","origin":[7.99,16.04224,3.40366]},"to":[8.49,17.57775,4.3522]},{"faces":{"down":{"texture":"#0","uv":[0,0,0,1]},"east":{"texture":"#0","uv":[6.25,0,7.25,0.75]},"north":{"texture":"#0","uv":[0,0,0,0.75]},"south":{"texture":"#0","uv":[0,0,0,0.75]},"up":{"texture":"#0","uv":[0,1,0,0]},"west":{"texture":"#0","uv":[5.5,6.25,6.5,7]}},"from":[7.99,15.2341,0.61821],"rotation":{"angle":45,"axis":"x","origin":[7.99,16.04224,3.40366]},"to":[7.99,18.2341,4.61821]},{"faces":{"down":{"texture":"#0","uv":[10.25,3,10,2.25]},"east":{"texture":"#0","uv":[8.75,7.75,9.5,8.25]},"north":{"texture":"#0","uv":[10.5,6.5,10.25,7]},"south":{"texture":"#0","uv":[10.5,6,10.25,6.5]},"up":{"texture":"#0","uv":[2.25,10,2,10.75]},"west":{"texture":"#0","uv":[9.5,7.75,8.75,8.25]}},"from":[7.49,15.57775,11.6478],"rotation":{"angle":-45,"axis":"x","origin":[7.99,16.04224,12.59634]},"to":[8.49,17.57775,14.6478]},{"faces":{"down":{"texture":"#0","uv":[0,1,0,0]},"east":{"texture":"#0","uv":[7.25,0,6.25,0.75]},"north":{"texture":"#0","uv":[0,0,0,0.75]},"south":{"texture":"#0","uv":[0,0,0,0.75]},"up":{"texture":"#0","uv":[0,0,0,1]},"west":{"texture":"#0","uv":[6.5,6.25,5.5,7]}},"from":[7.99,15.2341,11.38179],"rotation":{"angle":-45,"axis":"x","origin":[7.99,16.04224,12.59634]},"to":[7.99,18.2341,15.38179]},{"faces":{"down":{"texture":"#0","uv":[5.5,9.25,5.25,10.25]},"east":{"texture":"#0","uv":[7.75,3.5,8.75,4]},"north":{"texture":"#0","uv":[1,10.25,1.25,10.75]},"south":{"texture":"#0","uv":[10.25,1,10.5,1.5]},"up":{"texture":"#0","uv":[4.25,10.25,4,9.25]},"west":{"texture":"#0","uv":[7.75,4,8.75,4.5]}},"from":[7.5,6.34755,7.66598],"rotation":{"angle":22.5,"axis":"x","origin":[8,7.34755,9.95151]},"to":[8.5,8.34755,11.66598]},{"faces":{"down":{"texture":"#0","uv":[3,10.25,2.75,10.75]},"east":{"texture":"#0","uv":[5.75,9.25,6.25,9.75]},"north":{"texture":"#0","uv":[10.25,1.5,10.5,2]},"south":{"texture":"#0","uv":[10.25,2,10.5,2.5]},"up":{"texture":"#0","uv":[10.5,3,10.25,2.5]},"west":{"texture":"#0","uv":[6.25,9.25,6.75,9.75]}},"from":[7.51,5.09499,10.22407],"rotation":{"angle":-22.5,"axis":"x","origin":[8,7.34755,9.95151]},"to":[8.49,7.07499,12.20407]},{"faces":{"down":{"texture":"#0","uv":[0,0,0,0.75]},"east":{"texture":"#0","uv":[7.25,5.75,8,6.5]},"north":{"texture":"#0","uv":[0,0,0,0.75]},"south":{"texture":"#0","uv":[0,0,0,0.75]},"up":{"texture":"#0","uv":[0,0.75,0,0]},"west":{"texture":"#0","uv":[0,7.5,0.75,8.25]}},"from":[8,4.58499,9.71407],"rotation":{"angle":-22.5,"axis":"x","origin":[8,7.34755,9.95151]},"to":[8,7.58499,12.71407]},{"faces":{"down":{"texture":"#0","uv":[9.5,2.75,9.25,3.75]},"east":{"texture":"#0","uv":[7.5,3,8.5,3.5]},"north":{"texture":"#0","uv":[10,9,10.25,9.5]},"south":{"texture":"#0","uv":[10,9.5,10.25,10]},"up":{"texture":"#0","uv":[3,10.25,2.75,9.25]},"west":{"texture":"#0","uv":[7.75,0.75,8.75,1.25]}},"from":[7.5,6.34755,4.33402],"rotation":{"angle":-22.5,"axis":"x","origin":[8,7.34755,6.04849]},"to":[8.5,8.34755,8.33402]},{"faces":{"down":{"texture":"#0","uv":[1,10.25,0.75,10.75]},"east":{"texture":"#0","uv":[3,9.25,3.5,9.75]},"north":{"texture":"#0","uv":[10,10,10.25,10.5]},"south":{"texture":"#0","uv":[10.25,0,10.5,0.5]},"up":{"texture":"#0","uv":[10.5,1,10.25,0.5]},"west":{"texture":"#0","uv":[4.75,9.25,5.25,9.75]}},"from":[7.51,5.09499,3.79593],"rotation":{"angle":22.5,"axis":"x","origin":[8,7.34755,6.04849]},"to":[8.49,7.07499,5.77593]},{"faces":{"down":{"texture":"#0","uv":[0,0,0,0.75]},"east":{"texture":"#0","uv":[6.75,7,7.5,7.75]},"north":{"texture":"#0","uv":[0,0,0,0.75]},"south":{"texture":"#0","uv":[0,0,0,0.75]},"up":{"texture":"#0","uv":[0,0.75,0,0]},"west":{"texture":"#0","uv":[7.25,0,8,0.75]}},"from":[8,4.58499,3.28593],"rotation":{"angle":22.5,"axis":"x","origin":[8,7.34755,6.04849]},"to":[8,7.58499,6.28593]},{"faces":{"down":{"texture":"#0","uv":[0,0,0,1]},"east":{"texture":"#0","uv":[5.5,1.25,6.5,2]},"north":{"texture":"#0","uv":[0,0,0,0.75]},"south":{"texture":"#0","uv":[0,0,0,0.75]},"up":{"texture":"#0","uv":[0,1,0,0]},"west":{"texture":"#0","uv":[5.5,5.5,6.5,6.25]}},"from":[8,5.84755,4.33402],"rotation":{"angle":-22.5,"axis":"x","origin":[8,7.34755,6.04849]},"to":[8,8.84755,8.33402]},{"faces":{"down":{"texture":"#0","uv":[0,0,0,1]},"east":{"texture":"#0","uv":[5.75,2,6.75,2.75]},"north":{"texture":"#0","uv":[0,0,0,0.75]},"south":{"texture":"#0","uv":[0,0,0,0.75]},"up":{"texture":"#0","uv":[0,1,0,0]},"west":{"texture":"#0","uv":[5.75,2.75,6.75,3.5]}},"from":[8,5.84755,7.66598],"rotation":{"angle":22.5,"axis":"x","origin":[8,7.34755,9.95151]},"to":[8,8.84755,11.66598]},{"faces":{"down":{"texture":"#0","uv":[8.5,9.25,8,9.75]},"east":{"texture":"#0","uv":[3.5,0,4,2.5]},"north":{"texture":"#0","uv":[3,2.75,3.5,5.25]},"south":{"texture":"#0","uv":[3.5,2.5,4,5]},"up":{"texture":"#0","uv":[7.25,9.75,6.75,9.25]},"west":{"texture":"#0","uv":[4,0,4.5,2.5]}},"from":[6.95,-5.05,6.95],"rotation":{"angle":0,"axis":"y","origin":[8,-0.5,8]},"to":[9.05,5.05,9.05]},{"faces":{"down":{"texture":"#0","uv":[10.5,3.5,10.25,4]},"east":{"texture":"#0","uv":[6,7.75,6.5,8.5]},"north":{"texture":"#0","uv":[8,9.75,8.25,10.5]},"south":{"texture":"#0","uv":[9.75,8,10,8.75]},"up":{"texture":"#0","uv":[10.5,3.5,10.25,3]},"west":{"texture":"#0","uv":[6.5,7.75,7,8.5]}},"from":[7.5,6.85784,5.78677],"rotation":{"angle":45,"axis":"x","origin":[8,5.67157,8.5]},"to":[8.5,9.85784,7.78677]},{"faces":{"down":{"texture":"#0","uv":[8.5,2.75,8.25,3]},"east":{"texture":"#0","uv":[7.75,1.25,8,1.5]},"north":{"texture":"#0","uv":[3.5,5,3.75,5.25]},"south":{"texture":"#0","uv":[7.75,5.5,8,5.75]},"up":{"texture":"#0","uv":[8.25,6.5,8,6.25]},"west":{"texture":"#0","uv":[8,1.25,8.25,1.5]}},"from":[7.5,5.85784,6.78677],"rotation":{"angle":45,"axis":"x","origin":[8,5.67157,8.5]},"to":[8.5,6.85784,7.78677]},{"faces":{"down":{"texture":"#0","uv":[9,9.25,8.5,9.75]},"east":{"texture":"#0","uv":[8,0,8.5,0.75]},"north":{"texture":"#0","uv":[7,7.75,7.5,8.5]},"south":{"texture":"#0","uv":[8,5.5,8.5,6.25]},"up":{"texture":"#0","uv":[9.75,8.75,9.25,8.25]},"west":{"texture":"#0","uv":[8,7.25,8.5,8]}},"from":[7.01,5.87457,5.11558],"rotation":{"angle":-22.5,"axis":"x","origin":[8,8.36457,6.10558]},"to":[8.99,8.85457,7.09558]},{"faces":{"down":{"texture":"#0","uv":[1.75,8.25,1.25,9]},"east":{"texture":"#0","uv":[8,8,8.75,8.5]},"north":{"texture":"#0","uv":[9.25,8.75,9.75,9.25]},"south":{"texture":"#0","uv":[9,9.25,9.5,9.75]},"up":{"texture":"#0","uv":[1.25,9,0.75,8.25]},"west":{"texture":"#0","uv":[0,8.25,0.75,8.75]}},"from":[6.99,8.74894,2.97705],"rotation":{"angle":22.5,"axis":"x","origin":[8,9.75894,4.48705]},"to":[9.01,10.76894,5.99705]},{"faces":{"down":{"texture":"#0","uv":[4,8.75,3.5,9.5]},"east":{"texture":"#0","uv":[8.75,2.25,9.5,2.75]},"north":{"texture":"#0","uv":[7.5,9.5,8,10]},"south":{"texture":"#0","uv":[9.5,7.5,10,8]},"up":{"texture":"#0","uv":[9.25,4,8.75,3.25]},"west":{"texture":"#0","uv":[2.75,8.75,3.5,9.25]}},"from":[6.99,8.74894,10.00295],"rotation":{"angle":-22.5,"axis":"x","origin":[8,9.75894,11.51295]},"to":[9.01,10.76894,13.02295]},{"faces":{"down":{"texture":"#0","uv":[10,0,9.5,0.5]},"east":{"texture":"#0","uv":[1.75,8.25,2.25,9]},"north":{"texture":"#0","uv":[8.25,1.25,8.75,2]},"south":{"texture":"#0","uv":[8.25,2,8.75,2.75]},"up":{"texture":"#0","uv":[0.5,10,0,9.5]},"west":{"texture":"#0","uv":[2.25,8.25,2.75,9]}},"from":[7.01,5.95069,8.52174],"rotation":{"angle":22.5,"axis":"x","origin":[8,7.44069,9.51174]},"to":[8.99,8.93069,10.50174]},{"faces":{"down":{"texture":"#0","uv":[8.75,6.25,8.25,7]},"east":{"texture":"#0","uv":[8.25,4.5,9,5]},"north":{"texture":"#0","uv":[9.5,0.5,10,1]},"south":{"texture":"#0","uv":[9.5,1,10,1.5]},"up":{"texture":"#0","uv":[4.75,9,4.25,8.25]},"west":{"texture":"#0","uv":[8.25,5,9,5.5]}},"from":[7.01,8.86931,5.69827],"rotation":{"angle":22.5,"axis":"x","origin":[8,9.85931,6.48827]},"to":[8.99,10.84931,8.67827]},{"faces":{"down":{"texture":"#0","uv":[9,5.5,8.5,6.25]},"east":{"texture":"#0","uv":[8.5,0,9.25,0.5]},"north":{"texture":"#0","uv":[9.5,1.5,10,2]},"south":{"texture":"#0","uv":[9.5,2,10,2.5]},"up":{"texture":"#0","uv":[8,9,7.5,8.25]},"west":{"texture":"#0","uv":[8.5,2.75,9.25,3.25]}},"from":[7.01,8.86931,7.32173],"rotation":{"angle":-22.5,"axis":"x","origin":[8,9.85931,9.51173]},"to":[8.99,10.84931,10.30173]},{"faces":{"down":{"texture":"#0","uv":[9.75,2.5,9.5,3.5]},"east":{"texture":"#0","uv":[1,4.5,2,5.5]},"north":{"texture":"#0","uv":[7.25,9.25,7.5,10.25]},"south":{"texture":"#0","uv":[2.25,9.5,2.5,10.5]},"up":{"texture":"#0","uv":[2.75,10.5,2.5,9.5]},"west":{"texture":"#0","uv":[4.5,1,5.5,2]}},"from":[8.5,5.85784,3.66294],"rotation":{"angle":45,"axis":"x","origin":[8,5.67157,8.37617]},"to":[9.5,9.85784,7.66294]},{"faces":{"down":{"texture":"#0","uv":[4.5,9.5,4.25,10.5]},"east":{"texture":"#0","uv":[4.75,2,5.75,3]},"north":{"texture":"#0","uv":[3.5,9.5,3.75,10.5]},"south":{"texture":"#0","uv":[9.5,3.5,9.75,4.5]},"up":{"texture":"#0","uv":[4,10.5,3.75,9.5]},"west":{"texture":"#0","uv":[4.75,3,5.75,4]}},"from":[6.5,5.85784,3.66294],"rotation":{"angle":45,"axis":"x","origin":[8,5.67157,8.37617]},"to":[7.5,9.85784,7.66294]},{"faces":{"down":{"texture":"#0","uv":[10,5,9.5,5.5]},"east":{"texture":"#0","uv":[6.5,8.5,7,9.25]},"north":{"texture":"#0","uv":[6,8.5,6.5,9.25]},"south":{"texture":"#0","uv":[7,8.5,7.5,9.25]},"up":{"texture":"#0","uv":[10,5,9.5,4.5]},"west":{"texture":"#0","uv":[8.5,7,9,7.75]}},"from":[7.01,-9.85457,5.11558],"rotation":{"angle":22.5,"axis":"x","origin":[8,-9.36457,6.10558]},"to":[8.99,-6.87457,7.09558]},{"faces":{"down":{"texture":"#0","uv":[10,6,9.5,6.5]},"east":{"texture":"#0","uv":[8.5,8.5,9,9.25]},"north":{"texture":"#0","uv":[8,8.5,8.5,9.25]},"south":{"texture":"#0","uv":[0,8.75,0.5,9.5]},"up":{"texture":"#0","uv":[10,6,9.5,5.5]},"west":{"texture":"#0","uv":[8.75,0.5,9.25,1.25]}},"from":[7.01,-9.85457,8.90442],"rotation":{"angle":-22.5,"axis":"x","origin":[8,-9.36457,9.89442]},"to":[8.99,-6.87457,10.88442]},{"faces":{"down":{"texture":"#0","uv":[10.5,4,10.25,4.5]},"east":{"texture":"#0","uv":[3.5,7.75,4,8.75]},"north":{"texture":"#0","uv":[4.5,9.5,4.75,10.5]},"south":{"texture":"#0","uv":[9.5,6.5,9.75,7.5]},"up":{"texture":"#0","uv":[4.25,10.75,4,10.25]},"west":{"texture":"#0","uv":[7.75,4.5,8.25,5.5]}},"from":[7.5,5.85784,3.78677],"rotation":{"angle":45,"axis":"x","origin":[8,5.67157,8.5]},"to":[8.5,9.85784,5.78677]},{"faces":{"down":{"texture":"#0","uv":[8.75,9.75,8.5,10.5]},"east":{"texture":"#0","uv":[8.75,1.25,9.5,1.75]},"north":{"texture":"#0","uv":[10.25,4.5,10.5,5]},"south":{"texture":"#0","uv":[10.25,5,10.5,5.5]},"up":{"texture":"#0","uv":[8.5,10.5,8.25,9.75]},"west":{"texture":"#0","uv":[8.75,1.75,9.5,2.25]}},"from":[7.5,5.85784,3.78677],"rotation":{"angle":45,"axis":"x","origin":[8,5.67157,8.5]},"to":[8.5,7.85784,6.78677]},{"faces":{"down":{"texture":"#0","uv":[9.5,9.75,9.25,10.5]},"east":{"texture":"#0","uv":[0.75,7.5,1.5,8.25]},"north":{"texture":"#0","uv":[8.75,9.75,9,10.5]},"south":{"texture":"#0","uv":[9.75,8.75,10,9.5]},"up":{"texture":"#0","uv":[9.25,10.5,9,9.75]},"west":{"texture":"#0","uv":[1.5,7.5,2.25,8.25]}},"from":[7.5,-6.14216,16.66294],"rotation":{"angle":45,"axis":"x","origin":[8,5.67157,8.37617]},"to":[8.5,-3.14216,19.66294]},{"faces":{"down":{"texture":"#0","uv":[0.5,10,0.25,10.75]},"east":{"texture":"#0","uv":[7.5,1.5,8.25,2.25]},"north":{"texture":"#0","uv":[9.75,9.5,10,10.25]},"south":{"texture":"#0","uv":[0,10,0.25,10.75]},"up":{"texture":"#0","uv":[10.25,0.75,10,0]},"west":{"texture":"#0","uv":[2.25,7.5,3,8.25]}},"from":[8.5,-6.14216,16.66294],"rotation":{"angle":45,"axis":"x","origin":[8,5.67157,8.37617]},"to":[9.5,-3.14216,19.66294]},{"faces":{"down":{"texture":"#0","uv":[1.75,10,1.5,10.75]},"east":{"texture":"#0","uv":[7.5,2.25,8.25,3]},"north":{"texture":"#0","uv":[0.5,10,0.75,10.75]},"south":{"texture":"#0","uv":[10,0.75,10.25,1.5]},"up":{"texture":"#0","uv":[1.5,10.75,1.25,10]},"west":{"texture":"#0","uv":[7.5,6.5,8.25,7.25]}},"from":[6.5,-6.14216,16.66294],"rotation":{"angle":45,"axis":"x","origin":[8,5.67157,8.37617]},"to":[7.5,-3.14216,19.66294]}],"gui_light":"front","texture_size":[64,64],"textures":{"0":"civilization:item/tools/poseidon_trident/normal/default","particle":"civilization:item/tools/poseidon_trident/normal/default"}}