{"textures":{"0":"modelengine:entity/yin_yang_fx","particle":"#0"},"elements":[{"from":[-6.5,-6.5,8.0],"to":[22.5,22.5,8.0],"faces":{"east":{"uv":[0.5,0.75,2.0,2.25],"tintindex":0,"rotation":270,"texture":"#0"},"south":{"uv":[0.0,0.0,16.0,16.0],"tintindex":0,"rotation":0,"texture":"#0"},"north":{"uv":[0.0,16.0,16.0,0.0],"tintindex":0,"rotation":180,"texture":"#0"},"west":{"uv":[0.5,0.75,2.0,2.25],"tintindex":0,"rotation":90,"texture":"#0"},"up":{"uv":[0.5,0.75,2.0,2.25],"tintindex":0,"rotation":180,"texture":"#0"},"down":{"uv":[0.5,0.75,2.0,2.25],"tintindex":0,"rotation":0,"texture":"#0"}}}],"display":{"head":{"rotation":[0.0,0.0,0.0]},"firstperson_righthand":{"rotation":[0.0,0.0,0.0]},"thirdperson_lefthand":{"rotation":[0.0,-0.0,-0.0]},"firstperson_lefthand":{"rotation":[0.0,-0.0,-0.0]},"fixed":{"rotation":[0.0,0.0,0.0]},"ground":{"rotation":[0.0,0.0,0.0]},"thirdperson_righthand":{"rotation":[0.0,0.0,0.0]},"gui":{"rotation":[-150.0,-45.0,180.0]}}}