{"display":{"firstperson_lefthand":{"rotation":[-71,0,10],"scale":[0.7,0.7,0.7],"translation":[5.25,11,-3.5]},"firstperson_righthand":{"rotation":[-71,0,10],"scale":[0.7,0.7,0.7],"translation":[5.25,11,-3.5]},"fixed":{"rotation":[90,45,-90],"scale":[0.5,0.5,0.5],"translation":[0.25,0.25,0]},"ground":{"rotation":[74,73,0],"scale":[0.52,0.52,0.52],"translation":[0,1,0]},"gui":{"rotation":[90,45,-90],"scale":[0.45,0.45,0.45],"translation":[0.5,0.5,0]},"head":{"scale":[0.8,0.8,0.8],"translation":[0,14,0]},"thirdperson_lefthand":{"rotation":[-85,0,0],"scale":[0.8,0.8,0.8],"translation":[0,1.25,0]},"thirdperson_righthand":{"rotation":[-85,0,0],"scale":[0.8,0.8,0.8],"translation":[0,1.25,0]}},"elements":[{"faces":{"down":{"texture":"#0","uv":[8,1.5,7.5,2]},"east":{"texture":"#0","uv":[3.5,0,4,4.5]},"north":{"texture":"#0","uv":[3,0,3.5,4.5]},"south":{"texture":"#0","uv":[0,3.75,0.5,8.25]},"up":{"texture":"#0","uv":[1.5,8,1,7.5]},"west":{"texture":"#0","uv":[0.5,3.75,1,8.25]}},"from":[7,-9,6.62028],"rotation":{"angle":0,"axis":"y","origin":[8,-0.5,7.62028]},"to":[9,9,8.62028]},{"faces":{"down":{"texture":"#0","uv":[3.75,8.5,3.5,9.75]},"east":{"texture":"#0","uv":[6.5,4.5,7.75,5]},"north":{"texture":"#0","uv":[9.25,4.25,9.5,4.75]},"south":{"texture":"#0","uv":[9.25,4.75,9.5,5.25]},"up":{"texture":"#0","uv":[5.75,9.5,5.5,8.25]},"west":{"texture":"#0","uv":[6.75,2,8,2.5]}},"from":[7.493,5.89681,-2.22555],"rotation":{"angle":45,"axis":"x","origin":[7.5,-1.59619,-0.21855]},"to":[8.507,7.91081,2.78845]},{"faces":{"down":{"texture":"#0","uv":[9.5,5.75,9.25,6.25]},"east":{"texture":"#0","uv":[8,3,8.5,4]},"north":{"texture":"#0","uv":[2.25,8.75,2.5,9.75]},"south":{"texture":"#0","uv":[3.75,8.75,4,9.75]},"up":{"texture":"#0","uv":[9.5,5.75,9.25,5.25]},"west":{"texture":"#0","uv":[4.5,8,5,9]}},"from":[7.5,4.5864,4.35978],"rotation":{"angle":22.5,"axis":"x","origin":[7.5,6.5864,5.35978]},"to":[8.5,8.2864,6.35978]},{"faces":{"down":{"texture":"#0","uv":[8,8,7.5,9]},"east":{"texture":"#0","uv":[8,6,9,6.5]},"north":{"texture":"#0","uv":[8.75,2.5,9.25,3]},"south":{"texture":"#0","uv":[8.75,4.5,9.25,5]},"up":{"texture":"#0","uv":[8.5,7.5,8,6.5]},"west":{"texture":"#0","uv":[6.5,8,7.5,8.5]}},"from":[7,7.5864,2.85978],"rotation":{"angle":-22.5,"axis":"x","origin":[8,8.5864,4.85978]},"to":[9,9.5864,6.85978]},{"faces":{"down":{"texture":"#0","uv":[0,0,0,0.25]},"east":{"texture":"#0","uv":[6.5,5,6.75,5.25]},"north":{"texture":"#0","uv":[0,0,0,0.25]},"south":{"texture":"#0","uv":[0,0,0,0.25]},"up":{"texture":"#0","uv":[0,0.25,0,0]},"west":{"texture":"#0","uv":[2.5,6.75,2.75,7]}},"from":[8.9,6.53153,3.96093],"rotation":{"angle":-45,"axis":"x","origin":[8.15,7.03153,4.46093]},"to":[8.9,7.53153,4.96093]},{"faces":{"down":{"texture":"#0","uv":[0,0,0,0.25]},"east":{"texture":"#0","uv":[7,0.75,7.25,1]},"north":{"texture":"#0","uv":[0,0,0,0.25]},"south":{"texture":"#0","uv":[0,0,0,0.25]},"up":{"texture":"#0","uv":[0,0.25,0,0]},"west":{"texture":"#0","uv":[7.25,0.75,7.5,1]}},"from":[7.1,6.53153,3.96093],"rotation":{"angle":-45,"axis":"x","origin":[7.85,7.03153,4.46093]},"to":[7.1,7.53153,4.96093]},{"faces":{"down":{"texture":"#0","uv":[1,8.25,0.5,9.25]},"east":{"texture":"#0","uv":[8,7.5,9,8]},"north":{"texture":"#0","uv":[8.75,5,9.25,5.5]},"south":{"texture":"#0","uv":[8.75,5.5,9.25,6]},"up":{"texture":"#0","uv":[0.5,9.25,0,8.25]},"west":{"texture":"#0","uv":[8,8,9,8.5]}},"from":[6.998,7.5844,8.48822],"rotation":{"angle":22.5,"axis":"x","origin":[8,8.5864,10.49022]},"to":[9.002,9.5884,12.49222]},{"faces":{"down":{"texture":"#0","uv":[0,0,0,0.25]},"east":{"texture":"#0","uv":[8,4,8.25,4.25]},"north":{"texture":"#0","uv":[0,0,0,0.25]},"south":{"texture":"#0","uv":[0,0,0,0.25]},"up":{"texture":"#0","uv":[0,0.25,0,0]},"west":{"texture":"#0","uv":[8.25,4,8.5,4.25]}},"from":[7.1,7.73864,10.47485],"rotation":{"angle":45,"axis":"x","origin":[8.1,7.73864,9.47485]},"to":[7.1,8.73864,11.47485]},{"faces":{"down":{"texture":"#0","uv":[0,0,0,0.25]},"east":{"texture":"#0","uv":[7.25,4.25,7.5,4.5]},"north":{"texture":"#0","uv":[0,0,0,0.25]},"south":{"texture":"#0","uv":[0,0,0,0.25]},"up":{"texture":"#0","uv":[0,0.25,0,0]},"west":{"texture":"#0","uv":[7.5,4.25,7.75,4.5]}},"from":[8.9,7.73864,10.47485],"rotation":{"angle":45,"axis":"x","origin":[7.9,7.73864,9.47485]},"to":[8.9,8.73864,11.47485]},{"faces":{"down":{"texture":"#0","uv":[8.75,8.5,8.5,9.75]},"east":{"texture":"#0","uv":[6.75,2.5,8,3]},"north":{"texture":"#0","uv":[9.5,0,9.75,0.5]},"south":{"texture":"#0","uv":[9.5,0.5,9.75,1]},"up":{"texture":"#0","uv":[8.5,9.75,8.25,8.5]},"west":{"texture":"#0","uv":[6.75,3,8,3.5]}},"from":[7.495,5.89881,12.56355],"rotation":{"angle":-45,"axis":"x","origin":[7.5,-1.59619,15.56855]},"to":[8.505,7.90881,17.57355]},{"faces":{"down":{"texture":"#0","uv":[9.5,9.25,9.25,9.75]},"east":{"texture":"#0","uv":[5,8,5.5,9]},"north":{"texture":"#0","uv":[4,8.75,4.25,9.75]},"south":{"texture":"#0","uv":[4.25,8.75,4.5,9.75]},"up":{"texture":"#0","uv":[9.5,9.25,9.25,8.75]},"west":{"texture":"#0","uv":[8,5,8.5,6]}},"from":[7.5,4.5864,8.99022],"rotation":{"angle":-22.5,"axis":"x","origin":[7.5,6.5864,9.99022]},"to":[8.5,8.2864,10.99022]},{"faces":{"down":{"texture":"#0","uv":[9.5,6.75,9.25,7.25]},"east":{"texture":"#0","uv":[2,6.75,2.5,8]},"north":{"texture":"#0","uv":[8.5,4.5,8.75,5.75]},"south":{"texture":"#0","uv":[6.5,8.5,6.75,9.75]},"up":{"texture":"#0","uv":[9.5,6.75,9.25,6.25]},"west":{"texture":"#0","uv":[4.5,6.75,5,8]}},"from":[7.498,-5.37958,8.1106],"rotation":{"angle":-45,"axis":"x","origin":[8,-5.04832,8.49738]},"to":[8.502,-0.37558,10.1146]},{"faces":{"down":{"texture":"#0","uv":[9,9.25,8.75,9.75]},"east":{"texture":"#0","uv":[2.5,7,3,8.25]},"north":{"texture":"#0","uv":[7.25,8.5,7.5,9.75]},"south":{"texture":"#0","uv":[8,8.5,8.25,9.75]},"up":{"texture":"#0","uv":[9.5,8.75,9.25,8.25]},"west":{"texture":"#0","uv":[3,7,3.5,8.25]}},"from":[7.505,-2.98634,6.59205],"rotation":{"angle":22.5,"axis":"x","origin":[8,1.6794,8.20227]},"to":[8.495,1.80366,8.58205]},{"faces":{"down":{"texture":"#0","uv":[9.5,7.75,9.25,8.25]},"east":{"texture":"#0","uv":[5,6.75,5.5,8]},"north":{"texture":"#0","uv":[6.75,8.5,7,9.75]},"south":{"texture":"#0","uv":[7,8.5,7.25,9.75]},"up":{"texture":"#0","uv":[9.5,7.75,9.25,7.25]},"west":{"texture":"#0","uv":[6.75,5,7.25,6.25]}},"from":[7.505,-8.35263,7.64146],"rotation":{"angle":22.5,"axis":"x","origin":[8,-4.34121,7.79027]},"to":[8.495,-3.36263,9.63146]},{"faces":{"down":{"texture":"#0","uv":[0.75,9.25,0.5,9.75]},"east":{"texture":"#0","uv":[6,6.25,6.5,7.75]},"north":{"texture":"#0","uv":[5.5,6.75,5.75,8.25]},"south":{"texture":"#0","uv":[3.5,7,3.75,8.5]},"up":{"texture":"#0","uv":[0.5,9.75,0.25,9.25]},"west":{"texture":"#0","uv":[1.5,6.5,2,8]}},"from":[7.5,-16,6.62028],"rotation":{"angle":0,"axis":"y","origin":[8,5.67157,8]},"to":[8.5,-10,8.62028]},{"faces":{"down":{"texture":"#0","uv":[9,8.5,8.75,9.25]},"east":{"texture":"#0","uv":[7,0,7.75,0.75]},"north":{"texture":"#0","uv":[2.75,3.75,3,4.5]},"south":{"texture":"#0","uv":[6,8.75,6.25,9.5]},"up":{"texture":"#0","uv":[6.5,9.5,6.25,8.75]},"west":{"texture":"#0","uv":[7.25,3.5,8,4.25]}},"from":[7.49,-6.68841,16.80297],"rotation":{"angle":45,"axis":"x","origin":[8,5.67157,8]},"to":[8.51,-3.66841,19.82297]},{"faces":{"down":{"texture":"#0","uv":[1.5,9.25,1.25,9.75]},"east":{"texture":"#0","uv":[8.5,6.5,9,7]},"north":{"texture":"#0","uv":[0.75,9.25,1,9.75]},"south":{"texture":"#0","uv":[9.25,0.75,9.5,1.25]},"up":{"texture":"#0","uv":[1.25,9.75,1,9.25]},"west":{"texture":"#0","uv":[8.5,7,9,7.5]}},"from":[7.501,-10.67741,21.81397],"rotation":{"angle":45,"axis":"x","origin":[8,5.67157,8]},"to":[8.499,-8.67941,23.81197]},{"faces":{"down":{"texture":"#0","uv":[0,0,0,0.75]},"east":{"texture":"#0","uv":[1.5,5,2.25,6.5]},"north":{"texture":"#0","uv":[0,0,0,1.5]},"south":{"texture":"#0","uv":[0,0,0,1.5]},"up":{"texture":"#0","uv":[0,0.75,0,0]},"west":{"texture":"#0","uv":[5,3.75,5.75,5.25]}},"from":[8,-16,6.22028],"rotation":{"angle":0,"axis":"y","origin":[8,5.67157,7.5]},"to":[8,-10,9.22028]},{"faces":{"down":{"texture":"#0","uv":[0,0,0,0.75]},"east":{"texture":"#0","uv":[7.25,5,8,5.75]},"north":{"texture":"#0","uv":[0,0,0,0.75]},"south":{"texture":"#0","uv":[0,0,0,0.75]},"up":{"texture":"#0","uv":[0,0.75,0,0]},"west":{"texture":"#0","uv":[7.25,5.75,8,6.5]}},"from":[8,-10.82485,21.45942],"rotation":{"angle":45,"axis":"x","origin":[7,6.02513,7.64645]},"to":[8,-7.82485,24.45942]},{"faces":{"down":{"texture":"#0","uv":[0,0,0,1.25]},"east":{"texture":"#0","uv":[1,3.75,2.25,5]},"north":{"texture":"#0","uv":[0,0,0,1.25]},"south":{"texture":"#0","uv":[0,0,0,1.25]},"up":{"texture":"#0","uv":[0,1.25,0,0]},"west":{"texture":"#0","uv":[4,0,5.25,1.25]}},"from":[8,-6.82485,15.45942],"rotation":{"angle":45,"axis":"x","origin":[7,6.02513,7.64645]},"to":[8,-1.82485,20.45942]},{"faces":{"down":{"texture":"#0","uv":[1.5,8.75,1,9.25]},"east":{"texture":"#0","uv":[3.25,4.5,3.75,7]},"north":{"texture":"#0","uv":[2.75,4.5,3.25,7]},"south":{"texture":"#0","uv":[4.5,4.25,5,6.75]},"up":{"texture":"#0","uv":[9.25,1,8.75,0.5]},"west":{"texture":"#0","uv":[1,5,1.5,7.5]}},"from":[6.75,-6.25,6.37028],"rotation":{"angle":0,"axis":"y","origin":[8,-1,7.62028]},"to":[9.25,4.25,8.87028]},{"faces":{"down":{"texture":"#0","uv":[9.5,0,9.25,0.75]},"east":{"texture":"#0","uv":[1.5,0,2.25,3.75]},"north":{"texture":"#0","uv":[3.75,4.5,4,8.25]},"south":{"texture":"#0","uv":[5.75,6.25,6,10]},"up":{"texture":"#0","uv":[0.25,10,0,9.25]},"west":{"texture":"#0","uv":[2.25,0,3,3.75]}},"from":[7.5,11,6.12738],"rotation":{"angle":0,"axis":"y","origin":[8,5.67157,8]},"to":[8.5,26,9.12738]},{"faces":{"down":{"texture":"#0","uv":[2,8.75,1.5,9.25]},"east":{"texture":"#0","uv":[4,1.25,4.5,4.25]},"north":{"texture":"#0","uv":[2.25,3.75,2.75,6.75]},"south":{"texture":"#0","uv":[4,4.25,4.5,7.25]},"up":{"texture":"#0","uv":[9.25,1.5,8.75,1]},"west":{"texture":"#0","uv":[4.5,1.25,5,4.25]}},"from":[7,9,8.12738],"rotation":{"angle":0,"axis":"y","origin":[8,15,9.12738]},"to":[9,21,10.12738]},{"faces":{"down":{"texture":"#0","uv":[3.25,9,3,9.75]},"east":{"texture":"#0","uv":[5,5.25,5.75,6.75]},"north":{"texture":"#0","uv":[2.5,8.25,2.75,9.75]},"south":{"texture":"#0","uv":[2.75,8.25,3,9.75]},"up":{"texture":"#0","uv":[9.25,2.25,9,1.5]},"west":{"texture":"#0","uv":[5.75,3.75,6.5,5.25]}},"from":[7.5,10,6.62738],"rotation":{"angle":22.5,"axis":"x","origin":[8,9,10.12738]},"to":[8.5,16,9.62738]},{"faces":{"down":{"texture":"#0","uv":[2.25,6.5,2,6.75]},"east":{"texture":"#0","uv":[5.5,1,5.75,1.25]},"north":{"texture":"#0","uv":[5.25,1,5.5,1.25]},"south":{"texture":"#0","uv":[5.75,1,6,1.25]},"up":{"texture":"#0","uv":[6.5,3.75,6.25,3.5]},"west":{"texture":"#0","uv":[6,3.5,6.25,3.75]}},"from":[7.5,5.85784,6.28677],"rotation":{"angle":45,"axis":"x","origin":[8,5.67157,8]},"to":[8.5,6.85784,7.28677]},{"faces":{"down":{"texture":"#0","uv":[7.5,1,6.75,2]},"east":{"texture":"#0","uv":[5.25,0,6.25,1]},"north":{"texture":"#0","uv":[6.25,0,7,1]},"south":{"texture":"#0","uv":[6.5,3.5,7.25,4.5]},"up":{"texture":"#0","uv":[7.25,7.25,6.5,6.25]},"west":{"texture":"#0","uv":[5.75,5.25,6.75,6.25]}},"from":[6.5,5.85784,3.28677],"rotation":{"angle":45,"axis":"x","origin":[8,5.67157,8]},"to":[9.5,9.85784,7.28677]},{"faces":{"down":{"texture":"#0","uv":[9.5,1.75,9.25,2.25]},"east":{"texture":"#0","uv":[4,7.25,4.5,8.25]},"north":{"texture":"#0","uv":[8.75,1.5,9,2.5]},"south":{"texture":"#0","uv":[2,8.75,2.25,9.75]},"up":{"texture":"#0","uv":[2,9.75,1.75,9.25]},"west":{"texture":"#0","uv":[6,7.75,6.5,8.75]}},"from":[7.5,5.85784,3.28677],"rotation":{"angle":45,"axis":"x","origin":[8,5.67157,8]},"to":[8.5,9.85784,5.28677]},{"faces":{"down":{"texture":"#0","uv":[4.75,9,4.5,9.75]},"east":{"texture":"#0","uv":[3.75,8.25,4.5,8.75]},"north":{"texture":"#0","uv":[9.25,2.25,9.5,2.75]},"south":{"texture":"#0","uv":[9.25,2.75,9.5,3.25]},"up":{"texture":"#0","uv":[9.25,4.5,9,3.75]},"west":{"texture":"#0","uv":[8.5,0,9.25,0.5]}},"from":[7.5,5.85784,3.28677],"rotation":{"angle":45,"axis":"x","origin":[8,5.67157,8]},"to":[8.5,7.85784,6.28677]},{"faces":{"down":{"texture":"#0","uv":[8.5,4.25,7.75,5]},"east":{"texture":"#0","uv":[7.25,6.5,8,7.25]},"north":{"texture":"#0","uv":[6.5,7.25,7.25,8]},"south":{"texture":"#0","uv":[7.25,7.25,8,8]},"up":{"texture":"#0","uv":[8.5,0.75,7.75,0]},"west":{"texture":"#0","uv":[7.5,0.75,8.25,1.5]}},"from":[6.5,-6.14216,16.28677],"rotation":{"angle":45,"axis":"x","origin":[8,5.67157,8]},"to":[9.5,-3.14216,19.28677]},{"faces":{"down":{"texture":"#0","uv":[9.5,3.75,9.25,4.25]},"east":{"texture":"#0","uv":[8.5,3,9,3.75]},"north":{"texture":"#0","uv":[4.75,9,5,9.75]},"south":{"texture":"#0","uv":[5,9,5.25,9.75]},"up":{"texture":"#0","uv":[9.5,3.75,9.25,3.25]},"west":{"texture":"#0","uv":[8.5,3.75,9,4.5]}},"from":[7.012,9.70667,6.97918],"rotation":{"angle":-22.5,"axis":"x","origin":[8.515,11.20967,5.98218]},"to":[8.998,12.69267,8.96518]},{"faces":{"down":{"texture":"#0","uv":[7.75,9,7.5,9.75]},"east":{"texture":"#0","uv":[1,8,1.75,8.75]},"north":{"texture":"#0","uv":[5.25,9,5.5,9.75]},"south":{"texture":"#0","uv":[9,6,9.25,6.75]},"up":{"texture":"#0","uv":[9.25,7.5,9,6.75]},"west":{"texture":"#0","uv":[8,1.5,8.75,2.25]}},"from":[7.488,10.32647,4.98107],"rotation":{"angle":-22.5,"axis":"x","origin":[8,11.83847,6.49307]},"to":[8.512,13.35047,8.00507]},{"faces":{"down":{"texture":"#0","uv":[9.25,9,9,9.75]},"east":{"texture":"#0","uv":[1.75,8,2.5,8.75]},"north":{"texture":"#0","uv":[9,7.5,9.25,8.25]},"south":{"texture":"#0","uv":[7.75,9,8,9.75]},"up":{"texture":"#0","uv":[9.25,9,9,8.25]},"west":{"texture":"#0","uv":[8,2.25,8.75,3]}},"from":[7.505,18.7168,-7.68937],"rotation":{"angle":45,"axis":"x","origin":[8.01,5.67157,8.01414]},"to":[8.495,21.7068,-4.69937]},{"faces":{"down":{"texture":"#2","uv":[0,0,0,0.75]},"east":{"texture":"#2","uv":[4,0,7,5]},"north":{"texture":"#2","uv":[0,0,0,1.25]},"south":{"texture":"#2","uv":[0,0,0,1.25]},"up":{"texture":"#2","uv":[0,0.75,0,0]},"west":{"texture":"#2","uv":[7,0,4,5]}},"from":[8,18.7218,-9.11272],"rotation":{"angle":45,"axis":"x","origin":[8,5.67157,8]},"to":[8,23.7218,-6.11272]},{"faces":{"down":{"texture":"#2","uv":[0,0,0,0.75]},"east":{"texture":"#2","uv":[0,0,3,15]},"north":{"texture":"#2","uv":[0,0,0,3.75]},"south":{"texture":"#2","uv":[0,0,0,3.75]},"up":{"texture":"#2","uv":[0,0.75,0,0]},"west":{"texture":"#2","uv":[3,0,0,15]}},"from":[7.998,11.998,5.12538],"rotation":{"angle":0,"axis":"y","origin":[8,5.67157,8]},"to":[8.002,27.002,8.12938]},{"faces":{"down":{"texture":"#2","uv":[0,0,0,1]},"east":{"texture":"#2","uv":[4,6,8,11]},"north":{"texture":"#2","uv":[0,0,0,1.25]},"south":{"texture":"#2","uv":[0,0,0,1.25]},"up":{"texture":"#2","uv":[0,1,0,0]},"west":{"texture":"#2","uv":[8,6,4,11]}},"from":[8,9.85993,6.46774],"rotation":{"angle":-22.5,"axis":"x","origin":[8,5.67157,8]},"to":[8,14.85993,10.46774]},{"faces":{"down":{"texture":"#0","uv":[1.75,9.25,1.5,9.75]},"east":{"texture":"#0","uv":[8.25,0.75,8.75,1.5]},"north":{"texture":"#0","uv":[9,3,9.25,3.75]},"south":{"texture":"#0","uv":[3.25,9,3.5,9.75]},"up":{"texture":"#0","uv":[9.5,1.75,9.25,1.25]},"west":{"texture":"#0","uv":[3,8.25,3.5,9]}},"from":[7.5,6.85784,5.28677],"rotation":{"angle":45,"axis":"x","origin":[8,5.67157,8]},"to":[8.5,9.85784,7.28677]},{"faces":{"down":{"texture":"#1","uv":[6.75,1,6.75,3]},"east":{"texture":"#1","uv":[2,0,4,2]},"north":{"texture":"#1","uv":[6.25,0,6.25,2]},"south":{"texture":"#1","uv":[6.5,3.5,6.5,5.5]},"up":{"texture":"#1","uv":[6.5,8.25,6.5,6.25]},"west":{"texture":"#1","uv":[4,0,2,2]}},"from":[6.45,6.85784,4.28677],"rotation":{"angle":45,"axis":"x","origin":[7.9,5.67157,8]},"to":[6.45,8.85784,6.28677]},{"faces":{"down":{"texture":"#1","uv":[6.75,1,6.75,3]},"east":{"texture":"#1","uv":[2,0,4,2]},"north":{"texture":"#1","uv":[6.25,0,6.25,2]},"south":{"texture":"#1","uv":[6.5,3.5,6.5,5.5]},"up":{"texture":"#1","uv":[6.5,8.25,6.5,6.25]},"west":{"texture":"#1","uv":[4,0,2,2]}},"from":[9.55,6.85784,4.28677],"rotation":{"angle":45,"axis":"x","origin":[11.1,5.67157,8]},"to":[9.55,8.85784,6.28677]},{"faces":{"down":{"texture":"#1","uv":[7.75,4.25,7.75,5.25]},"east":{"texture":"#1","uv":[0,2,1,3]},"north":{"texture":"#1","uv":[6.5,7.25,6.5,8.25]},"south":{"texture":"#1","uv":[7.25,7.25,7.25,8.25]},"up":{"texture":"#1","uv":[7.75,1,7.75,0]},"west":{"texture":"#1","uv":[0,2,1,3]}},"from":[9.55,-5.14216,17.28677],"rotation":{"angle":45,"axis":"x","origin":[11.1,5.67157,8]},"to":[9.55,-4.14216,18.28677]},{"faces":{"down":{"texture":"#1","uv":[7.75,4.25,7.75,5.25]},"east":{"texture":"#1","uv":[0,2,1,3]},"north":{"texture":"#1","uv":[6.5,7.25,6.5,8.25]},"south":{"texture":"#1","uv":[7.25,7.25,7.25,8.25]},"up":{"texture":"#1","uv":[7.75,1,7.75,0]},"west":{"texture":"#1","uv":[0,2,1,3]}},"from":[6.45,-5.14216,17.28677],"rotation":{"angle":45,"axis":"x","origin":[7.9,5.67157,8]},"to":[6.45,-4.14216,18.28677]},{"faces":{"down":{"texture":"#1","uv":[0.5,8.25,0.5,9.25]},"east":{"texture":"#1","uv":[0,0,1,1]},"north":{"texture":"#1","uv":[8.75,5,8.75,6]},"south":{"texture":"#1","uv":[8.75,5.5,8.75,6.5]},"up":{"texture":"#1","uv":[0,9.25,0,8.25]},"west":{"texture":"#1","uv":[0,0,1,1]}},"from":[6.898,8.5844,10.48822],"rotation":{"angle":22.5,"axis":"x","origin":[7.9,8.5864,10.49022]},"to":[6.902,9.5884,11.49222]},{"faces":{"down":{"texture":"#1","uv":[0.5,8.25,0.5,9.25]},"east":{"texture":"#1","uv":[0,0,1,1]},"north":{"texture":"#1","uv":[8.75,5,8.75,6]},"south":{"texture":"#1","uv":[8.75,5.5,8.75,6.5]},"up":{"texture":"#1","uv":[0,9.25,0,8.25]},"west":{"texture":"#1","uv":[0,0,1,1]}},"from":[9.098,8.5844,10.48822],"rotation":{"angle":22.5,"axis":"x","origin":[10.1,8.5864,10.49022]},"to":[9.102,9.5884,11.49222]},{"faces":{"down":{"texture":"#1","uv":[0.5,9.25,0.5,8.25]},"east":{"texture":"#1","uv":[0,0,1,1]},"north":{"texture":"#1","uv":[8.75,5.5,8.75,6.5]},"south":{"texture":"#1","uv":[8.75,5,8.75,6]},"up":{"texture":"#1","uv":[0,8.25,0,9.25]},"west":{"texture":"#1","uv":[0,0,1,1]}},"from":[9.096,8.20063,3.93651],"rotation":{"angle":-22.5,"axis":"x","origin":[7.998,8.20263,3.93851]},"to":[9.1,9.20463,4.94051]},{"faces":{"down":{"texture":"#1","uv":[0.5,9.25,0.5,8.25]},"east":{"texture":"#1","uv":[1,0,0,1]},"north":{"texture":"#1","uv":[8.75,5.5,8.75,6.5]},"south":{"texture":"#1","uv":[8.75,5,8.75,6]},"up":{"texture":"#1","uv":[0,8.25,0,9.25]},"west":{"texture":"#1","uv":[1,0,0,1]}},"from":[6.9,8.20063,3.93651],"rotation":{"angle":-22.5,"axis":"x","origin":[8.002,8.20263,3.93851]},"to":[6.904,9.20463,4.94051]}],"gui_light":"front","textures":{"0":"civilization:item/tools/aiglos/serpentine/default","1":"civilization:item/tools/aiglos/serpentine/anim","2":"civilization:item/tools/aiglos/serpentine/anim_1","particle":"civilization:item/tools/aiglos/serpentine/default"}}