{"display":{"firstperson_lefthand":{"rotation":[4,8,-2],"translation":[3.5,2.75,-5.75]},"firstperson_righthand":{"rotation":[4,8,-2],"translation":[3.5,2.75,-5.75]},"fixed":{"rotation":[90,45,-90],"scale":[0.8,0.8,0.8],"translation":[-0.25,1,0]},"ground":{"rotation":[22,13,38],"scale":[0.6,0.6,0.6],"translation":[0,2.25,0]},"gui":{"rotation":[90,45,-90],"scale":[0.68,0.68,0.68],"translation":[0.75,0.25,0]},"head":{"translation":[0,2,-1.75]},"thirdperson_lefthand":{"translation":[0,4,-0.25]},"thirdperson_righthand":{"translation":[0,4,-0.25]}},"elements":[{"faces":{"down":{"texture":"#0","uv":[12.5,11,12,11.75]},"east":{"texture":"#0","uv":[1.5,9.75,2.25,11]},"north":{"texture":"#0","uv":[10.75,0,11.25,1.25]},"south":{"texture":"#0","uv":[10.75,1.25,11.25,2.5]},"up":{"texture":"#0","uv":[12.5,10.25,12,9.5]},"west":{"texture":"#0","uv":[2.25,9.75,3,11]}},"from":[3.96717,5.80762,0.45171],"rotation":{"angle":-22.5,"axis":"z","origin":[4.96717,8.30762,1.45171]},"to":[5.96717,10.80762,3.45171]},{"faces":{"down":{"texture":"#0","uv":[2.5,12.25,2,13]},"east":{"texture":"#0","uv":[9.75,3,10.5,4.25]},"north":{"texture":"#0","uv":[10.75,8.5,11.25,9.75]},"south":{"texture":"#0","uv":[1.5,11,2,12.25]},"up":{"texture":"#0","uv":[2,13,1.5,12.25]},"west":{"texture":"#0","uv":[5,9.75,5.75,11]}},"from":[4.38739,2.37381,0.45171],"rotation":{"angle":22.5,"axis":"z","origin":[6.23359,3.6074,1.45171]},"to":[6.38739,7.37381,3.45171]},{"faces":{"down":{"texture":"#0","uv":[1.5,9.5,0,10.25]},"east":{"texture":"#0","uv":[12,3.5,12.75,4]},"north":{"texture":"#0","uv":[10.25,6.75,11.75,7.25]},"south":{"texture":"#0","uv":[10.25,7.25,11.75,7.75]},"up":{"texture":"#0","uv":[10.25,8,8.75,7.25]},"west":{"texture":"#0","uv":[12,11.75,12.75,12.25]}},"from":[5,1.7612,0.45171],"rotation":{"angle":0,"axis":"y","origin":[6.23359,3.6074,1.45171]},"to":[11,3.7612,3.45171]},{"faces":{"down":{"texture":"#0","uv":[5.5,12.25,5,13]},"east":{"texture":"#0","uv":[3,10,3.75,11.25]},"north":{"texture":"#0","uv":[5,11,5.5,12.25]},"south":{"texture":"#0","uv":[11,5.5,11.5,6.75]},"up":{"texture":"#0","uv":[12.75,5.5,12.25,4.75]},"west":{"texture":"#0","uv":[3.75,10,4.5,11.25]}},"from":[9.61261,2.37381,0.45171],"rotation":{"angle":-22.5,"axis":"z","origin":[9.76641,3.6074,1.45171]},"to":[11.61261,7.37381,3.45171]},{"faces":{"down":{"texture":"#0","uv":[12.75,4,12.25,4.75]},"east":{"texture":"#0","uv":[10,0,10.75,1.25]},"north":{"texture":"#0","uv":[2,11,2.5,12.25]},"south":{"texture":"#0","uv":[2.5,11,3,12.25]},"up":{"texture":"#0","uv":[3,13,2.5,12.25]},"west":{"texture":"#0","uv":[10,1.25,10.75,2.5]}},"from":[10.03283,5.80762,0.45171],"rotation":{"angle":22.5,"axis":"z","origin":[11.03283,8.30762,1.45171]},"to":[12.03283,10.80762,3.45171]},{"faces":{"down":{"texture":"#0","uv":[10.25,6.5,8.75,7.25]},"east":{"texture":"#0","uv":[7.5,4.5,8.25,5]},"north":{"texture":"#0","uv":[7,6.5,8.5,7]},"south":{"texture":"#0","uv":[10,2.5,11.5,3]},"up":{"texture":"#0","uv":[10,6.5,8.5,5.75]},"west":{"texture":"#0","uv":[11.75,7.25,12.5,7.75]}},"from":[5,9,0.45171],"rotation":{"angle":0,"axis":"y","origin":[9,1,1.45171]},"to":[11,11,3.45171]},{"faces":{"down":{"texture":"#0","uv":[12,3.5,10.5,4]},"east":{"texture":"#0","uv":[4.5,10,5,11.5]},"north":{"texture":"#0","uv":[5,7,6.5,8.5]},"south":{"texture":"#0","uv":[7,5,8.5,6.5]},"up":{"texture":"#0","uv":[12,3.5,10.5,3]},"west":{"texture":"#0","uv":[10,10.25,10.5,11.75]}},"from":[5.01,3.01,0.46171],"rotation":{"angle":0,"axis":"y","origin":[9,1,1.45171]},"to":[10.99,8.99,2.44171]},{"faces":{"down":{"texture":"#0","uv":[0.5,0,0,0]},"east":{"texture":"#0","uv":[0,0,0,0.25]},"north":{"texture":"#0","uv":[4.5,13,5,13.25]},"south":{"texture":"#0","uv":[5,13,5.5,13.25]},"up":{"texture":"#0","uv":[0.5,0,0,0]},"west":{"texture":"#0","uv":[0,0,0,0.25]}},"from":[5.55,9.95,0.35171],"rotation":{"angle":0,"axis":"y","origin":[6.55,7.95,0.60171]},"to":[7.05,10.45,0.35171]},{"faces":{"down":{"texture":"#0","uv":[0.5,0,0,0]},"east":{"texture":"#0","uv":[0,0,0,0.25]},"north":{"texture":"#0","uv":[5.5,13,6,13.25]},"south":{"texture":"#0","uv":[13,5.5,13.5,5.75]},"up":{"texture":"#0","uv":[0.5,0,0,0]},"west":{"texture":"#0","uv":[0,0,0,0.25]}},"from":[5.46641,9.10381,0.35171],"rotation":{"angle":0,"axis":"y","origin":[6.56641,8.00381,0.60171]},"to":[7.06641,10.00381,0.35171]},{"faces":{"down":{"texture":"#0","uv":[0.5,0,0,0]},"east":{"texture":"#0","uv":[0,0,0,0.5]},"north":{"texture":"#0","uv":[10,12.75,10.5,13.25]},"south":{"texture":"#0","uv":[12.75,11.75,13.25,12.25]},"up":{"texture":"#0","uv":[0.5,0,0,0]},"west":{"texture":"#0","uv":[0,0,0,0.5]}},"from":[5.56,8.1503,0.36171],"rotation":{"angle":0,"axis":"y","origin":[5.8584,8.60185,0.60171]},"to":[7.04,9.6303,0.34171]},{"faces":{"down":{"texture":"#0","uv":[0.25,0,0,0]},"east":{"texture":"#0","uv":[0,0,0,0.25]},"north":{"texture":"#0","uv":[9.25,13,9.5,13.25]},"south":{"texture":"#0","uv":[13,9.25,13.25,9.5]},"up":{"texture":"#0","uv":[0.25,0,0,0]},"west":{"texture":"#0","uv":[0,0,0,0.25]}},"from":[5.29179,9.1519,0.35171],"rotation":{"angle":-22.5,"axis":"z","origin":[5.54179,9.7769,0.60171]},"to":[5.79179,10.4019,0.35171]},{"faces":{"down":{"texture":"#0","uv":[0.25,0,0,0]},"east":{"texture":"#0","uv":[0,0,0,0.25]},"north":{"texture":"#0","uv":[9.5,13,9.75,13.25]},"south":{"texture":"#0","uv":[13,9.5,13.25,9.75]},"up":{"texture":"#0","uv":[0.25,0,0,0]},"west":{"texture":"#0","uv":[0,0,0,0.25]}},"from":[5.40685,8.30345,0.36171],"rotation":{"angle":22.5,"axis":"z","origin":[5.8584,8.60185,0.60171]},"to":[5.88685,9.53345,0.34171]},{"faces":{"down":{"texture":"#0","uv":[0.25,0,0,0]},"east":{"texture":"#0","uv":[0,0,0,0.25]},"north":{"texture":"#0","uv":[9.75,13,10,13.25]},"south":{"texture":"#0","uv":[13,9.75,13.25,10]},"up":{"texture":"#0","uv":[0.25,0,0,0]},"west":{"texture":"#0","uv":[0,0,0,0.25]}},"from":[6.80821,9.1519,0.35171],"rotation":{"angle":22.5,"axis":"z","origin":[7.05821,9.7769,0.60171]},"to":[7.30821,10.4019,0.35171]},{"faces":{"down":{"texture":"#0","uv":[0.25,0,0,0]},"east":{"texture":"#0","uv":[0,0,0,0.25]},"north":{"texture":"#0","uv":[13,10,13.25,10.25]},"south":{"texture":"#0","uv":[13,10.25,13.25,10.5]},"up":{"texture":"#0","uv":[0.25,0,0,0]},"west":{"texture":"#0","uv":[0,0,0,0.25]}},"from":[6.71315,8.30345,0.36171],"rotation":{"angle":-22.5,"axis":"z","origin":[6.7416,8.60185,0.60171]},"to":[7.19315,9.53345,0.34171]},{"faces":{"down":{"texture":"#0","uv":[0.5,0,0,0]},"east":{"texture":"#0","uv":[0,0,0,0.25]},"north":{"texture":"#0","uv":[6.5,13,7,13.25]},"south":{"texture":"#0","uv":[13,6.5,13.5,6.75]},"up":{"texture":"#0","uv":[0.5,0,0,0]},"west":{"texture":"#0","uv":[0,0,0,0.25]}},"from":[5.55,4.15,0.35171],"rotation":{"angle":0,"axis":"y","origin":[6.55,2.15,0.60171]},"to":[7.05,4.65,0.35171]},{"faces":{"down":{"texture":"#0","uv":[0.5,0,0,0]},"east":{"texture":"#0","uv":[0,0,0,0.25]},"north":{"texture":"#0","uv":[13,6.75,13.5,7]},"south":{"texture":"#0","uv":[7,13,7.5,13.25]},"up":{"texture":"#0","uv":[0.5,0,0,0]},"west":{"texture":"#0","uv":[0,0,0,0.25]}},"from":[5.46641,3.30381,0.35171],"rotation":{"angle":0,"axis":"y","origin":[6.56641,2.20381,0.60171]},"to":[7.06641,4.20381,0.35171]},{"faces":{"down":{"texture":"#0","uv":[0.5,0,0,0]},"east":{"texture":"#0","uv":[0,0,0,0.5]},"north":{"texture":"#0","uv":[12.5,12.75,13,13.25]},"south":{"texture":"#0","uv":[0,13,0.5,13.5]},"up":{"texture":"#0","uv":[0.5,0,0,0]},"west":{"texture":"#0","uv":[0,0,0,0.5]}},"from":[5.56,2.3503,0.36171],"rotation":{"angle":0,"axis":"y","origin":[5.8584,2.80185,0.60171]},"to":[7.04,3.8303,0.34171]},{"faces":{"down":{"texture":"#0","uv":[0.25,0,0,0]},"east":{"texture":"#0","uv":[0,0,0,0.25]},"north":{"texture":"#0","uv":[11.5,13,11.75,13.25]},"south":{"texture":"#0","uv":[13,11.5,13.25,11.75]},"up":{"texture":"#0","uv":[0.25,0,0,0]},"west":{"texture":"#0","uv":[0,0,0,0.25]}},"from":[5.29179,3.3519,0.35171],"rotation":{"angle":-22.5,"axis":"z","origin":[5.54179,3.9769,0.60171]},"to":[5.79179,4.6019,0.35171]},{"faces":{"down":{"texture":"#0","uv":[0.25,0,0,0]},"east":{"texture":"#0","uv":[0,0,0,0.25]},"north":{"texture":"#0","uv":[11.75,13,12,13.25]},"south":{"texture":"#0","uv":[13,12.75,13.25,13]},"up":{"texture":"#0","uv":[0.25,0,0,0]},"west":{"texture":"#0","uv":[0,0,0,0.25]}},"from":[5.40685,2.50345,0.36171],"rotation":{"angle":22.5,"axis":"z","origin":[5.8584,2.80185,0.60171]},"to":[5.88685,3.73345,0.34171]},{"faces":{"down":{"texture":"#0","uv":[0.25,0,0,0]},"east":{"texture":"#0","uv":[0,0,0,0.25]},"north":{"texture":"#0","uv":[13,13,13.25,13.25]},"south":{"texture":"#0","uv":[13.25,0.5,13.5,0.75]},"up":{"texture":"#0","uv":[0.25,0,0,0]},"west":{"texture":"#0","uv":[0,0,0,0.25]}},"from":[6.80821,3.3519,0.35171],"rotation":{"angle":22.5,"axis":"z","origin":[7.05821,3.9769,0.60171]},"to":[7.30821,4.6019,0.35171]},{"faces":{"down":{"texture":"#0","uv":[0.25,0,0,0]},"east":{"texture":"#0","uv":[0,0,0,0.25]},"north":{"texture":"#0","uv":[13.25,0.75,13.5,1]},"south":{"texture":"#0","uv":[13.25,1,13.5,1.25]},"up":{"texture":"#0","uv":[0.25,0,0,0]},"west":{"texture":"#0","uv":[0,0,0,0.25]}},"from":[6.71315,2.50345,0.36171],"rotation":{"angle":-22.5,"axis":"z","origin":[6.7416,2.80185,0.60171]},"to":[7.19315,3.73345,0.34171]},{"faces":{"down":{"texture":"#0","uv":[0.5,0,0,0]},"east":{"texture":"#0","uv":[0,0,0,0.25]},"north":{"texture":"#0","uv":[13,7,13.5,7.25]},"south":{"texture":"#0","uv":[13,7.25,13.5,7.5]},"up":{"texture":"#0","uv":[0.5,0,0,0]},"west":{"texture":"#0","uv":[0,0,0,0.25]}},"from":[8.95,4.15,0.35171],"rotation":{"angle":0,"axis":"y","origin":[9.45,2.15,0.60171]},"to":[10.45,4.65,0.35171]},{"faces":{"down":{"texture":"#0","uv":[0.5,0,0,0]},"east":{"texture":"#0","uv":[0,0,0,0.25]},"north":{"texture":"#0","uv":[7.5,13,8,13.25]},"south":{"texture":"#0","uv":[13,7.5,13.5,7.75]},"up":{"texture":"#0","uv":[0.5,0,0,0]},"west":{"texture":"#0","uv":[0,0,0,0.25]}},"from":[8.93359,3.30381,0.35171],"rotation":{"angle":0,"axis":"y","origin":[9.43359,2.20381,0.60171]},"to":[10.53359,4.20381,0.35171]},{"faces":{"down":{"texture":"#0","uv":[0.5,0,0,0]},"east":{"texture":"#0","uv":[0,0,0,0.5]},"north":{"texture":"#0","uv":[13,0,13.5,0.5]},"south":{"texture":"#0","uv":[0.5,13,1,13.5]},"up":{"texture":"#0","uv":[0.5,0,0,0]},"west":{"texture":"#0","uv":[0,0,0,0.5]}},"from":[8.96,2.3503,0.36171],"rotation":{"angle":0,"axis":"y","origin":[10.1416,2.80185,0.60171]},"to":[10.44,3.8303,0.34171]},{"faces":{"down":{"texture":"#0","uv":[0.25,0,0,0]},"east":{"texture":"#0","uv":[0,0,0,0.25]},"north":{"texture":"#0","uv":[1.5,13.25,1.75,13.5]},"south":{"texture":"#0","uv":[13.25,1.5,13.5,1.75]},"up":{"texture":"#0","uv":[0.25,0,0,0]},"west":{"texture":"#0","uv":[0,0,0,0.25]}},"from":[10.20821,3.3519,0.35171],"rotation":{"angle":22.5,"axis":"z","origin":[10.45821,3.9769,0.60171]},"to":[10.70821,4.6019,0.35171]},{"faces":{"down":{"texture":"#0","uv":[0.25,0,0,0]},"east":{"texture":"#0","uv":[0,0,0,0.25]},"north":{"texture":"#0","uv":[1.75,13.25,2,13.5]},"south":{"texture":"#0","uv":[13.25,1.75,13.5,2]},"up":{"texture":"#0","uv":[0.25,0,0,0]},"west":{"texture":"#0","uv":[0,0,0,0.25]}},"from":[10.11315,2.50345,0.36171],"rotation":{"angle":-22.5,"axis":"z","origin":[10.1416,2.80185,0.60171]},"to":[10.59315,3.73345,0.34171]},{"faces":{"down":{"texture":"#0","uv":[0.25,0,0,0]},"east":{"texture":"#0","uv":[0,0,0,0.25]},"north":{"texture":"#0","uv":[2,13.25,2.25,13.5]},"south":{"texture":"#0","uv":[13.25,2,13.5,2.25]},"up":{"texture":"#0","uv":[0.25,0,0,0]},"west":{"texture":"#0","uv":[0,0,0,0.25]}},"from":[8.69179,3.3519,0.35171],"rotation":{"angle":-22.5,"axis":"z","origin":[8.94179,3.9769,0.60171]},"to":[9.19179,4.6019,0.35171]},{"faces":{"down":{"texture":"#0","uv":[0.25,0,0,0]},"east":{"texture":"#0","uv":[0,0,0,0.25]},"north":{"texture":"#0","uv":[2.25,13.25,2.5,13.5]},"south":{"texture":"#0","uv":[13.25,2.25,13.5,2.5]},"up":{"texture":"#0","uv":[0.25,0,0,0]},"west":{"texture":"#0","uv":[0,0,0,0.25]}},"from":[8.80685,2.50345,0.36171],"rotation":{"angle":22.5,"axis":"z","origin":[9.2584,2.80185,0.60171]},"to":[9.28685,3.73345,0.34171]},{"faces":{"down":{"texture":"#0","uv":[0.5,0,0,0]},"east":{"texture":"#0","uv":[0,0,0,0.25]},"north":{"texture":"#0","uv":[13,5.75,13.5,6]},"south":{"texture":"#0","uv":[6,13,6.5,13.25]},"up":{"texture":"#0","uv":[0.5,0,0,0]},"west":{"texture":"#0","uv":[0,0,0,0.25]}},"from":[8.95,9.95,0.35171],"rotation":{"angle":0,"axis":"y","origin":[9.45,7.95,0.60171]},"to":[10.45,10.45,0.35171]},{"faces":{"down":{"texture":"#0","uv":[0.5,0,0,0]},"east":{"texture":"#0","uv":[0,0,0,0.25]},"north":{"texture":"#0","uv":[13,6,13.5,6.25]},"south":{"texture":"#0","uv":[13,6.25,13.5,6.5]},"up":{"texture":"#0","uv":[0.5,0,0,0]},"west":{"texture":"#0","uv":[0,0,0,0.25]}},"from":[8.93359,9.10381,0.35171],"rotation":{"angle":0,"axis":"y","origin":[9.43359,8.00381,0.60171]},"to":[10.53359,10.00381,0.35171]},{"faces":{"down":{"texture":"#0","uv":[0.5,0,0,0]},"east":{"texture":"#0","uv":[0,0,0,0.5]},"north":{"texture":"#0","uv":[12,12.75,12.5,13.25]},"south":{"texture":"#0","uv":[12.75,12.25,13.25,12.75]},"up":{"texture":"#0","uv":[0.5,0,0,0]},"west":{"texture":"#0","uv":[0,0,0,0.5]}},"from":[8.96,8.1503,0.36171],"rotation":{"angle":0,"axis":"y","origin":[10.1416,8.60185,0.60171]},"to":[10.44,9.6303,0.34171]},{"faces":{"down":{"texture":"#0","uv":[0.25,0,0,0]},"east":{"texture":"#0","uv":[0,0,0,0.25]},"north":{"texture":"#0","uv":[10.5,13,10.75,13.25]},"south":{"texture":"#0","uv":[13,10.5,13.25,10.75]},"up":{"texture":"#0","uv":[0.25,0,0,0]},"west":{"texture":"#0","uv":[0,0,0,0.25]}},"from":[10.20821,9.1519,0.35171],"rotation":{"angle":22.5,"axis":"z","origin":[10.45821,9.7769,0.60171]},"to":[10.70821,10.4019,0.35171]},{"faces":{"down":{"texture":"#0","uv":[0.25,0,0,0]},"east":{"texture":"#0","uv":[0,0,0,0.25]},"north":{"texture":"#0","uv":[10.75,13,11,13.25]},"south":{"texture":"#0","uv":[13,10.75,13.25,11]},"up":{"texture":"#0","uv":[0.25,0,0,0]},"west":{"texture":"#0","uv":[0,0,0,0.25]}},"from":[10.11315,8.30345,0.36171],"rotation":{"angle":-22.5,"axis":"z","origin":[10.1416,8.60185,0.60171]},"to":[10.59315,9.53345,0.34171]},{"faces":{"down":{"texture":"#0","uv":[0.25,0,0,0]},"east":{"texture":"#0","uv":[0,0,0,0.25]},"north":{"texture":"#0","uv":[11,13,11.25,13.25]},"south":{"texture":"#0","uv":[13,11,13.25,11.25]},"up":{"texture":"#0","uv":[0.25,0,0,0]},"west":{"texture":"#0","uv":[0,0,0,0.25]}},"from":[8.69179,9.1519,0.35171],"rotation":{"angle":-22.5,"axis":"z","origin":[8.94179,9.7769,0.60171]},"to":[9.19179,10.4019,0.35171]},{"faces":{"down":{"texture":"#0","uv":[0.25,0,0,0]},"east":{"texture":"#0","uv":[0,0,0,0.25]},"north":{"texture":"#0","uv":[11.25,13,11.5,13.25]},"south":{"texture":"#0","uv":[13,11.25,13.25,11.5]},"up":{"texture":"#0","uv":[0.25,0,0,0]},"west":{"texture":"#0","uv":[0,0,0,0.25]}},"from":[8.80685,8.30345,0.36171],"rotation":{"angle":22.5,"axis":"z","origin":[9.2584,8.60185,0.60171]},"to":[9.28685,9.53345,0.34171]},{"faces":{"down":{"texture":"#0","uv":[0.5,0,0,0]},"east":{"texture":"#0","uv":[0,0,0,0.25]},"north":{"texture":"#0","uv":[9.5,5.5,10,5.75]},"south":{"texture":"#0","uv":[3,9.75,3.5,10]},"up":{"texture":"#0","uv":[0.5,0,0,0]},"west":{"texture":"#0","uv":[0,0,0,0.25]}},"from":[4.25,7.05,0.35171],"rotation":{"angle":0,"axis":"y","origin":[5.25,5.05,0.60171]},"to":[5.75,7.55,0.35171]},{"faces":{"down":{"texture":"#0","uv":[0.5,0,0,0]},"east":{"texture":"#0","uv":[0,0,0,0.25]},"north":{"texture":"#0","uv":[1.5,13,2,13.25]},"south":{"texture":"#0","uv":[2,13,2.5,13.25]},"up":{"texture":"#0","uv":[0.5,0,0,0]},"west":{"texture":"#0","uv":[0,0,0,0.25]}},"from":[4.16641,6.20381,0.35171],"rotation":{"angle":0,"axis":"y","origin":[5.26641,5.10381,0.60171]},"to":[5.76641,7.10381,0.35171]},{"faces":{"down":{"texture":"#0","uv":[0.5,0,0,0]},"east":{"texture":"#0","uv":[0,0,0,0.5]},"north":{"texture":"#0","uv":[3.5,6,4,6.5]},"south":{"texture":"#0","uv":[6.5,1.5,7,2]},"up":{"texture":"#0","uv":[0.5,0,0,0]},"west":{"texture":"#0","uv":[0,0,0,0.5]}},"from":[4.26,5.2503,0.36171],"rotation":{"angle":0,"axis":"y","origin":[4.5584,5.70185,0.60171]},"to":[5.74,6.7303,0.34171]},{"faces":{"down":{"texture":"#0","uv":[0.25,0,0,0]},"east":{"texture":"#0","uv":[0,0,0,0.25]},"north":{"texture":"#0","uv":[10,6.25,10.25,6.5]},"south":{"texture":"#0","uv":[10.25,4.25,10.5,4.5]},"up":{"texture":"#0","uv":[0.25,0,0,0]},"west":{"texture":"#0","uv":[0,0,0,0.25]}},"from":[3.99179,6.2519,0.35171],"rotation":{"angle":-22.5,"axis":"z","origin":[4.24179,6.8769,0.60171]},"to":[4.49179,7.5019,0.35171]},{"faces":{"down":{"texture":"#0","uv":[0.25,0,0,0]},"east":{"texture":"#0","uv":[0,0,0,0.25]},"north":{"texture":"#0","uv":[10.25,7.75,10.5,8]},"south":{"texture":"#0","uv":[5.5,11,5.75,11.25]},"up":{"texture":"#0","uv":[0.25,0,0,0]},"west":{"texture":"#0","uv":[0,0,0,0.25]}},"from":[4.10685,5.40345,0.36171],"rotation":{"angle":22.5,"axis":"z","origin":[4.5584,5.70185,0.60171]},"to":[4.58685,6.63345,0.34171]},{"faces":{"down":{"texture":"#0","uv":[0.25,0,0,0]},"east":{"texture":"#0","uv":[0,0,0,0.25]},"north":{"texture":"#0","uv":[9,11.75,9.25,12]},"south":{"texture":"#0","uv":[11.75,9.5,12,9.75]},"up":{"texture":"#0","uv":[0.25,0,0,0]},"west":{"texture":"#0","uv":[0,0,0,0.25]}},"from":[5.50821,6.2519,0.35171],"rotation":{"angle":22.5,"axis":"z","origin":[5.75821,6.8769,0.60171]},"to":[6.00821,7.5019,0.35171]},{"faces":{"down":{"texture":"#0","uv":[0.25,0,0,0]},"east":{"texture":"#0","uv":[0,0,0,0.25]},"north":{"texture":"#0","uv":[12.25,7,12.5,7.25]},"south":{"texture":"#0","uv":[12.25,8.25,12.5,8.5]},"up":{"texture":"#0","uv":[0.25,0,0,0]},"west":{"texture":"#0","uv":[0,0,0,0.25]}},"from":[5.41315,5.40345,0.36171],"rotation":{"angle":-22.5,"axis":"z","origin":[5.4416,5.70185,0.60171]},"to":[5.89315,6.63345,0.34171]},{"faces":{"down":{"texture":"#0","uv":[0.5,0,0,0]},"east":{"texture":"#0","uv":[0,0,0,0.25]},"north":{"texture":"#0","uv":[2.5,13,3,13.25]},"south":{"texture":"#0","uv":[3,13,3.5,13.25]},"up":{"texture":"#0","uv":[0.5,0,0,0]},"west":{"texture":"#0","uv":[0,0,0,0.25]}},"from":[10.25,7.05,0.35171],"rotation":{"angle":0,"axis":"y","origin":[10.75,5.05,0.60171]},"to":[11.75,7.55,0.35171]},{"faces":{"down":{"texture":"#0","uv":[0.5,0,0,0]},"east":{"texture":"#0","uv":[0,0,0,0.25]},"north":{"texture":"#0","uv":[3.5,13,4,13.25]},"south":{"texture":"#0","uv":[4,13,4.5,13.25]},"up":{"texture":"#0","uv":[0.5,0,0,0]},"west":{"texture":"#0","uv":[0,0,0,0.25]}},"from":[10.23359,6.20381,0.35171],"rotation":{"angle":0,"axis":"y","origin":[10.73359,5.10381,0.60171]},"to":[11.83359,7.10381,0.35171]},{"faces":{"down":{"texture":"#0","uv":[0.5,0,0,0]},"east":{"texture":"#0","uv":[0,0,0,0.5]},"north":{"texture":"#0","uv":[8,12.75,8.5,13.25]},"south":{"texture":"#0","uv":[8.5,12.75,9,13.25]},"up":{"texture":"#0","uv":[0.5,0,0,0]},"west":{"texture":"#0","uv":[0,0,0,0.5]}},"from":[10.26,5.2503,0.36171],"rotation":{"angle":0,"axis":"y","origin":[11.4416,5.70185,0.60171]},"to":[11.74,6.7303,0.34171]},{"faces":{"down":{"texture":"#0","uv":[0.25,0,0,0]},"east":{"texture":"#0","uv":[0,0,0,0.25]},"north":{"texture":"#0","uv":[12.25,10.75,12.5,11]},"south":{"texture":"#0","uv":[13,7.75,13.25,8]},"up":{"texture":"#0","uv":[0.25,0,0,0]},"west":{"texture":"#0","uv":[0,0,0,0.25]}},"from":[11.50821,6.2519,0.35171],"rotation":{"angle":22.5,"axis":"z","origin":[11.75821,6.8769,0.60171]},"to":[12.00821,7.5019,0.35171]},{"faces":{"down":{"texture":"#0","uv":[0.25,0,0,0]},"east":{"texture":"#0","uv":[0,0,0,0.25]},"north":{"texture":"#0","uv":[13,8,13.25,8.25]},"south":{"texture":"#0","uv":[13,8.25,13.25,8.5]},"up":{"texture":"#0","uv":[0.25,0,0,0]},"west":{"texture":"#0","uv":[0,0,0,0.25]}},"from":[11.41315,5.40345,0.36171],"rotation":{"angle":-22.5,"axis":"z","origin":[11.4416,5.70185,0.60171]},"to":[11.89315,6.63345,0.34171]},{"faces":{"down":{"texture":"#0","uv":[0.25,0,0,0]},"east":{"texture":"#0","uv":[0,0,0,0.25]},"north":{"texture":"#0","uv":[13,8.5,13.25,8.75]},"south":{"texture":"#0","uv":[13,8.75,13.25,9]},"up":{"texture":"#0","uv":[0.25,0,0,0]},"west":{"texture":"#0","uv":[0,0,0,0.25]}},"from":[9.99179,6.2519,0.35171],"rotation":{"angle":-22.5,"axis":"z","origin":[10.24179,6.8769,0.60171]},"to":[10.49179,7.5019,0.35171]},{"faces":{"down":{"texture":"#0","uv":[0.25,0,0,0]},"east":{"texture":"#0","uv":[0,0,0,0.25]},"north":{"texture":"#0","uv":[9,13,9.25,13.25]},"south":{"texture":"#0","uv":[13,9,13.25,9.25]},"up":{"texture":"#0","uv":[0.25,0,0,0]},"west":{"texture":"#0","uv":[0,0,0,0.25]}},"from":[10.10685,5.40345,0.36171],"rotation":{"angle":22.5,"axis":"z","origin":[10.5584,5.70185,0.60171]},"to":[10.58685,6.63345,0.34171]},{"faces":{"down":{"texture":"#0","uv":[0.5,0,0,0]},"east":{"texture":"#0","uv":[0,0,0,0.25]},"north":{"texture":"#0","uv":[9.75,4.25,10.25,4.5]},"south":{"texture":"#0","uv":[11.25,9.5,11.75,9.75]},"up":{"texture":"#0","uv":[0.5,0,0,0]},"west":{"texture":"#0","uv":[0,0,0,0.25]}},"from":[7.0625,7.2125,0.37671],"rotation":{"angle":0,"axis":"y","origin":[8,6.64394,0.37671]},"to":[8.9375,7.8375,0.37671]},{"faces":{"down":{"texture":"#0","uv":[0.5,0,0,0]},"east":{"texture":"#0","uv":[0,0,0,0.25]},"north":{"texture":"#0","uv":[12.5,7.5,13,7.75]},"south":{"texture":"#0","uv":[13,1.25,13.5,1.5]},"up":{"texture":"#0","uv":[0.5,0,0,0]},"west":{"texture":"#0","uv":[0,0,0,0.25]}},"from":[6.98302,6.15476,0.37671],"rotation":{"angle":0,"axis":"y","origin":[8,6.64394,0.37671]},"to":[8.95802,7.27976,0.37671]},{"faces":{"down":{"texture":"#0","uv":[0.5,0,0,0]},"east":{"texture":"#0","uv":[0,0,0,0.5]},"north":{"texture":"#0","uv":[5,6.5,5.5,7]},"south":{"texture":"#0","uv":[9.5,9,10,9.5]},"up":{"texture":"#0","uv":[0.5,0,0,0]},"west":{"texture":"#0","uv":[0,0,0,0.5]}},"from":[7.075,4.96288,0.38921],"rotation":{"angle":0,"axis":"y","origin":[8,6.64394,0.37671]},"to":[8.925,6.56288,0.36421]},{"faces":{"down":{"texture":"#0","uv":[0.25,0,0,0]},"east":{"texture":"#0","uv":[0,0,0,0.5]},"north":{"texture":"#0","uv":[8.25,4.5,8.5,5]},"south":{"texture":"#0","uv":[8.5,6.5,8.75,7]},"up":{"texture":"#0","uv":[0.25,0,0,0]},"west":{"texture":"#0","uv":[0,0,0,0.5]}},"from":[6.67711,5.82538,0.37671],"rotation":{"angle":-22.5,"axis":"z","origin":[8,6.64394,0.37671]},"to":[7.30211,7.38788,0.37671]},{"faces":{"down":{"texture":"#0","uv":[0.25,0,0,0]},"east":{"texture":"#0","uv":[0,0,0,0.5]},"north":{"texture":"#0","uv":[10.5,8.5,10.75,9]},"south":{"texture":"#0","uv":[1.25,11.5,1.5,12]},"up":{"texture":"#0","uv":[0.25,0,0,0]},"west":{"texture":"#0","uv":[0,0,0,0.5]}},"from":[6.49826,5.45056,0.38921],"rotation":{"angle":22.5,"axis":"z","origin":[8,6.64394,0.37671]},"to":[7.09826,6.98806,0.36421]},{"faces":{"down":{"texture":"#0","uv":[0.25,0,0,0]},"east":{"texture":"#0","uv":[0,0,0,0.5]},"north":{"texture":"#0","uv":[11.5,6.25,11.75,6.75]},"south":{"texture":"#0","uv":[11.75,11,12,11.5]},"up":{"texture":"#0","uv":[0.25,0,0,0]},"west":{"texture":"#0","uv":[0,0,0,0.5]}},"from":[8.69789,5.82538,0.37671],"rotation":{"angle":22.5,"axis":"z","origin":[8,6.64394,0.37671]},"to":[9.32289,7.38788,0.37671]},{"faces":{"down":{"texture":"#0","uv":[0.25,0,0,0]},"east":{"texture":"#0","uv":[0,0,0,0.5]},"north":{"texture":"#0","uv":[1,13,1.25,13.5]},"south":{"texture":"#0","uv":[1.25,13,1.5,13.5]},"up":{"texture":"#0","uv":[0.25,0,0,0]},"west":{"texture":"#0","uv":[0,0,0,0.5]}},"from":[8.90174,5.45056,0.38921],"rotation":{"angle":-22.5,"axis":"z","origin":[8,6.64394,0.37671]},"to":[9.50174,6.98806,0.36421]},{"faces":{"down":{"texture":"#0","uv":[3.5,7.5,2.5,9.75]},"east":{"texture":"#0","uv":[6.5,7,8.75,8]},"north":{"texture":"#0","uv":[9.5,4.5,10.5,5.5]},"south":{"texture":"#0","uv":[6,9.5,7,10.5]},"up":{"texture":"#0","uv":[2.5,9.75,1.5,7.5]},"west":{"texture":"#0","uv":[7.5,3.5,9.75,4.5]}},"from":[6,4,2.45171],"rotation":{"angle":0,"axis":"y","origin":[8,6,6.95171]},"to":[10,8,11.45171]},{"faces":{"down":{"texture":"#0","uv":[13.25,0.5,13,1.25]},"east":{"texture":"#0","uv":[9.25,11.25,10,12]},"north":{"texture":"#0","uv":[5.75,9.75,6,10.5]},"south":{"texture":"#0","uv":[10,5.5,10.25,6.25]},"up":{"texture":"#0","uv":[10,11.25,9.75,10.5]},"west":{"texture":"#0","uv":[11.5,4,12.25,4.75]}},"from":[3.9,6.2,3.45171],"rotation":{"angle":-22.5,"axis":"z","origin":[4.4,7.5,4.95171]},"to":[4.9,9.2,6.45171]},{"faces":{"down":{"texture":"#0","uv":[13,0.5,13.25,1.25]},"east":{"texture":"#0","uv":[12.25,4,11.5,4.75]},"north":{"texture":"#0","uv":[6,9.75,5.75,10.5]},"south":{"texture":"#0","uv":[10.25,5.5,10,6.25]},"up":{"texture":"#0","uv":[9.75,11.25,10,10.5]},"west":{"texture":"#0","uv":[10,11.25,9.25,12]}},"from":[11.1,6.2,3.45171],"rotation":{"angle":22.5,"axis":"z","origin":[11.6,7.5,4.95171]},"to":[12.1,9.2,6.45171]},{"faces":{"down":{"texture":"#0","uv":[1.5,6,0,8]},"east":{"texture":"#0","uv":[5,2,7,3.5]},"north":{"texture":"#0","uv":[8,8,9.5,9.5]},"south":{"texture":"#0","uv":[8.5,0,10,1.5]},"up":{"texture":"#0","uv":[7,7,5.5,5]},"west":{"texture":"#0","uv":[5.5,3.5,7.5,5]}},"from":[5,5,12.45171],"rotation":{"angle":-22.5,"axis":"x","origin":[8,6,15.95171]},"to":[11,11,20.45171]},{"faces":{"down":{"texture":"#0","uv":[6.5,0,5,2]},"east":{"texture":"#0","uv":[0,4.5,2,6]},"north":{"texture":"#0","uv":[0,8,1.5,9.5]},"south":{"texture":"#0","uv":[6.5,8,8,9.5]},"up":{"texture":"#0","uv":[5.5,6.5,4,4.5]},"west":{"texture":"#0","uv":[2,4.5,4,6]}},"from":[4.8,4.8,12.25171],"rotation":{"angle":-22.5,"axis":"x","origin":[8,6,15.95171]},"to":[11.2,11.2,20.65171]},{"faces":{"down":{"texture":"#0","uv":[13,0.75,12.5,1.5]},"east":{"texture":"#0","uv":[12.25,10.25,13,10.75]},"north":{"texture":"#0","uv":[12.75,4.5,13.25,5]},"south":{"texture":"#0","uv":[12.75,5,13.25,5.5]},"up":{"texture":"#0","uv":[13,0.75,12.5,0]},"west":{"texture":"#0","uv":[12,12.25,12.75,12.75]}},"from":[7,7,11.45171],"rotation":{"angle":-22.5,"axis":"x","origin":[8,6,15.95171]},"to":[9,9,14.45171]},{"faces":{"down":{"texture":"#0","uv":[12,12.5,11.5,13]},"east":{"texture":"#0","uv":[3.5,11.25,4,12.5]},"north":{"texture":"#0","uv":[3,11.25,3.5,12.5]},"south":{"texture":"#0","uv":[4,11.25,4.5,12.5]},"up":{"texture":"#0","uv":[13,11.75,12.5,11.25]},"west":{"texture":"#0","uv":[5.5,11.25,6,12.5]}},"from":[7,0,9.45171],"rotation":{"angle":-22.5,"axis":"x","origin":[8,2,10.45171]},"to":[9,5,11.45171]},{"faces":{"down":{"texture":"#0","uv":[13.25,4,12.75,4.5]},"east":{"texture":"#0","uv":[6.5,11.25,7,12.5]},"north":{"texture":"#0","uv":[6,11.25,6.5,12.5]},"south":{"texture":"#0","uv":[7,11.25,7.5,12.5]},"up":{"texture":"#0","uv":[13.25,4,12.75,3.5]},"west":{"texture":"#0","uv":[7.5,11.25,8,12.5]}},"from":[6.9,-0.1,9.35171],"rotation":{"angle":-22.5,"axis":"x","origin":[8,2,10.45171]},"to":[9.1,5.1,11.55171]},{"faces":{"down":{"texture":"#0","uv":[0,0,0,1]},"east":{"texture":"#0","uv":[8.5,4.5,9.5,5.75]},"north":{"texture":"#0","uv":[0,0,0,1.25]},"south":{"texture":"#0","uv":[0,0,0,1.25]},"up":{"texture":"#0","uv":[0,1,0,0]},"west":{"texture":"#0","uv":[5,8.5,6,9.75]}},"from":[8,1,5.45171],"rotation":{"angle":-22.5,"axis":"x","origin":[8,2,10.45171]},"to":[8,6,9.45171]},{"faces":{"down":{"texture":"#0","uv":[12.25,5.5,11.5,6.25]},"east":{"texture":"#0","uv":[12.25,6,13,6.5]},"north":{"texture":"#0","uv":[12.25,5.5,13,6]},"south":{"texture":"#0","uv":[12.25,6.5,13,7]},"up":{"texture":"#0","uv":[12.25,5.5,11.5,4.75]},"west":{"texture":"#0","uv":[12.25,7.75,13,8.25]}},"from":[5.1,7,9.45171],"rotation":{"angle":22.5,"axis":"z","origin":[8,7,6.95171]},"to":[8.1,9,12.45171]},{"faces":{"down":{"texture":"#0","uv":[0.75,10.25,0,11.5]},"east":{"texture":"#0","uv":[8,11.25,9.25,11.75]},"north":{"texture":"#0","uv":[12.5,1.5,13.25,2]},"south":{"texture":"#0","uv":[12.5,2,13.25,2.5]},"up":{"texture":"#0","uv":[10.75,10.25,10,9]},"west":{"texture":"#0","uv":[11.25,8.5,12.5,9]}},"from":[5.1,7,2.45171],"rotation":{"angle":22.5,"axis":"z","origin":[8,7,6.95171]},"to":[8.1,9,7.45171]},{"faces":{"down":{"texture":"#0","uv":[0,0,0,2.5]},"east":{"texture":"#0","uv":[0,0,2.5,2.25]},"north":{"texture":"#0","uv":[0,0,0,2.25]},"south":{"texture":"#0","uv":[0,0,0,2.25]},"up":{"texture":"#0","uv":[0,2.5,0,0]},"west":{"texture":"#0","uv":[0,2.25,2.5,4.5]}},"from":[6.15747,6.23567,3.45171],"rotation":{"angle":45,"axis":"z","origin":[5.65747,8.73567,8.45171]},"to":[6.15747,15.23567,13.45171]},{"faces":{"down":{"texture":"#0","uv":[0,0,0,2.5]},"east":{"texture":"#0","uv":[2.5,0,5,2.25]},"north":{"texture":"#0","uv":[0,0,0,2.25]},"south":{"texture":"#0","uv":[0,0,0,2.25]},"up":{"texture":"#0","uv":[0,2.5,0,0]},"west":{"texture":"#0","uv":[2.5,2.25,5,4.5]}},"from":[9.84253,6.23567,3.45171],"rotation":{"angle":-45,"axis":"z","origin":[10.34253,8.73567,8.45171]},"to":[9.84253,15.23567,13.45171]},{"faces":{"down":{"texture":"#0","uv":[9,9.5,8,10.5]},"east":{"texture":"#0","uv":[10.5,4.75,11.5,5.5]},"north":{"texture":"#0","uv":[10.5,4,11.5,4.75]},"south":{"texture":"#0","uv":[5.75,10.5,6.75,11.25]},"up":{"texture":"#0","uv":[8,10.5,7,9.5]},"west":{"texture":"#0","uv":[6.75,10.5,7.75,11.25]}},"from":[4.6,6.5,6.45171],"rotation":{"angle":22.5,"axis":"z","origin":[8,6.5,4.95171]},"to":[8.6,9.5,10.45171]},{"faces":{"down":{"texture":"#0","uv":[12.25,10.25,11.5,11]},"east":{"texture":"#0","uv":[3.75,12.5,4.5,13]},"north":{"texture":"#0","uv":[12.5,3,13.25,3.5]},"south":{"texture":"#0","uv":[5.5,12.5,6.25,13]},"up":{"texture":"#0","uv":[12.25,8.5,11.5,7.75]},"west":{"texture":"#0","uv":[6.25,12.5,7,13]}},"from":[7.9,7,9.45171],"rotation":{"angle":-22.5,"axis":"z","origin":[8,7,6.95171]},"to":[10.9,9,12.45171]},{"faces":{"down":{"texture":"#0","uv":[10,9.5,9,10.5]},"east":{"texture":"#0","uv":[10.5,7.75,11.5,8.5]},"north":{"texture":"#0","uv":[7.75,10.5,8.75,11.25]},"south":{"texture":"#0","uv":[8.75,10.5,9.75,11.25]},"up":{"texture":"#0","uv":[10.5,9,9.5,8]},"west":{"texture":"#0","uv":[10.5,10.25,11.5,11]}},"from":[7.4,6.5,6.45171],"rotation":{"angle":-22.5,"axis":"z","origin":[8,6.5,4.95171]},"to":[11.4,9.5,10.45171]},{"faces":{"down":{"texture":"#0","uv":[11,5.5,10.25,6.75]},"east":{"texture":"#0","uv":[11.25,9,12.5,9.5]},"north":{"texture":"#0","uv":[12.5,2.5,13.25,3]},"south":{"texture":"#0","uv":[3,12.5,3.75,13]},"up":{"texture":"#0","uv":[1.5,11.5,0.75,10.25]},"west":{"texture":"#0","uv":[0,11.5,1.25,12]}},"from":[7.9,7,2.45171],"rotation":{"angle":-22.5,"axis":"z","origin":[8,7,6.95171]},"to":[10.9,9,7.45171]},{"faces":{"down":{"texture":"#0","uv":[12.5,2,11.25,2.5]},"east":{"texture":"#0","uv":[12.5,10.75,13,11.25]},"north":{"texture":"#0","uv":[11.25,0.5,12.5,1]},"south":{"texture":"#0","uv":[11.25,1,12.5,1.5]},"up":{"texture":"#0","uv":[12.5,2,11.25,1.5]},"west":{"texture":"#0","uv":[11,12.5,11.5,13]}},"from":[5.5,2.60896,3.45171],"rotation":{"angle":0,"axis":"y","origin":[6.73359,4.45515,4.45171]},"to":[10.5,4.60896,5.45171]},{"faces":{"down":{"texture":"#0","uv":[11,12.5,10.5,13]},"east":{"texture":"#0","uv":[12,2.5,12.5,3.5]},"north":{"texture":"#0","uv":[1,12,1.5,13]},"south":{"texture":"#0","uv":[9,12,9.5,13]},"up":{"texture":"#0","uv":[13,10.25,12.5,9.75]},"west":{"texture":"#0","uv":[9.5,12,10,13]}},"from":[4.88739,3.22157,3.45171],"rotation":{"angle":22.5,"axis":"z","origin":[6.73359,4.45515,4.45171]},"to":[6.88739,7.22157,5.45171]},{"faces":{"down":{"texture":"#0","uv":[13,9.25,12.5,9.75]},"east":{"texture":"#0","uv":[10,11.75,10.5,12.75]},"north":{"texture":"#0","uv":[8.5,11.75,9,12.75]},"south":{"texture":"#0","uv":[0,12,0.5,13]},"up":{"texture":"#0","uv":[13,9.25,12.5,8.75]},"west":{"texture":"#0","uv":[0.5,12,1,13]}},"from":[4.46717,5.80762,3.45171],"rotation":{"angle":-22.5,"axis":"z","origin":[5.46717,7.30762,4.45171]},"to":[6.46717,9.80762,5.45171]},{"faces":{"down":{"texture":"#0","uv":[12.5,0,11.25,0.5]},"east":{"texture":"#0","uv":[7.5,12.5,8,13]},"north":{"texture":"#0","uv":[8.5,3,9.75,3.5]},"south":{"texture":"#0","uv":[10.75,9.75,12,10.25]},"up":{"texture":"#0","uv":[11.75,11.5,10.5,11]},"west":{"texture":"#0","uv":[12.5,8.25,13,8.75]}},"from":[5.5,8,3.45171],"rotation":{"angle":0,"axis":"y","origin":[9.5,0,4.45171]},"to":[10.5,10,5.45171]},{"faces":{"down":{"texture":"#0","uv":[13,7,12.5,7.5]},"east":{"texture":"#0","uv":[11.5,11.5,12,12.5]},"north":{"texture":"#0","uv":[11,11.5,11.5,12.5]},"south":{"texture":"#0","uv":[11.75,6.25,12.25,7.25]},"up":{"texture":"#0","uv":[7.5,13,7,12.5]},"west":{"texture":"#0","uv":[8,11.75,8.5,12.75]}},"from":[9.15015,5.7315,3.45171],"rotation":{"angle":22.5,"axis":"z","origin":[10.15015,8.2315,4.45171]},"to":[11.15015,9.7315,5.45171]},{"faces":{"down":{"texture":"#0","uv":[5,12.5,4.5,13]},"east":{"texture":"#0","uv":[6,8.5,6.5,9.5]},"north":{"texture":"#0","uv":[5,3.5,5.5,4.5]},"south":{"texture":"#0","uv":[4.5,11.5,5,12.5]},"up":{"texture":"#0","uv":[12,3,11.5,2.5]},"west":{"texture":"#0","uv":[10.5,11.5,11,12.5]}},"from":[8.72992,3.29769,3.45171],"rotation":{"angle":-22.5,"axis":"z","origin":[8.88373,3.53128,4.45171]},"to":[10.72992,7.29769,5.45171]},{"faces":{"down":{"texture":"#0","uv":[8.5,1.5,7,3.5]},"east":{"texture":"#0","uv":[1.5,6,3.5,7.5]},"north":{"texture":"#0","uv":[8.5,1.5,10,3]},"south":{"texture":"#0","uv":[3.5,8.5,5,10]},"up":{"texture":"#0","uv":[5,8.5,3.5,6.5]},"west":{"texture":"#0","uv":[6.5,0,8.5,1.5]}},"from":[11.1,11.1,20.55171],"name":"cube_outline","rotation":{"angle":-22.5,"axis":"x","origin":[8,6,15.95171]},"to":[4.9,4.9,12.35171]}],"gui_light":"front","texture_size":[64,64],"textures":{"0":"civilization:item/tools/beehive_blaster/normal/default","particle":"civilization:item/tools/beehive_blaster/normal/default"}}