{"textures":{"0":"modelengine:entity/aloc_main","particle":"#0"},"elements":[{"from":[3.85,11.09375,3.78125],"to":[12.35,14.59375,12.28125],"faces":{"east":{"uv":[11.6875,9.125,12.75,9.5625],"tintindex":0,"rotation":0,"texture":"#0"},"south":{"uv":[11.6875,9.125,12.75,9.5625],"tintindex":0,"rotation":0,"texture":"#0"},"north":{"uv":[11.6875,9.125,12.75,9.5625],"tintindex":0,"rotation":0,"texture":"#0"},"west":{"uv":[11.6875,9.125,12.75,9.5625],"tintindex":0,"rotation":0,"texture":"#0"},"up":{"uv":[6.9375,9.125,5.9375,8.0625],"tintindex":0,"rotation":0,"texture":"#0"},"down":{"uv":[7.9375,8.0625,6.9375,9.125],"tintindex":0,"rotation":0,"texture":"#0"}}},{"from":[2.85,4.59375,2.78125],"to":[13.35,11.09375,13.28125],"faces":{"east":{"uv":[2.0,6.8125,3.3125,7.625],"tintindex":0,"rotation":0,"texture":"#0"},"south":{"uv":[2.0,7.625,3.3125,8.4375],"tintindex":0,"rotation":0,"texture":"#0"},"north":{"uv":[2.0,7.625,3.3125,8.4375],"tintindex":0,"rotation":0,"texture":"#0"},"west":{"uv":[2.0,6.8125,3.3125,7.625],"tintindex":0,"rotation":0,"texture":"#0"},"up":{"uv":[1.3125,3.5625,0.0,2.25],"tintindex":0,"rotation":0,"texture":"#0"},"down":{"uv":[1.3125,2.25,0.0,3.5625],"tintindex":0,"rotation":0,"texture":"#0"}}},{"from":[4.45,-4.40625,4.53125],"to":[11.45,4.59375,11.53125],"faces":{"east":{"uv":[1.0,8.5625,1.875,9.6875],"tintindex":0,"rotation":0,"texture":"#0"},"south":{"uv":[1.0,8.5625,1.875,9.6875],"tintindex":0,"rotation":0,"texture":"#0"},"north":{"uv":[1.0,8.5625,1.875,9.6875],"tintindex":0,"rotation":0,"texture":"#0"},"west":{"uv":[1.0,8.5625,1.875,9.6875],"tintindex":0,"rotation":0,"texture":"#0"},"up":{"uv":[11.0625,2.1875,10.1875,1.3125],"tintindex":0,"rotation":0,"texture":"#0"},"down":{"uv":[11.0625,1.3125,10.1875,2.1875],"tintindex":0,"rotation":0,"texture":"#0"}}},{"from":[-1.1499996,17.09375,-1.21875],"to":[16.85,21.09375,16.78125],"faces":{"east":{"uv":[7.75,3.5625,10.0,4.0625],"tintindex":0,"rotation":0,"texture":"#0"},"south":{"uv":[7.75,3.5625,10.0,4.0625],"tintindex":0,"rotation":0,"texture":"#0"},"north":{"uv":[7.75,3.5625,10.0,4.0625],"tintindex":0,"rotation":0,"texture":"#0"},"west":{"uv":[7.75,3.5625,10.0,4.0625],"tintindex":0,"rotation":0,"texture":"#0"},"up":{"uv":[2.25,2.25,0.0,0.0],"tintindex":0,"rotation":0,"texture":"#0"},"down":{"uv":[2.25,0.0,0.0,2.25],"tintindex":0,"rotation":0,"texture":"#0"}}},{"from":[5.45,-7.40625,5.53125],"to":[10.45,-4.40625,10.53125],"faces":{"east":{"uv":[3.3125,8.5625,3.9375,8.9375],"tintindex":0,"rotation":0,"texture":"#0"},"south":{"uv":[3.3125,8.5625,3.9375,8.9375],"tintindex":0,"rotation":0,"texture":"#0"},"north":{"uv":[3.3125,8.5625,3.9375,8.9375],"tintindex":0,"rotation":0,"texture":"#0"},"west":{"uv":[3.3125,8.5625,3.9375,8.9375],"tintindex":0,"rotation":0,"texture":"#0"},"up":{"uv":[8.3125,5.1875,7.75,4.5625],"tintindex":0,"rotation":0,"texture":"#0"},"down":{"uv":[9.0,10.375,8.375,11.0],"tintindex":0,"rotation":0,"texture":"#0"}}},{"from":[2.85,14.59375,2.78125],"to":[13.35,17.59375,13.28125],"faces":{"east":{"uv":[11.1875,2.5625,12.5,2.9375],"tintindex":0,"rotation":0,"texture":"#0"},"south":{"uv":[11.1875,2.5625,12.5,2.9375],"tintindex":0,"rotation":0,"texture":"#0"},"north":{"uv":[11.1875,2.5625,12.5,2.9375],"tintindex":0,"rotation":0,"texture":"#0"},"west":{"uv":[11.1875,2.5625,12.5,2.9375],"tintindex":0,"rotation":0,"texture":"#0"},"up":{"uv":[7.75,4.0,6.5,2.6875],"tintindex":0,"rotation":0,"texture":"#0"},"down":{"uv":[7.75,2.6875,6.5,4.0],"tintindex":0,"rotation":0,"texture":"#0"}}},{"from":[6.1,-9.40625,6.03125],"to":[10.1,-6.90625,10.03125],"faces":{"east":{"uv":[12.375,13.625,12.0625,14.125],"tintindex":0,"rotation":270,"texture":"#0"},"south":{"uv":[11.75,13.625,12.0625,14.125],"tintindex":0,"rotation":270,"texture":"#0"},"north":{"uv":[13.625,11.5,13.9375,12.0],"tintindex":0,"rotation":90,"texture":"#0"},"west":{"uv":[13.9375,12.5,13.625,12.0],"tintindex":0,"rotation":270,"texture":"#0"},"up":{"uv":[12.625,12.75,13.125,13.25],"tintindex":0,"rotation":270,"texture":"#0"},"down":{"uv":[12.625,12.75,13.125,13.25],"tintindex":0,"rotation":270,"texture":"#0"}}}],"display":{"head":{"rotation":[0.0,0.0,0.0]},"firstperson_righthand":{"rotation":[0.0,0.0,0.0]},"thirdperson_lefthand":{"rotation":[0.0,-0.0,-0.0]},"firstperson_lefthand":{"rotation":[0.0,-0.0,-0.0]},"fixed":{"rotation":[0.0,0.0,0.0]},"ground":{"rotation":[0.0,0.0,0.0]},"thirdperson_righthand":{"rotation":[0.0,0.0,0.0]},"gui":{"rotation":[-150.0,-45.0,180.0]}}}