{"display":{"firstperson_lefthand":{"rotation":[15,90,0],"scale":[0.54,0.54,0.54],"translation":[1.5,2,0.25]},"firstperson_righthand":{"rotation":[15,90,0],"scale":[0.54,0.54,0.54],"translation":[1.5,2,0.25]},"fixed":{"rotation":[0,0,45],"scale":[0.7,0.7,0.7],"translation":[1.5,-1.75,0]},"ground":{"rotation":[71,55,0],"scale":[0.5,0.5,0.5],"translation":[0,1,0]},"gui":{"rotation":[0,0,-45],"scale":[0.58,0.58,0.58],"translation":[-1.5,-1.5,0]},"head":{"translation":[0,7,0]},"thirdperson_lefthand":{"rotation":[0,-90,0],"scale":[0.78,0.78,0.78],"translation":[0,3,1.5]},"thirdperson_righthand":{"rotation":[0,-90,0],"scale":[0.78,0.78,0.78],"translation":[0,3.5,1.5]}},"elements":[{"faces":{"down":{"texture":"#1","uv":[4,11,0,12]},"east":{"texture":"#1","uv":[0,0,1,12]},"north":{"texture":"#1","uv":[0,0,4,12]},"south":{"texture":"#1","uv":[0,0,4,12]},"up":{"texture":"#1","uv":[4,1,0,0]},"west":{"texture":"#1","uv":[3,0,4,12]}},"from":[6,15,7.5],"rotation":{"angle":0,"axis":"y","origin":[8,3,8.5]},"to":[10,27,8.5]},{"faces":{"down":{"texture":"#1","uv":[14.02,2,11.02,3]},"east":{"texture":"#1","uv":[11,0,12,3]},"north":{"texture":"#1","uv":[11,0,14.02,3.02]},"south":{"texture":"#1","uv":[14,0,11,3.02]},"up":{"texture":"#1","uv":[14.02,0,11.02,1]},"west":{"texture":"#1","uv":[13,0,14,3]}},"from":[7.495,24.995,7.495],"rotation":{"angle":45,"axis":"z","origin":[8,25.5,8]},"to":[10.505,28.005,8.505]},{"faces":{"down":{"texture":"#1","uv":[10,8,5,7]},"east":{"texture":"#1","uv":[5,0,6,8]},"north":{"texture":"#1","uv":[5,0,10,8]},"south":{"texture":"#1","uv":[5,0,10,8]},"up":{"texture":"#1","uv":[10,1,5,0]},"west":{"texture":"#1","uv":[9,0,10,8]}},"from":[5.45,6.95,7.45],"rotation":{"angle":0,"axis":"y","origin":[6.8,-9,8.5]},"to":[10.55,15.05,8.55]},{"faces":{"down":{"texture":"#0","uv":[6.75,3.5,5.25,4.25]},"east":{"texture":"#0","uv":[8.75,5,9.5,5.25]},"north":{"texture":"#0","uv":[8,3,9.5,3.25]},"south":{"texture":"#0","uv":[8,3.25,9.5,3.5]},"up":{"texture":"#0","uv":[6.75,3.5,5.25,2.75]},"west":{"texture":"#0","uv":[7.5,8.75,8.25,9]}},"from":[7.23,7.90798,6.48],"rotation":{"angle":-22.5,"axis":"z","origin":[8,7.11732,8]},"to":[13.27,8.94798,9.52]},{"faces":{"down":{"texture":"#0","uv":[6.75,5,5.25,5.75]},"east":{"texture":"#0","uv":[8.75,7.75,9.5,8]},"north":{"texture":"#0","uv":[0,8.25,1.5,8.5]},"south":{"texture":"#0","uv":[2.5,8.25,4,8.5]},"up":{"texture":"#0","uv":[6.75,5,5.25,4.25]},"west":{"texture":"#0","uv":[8.75,8,9.5,8.25]}},"from":[7.245,6.92298,6.495],"rotation":{"angle":-22.5,"axis":"z","origin":[8,7.11732,8]},"to":[13.235,7.91298,9.485]},{"faces":{"down":{"texture":"#0","uv":[5.25,5,6.75,5.75]},"east":{"texture":"#0","uv":[9.5,8,8.75,8.25]},"north":{"texture":"#0","uv":[1.5,8.25,0,8.5]},"south":{"texture":"#0","uv":[4,8.25,2.5,8.5]},"up":{"texture":"#0","uv":[5.25,5,6.75,4.25]},"west":{"texture":"#0","uv":[9.5,7.75,8.75,8]}},"from":[2.765,6.92298,6.495],"rotation":{"angle":22.5,"axis":"z","origin":[8,7.11732,8]},"to":[8.755,7.91298,9.485]},{"faces":{"down":{"texture":"#0","uv":[7.75,0,6.25,0.75]},"east":{"texture":"#0","uv":[8.25,8.75,9,9]},"north":{"texture":"#0","uv":[8.25,3.5,9.75,3.75]},"south":{"texture":"#0","uv":[8.25,3.75,9.75,4]},"up":{"texture":"#0","uv":[6.75,6.5,5.25,5.75]},"west":{"texture":"#0","uv":[8.75,8.25,9.5,8.5]}},"from":[2.73,7.90798,6.48],"rotation":{"angle":22.5,"axis":"z","origin":[8,7.11732,8]},"to":[8.77,8.94798,9.52]},{"faces":{"down":{"texture":"#0","uv":[0.75,9,0.5,9.75]},"east":{"texture":"#0","uv":[4,7,4.75,8]},"north":{"texture":"#0","uv":[1.5,5,1.75,6]},"south":{"texture":"#0","uv":[6.75,8.25,7,9.25]},"up":{"texture":"#0","uv":[6.25,9.5,6,8.75]},"west":{"texture":"#0","uv":[7,6,7.75,7]}},"from":[14.27691,4.8063,6.482],"rotation":{"angle":-45,"axis":"z","origin":[13.77991,7.8093,7.985]},"to":[15.28291,8.8123,9.488]},{"faces":{"down":{"texture":"#0","uv":[0.5,9,0.75,9.75]},"east":{"texture":"#0","uv":[7.75,6,7,7]},"north":{"texture":"#0","uv":[1.75,5,1.5,6]},"south":{"texture":"#0","uv":[7,8.25,6.75,9.25]},"up":{"texture":"#0","uv":[6,9.5,6.25,8.75]},"west":{"texture":"#0","uv":[4.75,7,4,8]}},"from":[0.71709,4.8063,6.482],"rotation":{"angle":45,"axis":"z","origin":[2.22009,7.8093,7.985]},"to":[1.72309,8.8123,9.488]},{"faces":{"down":{"texture":"#0","uv":[6.25,8.25,5.5,8.75]},"east":{"texture":"#0","uv":[8.25,4.5,8.75,5.25]},"north":{"texture":"#0","uv":[7.75,6.5,8.5,7.25]},"south":{"texture":"#0","uv":[7.75,7.25,8.5,8]},"up":{"texture":"#0","uv":[9,5.75,8.25,5.25]},"west":{"texture":"#0","uv":[5,8.25,5.5,9]}},"from":[4.25,5.52798,7],"rotation":{"angle":22.5,"axis":"z","origin":[8,7.11732,7.5]},"to":[7.25,8.52798,9]},{"faces":{"down":{"texture":"#0","uv":[9.25,0.75,8.5,1.25]},"east":{"texture":"#0","uv":[6.25,8.25,6.75,9]},"north":{"texture":"#0","uv":[8,2.25,8.75,3]},"south":{"texture":"#0","uv":[4,8,4.75,8.75]},"up":{"texture":"#0","uv":[1.25,9,0.5,8.5]},"west":{"texture":"#0","uv":[0,8.5,0.5,9.25]}},"from":[8.75,5.52798,7],"rotation":{"angle":-22.5,"axis":"z","origin":[8,7.11732,7.5]},"to":[11.75,8.52798,9]},{"faces":{"down":{"texture":"#0","uv":[8.25,4.25,7.25,5]},"east":{"texture":"#0","uv":[7.25,2.5,8,3.5]},"north":{"texture":"#0","uv":[4,6,5,7]},"south":{"texture":"#0","uv":[3,6.25,4,7.25]},"up":{"texture":"#0","uv":[8.25,4.25,7.25,3.5]},"west":{"texture":"#0","uv":[3.25,7.25,4,8.25]}},"from":[6.21696,3.84714,6.5],"rotation":{"angle":45,"axis":"z","origin":[8.00696,5.63714,7.99]},"to":[10.19696,7.82714,9.48]},{"faces":{"down":{"texture":"#0","uv":[1,7.5,0,8.25]},"east":{"texture":"#0","uv":[9,1.5,9.75,1.75]},"north":{"texture":"#0","uv":[8.5,6.75,9.5,7]},"south":{"texture":"#0","uv":[8.5,7,9.5,7.25]},"up":{"texture":"#0","uv":[8.25,5.75,7.25,5]},"west":{"texture":"#0","uv":[9,1.75,9.75,2]}},"from":[4.36732,-5.09552,6.5],"rotation":{"angle":-22.5,"axis":"z","origin":[7.61732,-4.28486,8]},"to":[8.36732,-4.09552,9.5]},{"faces":{"down":{"texture":"#0","uv":[9.25,5.75,8.5,6.25]},"east":{"texture":"#0","uv":[8.5,1.25,9,2]},"north":{"texture":"#0","uv":[7,8,7.75,8.75]},"south":{"texture":"#0","uv":[7.75,8,8.5,8.75]},"up":{"texture":"#0","uv":[3.75,9,3,8.5]},"west":{"texture":"#0","uv":[2.5,8.5,3,9.25]}},"from":[6.998,-4.8944,6.998],"rotation":{"angle":-45,"axis":"z","origin":[8,-2.8924,8]},"to":[10.002,-1.8904,9.002]},{"faces":{"down":{"texture":"#0","uv":[7.75,5.75,7.25,6]},"east":{"texture":"#0","uv":[5,6,5.25,6.5]},"north":{"texture":"#0","uv":[4.75,1.5,5.25,2]},"south":{"texture":"#0","uv":[8.75,2.25,9.25,2.75]},"up":{"texture":"#0","uv":[3,7.25,2.5,7]},"west":{"texture":"#0","uv":[6.75,6,7,6.5]}},"from":[7,-6.2424,7.5],"rotation":{"angle":-45,"axis":"z","origin":[8,-5.2424,8.5]},"to":[9,-4.2424,8.5]},{"faces":{"down":{"texture":"#0","uv":[8.75,0,7.75,0.75]},"east":{"texture":"#0","uv":[3,9,3.75,9.25]},"north":{"texture":"#0","uv":[8.5,7.25,9.5,7.5]},"south":{"texture":"#0","uv":[8.5,7.5,9.5,7.75]},"up":{"texture":"#0","uv":[8.5,2.25,7.5,1.5]},"west":{"texture":"#0","uv":[4.75,9,5.5,9.25]}},"from":[7.63268,-5.09552,6.5],"rotation":{"angle":22.5,"axis":"z","origin":[8.38268,-4.28486,8]},"to":[11.63268,-4.09552,9.5]},{"faces":{"down":{"texture":"#0","uv":[9.25,4.5,8.75,5]},"east":{"texture":"#0","uv":[5,6.5,5.5,8.25]},"north":{"texture":"#0","uv":[1,6.5,1.5,8.25]},"south":{"texture":"#0","uv":[5.5,6.5,6,8.25]},"up":{"texture":"#0","uv":[4.5,9.25,4,8.75]},"west":{"texture":"#0","uv":[6,6.5,6.5,8.25]}},"from":[7,-2.5905,7],"rotation":{"angle":0,"axis":"y","origin":[8,4.3995,8]},"to":[9,4.4095,9]},{"faces":{"down":{"texture":"#0","uv":[7.5,8.75,7,9.25]},"east":{"texture":"#0","uv":[6.75,2.5,7.25,4.25]},"north":{"texture":"#0","uv":[6.5,6.5,7,8.25]},"south":{"texture":"#0","uv":[6.75,4.25,7.25,6]},"up":{"texture":"#0","uv":[6,9.25,5.5,8.75]},"west":{"texture":"#0","uv":[1.5,7,2,8.75]}},"from":[6.7,-2.8905,6.7],"rotation":{"angle":0,"axis":"y","origin":[8,4.3995,8]},"to":[9.3,4.7095,9.3]},{"faces":{"down":{"texture":"#1","uv":[15,7,11,8]},"east":{"texture":"#1","uv":[11,4,12,8]},"north":{"texture":"#1","uv":[11,4,15,8]},"south":{"texture":"#1","uv":[15,4,11,8]},"up":{"texture":"#1","uv":[15,5,11,4]},"west":{"texture":"#1","uv":[14,4,15,8]}},"from":[6.73289,11.94,7.44],"rotation":{"angle":45,"axis":"z","origin":[7.29289,13.5,8]},"to":[10.85289,16.06,8.56]},{"faces":{"down":{"texture":"#0","uv":[1.25,0,0,0]},"east":{"texture":"#0","uv":[0,0,0,1.25]},"north":{"texture":"#0","uv":[2.75,5,4,6.25]},"south":{"texture":"#0","uv":[5.25,1.5,6.5,2.75]},"up":{"texture":"#0","uv":[1.25,0,0,0]},"west":{"texture":"#0","uv":[0,0,0,1.25]}},"from":[6.495,23.995,7.995],"rotation":{"angle":45,"axis":"z","origin":[8,25.5,7.5]},"to":[11.505,29.005,8.005]},{"faces":{"down":{"texture":"#0","uv":[3,0,0,0]},"east":{"texture":"#0","uv":[0,0,0,6]},"north":{"texture":"#0","uv":[0,0,1.5,3]},"south":{"texture":"#0","uv":[1.5,0,3,3]},"up":{"texture":"#0","uv":[3,0,0,0]},"west":{"texture":"#0","uv":[0,0,0,6]}},"from":[4.997,14.997,7.997],"rotation":{"angle":0,"axis":"y","origin":[8,3,8]},"to":[11.003,27.003,8.003]},{"faces":{"down":{"texture":"#0","uv":[1.5,0,0,0]},"east":{"texture":"#0","uv":[0,0,0,1.5]},"north":{"texture":"#0","uv":[4.75,0,6.25,1.5]},"south":{"texture":"#0","uv":[0,5,1.5,6.5]},"up":{"texture":"#0","uv":[1.5,0,0,0]},"west":{"texture":"#0","uv":[0,0,0,1.5]}},"from":[5.78789,10.995,7.995],"rotation":{"angle":45,"axis":"z","origin":[7.29289,13.5,7.5]},"to":[11.79789,17.005,8.005]},{"faces":{"down":{"texture":"#0","uv":[1.75,0,0,0]},"east":{"texture":"#0","uv":[0,0,0,2]},"north":{"texture":"#0","uv":[0,3,1.75,5]},"south":{"texture":"#0","uv":[3,0,4.75,2]},"up":{"texture":"#0","uv":[1.75,0,0,0]},"west":{"texture":"#0","uv":[0,0,0,2]}},"from":[4.497,6.997,7.997],"rotation":{"angle":0,"axis":"y","origin":[6.8,-9,8]},"to":[11.503,15.003,8.003]},{"faces":{"down":{"texture":"#2","uv":[4.5,0,0,0]},"east":{"texture":"#2","uv":[0,0,0,4.5]},"north":{"texture":"#2","uv":[11,11.001,6,16]},"south":{"texture":"#2","uv":[6,11.001,11,16]},"up":{"texture":"#2","uv":[4.5,0,0,0]},"west":{"texture":"#2","uv":[0,0,0,4.5]}},"from":[4.498,21.248,7.998],"rotation":{"angle":45,"axis":"z","origin":[8,24.75,7.5]},"to":[14.502,31.25,8.002]},{"faces":{"down":{"texture":"#2","uv":[5,0,0,0]},"east":{"texture":"#2","uv":[0,0,0,6]},"north":{"texture":"#2","uv":[0,0,5.5,6]},"south":{"texture":"#2","uv":[0,0,5.5,6]},"up":{"texture":"#2","uv":[5,0,0,0]},"west":{"texture":"#2","uv":[0,0,0,6]}},"from":[2.5,15.2,8],"rotation":{"angle":0,"axis":"y","origin":[8.5,3.2,8]},"to":[13.5,27.2,8]},{"faces":{"down":{"texture":"#2","uv":[5,0,0,0]},"east":{"texture":"#2","uv":[0,0,0,5]},"north":{"texture":"#2","uv":[0,10.5,5.5,16]},"south":{"texture":"#2","uv":[5.5,10.5,0,16]},"up":{"texture":"#2","uv":[5,0,0,0]},"west":{"texture":"#2","uv":[0,0,0,5]}},"from":[3.79089,8.248,7.998],"rotation":{"angle":45,"axis":"z","origin":[7.29289,12.75,7.5]},"to":[14.79489,19.252,8.002]},{"faces":{"down":{"texture":"#2","uv":[5.5,0,0,0]},"east":{"texture":"#2","uv":[0,0,0,4]},"north":{"texture":"#2","uv":[10,0,16,4.5]},"south":{"texture":"#2","uv":[10,0,16,4.5]},"up":{"texture":"#2","uv":[5.5,0,0,0]},"west":{"texture":"#2","uv":[0,0,0,4]}},"from":[2,6.2,8],"rotation":{"angle":0,"axis":"y","origin":[6.3,-8.8,8]},"to":[14,15.2,8]}],"gui_light":"front","texture_size":[32,32],"textures":{"0":"civilization:item/tools/excalibur_sword/radiant/default","1":"civilization:item/tools/excalibur_sword/radiant/anim","2":"civilization:item/tools/excalibur_sword/radiant/anim_1","particle":"civilization:item/tools/excalibur_sword/radiant/default"}}