{"display":{"firstperson_lefthand":{"rotation":[17.5,0,0],"scale":[0.6,0.6,0.6],"translation":[4.5,2,-2.5]},"firstperson_righthand":{"rotation":[15,0,0],"scale":[0.6,0.6,0.6],"translation":[4.5,2,-2.5]},"fixed":{"rotation":[90,-45,90],"scale":[0.55,0.55,0.55],"translation":[1,-0.75,0]},"ground":{"rotation":[71,90,0],"scale":[0.5,0.5,0.5],"translation":[0,1,0]},"gui":{"rotation":[90,45,-90],"scale":[0.5,0.5,0.5],"translation":[-0.75,-0.75,0]},"head":{"scale":[0.85,0.85,0.85],"translation":[0,9,0]},"thirdperson_lefthand":{"scale":[0.7,0.7,0.7],"translation":[0,5.25,1.5]},"thirdperson_righthand":{"scale":[0.7,0.7,0.7],"translation":[0,5.25,1.5]}},"elements":[{"faces":{"down":{"texture":"#1","uv":[0,0,0,0.25]},"east":{"texture":"#1","uv":[9.25,2.75,9.5,3]},"north":{"texture":"#1","uv":[0,0,0,0.25]},"south":{"texture":"#1","uv":[0,0,0,0.25]},"up":{"texture":"#1","uv":[0,0.25,0,0]},"west":{"texture":"#1","uv":[9.25,3,9.5,3.25]}},"from":[8.01666,28.93757,6.86994],"rotation":{"angle":45,"axis":"x","origin":[8.02166,26.34257,7.87494]},"to":[8.02666,29.74757,7.47994]},{"faces":{"down":{"texture":"#1","uv":[0,0,0,0.25]},"east":{"texture":"#1","uv":[9.25,3.25,9.5,3.5]},"north":{"texture":"#1","uv":[0,0,0,0.25]},"south":{"texture":"#1","uv":[0,0,0,0.25]},"up":{"texture":"#1","uv":[0,0.25,0,0]},"west":{"texture":"#1","uv":[3.5,9.25,3.75,9.5]}},"from":[8.01666,29.73757,6.86994],"rotation":{"angle":45,"axis":"x","origin":[8.02166,26.34257,7.87494]},"to":[8.02666,29.84757,7.37994]},{"faces":{"down":{"texture":"#1","uv":[0,0,0,0.25]},"east":{"texture":"#1","uv":[9.25,3.5,9.5,3.75]},"north":{"texture":"#1","uv":[0,0,0,0.25]},"south":{"texture":"#1","uv":[0,0,0,0.25]},"up":{"texture":"#1","uv":[0,0.25,0,0]},"west":{"texture":"#1","uv":[3.75,9.25,4,9.5]}},"from":[8.01666,29.83757,6.86994],"rotation":{"angle":45,"axis":"x","origin":[8.02166,26.34257,7.87494]},"to":[8.02666,29.94757,7.27994]},{"faces":{"down":{"texture":"#1","uv":[0,0,0,0.25]},"east":{"texture":"#1","uv":[9.25,4,9.5,4.25]},"north":{"texture":"#1","uv":[0,0,0,0.25]},"south":{"texture":"#1","uv":[0,0,0,0.25]},"up":{"texture":"#1","uv":[0,0.25,0,0]},"west":{"texture":"#1","uv":[9.25,4.25,9.5,4.5]}},"from":[8.01666,29.93757,6.86994],"rotation":{"angle":45,"axis":"x","origin":[8.02166,26.34257,7.87494]},"to":[8.02666,30.04757,7.17994]},{"faces":{"down":{"texture":"#1","uv":[0,0,0,0.25]},"east":{"texture":"#1","uv":[4.5,9.25,4.75,9.5]},"north":{"texture":"#1","uv":[0,0,0,0.25]},"south":{"texture":"#1","uv":[0,0,0,0.25]},"up":{"texture":"#1","uv":[0,0.25,0,0]},"west":{"texture":"#1","uv":[9.25,4.5,9.5,4.75]}},"from":[8.01666,30.03757,6.86994],"rotation":{"angle":45,"axis":"x","origin":[8.02166,26.34257,7.87494]},"to":[8.02666,30.14757,7.07994]},{"faces":{"down":{"texture":"#1","uv":[0,0,0,0.25]},"east":{"texture":"#1","uv":[4.75,9.25,5,9.5]},"north":{"texture":"#1","uv":[0,0,0,0.25]},"south":{"texture":"#1","uv":[0,0,0,0.25]},"up":{"texture":"#1","uv":[0,0.25,0,0]},"west":{"texture":"#1","uv":[9.25,4.75,9.5,5]}},"from":[8.01666,30.13757,6.86994],"rotation":{"angle":45,"axis":"x","origin":[8.02166,26.34257,7.87494]},"to":[8.02666,30.24757,6.97994]},{"faces":{"down":{"texture":"#1","uv":[0,0,0,0.25]},"east":{"texture":"#1","uv":[5.5,9,5.75,9.5]},"north":{"texture":"#1","uv":[0,0,0,0.5]},"south":{"texture":"#1","uv":[0,0,0,0.5]},"up":{"texture":"#1","uv":[0,0.25,0,0]},"west":{"texture":"#1","uv":[9,5.5,9.25,6]}},"from":[8.01666,28.095,9.92055],"rotation":{"angle":0,"axis":"y","origin":[8.52166,28.35,9.15]},"to":[8.02666,29.81239,10.005]},{"faces":{"down":{"texture":"#1","uv":[0,0,0,0.75]},"east":{"texture":"#1","uv":[2.75,6.5,3.5,7.75]},"north":{"texture":"#1","uv":[0,0,0,1.25]},"south":{"texture":"#1","uv":[0,0,0,1.25]},"up":{"texture":"#1","uv":[0,0.75,0,0]},"west":{"texture":"#1","uv":[3.5,6.5,4.25,7.75]}},"from":[8.01666,23.83757,6.86994],"rotation":{"angle":45,"axis":"x","origin":[8.02166,26.34257,7.87494]},"to":[8.02666,28.94757,9.67994]},{"faces":{"down":{"texture":"#1","uv":[0,0,0,0.5]},"east":{"texture":"#1","uv":[2,0,2.5,4.75]},"north":{"texture":"#1","uv":[0,0,0,4.75]},"south":{"texture":"#1","uv":[0,0,0,4.75]},"up":{"texture":"#1","uv":[0,0.5,0,0]},"west":{"texture":"#1","uv":[2.5,0,3,4.75]}},"from":[8.01666,6.27691,5.39506],"rotation":{"angle":0,"axis":"y","origin":[8.02166,17.78191,6.40006]},"to":[8.02666,25.28691,7.40506]},{"faces":{"down":{"texture":"#1","uv":[9.5,1.75,9.25,2]},"east":{"texture":"#1","uv":[9,4.5,9.25,5]},"north":{"texture":"#1","uv":[9,4,9.25,4.5]},"south":{"texture":"#1","uv":[9,5,9.25,5.5]},"up":{"texture":"#1","uv":[9.5,1.75,9.25,1.5]},"west":{"texture":"#1","uv":[5.25,9,5.5,9.5]}},"from":[7.53366,25.112,7.912],"rotation":{"angle":0,"axis":"y","origin":[8.52166,3.1,8.5]},"to":[8.50966,26.688,8.988]},{"faces":{"down":{"texture":"#1","uv":[9.5,2.5,9.25,2.75]},"east":{"texture":"#1","uv":[9.25,2,9.5,2.25]},"north":{"texture":"#1","uv":[2,9.25,2.25,9.5]},"south":{"texture":"#1","uv":[2.25,9.25,2.5,9.5]},"up":{"texture":"#1","uv":[2.75,9.5,2.5,9.25]},"west":{"texture":"#1","uv":[9.25,2.25,9.5,2.5]}},"from":[7.53166,25.11,7.31],"rotation":{"angle":0,"axis":"y","origin":[8.52166,3.1,8.5]},"to":[8.51166,25.89,8.39]},{"faces":{"down":{"texture":"#1","uv":[9,4,8.75,5]},"east":{"texture":"#1","uv":[0,0,1,5.25]},"north":{"texture":"#1","uv":[1.5,5.25,1.75,10.5]},"south":{"texture":"#1","uv":[1.75,5.25,2,10.5]},"up":{"texture":"#1","uv":[3.5,9.75,3.25,8.75]},"west":{"texture":"#1","uv":[1,0,2,5.25]}},"from":[7.52266,4.101,6.001],"rotation":{"angle":0,"axis":"y","origin":[8.02166,-0.9,8.5]},"to":[8.52066,25.099,9.999]},{"faces":{"down":{"texture":"#1","uv":[6,8.25,5.75,8.5]},"east":{"texture":"#1","uv":[2.5,8,2.75,9.25]},"north":{"texture":"#1","uv":[4.25,6.5,4.5,7.75]},"south":{"texture":"#1","uv":[4,8.5,4.25,9.75]},"up":{"texture":"#1","uv":[5.5,8.25,5.25,8]},"west":{"texture":"#1","uv":[4.25,8.5,4.5,9.75]}},"from":[7.52166,23.41274,8.5734],"rotation":{"angle":45,"axis":"x","origin":[8.02166,27.36274,9.3234]},"to":[8.52166,28.01274,9.5734]},{"faces":{"down":{"texture":"#1","uv":[9.5,1.25,9.25,1.5]},"east":{"texture":"#1","uv":[0,9,0.25,9.75]},"north":{"texture":"#1","uv":[5,8.75,5.25,9.5]},"south":{"texture":"#1","uv":[9,0,9.25,0.75]},"up":{"texture":"#1","uv":[9.5,1.25,9.25,1]},"west":{"texture":"#1","uv":[0.25,9,0.5,9.75]}},"from":[7.52166,24.9,9],"rotation":{"angle":0,"axis":"y","origin":[8.02166,2.1,8.5]},"to":[8.52166,28.1,10]},{"faces":{"down":{"texture":"#1","uv":[9.5,6.25,9.25,6.5]},"east":{"texture":"#1","uv":[9.25,5.25,9.5,5.5]},"north":{"texture":"#1","uv":[9.25,5,9.5,5.25]},"south":{"texture":"#1","uv":[9.25,5.5,9.5,5.75]},"up":{"texture":"#1","uv":[9.5,6.25,9.25,6]},"west":{"texture":"#1","uv":[9.25,5.75,9.5,6]}},"from":[7.52366,27.81474,8.5754],"rotation":{"angle":45,"axis":"x","origin":[8.02166,27.36274,9.3234]},"to":[8.51966,28.41074,9.1714]},{"faces":{"down":{"texture":"#1","uv":[9,9.25,8.75,9.5]},"east":{"texture":"#1","uv":[8.25,9.25,8.5,9.5]},"north":{"texture":"#1","uv":[9.25,8,9.5,8.25]},"south":{"texture":"#1","uv":[9.25,8.25,9.5,8.5]},"up":{"texture":"#1","uv":[9.5,8.75,9.25,8.5]},"west":{"texture":"#1","uv":[8.5,9.25,8.75,9.5]}},"from":[7.51966,28.57165,8.58231],"rotation":{"angle":45,"axis":"x","origin":[8.02166,27.37365,9.33431]},"to":[8.52366,28.92565,8.68631]},{"faces":{"down":{"texture":"#1","uv":[9.5,7.75,9.25,8]},"east":{"texture":"#1","uv":[9.25,6.75,9.5,7]},"north":{"texture":"#1","uv":[6.75,9.25,7,9.5]},"south":{"texture":"#1","uv":[7,9.25,7.25,9.5]},"up":{"texture":"#1","uv":[9.5,7.75,9.25,7.5]},"west":{"texture":"#1","uv":[9.25,7,9.5,7.25]}},"from":[7.52166,28.36274,8.5734],"rotation":{"angle":45,"axis":"x","origin":[8.02166,27.36274,9.3234]},"to":[8.52166,28.71274,8.8734]},{"faces":{"down":{"texture":"#1","uv":[9.25,9.25,9,9.5]},"east":{"texture":"#1","uv":[6,9,6.25,9.5]},"north":{"texture":"#1","uv":[5.75,9,6,9.5]},"south":{"texture":"#1","uv":[6.25,9,6.5,9.5]},"up":{"texture":"#1","uv":[9.5,9,9.25,8.75]},"west":{"texture":"#1","uv":[7.25,9,7.5,9.5]}},"from":[7.51966,27.002,9.8],"rotation":{"angle":0,"axis":"y","origin":[8.02166,2,8.4]},"to":[8.51966,28.90282,9.898]},{"faces":{"down":{"texture":"#1","uv":[9.75,4.5,9.5,4.75]},"east":{"texture":"#1","uv":[9,7.5,9.25,8]},"north":{"texture":"#1","uv":[7.5,9,7.75,9.5]},"south":{"texture":"#1","uv":[7.75,9,8,9.5]},"up":{"texture":"#1","uv":[4.75,9.75,4.5,9.5]},"west":{"texture":"#1","uv":[8,9,8.25,9.5]}},"from":[7.51966,26.902,9.9],"rotation":{"angle":0,"axis":"y","origin":[8.02166,2.1,8.5]},"to":[8.51966,29.00282,9.998]},{"faces":{"down":{"texture":"#1","uv":[9.75,2,9.5,2.25]},"east":{"texture":"#1","uv":[9.5,1.25,9.75,1.5]},"north":{"texture":"#1","uv":[1.25,9.5,1.5,9.75]},"south":{"texture":"#1","uv":[9.5,1.5,9.75,1.75]},"up":{"texture":"#1","uv":[2.25,9.75,2,9.5]},"west":{"texture":"#1","uv":[9.5,1.75,9.75,2]}},"from":[7.52166,28.41274,8.8734],"rotation":{"angle":45,"axis":"x","origin":[8.02166,27.36274,9.3234]},"to":[8.52166,28.51274,9.0734]},{"faces":{"down":{"texture":"#2","uv":[0,0,0,0.5]},"east":{"texture":"#2","uv":[5,0,0,16]},"north":{"texture":"#2","uv":[0,0,0,4.75]},"south":{"texture":"#2","uv":[0,0,0,4.75]},"up":{"texture":"#2","uv":[0,0.5,0,0]},"west":{"texture":"#2","uv":[0,0,5,16]}},"from":[8.02166,4.28191,4.65006],"rotation":{"angle":-22.5,"axis":"y","origin":[8.02166,12.28191,4.65006]},"to":[8.02166,20.28191,9.65006]},{"faces":{"down":{"texture":"#2","uv":[0,0,0,0.5]},"east":{"texture":"#2","uv":[5,0,0,16]},"north":{"texture":"#2","uv":[0,0,0,4.75]},"south":{"texture":"#2","uv":[0,0,0,4.75]},"up":{"texture":"#2","uv":[0,0.5,0,0]},"west":{"texture":"#2","uv":[0,0,5,16]}},"from":[7.97834,4.28191,4.65006],"rotation":{"angle":22.5,"axis":"y","origin":[7.97834,12.28191,4.65006]},"to":[7.97834,20.28191,9.65006]},{"faces":{"down":{"texture":"#0","uv":[7.5,2,7.5,4]},"east":{"texture":"#0","uv":[0,1,2,4]},"north":{"texture":"#0","uv":[3,0,3,3]},"south":{"texture":"#0","uv":[3,2,3,5]},"up":{"texture":"#0","uv":[7.25,6.75,7.25,4.75]},"west":{"texture":"#0","uv":[0,1,2,4]}},"from":[10.11966,4.398,9.61932],"rotation":{"angle":0,"axis":"y","origin":[8.02166,5.09082,11.33064]},"to":[10.12366,7.402,11.62332]},{"faces":{"down":{"texture":"#0","uv":[7.5,2,7.5,4]},"east":{"texture":"#0","uv":[2.5,1,0,4]},"north":{"texture":"#0","uv":[3,0,3,3]},"south":{"texture":"#0","uv":[3,2,3,5]},"up":{"texture":"#0","uv":[7.25,6.75,7.25,4.75]},"west":{"texture":"#0","uv":[2.5,1,0,4]}},"from":[5.87634,4.398,8.86932],"rotation":{"angle":0,"axis":"y","origin":[7.97834,5.09082,11.08064]},"to":[5.88034,7.402,11.37332]},{"faces":{"down":{"texture":"#1","uv":[8.5,2,7.5,2.75]},"east":{"texture":"#1","uv":[5,0,5.75,2]},"north":{"texture":"#1","uv":[3,0,4,2]},"south":{"texture":"#1","uv":[3,2,4,4]},"up":{"texture":"#1","uv":[8.25,5.5,7.25,4.75]},"west":{"texture":"#1","uv":[5,2,5.75,4]}},"from":[6.01966,3.398,8.11932],"rotation":{"angle":0,"axis":"y","origin":[8.02166,5.09082,10.83064]},"to":[10.02366,11.402,11.12332]},{"faces":{"down":{"texture":"#1","uv":[9,5,8.25,5.5]},"east":{"texture":"#1","uv":[7.25,6,7.75,7.5]},"north":{"texture":"#1","uv":[6,6,6.75,7.5]},"south":{"texture":"#1","uv":[6.25,0.5,7,2]},"up":{"texture":"#1","uv":[9,0.5,8.25,0]},"west":{"texture":"#1","uv":[7.5,0.5,8,2]}},"from":[6.51966,4.40757,5.11661],"rotation":{"angle":-22.5,"axis":"x","origin":[8.02166,7.05642,7.86901]},"to":[9.52366,10.41157,7.12061]},{"faces":{"down":{"texture":"#1","uv":[8.5,2,7.5,2.75]},"east":{"texture":"#1","uv":[5,0,5.75,2]},"north":{"texture":"#1","uv":[3,0,4,2]},"south":{"texture":"#1","uv":[3,2,4,4]},"up":{"texture":"#1","uv":[8.25,5.5,7.25,4.75]},"west":{"texture":"#1","uv":[5,2,5.75,4]}},"from":[10.02166,3.4,8.12132],"rotation":{"angle":0,"axis":"y","origin":[12.02166,5.09082,10.83064]},"to":[6.02166,11.4,11.12132]},{"faces":{"down":{"texture":"#1","uv":[9,5,8.25,5.5]},"east":{"texture":"#1","uv":[7.25,6,7.75,7.5]},"north":{"texture":"#1","uv":[6,6,6.75,7.5]},"south":{"texture":"#1","uv":[6.25,0.5,7,2]},"up":{"texture":"#1","uv":[9,0.5,8.25,0]},"west":{"texture":"#1","uv":[7.5,0.5,8,2]}},"from":[9.52166,4.40957,5.11861],"rotation":{"angle":-22.5,"axis":"x","origin":[11.02166,7.05642,7.86901]},"to":[6.52166,10.40957,7.11861]},{"faces":{"down":{"texture":"#1","uv":[3,4.75,2,6.5]},"east":{"texture":"#1","uv":[5.5,4,7.25,4.75]},"north":{"texture":"#1","uv":[0.5,7.25,1.5,8]},"south":{"texture":"#1","uv":[7.25,4,8.25,4.75]},"up":{"texture":"#1","uv":[5.5,5.75,4.5,4]},"west":{"texture":"#1","uv":[5.5,4.75,7.25,5.5]}},"from":[6.01466,1.63972,4.53106],"rotation":{"angle":22.5,"axis":"x","origin":[8.02166,3.14672,8.03806]},"to":[10.02866,4.65372,11.54506]},{"faces":{"down":{"texture":"#1","uv":[9.75,0.5,9.25,0.75]},"east":{"texture":"#1","uv":[9,2.25,9.25,3]},"north":{"texture":"#1","uv":[8.5,2,9,2.75]},"south":{"texture":"#1","uv":[3.5,8.5,4,9.25]},"up":{"texture":"#1","uv":[9.75,0.5,9.25,0.25]},"west":{"texture":"#1","uv":[9,3,9.25,3.75]}},"from":[8.52166,4.9,10.62132],"rotation":{"angle":0,"axis":"y","origin":[8.02166,5.09082,10.83064]},"to":[10.52166,7.9,11.62132]},{"faces":{"down":{"texture":"#1","uv":[1.5,9.25,1,9.5]},"east":{"texture":"#1","uv":[8.75,2.75,9,4]},"north":{"texture":"#1","uv":[1,8,1.5,9.25]},"south":{"texture":"#1","uv":[2,8,2.5,9.25]},"up":{"texture":"#1","uv":[9.75,1,9.25,0.75]},"west":{"texture":"#1","uv":[3,8.75,3.25,10]}},"from":[8.52166,-1.00537,10.56423],"rotation":{"angle":-22.5,"axis":"x","origin":[8.02166,5.09082,10.83064]},"to":[10.52166,4.99463,11.56423]},{"faces":{"down":{"texture":"#1","uv":[8.75,9,8.25,9.25]},"east":{"texture":"#1","uv":[9,0.75,9.25,1.5]},"north":{"texture":"#1","uv":[8.5,0.5,9,1.25]},"south":{"texture":"#1","uv":[8.5,1.25,9,2]},"up":{"texture":"#1","uv":[8.5,2,8,1.75]},"west":{"texture":"#1","uv":[9,1.5,9.25,2.25]}},"from":[5.52166,4.9,10.62132],"rotation":{"angle":0,"axis":"y","origin":[8.02166,5.09082,10.83064]},"to":[7.52166,7.9,11.62132]},{"faces":{"down":{"texture":"#1","uv":[9.75,0,9.25,0.25]},"east":{"texture":"#1","uv":[6.5,8.5,6.75,9.75]},"north":{"texture":"#1","uv":[5.75,2.75,6.25,4]},"south":{"texture":"#1","uv":[8,0.5,8.5,1.75]},"up":{"texture":"#1","uv":[9.25,9.25,8.75,9]},"west":{"texture":"#1","uv":[2.75,8.75,3,10]}},"from":[5.52166,-1.00537,10.56423],"rotation":{"angle":-22.5,"axis":"x","origin":[8.02166,5.09082,10.83064]},"to":[7.52166,4.99463,11.56423]},{"faces":{"down":{"texture":"#1","uv":[5.75,8.25,5.25,9]},"east":{"texture":"#1","uv":[7.75,6.75,8.5,7.5]},"north":{"texture":"#1","uv":[8.25,2.75,8.75,3.5]},"south":{"texture":"#1","uv":[8.25,3.5,8.75,4.25]},"up":{"texture":"#1","uv":[8.75,5,8.25,4.25]},"west":{"texture":"#1","uv":[4.5,8,5.25,8.75]}},"from":[7.02166,-10.9,5.5],"rotation":{"angle":45,"axis":"x","origin":[7.52166,-10.4,8]},"to":[9.02166,-7.9,8.5]},{"faces":{"down":{"texture":"#1","uv":[9.25,6,8.75,6.5]},"east":{"texture":"#1","uv":[4.5,5.75,5,8]},"north":{"texture":"#1","uv":[5.75,0.5,6.25,2.75]},"south":{"texture":"#1","uv":[5,5.75,5.5,8]},"up":{"texture":"#1","uv":[5,9.25,4.5,8.75]},"west":{"texture":"#1","uv":[5.5,6,6,8.25]}},"from":[7.02166,-6.9,7],"rotation":{"angle":0,"axis":"y","origin":[8.02166,-0.9,8]},"to":[9.02166,2.1,9]},{"faces":{"down":{"texture":"#1","uv":[4.5,4,3.75,6.5]},"east":{"texture":"#1","uv":[5.5,5.5,8,6]},"north":{"texture":"#1","uv":[6.25,3.5,7,4]},"south":{"texture":"#1","uv":[8,8,8.75,8.5]},"up":{"texture":"#1","uv":[3.75,6.5,3,4]},"west":{"texture":"#1","uv":[5.75,0,8.25,0.5]}},"from":[6.52166,1.1,3],"rotation":{"angle":0,"axis":"y","origin":[8.02166,2.1,8]},"to":[9.52166,3.1,13]},{"faces":{"down":{"texture":"#1","uv":[3.5,7.75,2.75,8.75]},"east":{"texture":"#1","uv":[8.5,7.25,9.5,7.5]},"north":{"texture":"#1","uv":[7.5,3.75,8.25,4]},"south":{"texture":"#1","uv":[9,3.75,9.75,4]},"up":{"texture":"#1","uv":[8,8.5,7.25,7.5]},"west":{"texture":"#1","uv":[8.75,6.5,9.75,6.75]}},"from":[6.52166,-0.9,6],"rotation":{"angle":0,"axis":"y","origin":[8.02166,1.1,8]},"to":[9.52166,0.1,10]},{"faces":{"down":{"texture":"#1","uv":[6.75,7.5,6,8.5]},"east":{"texture":"#1","uv":[8,5.5,9,6]},"north":{"texture":"#1","uv":[5.75,8.5,6.5,9]},"south":{"texture":"#1","uv":[8.5,6.75,9.25,7.25]},"up":{"texture":"#1","uv":[8.25,3.75,7.5,2.75]},"west":{"texture":"#1","uv":[8,7.5,9,8]}},"from":[6.52166,-7.9,6],"rotation":{"angle":0,"axis":"y","origin":[8.02166,-6.9,8]},"to":[9.52166,-5.9,10]},{"faces":{"down":{"texture":"#1","uv":[9.25,8.5,8.75,9]},"east":{"texture":"#1","uv":[7,0.5,7.5,2.25]},"north":{"texture":"#1","uv":[6.75,6,7.25,7.75]},"south":{"texture":"#1","uv":[7,2.25,7.5,4]},"up":{"texture":"#1","uv":[9.25,8.5,8.75,8]},"west":{"texture":"#1","uv":[0,7.25,0.5,9]}},"from":[6.72166,-6.2,6.7],"rotation":{"angle":0,"axis":"y","origin":[8.02166,-1.9,8]},"to":[9.32166,1.4,9.3]}],"gui_light":"front","textures":{"0":"civilization:item/tools/dragon_katana/dragonbreath/anim_eye","1":"civilization:item/tools/dragon_katana/dragonbreath/default","2":"civilization:item/tools/dragon_katana/dragonbreath/anim","particle":"civilization:item/tools/dragon_katana/dragonbreath/default"}}