{"display":{"firstperson_lefthand":{"rotation":[0,-8,0],"scale":[0.6,0.6,0.6],"translation":[-0.5,2,1.75]},"firstperson_righthand":{"rotation":[0,-8,0],"scale":[0.6,0.6,0.6],"translation":[-0.5,2,1.75]},"fixed":{"translation":[0,-1,5]},"ground":{"rotation":[14,23,28],"scale":[0.5,0.5,0.5],"translation":[-1,2,-2.25]},"gui":{"rotation":[22.5,135,0],"scale":[0.5,0.5,0.5],"translation":[-1.75,-1.25,0]},"head":{"scale":[1.2,1.2,1.2],"translation":[0,2.25,-4]},"thirdperson_lefthand":{"rotation":[0,0,-3],"scale":[0.8,0.8,0.8],"translation":[0.75,1.5,0]},"thirdperson_righthand":{"rotation":[0,0,-3],"scale":[0.8,0.8,0.8],"translation":[0.75,1.5,0]}},"elements":[{"faces":{"down":{"texture":"#1","uv":[6.25,9.5,6,10]},"east":{"texture":"#1","uv":[0,0,0.5,0]},"north":{"texture":"#1","uv":[0,0,0.25,0]},"south":{"texture":"#1","uv":[0,0,0.25,0]},"up":{"texture":"#1","uv":[6,10,5.75,9.5]},"west":{"texture":"#1","uv":[0,0,0.5,0]}},"from":[10,16.26351,8.95],"rotation":{"angle":-22.5,"axis":"y","origin":[8,16.38175,9.5]},"to":[11,16.26351,10.95]},{"faces":{"down":{"texture":"#1","uv":[9,4.25,8,5.25]},"east":{"texture":"#1","uv":[9,2.5,10,3.25]},"north":{"texture":"#1","uv":[2,9,3,9.75]},"south":{"texture":"#1","uv":[3,9,4,9.75]},"up":{"texture":"#1","uv":[4.5,9,3.5,8]},"west":{"texture":"#1","uv":[9,3.25,10,4]}},"from":[6.02174,15,8.05],"rotation":{"angle":-22.5,"axis":"y","origin":[8,16.38175,9.5]},"to":[10.02174,18,12.05]},{"faces":{"down":{"texture":"#1","uv":[0,0,0,1]},"east":{"texture":"#1","uv":[9.25,1.25,10.25,1.75]},"north":{"texture":"#1","uv":[0,0,0,0.5]},"south":{"texture":"#1","uv":[0,0,0,0.5]},"up":{"texture":"#1","uv":[0,1,0,0]},"west":{"texture":"#1","uv":[0,9.5,1,10]}},"from":[8.00725,15.56351,6.4],"rotation":{"angle":-22.5,"axis":"y","origin":[8,16.38175,9.5]},"to":[8.00725,17.56351,10.4]},{"faces":{"down":{"texture":"#1","uv":[1.25,0,0,0]},"east":{"texture":"#1","uv":[0,0,0,1.25]},"north":{"texture":"#1","uv":[5,6.75,6.25,8]},"south":{"texture":"#1","uv":[6.75,5,8,6.25]},"up":{"texture":"#1","uv":[1.25,0,0,0]},"west":{"texture":"#1","uv":[0,0,0,1.25]}},"from":[5.51449,13.7,10.6],"rotation":{"angle":-22.5,"axis":"y","origin":[8,16.38175,9.5]},"to":[10.51449,18.7,10.6]},{"faces":{"down":{"texture":"#1","uv":[1.25,0,0,0]},"east":{"texture":"#1","uv":[0,0,0,1.25]},"north":{"texture":"#1","uv":[6.25,6.75,7.5,8]},"south":{"texture":"#1","uv":[1.25,7.25,2.5,8.5]},"up":{"texture":"#1","uv":[1.25,0,0,0]},"west":{"texture":"#1","uv":[0,0,0,1.25]}},"from":[5.51449,13.7,9.35],"rotation":{"angle":-22.5,"axis":"y","origin":[8,16.38175,9.5]},"to":[10.51449,18.7,9.35]},{"faces":{"down":{"texture":"#1","uv":[6.5,9.5,6.25,10]},"east":{"texture":"#1","uv":[0,0,0.5,0]},"north":{"texture":"#1","uv":[0,0,0.25,0]},"south":{"texture":"#1","uv":[0,0,0.25,0]},"up":{"texture":"#1","uv":[9.75,6.5,9.5,6]},"west":{"texture":"#1","uv":[0,0,0.5,0]}},"from":[5,16.26351,8.95],"rotation":{"angle":-22.5,"axis":"y","origin":[8,16.38175,9.5]},"to":[6,16.26351,10.95]},{"faces":{"down":{"texture":"#1","uv":[5.25,9.5,5,10]},"east":{"texture":"#1","uv":[0,0,0.5,0]},"north":{"texture":"#1","uv":[0,0,0.25,0]},"south":{"texture":"#1","uv":[0,0,0.25,0]},"up":{"texture":"#1","uv":[5,10,4.75,9.5]},"west":{"texture":"#1","uv":[0,0,0.5,0]}},"from":[9.75,16.26351,8.95],"rotation":{"angle":-22.5,"axis":"y","origin":[8,16.38175,9.5]},"to":[10.75,16.26351,10.95]},{"faces":{"down":{"texture":"#1","uv":[9,3.25,8,4.25]},"east":{"texture":"#1","uv":[5.5,8.75,6.5,9.5]},"north":{"texture":"#1","uv":[4.5,8.75,5.5,9.5]},"south":{"texture":"#1","uv":[6.5,8.75,7.5,9.5]},"up":{"texture":"#1","uv":[9,3.25,8,2.25]},"west":{"texture":"#1","uv":[9,1.75,10,2.5]}},"from":[6.22174,15.2,8.25],"rotation":{"angle":-22.5,"axis":"y","origin":[8,16.38175,9.5]},"to":[9.82174,17.8,11.85]},{"faces":{"down":{"texture":"#1","uv":[0,0,0,1]},"east":{"texture":"#1","uv":[9.25,0.75,10.25,1.25]},"north":{"texture":"#1","uv":[0,0,0,0.5]},"south":{"texture":"#1","uv":[0,0,0,0.5]},"up":{"texture":"#1","uv":[0,1,0,0]},"west":{"texture":"#1","uv":[1,9.25,2,9.75]}},"from":[8.00725,15.56351,6.4],"rotation":{"angle":-22.5,"axis":"y","origin":[8,16.38175,9.5]},"to":[8.00725,17.56351,10.4]},{"faces":{"down":{"texture":"#1","uv":[1.25,0,0,0]},"east":{"texture":"#1","uv":[0,0,0,1.25]},"north":{"texture":"#1","uv":[6.5,0,7.75,1.25]},"south":{"texture":"#1","uv":[6.75,2.5,8,3.75]},"up":{"texture":"#1","uv":[1.25,0,0,0]},"west":{"texture":"#1","uv":[0,0,0,1.25]}},"from":[5.66449,13.7,10.6],"rotation":{"angle":-22.5,"axis":"y","origin":[8,16.38175,9.5]},"to":[10.36449,18.45,10.6]},{"faces":{"down":{"texture":"#1","uv":[1.25,0,0,0]},"east":{"texture":"#1","uv":[0,0,0,1.25]},"north":{"texture":"#1","uv":[3.75,6.75,5,8]},"south":{"texture":"#1","uv":[6.75,3.75,8,5]},"up":{"texture":"#1","uv":[1.25,0,0,0]},"west":{"texture":"#1","uv":[0,0,0,1.25]}},"from":[5.66449,13.7,9.35],"rotation":{"angle":-22.5,"axis":"y","origin":[8,16.38175,9.5]},"to":[10.36449,18.45,9.35]},{"faces":{"down":{"texture":"#1","uv":[5.75,9.5,5.5,10]},"east":{"texture":"#1","uv":[0,0,0.5,0]},"north":{"texture":"#1","uv":[0,0,0.25,0]},"south":{"texture":"#1","uv":[0,0,0.25,0]},"up":{"texture":"#1","uv":[5.5,10,5.25,9.5]},"west":{"texture":"#1","uv":[0,0,0.5,0]}},"from":[5.25,16.26351,8.95],"rotation":{"angle":-22.5,"axis":"y","origin":[8,16.38175,9.5]},"to":[6.25,16.26351,10.95]},{"faces":{"down":{"texture":"#1","uv":[15.5,14,15.25,14.5]},"east":{"texture":"#1","uv":[0,0,0.5,0]},"north":{"texture":"#1","uv":[0,0,0.25,0]},"south":{"texture":"#1","uv":[0,0,0.25,0]},"up":{"texture":"#1","uv":[15.5,14.5,15.25,14]},"west":{"texture":"#1","uv":[0,0,0.5,0]}},"from":[10,16.26351,9.2],"rotation":{"angle":-22.5,"axis":"y","origin":[8.25,16.38175,9.75]},"to":[11,16.26351,11.2]},{"faces":{"down":{"texture":"#1","uv":[13.5,15,12.5,16]},"east":{"texture":"#1","uv":[11.25,15.25,12.25,16]},"north":{"texture":"#1","uv":[11.25,14.5,12.25,15.25]},"south":{"texture":"#1","uv":[10,15.25,11,16]},"up":{"texture":"#1","uv":[11,15.25,10,14.25]},"west":{"texture":"#1","uv":[13.5,15,14.5,15.75]}},"from":[6.47174,15.2,8.5],"rotation":{"angle":-22.5,"axis":"y","origin":[8.25,16.38175,9.75]},"to":[10.07174,17.8,12.1]},{"faces":{"down":{"texture":"#1","uv":[0,0,0,1]},"east":{"texture":"#1","uv":[13.5,14.25,12.5,14.75]},"north":{"texture":"#1","uv":[0,0,0,0.5]},"south":{"texture":"#1","uv":[0,0,0,0.5]},"up":{"texture":"#1","uv":[0,1,0,0]},"west":{"texture":"#1","uv":[12.5,14.25,13.5,14.75]}},"from":[8.25725,15.56351,6.65],"rotation":{"angle":-22.5,"axis":"y","origin":[8.25,16.38175,9.75]},"to":[8.25725,17.56351,10.65]},{"faces":{"down":{"texture":"#1","uv":[1.25,0,0,0]},"east":{"texture":"#1","uv":[0,0,0,1.25]},"north":{"texture":"#1","uv":[13.75,13.75,15,15]},"south":{"texture":"#1","uv":[13.75,13.75,15,15]},"up":{"texture":"#1","uv":[1.25,0,0,0]},"west":{"texture":"#1","uv":[0,0,0,1.25]}},"from":[5.91449,13.7,10.85],"rotation":{"angle":-22.5,"axis":"y","origin":[8.25,16.38175,9.75]},"to":[10.61449,18.45,10.85]},{"faces":{"down":{"texture":"#1","uv":[1.25,0,0,0]},"east":{"texture":"#1","uv":[0,0,0,1.25]},"north":{"texture":"#1","uv":[14.75,14.75,16,16]},"south":{"texture":"#1","uv":[14.75,14.75,16,16]},"up":{"texture":"#1","uv":[1.25,0,0,0]},"west":{"texture":"#1","uv":[0,0,0,1.25]}},"from":[5.91449,13.7,9.6],"rotation":{"angle":-22.5,"axis":"y","origin":[8.25,16.38175,9.75]},"to":[10.61449,18.45,9.6]},{"faces":{"down":{"texture":"#1","uv":[15.5,14,15.25,14.5]},"east":{"texture":"#1","uv":[0,0,0.5,0]},"north":{"texture":"#1","uv":[0,0,0.25,0]},"south":{"texture":"#1","uv":[0,0,0.25,0]},"up":{"texture":"#1","uv":[15.5,14.5,15.25,14]},"west":{"texture":"#1","uv":[0,0,0.5,0]}},"from":[5.5,16.26351,9.2],"rotation":{"angle":-22.5,"axis":"y","origin":[8.25,16.38175,9.75]},"to":[6.5,16.26351,11.2]},{"faces":{"down":{"texture":"#1","uv":[1.25,7.75,1,8.25]},"east":{"texture":"#1","uv":[0,0,0.5,0]},"north":{"texture":"#1","uv":[0,0,0.25,0]},"south":{"texture":"#1","uv":[0,0,0.25,0]},"up":{"texture":"#1","uv":[7.5,6.75,7.25,6.25]},"west":{"texture":"#1","uv":[0,0,0.5,0]}},"from":[9.25,16.26351,9.2],"rotation":{"angle":-22.5,"axis":"y","origin":[7.5,16.38175,9.75]},"to":[10.25,16.26351,11.2]},{"faces":{"down":{"texture":"#1","uv":[6.75,15,5.75,16]},"east":{"texture":"#1","uv":[4.5,15.25,5.5,16]},"north":{"texture":"#1","uv":[4.5,14.5,5.5,15.25]},"south":{"texture":"#1","uv":[3.25,15.25,4.25,16]},"up":{"texture":"#1","uv":[4.25,15.25,3.25,14.25]},"west":{"texture":"#1","uv":[6.75,15,7.75,15.75]}},"from":[5.72174,15.2,8.5],"rotation":{"angle":-22.5,"axis":"y","origin":[7.5,16.38175,9.75]},"to":[9.32174,17.8,12.1]},{"faces":{"down":{"texture":"#1","uv":[0,0,0,1]},"east":{"texture":"#1","uv":[6.75,14.25,5.75,14.75]},"north":{"texture":"#1","uv":[0,0,0,0.5]},"south":{"texture":"#1","uv":[0,0,0,0.5]},"up":{"texture":"#1","uv":[0,1,0,0]},"west":{"texture":"#1","uv":[5.75,14.25,6.75,14.75]}},"from":[7.50725,15.56351,6.65],"rotation":{"angle":-22.5,"axis":"y","origin":[7.5,16.38175,9.75]},"to":[7.50725,17.56351,10.65]},{"faces":{"down":{"texture":"#1","uv":[1.25,0,0,0]},"east":{"texture":"#1","uv":[0,0,0,1.25]},"north":{"texture":"#1","uv":[7,13.75,8.25,15]},"south":{"texture":"#1","uv":[7,13.75,8.25,15]},"up":{"texture":"#1","uv":[1.25,0,0,0]},"west":{"texture":"#1","uv":[0,0,0,1.25]}},"from":[5.16449,13.7,10.85],"rotation":{"angle":-22.5,"axis":"y","origin":[7.5,16.38175,9.75]},"to":[9.86449,18.45,10.85]},{"faces":{"down":{"texture":"#1","uv":[1.25,0,0,0]},"east":{"texture":"#1","uv":[0,0,0,1.25]},"north":{"texture":"#1","uv":[8,14.75,9.25,16]},"south":{"texture":"#1","uv":[8,14.75,9.25,16]},"up":{"texture":"#1","uv":[1.25,0,0,0]},"west":{"texture":"#1","uv":[0,0,0,1.25]}},"from":[5.16449,13.7,9.6],"rotation":{"angle":-22.5,"axis":"y","origin":[7.5,16.38175,9.75]},"to":[9.86449,18.45,9.6]},{"faces":{"down":{"texture":"#1","uv":[8.75,1.75,8.5,2.25]},"east":{"texture":"#1","uv":[0,0,0.5,0]},"north":{"texture":"#1","uv":[0,0,0.25,0]},"south":{"texture":"#1","uv":[0,0,0.25,0]},"up":{"texture":"#1","uv":[8.5,2.25,8.25,1.75]},"west":{"texture":"#1","uv":[0,0,0.5,0]}},"from":[4.75,16.26351,9.2],"rotation":{"angle":-22.5,"axis":"y","origin":[7.5,16.38175,9.75]},"to":[5.75,16.26351,11.2]},{"faces":{"down":{"texture":"#1","uv":[2.5,8.5,2.25,9]},"east":{"texture":"#1","uv":[0,0,0.5,0]},"north":{"texture":"#1","uv":[0,0,0.25,0]},"south":{"texture":"#1","uv":[0,0,0.25,0]},"up":{"texture":"#1","uv":[2.25,9,2,8.5]},"west":{"texture":"#1","uv":[0,0,0.5,0]}},"from":[10,16.26351,8.95],"rotation":{"angle":-22.5,"axis":"y","origin":[8,16.38175,9.5]},"to":[11,16.26351,10.95]},{"faces":{"down":{"texture":"#1","uv":[8.5,7.25,7.5,8.25]},"east":{"texture":"#1","uv":[1,8.5,2,9.25]},"north":{"texture":"#1","uv":[7.5,8.25,8.5,9]},"south":{"texture":"#1","uv":[8.5,6,9.5,6.75]},"up":{"texture":"#1","uv":[8.5,7.25,7.5,6.25]},"west":{"texture":"#1","uv":[8.5,6.75,9.5,7.5]}},"from":[5.77174,14.75,7.8],"rotation":{"angle":-22.5,"axis":"y","origin":[8,16.38175,9.5]},"to":[10.27174,18.25,12.3]},{"faces":{"down":{"texture":"#1","uv":[0,0,0,1]},"east":{"texture":"#1","uv":[9,5,10,5.5]},"north":{"texture":"#1","uv":[0,0,0,0.5]},"south":{"texture":"#1","uv":[0,0,0,0.5]},"up":{"texture":"#1","uv":[0,1,0,0]},"west":{"texture":"#1","uv":[9,5.5,10,6]}},"from":[8.00725,15.56351,6.4],"rotation":{"angle":-22.5,"axis":"y","origin":[8,16.38175,9.5]},"to":[8.00725,17.56351,10.4]},{"faces":{"down":{"texture":"#1","uv":[1.25,0,0,0]},"east":{"texture":"#1","uv":[0,0,0,1.25]},"north":{"texture":"#1","uv":[5.5,3,6.75,4.25]},"south":{"texture":"#1","uv":[4.25,5.5,5.5,6.75]},"up":{"texture":"#1","uv":[1.25,0,0,0]},"west":{"texture":"#1","uv":[0,0,0,1.25]}},"from":[5.31449,13.7,10.6],"rotation":{"angle":-22.5,"axis":"y","origin":[8,16.38175,9.5]},"to":[10.71449,18.95,10.6]},{"faces":{"down":{"texture":"#1","uv":[1.25,0,0,0]},"east":{"texture":"#1","uv":[0,0,0,1.25]},"north":{"texture":"#1","uv":[5.5,4.25,6.75,5.5]},"south":{"texture":"#1","uv":[5.5,5.5,6.75,6.75]},"up":{"texture":"#1","uv":[1.25,0,0,0]},"west":{"texture":"#1","uv":[0,0,0,1.25]}},"from":[5.31449,13.7,9.35],"rotation":{"angle":-22.5,"axis":"y","origin":[8,16.38175,9.5]},"to":[10.71449,18.95,9.35]},{"faces":{"down":{"texture":"#1","uv":[4.25,9,4,9.5]},"east":{"texture":"#1","uv":[0,0,0.5,0]},"north":{"texture":"#1","uv":[0,0,0.25,0]},"south":{"texture":"#1","uv":[0,0,0.25,0]},"up":{"texture":"#1","uv":[9,2.25,8.75,1.75]},"west":{"texture":"#1","uv":[0,0,0.5,0]}},"from":[5,16.26351,8.95],"rotation":{"angle":-22.5,"axis":"y","origin":[8,16.38175,9.5]},"to":[6,16.26351,10.95]},{"faces":{"down":{"texture":"#1","uv":[1.75,0,0,0]},"east":{"texture":"#1","uv":[0,0,0,1.75]},"north":{"texture":"#1","uv":[0,0,1.75,1.75]},"south":{"texture":"#1","uv":[0,1.75,1.75,3.5]},"up":{"texture":"#1","uv":[1.75,0,0,0]},"west":{"texture":"#1","uv":[0,0,0,1.75]}},"from":[4.52898,12.75,10.15],"rotation":{"angle":-22.5,"axis":"y","origin":[8.01449,16.25675,9.4]},"to":[11.52898,19.75,10.15]},{"faces":{"down":{"texture":"#1","uv":[1.75,0,0,0]},"east":{"texture":"#1","uv":[0,0,0,1.75]},"north":{"texture":"#1","uv":[1.75,1.75,3.5,3.5]},"south":{"texture":"#1","uv":[1.75,1.75,3.5,3.5]},"up":{"texture":"#1","uv":[1.75,0,0,0]},"west":{"texture":"#1","uv":[0,0,0,1.75]}},"from":[4.52898,12.95,11.65],"rotation":{"angle":-22.5,"axis":"y","origin":[8.01449,16.25675,9.4]},"to":[11.52898,19.95,11.65]},{"faces":{"down":{"texture":"#1","uv":[1.75,0,0,0]},"east":{"texture":"#1","uv":[0,0,0,1.75]},"north":{"texture":"#1","uv":[3.5,0,5.25,1.75]},"south":{"texture":"#1","uv":[3.5,0,5.25,1.75]},"up":{"texture":"#1","uv":[1.75,0,0,0]},"west":{"texture":"#1","uv":[0,0,0,1.75]}},"from":[4.52898,13.05,8.65],"rotation":{"angle":-22.5,"axis":"y","origin":[8.01449,16.25675,9.4]},"to":[11.52898,20.05,8.65]},{"faces":{"down":{"texture":"#1","uv":[3,4.75,1.75,6]},"east":{"texture":"#1","uv":[3.5,1.75,4.75,3]},"north":{"texture":"#1","uv":[1.75,3.5,3,4.75]},"south":{"texture":"#1","uv":[3,3.5,4.25,4.75]},"up":{"texture":"#1","uv":[5.5,5.5,4.25,4.25]},"west":{"texture":"#1","uv":[4.25,3,5.5,4.25]}},"from":[5.52898,14.25,7.65],"rotation":{"angle":-22.5,"axis":"y","origin":[8.01449,16.25675,9.4]},"to":[10.52898,19.25,12.65]},{"faces":{"down":{"texture":"#1","uv":[4.25,6,4,6.5]},"east":{"texture":"#1","uv":[3.5,3,4,3.5]},"north":{"texture":"#1","uv":[4,3,4.25,3.5]},"south":{"texture":"#1","uv":[5.75,1.25,6,1.75]},"up":{"texture":"#1","uv":[4,6.5,3.75,6]},"west":{"texture":"#1","uv":[1.25,5.25,1.75,5.75]}},"from":[10.01449,14.76351,9.15],"rotation":{"angle":-22.5,"axis":"y","origin":[8.01449,16.25675,9.4]},"to":[11.01449,16.76351,11.15]},{"faces":{"down":{"texture":"#1","uv":[3.75,7.25,3.5,7.75]},"east":{"texture":"#1","uv":[5.25,1.25,5.75,1.75]},"north":{"texture":"#1","uv":[6.5,2.5,6.75,3]},"south":{"texture":"#1","uv":[6.75,6.25,7,6.75]},"up":{"texture":"#1","uv":[7.25,6.75,7,6.25]},"west":{"texture":"#1","uv":[6,2.5,6.5,3]}},"from":[5.01449,14.76351,9.15],"rotation":{"angle":-22.5,"axis":"y","origin":[8.01449,16.25675,9.4]},"to":[6.01449,16.76351,11.15]},{"faces":{"down":{"texture":"#1","uv":[0,0,0,1]},"east":{"texture":"#1","uv":[4.5,8,5.5,8.75]},"north":{"texture":"#1","uv":[0,0,0,0.75]},"south":{"texture":"#1","uv":[0,0,0,0.75]},"up":{"texture":"#1","uv":[0,1,0,0]},"west":{"texture":"#1","uv":[8,5.25,9,6]}},"from":[8.01449,14.56351,5.15],"rotation":{"angle":-22.5,"axis":"y","origin":[8.01449,16.25675,9.4]},"to":[8.01449,17.56351,9.15]},{"faces":{"down":{"texture":"#0","uv":[2.75,2,1.875,3.875]},"east":{"texture":"#0","uv":[7.25,8.125,9.125,8.375]},"north":{"texture":"#0","uv":[9.125,8,10,8.25]},"south":{"texture":"#0","uv":[4,9.375,4.875,9.625]},"up":{"texture":"#0","uv":[1.875,3.875,1,2]},"west":{"texture":"#0","uv":[8.125,7.5,10,7.75]}},"from":[4.5,5.5,1.5],"rotation":{"angle":0,"axis":"y","origin":[8,4.5,8]},"to":[11.5,7.5,16.5]},{"faces":{"down":{"texture":"#0","uv":[7.875,1.25,7.25,2.375]},"east":{"texture":"#0","uv":[7.125,0,8.25,0.625]},"north":{"texture":"#0","uv":[3.625,8.75,4.25,9.375]},"south":{"texture":"#0","uv":[4.25,8.75,4.875,9.375]},"up":{"texture":"#0","uv":[3.25,8.125,2.625,7]},"west":{"texture":"#0","uv":[7.125,0.625,8.25,1.25]}},"from":[5.5,13.5,17.5],"rotation":{"angle":0,"axis":"y","origin":[8,12.5,8]},"to":[10.5,18.5,26.5]},{"faces":{"down":{"texture":"#0","uv":[8.5,4,7.875,5]},"east":{"texture":"#0","uv":[0.5,7.875,1.5,8.5]},"north":{"texture":"#0","uv":[4.875,8.75,5.5,9.375]},"south":{"texture":"#0","uv":[6.75,8.75,7.375,9.375]},"up":{"texture":"#0","uv":[2.125,8.875,1.5,7.875]},"west":{"texture":"#0","uv":[7.875,1.25,8.875,1.875]}},"from":[5.25,13.25,17.75],"rotation":{"angle":0,"axis":"y","origin":[8,12.5,8.5]},"to":[10.75,18.75,26.25]},{"faces":{"down":{"texture":"#0","uv":[3.875,0,3,1.875]},"east":{"texture":"#0","uv":[8.125,7.75,10,8]},"north":{"texture":"#0","uv":[9.375,4.375,10.25,4.625]},"south":{"texture":"#0","uv":[9.375,4.625,10.25,4.875]},"up":{"texture":"#0","uv":[3.625,3.875,2.75,2]},"west":{"texture":"#0","uv":[8.25,0,10.125,0.25]}},"from":[4.5,11.5,1.5],"rotation":{"angle":0,"axis":"y","origin":[8,11.5,8]},"to":[11.5,13.5,16.5]},{"faces":{"down":{"texture":"#0","uv":[9.625,8.75,9.25,9.625]},"east":{"texture":"#0","uv":[9.5,3,10.375,3.25]},"north":{"texture":"#0","uv":[0.625,5,1,5.25]},"south":{"texture":"#0","uv":[6.625,4.625,7,4.875]},"up":{"texture":"#0","uv":[6.625,10,6.25,9.125]},"west":{"texture":"#0","uv":[9.5,3.25,10.375,3.5]}},"from":[6.5,11.5,18.5],"rotation":{"angle":0,"axis":"y","origin":[8,11.5,16]},"to":[9.5,13.5,25.5]},{"faces":{"down":{"texture":"#0","uv":[9.625,1.75,8.875,2.25]},"east":{"texture":"#0","uv":[7,5.875,7.5,6.125]},"north":{"texture":"#0","uv":[9.625,1,10.375,1.25]},"south":{"texture":"#0","uv":[9.625,1.25,10.375,1.5]},"up":{"texture":"#0","uv":[9.625,1.75,8.875,1.25]},"west":{"texture":"#0","uv":[2.125,7.875,2.625,8.125]}},"from":[5,10.5,20],"rotation":{"angle":0,"axis":"y","origin":[6.5,15,9.5]},"to":[11,12.5,24]},{"faces":{"down":{"texture":"#0","uv":[9.625,5.75,8.875,6.25]},"east":{"texture":"#0","uv":[6.75,8.5,7.25,8.75]},"north":{"texture":"#0","uv":[9.625,1.5,10.375,1.75]},"south":{"texture":"#0","uv":[9.625,1.75,10.375,2]},"up":{"texture":"#0","uv":[9.625,2.75,8.875,2.25]},"west":{"texture":"#0","uv":[9.625,2.5,10.125,2.75]}},"from":[5,6.5,20],"rotation":{"angle":0,"axis":"y","origin":[6.5,1,9.5]},"to":[11,8.5,24]},{"faces":{"down":{"texture":"#0","uv":[7.25,7.875,6.375,8.5]},"east":{"texture":"#0","uv":[4.875,7.875,5.5,8.75]},"north":{"texture":"#0","uv":[6.375,1.5,7.25,2.375]},"south":{"texture":"#0","uv":[6.375,2.375,7.25,3.25]},"up":{"texture":"#0","uv":[6.375,8.5,5.5,7.875]},"west":{"texture":"#0","uv":[7.875,5,8.5,5.875]}},"from":[4.5,6,25.5],"rotation":{"angle":0,"axis":"y","origin":[6.5,1,9.5]},"to":[11.5,13,30.5]},{"faces":{"down":{"texture":"#0","uv":[4.75,3,3.625,4.125]},"east":{"texture":"#0","uv":[8.375,3.5,9.5,3.875]},"north":{"texture":"#0","uv":[8.375,3.125,9.5,3.5]},"south":{"texture":"#0","uv":[7.25,8.375,8.375,8.75]},"up":{"texture":"#0","uv":[4.75,3,3.625,1.875]},"west":{"texture":"#0","uv":[8.375,8.375,9.5,8.75]}},"from":[3.5,11,5],"rotation":{"angle":0,"axis":"y","origin":[7,11.5,9.5]},"to":[12.5,14,14]},{"faces":{"down":{"texture":"#0","uv":[7.875,4.125,7,5]},"east":{"texture":"#0","uv":[8.25,0.25,9.125,0.75]},"north":{"texture":"#0","uv":[3.875,1.375,4.75,1.875]},"south":{"texture":"#0","uv":[8.25,0.75,9.125,1.25]},"up":{"texture":"#0","uv":[2.625,7.875,1.75,7]},"west":{"texture":"#0","uv":[4,8.25,4.875,8.75]}},"from":[11.5,14.25,6],"rotation":{"angle":0,"axis":"y","origin":[13,16.75,10.5]},"to":[4.5,18.25,13]},{"faces":{"down":{"texture":"#0","uv":[4.625,4.125,3.625,5.125]},"east":{"texture":"#0","uv":[4.625,5.125,5.625,6]},"north":{"texture":"#0","uv":[3.625,5.125,4.625,6]},"south":{"texture":"#0","uv":[0.625,5.25,1.625,6.125]},"up":{"texture":"#0","uv":[1,5,0,4]},"west":{"texture":"#0","uv":[1.625,5.25,2.625,6.125]}},"from":[4,14,5.5],"name":"out","rotation":{"angle":0,"axis":"y","origin":[6.5,16.5,10]},"to":[12,21,13.5]},{"faces":{"down":{"texture":"#0","uv":[5.75,0,4.75,1]},"east":{"texture":"#0","uv":[5.375,2.25,6.375,3.125]},"north":{"texture":"#0","uv":[2.625,5.25,3.625,6.125]},"south":{"texture":"#0","uv":[5.375,3.125,6.375,4]},"up":{"texture":"#0","uv":[5.625,5.125,4.625,4.125]},"west":{"texture":"#0","uv":[5.625,4,6.625,4.875]}},"from":[12,14,5.5],"name":"in","rotation":{"angle":0,"axis":"y","origin":[14.5,16.5,10]},"to":[4,21,13.5]},{"faces":{"down":{"texture":"#0","uv":[7.625,7,6.75,7.875]},"east":{"texture":"#0","uv":[9.75,9.375,10.625,9.5]},"north":{"texture":"#0","uv":[9.75,9.25,10.625,9.375]},"south":{"texture":"#0","uv":[9.75,9.5,10.625,9.625]},"up":{"texture":"#0","uv":[6.75,7.875,5.875,7]},"west":{"texture":"#0","uv":[9.75,9.625,10.625,9.75]}},"from":[4.5,6,-2.5],"rotation":{"angle":0,"axis":"y","origin":[6.5,1,8.5]},"to":[11.5,7,4.5]},{"faces":{"down":{"texture":"#0","uv":[9.375,9.625,9.25,10.5]},"east":{"texture":"#0","uv":[2.125,8.125,3,8.75]},"north":{"texture":"#0","uv":[9.5,9.625,9.625,10.25]},"south":{"texture":"#0","uv":[9.75,9.75,9.875,10.375]},"up":{"texture":"#0","uv":[9.75,9.875,9.625,9]},"west":{"texture":"#0","uv":[8.125,6.875,9,7.5]}},"from":[4.5,7,-2.5],"rotation":{"angle":0,"axis":"y","origin":[6.5,1,8.5]},"to":[5.5,12,4.5]},{"faces":{"down":{"texture":"#0","uv":[1.75,7,0.875,7.875]},"east":{"texture":"#0","uv":[9.5,3.75,10.375,3.875]},"north":{"texture":"#0","uv":[8.125,8,9,8.125]},"south":{"texture":"#0","uv":[9.75,9,10.625,9.125]},"up":{"texture":"#0","uv":[0.875,7.875,0,7]},"west":{"texture":"#0","uv":[9.75,9.125,10.625,9.25]}},"from":[4.5,12,-2.5],"rotation":{"angle":0,"axis":"y","origin":[6.5,1,8.5]},"to":[11.5,13,4.5]},{"faces":{"down":{"texture":"#0","uv":[1.75,9.5,1.625,10.375]},"east":{"texture":"#0","uv":[8,1.875,8.875,2.5]},"north":{"texture":"#0","uv":[6.25,1.5,6.375,2.125]},"south":{"texture":"#0","uv":[9.375,9.625,9.5,10.25]},"up":{"texture":"#0","uv":[5.5,10.25,5.375,9.375]},"west":{"texture":"#0","uv":[8,2.5,8.875,3.125]}},"from":[10.5,7,-2.5],"rotation":{"angle":0,"axis":"y","origin":[6.5,1,8.5]},"to":[11.5,12,4.5]},{"faces":{"down":{"texture":"#0","uv":[5.125,9.375,4.875,10.25]},"east":{"texture":"#0","uv":[3.875,0,4.75,1.375]},"north":{"texture":"#0","uv":[2.75,8.75,3,10.125]},"south":{"texture":"#0","uv":[1.75,8.875,2,10.25]},"up":{"texture":"#0","uv":[2.75,10.25,2.5,9.375]},"west":{"texture":"#0","uv":[1,3.875,1.875,5.25]}},"from":[2.5,4,-2.5],"rotation":{"angle":0,"axis":"y","origin":[6.5,1,11.5]},"to":[4.5,15,4.5]},{"faces":{"down":{"texture":"#0","uv":[5,7.5,4.875,7.875]},"east":{"texture":"#0","uv":[3.25,6.125,3.625,6.625]},"north":{"texture":"#0","uv":[0.5,6.5,0.625,7]},"south":{"texture":"#0","uv":[7.875,1.875,8,2.375]},"up":{"texture":"#0","uv":[5.375,4.125,5.25,3.75]},"west":{"texture":"#0","uv":[6.625,4.125,7,4.625]}},"from":[2,6,-0.5],"rotation":{"angle":0,"axis":"y","origin":[-3,8,1]},"to":[3,10,2.5]},{"faces":{"down":{"texture":"#0","uv":[3.625,9,3.5,9.375]},"east":{"texture":"#0","uv":[1.25,9.5,1.625,10]},"north":{"texture":"#0","uv":[2,8.875,2.125,9.375]},"south":{"texture":"#0","uv":[2,9.875,2.125,10.375]},"up":{"texture":"#0","uv":[1.5,8.875,1.375,8.5]},"west":{"texture":"#0","uv":[9.625,2,10,2.5]}},"from":[13,6,-0.5],"rotation":{"angle":0,"axis":"y","origin":[19,8,1]},"to":[14,10,2.5]},{"faces":{"down":{"texture":"#0","uv":[7.5,3.25,6.625,4.125]},"east":{"texture":"#0","uv":[6.625,9.375,7.5,9.625]},"north":{"texture":"#0","uv":[9.375,4.875,10.25,5.125]},"south":{"texture":"#0","uv":[7.5,9.375,8.375,9.625]},"up":{"texture":"#0","uv":[4.125,7.5,3.25,6.625]},"west":{"texture":"#0","uv":[8.375,9.375,9.25,9.625]}},"from":[4.5,4,-2.5],"rotation":{"angle":0,"axis":"y","origin":[6.5,1,8.5]},"to":[11.5,6,4.5]},{"faces":{"down":{"texture":"#0","uv":[1.25,9.5,1,10.375]},"east":{"texture":"#0","uv":[1.875,3.875,2.75,5.25]},"north":{"texture":"#0","uv":[3,9,3.25,10.375]},"south":{"texture":"#0","uv":[3.25,9,3.5,10.375]},"up":{"texture":"#0","uv":[5.375,10.25,5.125,9.375]},"west":{"texture":"#0","uv":[2.75,3.875,3.625,5.25]}},"from":[11.5,4,-2.5],"rotation":{"angle":0,"axis":"y","origin":[6.5,1,8.5]},"to":[13.5,15,4.5]},{"faces":{"down":{"texture":"#0","uv":[4.875,7.5,4,8.25]},"east":{"texture":"#0","uv":[7.25,2.375,8,3.25]},"north":{"texture":"#0","uv":[4.125,6.625,5,7.5]},"south":{"texture":"#0","uv":[6.75,6.125,7.625,7]},"up":{"texture":"#0","uv":[8.375,4,7.5,3.25]},"west":{"texture":"#0","uv":[3.25,7.5,4,8.375]}},"from":[4.5,6,-1.5],"rotation":{"angle":0,"axis":"y","origin":[6.5,1,8.5]},"to":[11.5,13,4.5]},{"faces":{"down":{"texture":"#0","uv":[7.875,5,7,5.875]},"east":{"texture":"#0","uv":[9.5,8.25,10.375,8.5]},"north":{"texture":"#0","uv":[9.5,3.5,10.375,3.75]},"south":{"texture":"#0","uv":[9.5,8.5,10.375,8.75]},"up":{"texture":"#0","uv":[5.875,7.875,5,7]},"west":{"texture":"#0","uv":[9.625,0.75,10.5,1]}},"from":[4.5,13,-2.5],"rotation":{"angle":0,"axis":"y","origin":[6.5,1,8.5]},"to":[11.5,15,4.5]},{"faces":{"down":{"texture":"#0","uv":[0.125,0,0,0]},"east":{"texture":"#0","uv":[0,0,0,0.125]},"north":{"texture":"#0","uv":[3,1.875,3.125,2]},"south":{"texture":"#0","uv":[3.125,1.875,3.25,2]},"up":{"texture":"#0","uv":[0.125,0,0,0]},"west":{"texture":"#0","uv":[0,0,0,0.125]}},"from":[3,12.6,-2.6],"rotation":{"angle":0,"axis":"y","origin":[6.5,1,11.5]},"to":[4,13.6,-2.6]},{"faces":{"down":{"texture":"#0","uv":[0.125,0,0,0]},"east":{"texture":"#0","uv":[0,0,0,0.125]},"north":{"texture":"#0","uv":[3.25,1.875,3.375,2]},"south":{"texture":"#0","uv":[3.375,1.875,3.5,2]},"up":{"texture":"#0","uv":[0.125,0,0,0]},"west":{"texture":"#0","uv":[0,0,0,0.125]}},"from":[12,12.6,-2.6],"rotation":{"angle":0,"axis":"y","origin":[9.5,1,11.5]},"to":[13,13.6,-2.6]},{"faces":{"down":{"texture":"#0","uv":[0.25,0,0,0]},"east":{"texture":"#0","uv":[0,0,0,1.375]},"north":{"texture":"#0","uv":[0,9.125,0.25,10.5]},"south":{"texture":"#0","uv":[0.25,9.125,0.5,10.5]},"up":{"texture":"#0","uv":[0.25,0,0,0]},"west":{"texture":"#0","uv":[0,0,0,1.375]}},"from":[2.49269,4,-2.99058],"rotation":{"angle":22.5,"axis":"y","origin":[8,9.5,0.5]},"to":[4.49269,15,-2.99058]},{"faces":{"down":{"texture":"#0","uv":[0.25,0,0,0]},"east":{"texture":"#0","uv":[0,0,0,1.375]},"north":{"texture":"#0","uv":[0.5,9.125,0.75,10.5]},"south":{"texture":"#0","uv":[0.75,9.125,1,10.5]},"up":{"texture":"#0","uv":[0.25,0,0,0]},"west":{"texture":"#0","uv":[0,0,0,1.375]}},"from":[1.34464,4,0.78106],"rotation":{"angle":22.5,"axis":"y","origin":[8,9.5,1.5]},"to":[3.34464,15,0.78106]},{"faces":{"down":{"texture":"#0","uv":[1.375,0,0,0]},"east":{"texture":"#0","uv":[0,0,0,0.25]},"north":{"texture":"#0","uv":[8.875,2.75,10.25,3]},"south":{"texture":"#0","uv":[8.875,6.25,10.25,6.5]},"up":{"texture":"#0","uv":[1.375,0,0,0]},"west":{"texture":"#0","uv":[0,0,0,0.25]}},"from":[2.5,13.00731,-2.49058],"rotation":{"angle":22.5,"axis":"x","origin":[8,9.5,1]},"to":[13.5,15.00731,-2.49058]},{"faces":{"down":{"texture":"#0","uv":[1.375,0,0,0]},"east":{"texture":"#0","uv":[0,0,0,0.25]},"north":{"texture":"#0","uv":[8.875,6.5,10.25,6.75]},"south":{"texture":"#0","uv":[9,6.75,10.375,7]},"up":{"texture":"#0","uv":[1.375,0,0,0]},"west":{"texture":"#0","uv":[0,0,0,0.25]}},"from":[2.5,14.15536,0.28106],"rotation":{"angle":22.5,"axis":"x","origin":[8,9.5,1]},"to":[13.5,16.15536,0.28106]},{"faces":{"down":{"texture":"#0","uv":[1.375,0,0,0]},"east":{"texture":"#0","uv":[0,0,0,0.25]},"north":{"texture":"#0","uv":[9,7,10.375,7.25]},"south":{"texture":"#0","uv":[9,7.25,10.375,7.5]},"up":{"texture":"#0","uv":[1.375,0,0,0]},"west":{"texture":"#0","uv":[0,0,0,0.25]}},"from":[2.5,3.99269,-2.49058],"rotation":{"angle":-22.5,"axis":"x","origin":[8,9.5,1]},"to":[13.5,5.99269,-2.49058]},{"faces":{"down":{"texture":"#0","uv":[0.25,0,0,0]},"east":{"texture":"#0","uv":[0,0,0,1.375]},"north":{"texture":"#0","uv":[9.125,3.875,9.375,5.25]},"south":{"texture":"#0","uv":[5.5,9.125,5.75,10.5]},"up":{"texture":"#0","uv":[0.25,0,0,0]},"west":{"texture":"#0","uv":[0,0,0,1.375]}},"from":[12.65536,4,0.78106],"rotation":{"angle":-22.5,"axis":"y","origin":[8,9.5,1.5]},"to":[14.65536,15,0.78106]},{"faces":{"down":{"texture":"#0","uv":[1.375,0,0,0]},"east":{"texture":"#0","uv":[0,0,0,0.25]},"north":{"texture":"#0","uv":[9.125,0.25,10.5,0.5]},"south":{"texture":"#0","uv":[9.125,0.5,10.5,0.75]},"up":{"texture":"#0","uv":[1.375,0,0,0]},"west":{"texture":"#0","uv":[0,0,0,0.25]}},"from":[2.5,2.84464,0.28106],"rotation":{"angle":-22.5,"axis":"x","origin":[8,9.5,1]},"to":[13.5,4.84464,0.28106]},{"faces":{"down":{"texture":"#0","uv":[0.25,0,0,0]},"east":{"texture":"#0","uv":[0,0,0,1.375]},"north":{"texture":"#0","uv":[5.75,9.125,6,10.5]},"south":{"texture":"#0","uv":[6,9.125,6.25,10.5]},"up":{"texture":"#0","uv":[0.25,0,0,0]},"west":{"texture":"#0","uv":[0,0,0,1.375]}},"from":[11.50731,4,-2.99058],"rotation":{"angle":-22.5,"axis":"y","origin":[8,9.5,0.5]},"to":[13.50731,15,-2.99058]},{"faces":{"down":{"texture":"#0","uv":[0,0,0,0.5]},"east":{"texture":"#0","uv":[0,6.5,0.5,7]},"north":{"texture":"#0","uv":[0,0,0,0.5]},"south":{"texture":"#0","uv":[0,0,0,0.5]},"up":{"texture":"#0","uv":[0,0.5,0,0]},"west":{"texture":"#0","uv":[9.125,0.75,9.625,1.25]}},"from":[8,2.5,4.5],"rotation":{"angle":0,"axis":"y","origin":[6.5,1,8.5]},"to":[8,6.5,8.5]},{"faces":{"down":{"texture":"#0","uv":[1.375,8.5,1.125,8.75]},"east":{"texture":"#0","uv":[7,9.625,7.25,10.25]},"north":{"texture":"#0","uv":[6.375,3.25,6.625,3.875]},"south":{"texture":"#0","uv":[7.25,9.625,7.5,10.25]},"up":{"texture":"#0","uv":[3.25,8.375,3,8.125]},"west":{"texture":"#0","uv":[7.5,9.625,7.75,10.25]}},"from":[7,1,8.5],"rotation":{"angle":0,"axis":"y","origin":[6.5,1,8.5]},"to":[9,6,10.5]},{"faces":{"down":{"texture":"#0","uv":[7,9.625,6.625,10.125]},"east":{"texture":"#0","uv":[8.75,9.625,9.25,9.875]},"north":{"texture":"#0","uv":[7.25,7.875,7.625,8.125]},"south":{"texture":"#0","uv":[3.625,8.375,4,8.625]},"up":{"texture":"#0","uv":[4.875,10.125,4.5,9.625]},"west":{"texture":"#0","uv":[9.625,8.75,10.125,9]}},"from":[6.5,-1,7.5],"rotation":{"angle":0,"axis":"y","origin":[7,1,8.5]},"to":[9.5,1,11.5]},{"faces":{"down":{"texture":"#0","uv":[0.5,7.875,0,9.125]},"east":{"texture":"#0","uv":[7.625,5.875,8.875,6.375]},"north":{"texture":"#0","uv":[9.125,5.25,9.625,5.75]},"south":{"texture":"#0","uv":[2,9.375,2.5,9.875]},"up":{"texture":"#0","uv":[8.125,8.125,7.625,6.875]},"west":{"texture":"#0","uv":[7.625,6.375,8.875,6.875]}},"from":[10,7.85,4.75],"rotation":{"angle":0,"axis":"y","origin":[11,0.85,9]},"to":[6,11.85,14.25]},{"faces":{"down":{"texture":"#0","uv":[0,0,0,1.375]},"east":{"texture":"#0","uv":[5.625,4.875,7,5.5]},"north":{"texture":"#0","uv":[0,0,0,0.625]},"south":{"texture":"#0","uv":[0,0,0,0.625]},"up":{"texture":"#0","uv":[0,1.375,0,0]},"west":{"texture":"#0","uv":[5.625,5.5,7,6.125]}},"from":[10.5,7,3.5],"rotation":{"angle":0,"axis":"y","origin":[-10,1,9.5]},"to":[10.5,12,14.5]},{"faces":{"down":{"texture":"#0","uv":[0,0,0,1.375]},"east":{"texture":"#0","uv":[5.75,0,7.125,0.625]},"north":{"texture":"#0","uv":[0,0,0,0.625]},"south":{"texture":"#0","uv":[0,0,0,0.625]},"up":{"texture":"#0","uv":[0,1.375,0,0]},"west":{"texture":"#0","uv":[3.625,6,5,6.625]}},"from":[5.5,7,3.5],"rotation":{"angle":0,"axis":"y","origin":[-15,1,9.5]},"to":[5.5,12,14.5]},{"faces":{"down":{"texture":"#0","uv":[0.625,5,0,6.5]},"east":{"texture":"#0","uv":[4.75,1,6.25,1.625]},"north":{"texture":"#0","uv":[6.125,8.5,6.75,9.125]},"south":{"texture":"#0","uv":[2.125,8.75,2.75,9.375]},"up":{"texture":"#0","uv":[5.375,3.75,4.75,2.25]},"west":{"texture":"#0","uv":[4.75,1.625,6.25,2.25]}},"from":[5.5,7,14.5],"rotation":{"angle":0,"axis":"y","origin":[6.5,1,9.5]},"to":[10.5,12,26.5]},{"faces":{"north":{"texture":"#2","uv":[0,11,8,16]},"south":{"texture":"#2","uv":[8,11,0,16]}},"from":[4,13.75,9.5],"name":"vfx","rotation":{"angle":45,"axis":"y","origin":[8,16.25,9.5]},"to":[12,18.75,9.5]},{"faces":{"east":{"texture":"#2","uv":[16,11,8,16]},"west":{"texture":"#2","uv":[8,11,16,16]}},"from":[8,13.75,5.5],"name":"vfx","rotation":{"angle":45,"axis":"y","origin":[8,17.25,9.5]},"to":[8,18.75,13.5]},{"faces":{"east":{"texture":"#2","uv":[16,11,8,16]},"west":{"texture":"#2","uv":[8,11,16,16]}},"from":[8,7.75,7.5],"name":"vfx","rotation":{"angle":22.5,"axis":"y","origin":[8,10.25,11.5]},"to":[8,12.75,15.5]},{"faces":{"east":{"texture":"#2","uv":[0,11,8,16]},"west":{"texture":"#2","uv":[8,11,0,16]}},"from":[8,7.75,5.5],"name":"vfx","rotation":{"angle":-22.5,"axis":"y","origin":[8,10.25,9.5]},"to":[8,12.75,13.5]},{"faces":{"down":{"texture":"#3","uv":[8,0,0,16]},"east":{"texture":"#3","uv":[0,0,2,0]},"north":{"texture":"#3","uv":[0,0,1,0]},"south":{"texture":"#3","uv":[0,0,1,0]},"up":{"texture":"#3","uv":[8,16,0,0]},"west":{"texture":"#3","uv":[0,0,2,0]}},"from":[-1.47487,14.47487,7.5],"rotation":{"angle":-45,"axis":"z","origin":[2.02513,14.47487,17]},"to":[6.52513,14.47487,23.5]},{"faces":{"down":{"texture":"#3","uv":[0,0,8,16]},"east":{"texture":"#3","uv":[0,0,2,0]},"north":{"texture":"#3","uv":[0,0,1,0]},"south":{"texture":"#3","uv":[0,0,1,0]},"up":{"texture":"#3","uv":[0,16,8,0]},"west":{"texture":"#3","uv":[0,0,2,0]}},"from":[9.47487,14.47487,7.5],"rotation":{"angle":45,"axis":"z","origin":[13.97487,14.47487,17]},"to":[17.47487,14.47487,23.5]}],"gui_light":"front","textures":{"0":"civilization:item/tools/pufferfish_cannon/fishflop/default","1":"civilization:item/tools/pufferfish_cannon/fishflop/anim_1","2":"civilization:item/tools/pufferfish_cannon/fishflop/anim","3":"civilization:item/tools/pufferfish_cannon/fishflop/anim_2","particle":"civilization:item/tools/pufferfish_cannon/fishflop/default"}}