{"textures":{"0":"modelengine:entity/concussion","particle":"#0"},"elements":[{"from":[2.4859862,6.65,17.067215],"to":[6.085986,9.35,17.067215],"faces":{"south":{"uv":[12.0,2.0,16.0,5.0],"tintindex":0,"rotation":0,"texture":"#0"},"north":{"uv":[12.0,2.0,16.0,5.0],"tintindex":0,"rotation":0,"texture":"#0"}},"rotation":{"origin":[6.085986,8.0,17.067215],"angle":-22.5,"axis":"y"}},{"from":[2.5359974,5.3,17.159199],"to":[8.835998,11.6,17.159199],"faces":{"south":{"uv":[0.0,4.0,11.0,16.0],"tintindex":0,"rotation":0,"texture":"#0"},"north":{"uv":[0.0,4.0,11.0,16.0],"tintindex":0,"rotation":0,"texture":"#0"}},"rotation":{"origin":[5.685997,8.45,18.059196],"angle":-22.5,"axis":"y"}},{"from":[16.934273,6.65,9.81862],"to":[16.934273,9.35,13.41862],"faces":{"east":{"uv":[12.0,2.0,16.0,5.0],"tintindex":0,"rotation":0,"texture":"#0"},"west":{"uv":[12.0,2.0,16.0,5.0],"tintindex":0,"rotation":0,"texture":"#0"}},"rotation":{"origin":[16.934273,8.0,9.81862],"angle":-22.5,"axis":"y"}},{"from":[9.41157,6.65,15.68963],"to":[13.01157,9.35,15.68963],"faces":{"south":{"uv":[12.0,2.0,16.0,5.0],"tintindex":0,"rotation":0,"texture":"#0"},"north":{"uv":[12.0,2.0,16.0,5.0],"tintindex":0,"rotation":0,"texture":"#0"}},"rotation":{"origin":[13.01157,8.0,15.68963],"angle":22.5,"axis":"y"}},{"from":[6.085986,6.65,17.067215],"to":[9.6859865,9.35,17.067215],"faces":{"south":{"uv":[12.0,2.0,16.0,5.0],"tintindex":0,"rotation":0,"texture":"#0"},"north":{"uv":[12.0,2.0,16.0,5.0],"tintindex":0,"rotation":0,"texture":"#0"}},"rotation":{"origin":[9.6859865,8.0,17.067215],"angle":0.0,"axis":"y"}},{"from":[-1.1629324,6.65,6.21871],"to":[-1.1629324,9.35,9.818709],"faces":{"east":{"uv":[12.0,2.0,16.0,5.0],"tintindex":0,"rotation":0,"texture":"#0"},"west":{"uv":[12.0,2.0,16.0,5.0],"tintindex":0,"rotation":0,"texture":"#0"}},"rotation":{"origin":[-1.1629324,8.0,9.818709],"angle":0.0,"axis":"y"}},{"from":[-1.1629324,6.65,2.6187096],"to":[-1.1629324,9.35,6.21871],"faces":{"east":{"uv":[12.0,2.0,16.0,5.0],"tintindex":0,"rotation":0,"texture":"#0"},"west":{"uv":[12.0,2.0,16.0,5.0],"tintindex":0,"rotation":0,"texture":"#0"}},"rotation":{"origin":[-1.1629324,8.0,6.21871],"angle":-22.5,"axis":"y"}},{"from":[9.411862,6.65,0.3470831],"to":[13.011863,9.35,0.3470831],"faces":{"south":{"uv":[16.0,2.0,12.0,5.0],"tintindex":0,"rotation":0,"texture":"#0"},"north":{"uv":[16.0,2.0,12.0,5.0],"tintindex":0,"rotation":0,"texture":"#0"}},"rotation":{"origin":[13.011863,8.0,0.3470831],"angle":-22.5,"axis":"y"}},{"from":[9.41157,6.65,15.68963],"to":[13.01157,9.35,15.68963],"faces":{"south":{"uv":[12.0,2.0,16.0,5.0],"tintindex":0,"rotation":0,"texture":"#0"},"north":{"uv":[12.0,2.0,16.0,5.0],"tintindex":0,"rotation":0,"texture":"#0"}},"rotation":{"origin":[13.01157,8.0,15.68963],"angle":22.5,"axis":"y"}},{"from":[6.086279,6.65,-1.0305014],"to":[9.686279,9.35,-1.0305014],"faces":{"south":{"uv":[16.0,2.0,12.0,5.0],"tintindex":0,"rotation":0,"texture":"#0"},"north":{"uv":[16.0,2.0,12.0,5.0],"tintindex":0,"rotation":0,"texture":"#0"}},"rotation":{"origin":[9.686279,8.0,-1.0305014],"angle":0.0,"axis":"y"}},{"from":[0.21472836,6.65,-0.7072563],"to":[0.21472836,9.35,2.8927436],"faces":{"east":{"uv":[12.0,2.0,16.0,5.0],"tintindex":0,"rotation":0,"texture":"#0"},"west":{"uv":[12.0,2.0,16.0,5.0],"tintindex":0,"rotation":0,"texture":"#0"}},"rotation":{"origin":[0.21472836,8.0,2.8927436],"angle":-45.0,"axis":"y"}},{"from":[15.556829,6.65,13.144262],"to":[15.556829,9.35,16.744263],"faces":{"east":{"uv":[12.0,2.0,16.0,5.0],"tintindex":0,"rotation":0,"texture":"#0"},"west":{"uv":[12.0,2.0,16.0,5.0],"tintindex":0,"rotation":0,"texture":"#0"}},"rotation":{"origin":[15.556829,8.0,13.144262],"angle":-45.0,"axis":"y"}},{"from":[16.934196,6.65,6.1809974],"to":[16.934196,9.35,9.780997],"faces":{"east":{"uv":[16.0,2.0,12.0,5.0],"tintindex":0,"rotation":0,"texture":"#0"},"west":{"uv":[16.0,2.0,12.0,5.0],"tintindex":0,"rotation":0,"texture":"#0"}}},{"from":[15.55674,6.65,-0.70662594],"to":[15.55674,9.35,2.8933744],"faces":{"east":{"uv":[16.0,2.0,12.0,5.0],"tintindex":0,"rotation":0,"texture":"#0"},"west":{"uv":[16.0,2.0,12.0,5.0],"tintindex":0,"rotation":0,"texture":"#0"}},"rotation":{"origin":[15.55674,8.0,2.8933744],"angle":45.0,"axis":"y"}},{"from":[16.934196,6.65,6.1809974],"to":[16.934196,9.35,9.780997],"faces":{"east":{"uv":[16.0,2.0,12.0,5.0],"tintindex":0,"rotation":0,"texture":"#0"},"west":{"uv":[16.0,2.0,12.0,5.0],"tintindex":0,"rotation":0,"texture":"#0"}}},{"from":[2.5359974,5.3,-1.1591978],"to":[8.835998,11.6,-1.1591978],"faces":{"south":{"uv":[11.0,4.0,0.0,16.0],"tintindex":0,"rotation":0,"texture":"#0"},"north":{"uv":[11.0,4.0,0.0,16.0],"tintindex":0,"rotation":0,"texture":"#0"}},"rotation":{"origin":[5.685997,8.45,-2.0591974],"angle":22.5,"axis":"y"}},{"from":[15.556829,6.65,13.144262],"to":[15.556829,9.35,16.744263],"faces":{"east":{"uv":[12.0,2.0,16.0,5.0],"tintindex":0,"rotation":0,"texture":"#0"},"west":{"uv":[12.0,2.0,16.0,5.0],"tintindex":0,"rotation":0,"texture":"#0"}},"rotation":{"origin":[15.556829,8.0,13.144262],"angle":-45.0,"axis":"y"}},{"from":[-0.839056,6.65,15.689171],"to":[2.760944,9.35,15.689171],"faces":{"south":{"uv":[12.0,2.0,16.0,5.0],"tintindex":0,"rotation":0,"texture":"#0"},"north":{"uv":[12.0,2.0,16.0,5.0],"tintindex":0,"rotation":0,"texture":"#0"}},"rotation":{"origin":[2.760944,8.0,15.689171],"angle":-45.0,"axis":"y"}},{"from":[6.085986,6.65,17.067215],"to":[9.6859865,9.35,17.067215],"faces":{"south":{"uv":[12.0,2.0,16.0,5.0],"tintindex":0,"rotation":0,"texture":"#0"},"north":{"uv":[12.0,2.0,16.0,5.0],"tintindex":0,"rotation":0,"texture":"#0"}},"rotation":{"origin":[9.6859865,8.0,17.067215],"angle":0.0,"axis":"y"}},{"from":[16.934273,6.65,9.780615],"to":[16.934273,9.35,13.380615],"faces":{"east":{"uv":[12.0,2.0,16.0,5.0],"tintindex":0,"rotation":0,"texture":"#0"},"west":{"uv":[12.0,2.0,16.0,5.0],"tintindex":0,"rotation":0,"texture":"#0"}},"rotation":{"origin":[16.934273,8.0,9.780615],"angle":-22.5,"axis":"y"}},{"from":[0.21465206,6.65,9.544293],"to":[0.21465206,9.35,13.144293],"faces":{"east":{"uv":[12.0,2.0,16.0,5.0],"tintindex":0,"rotation":0,"texture":"#0"},"west":{"uv":[12.0,2.0,16.0,5.0],"tintindex":0,"rotation":0,"texture":"#0"}},"rotation":{"origin":[0.21465206,8.0,13.144293],"angle":22.5,"axis":"y"}},{"from":[2.486279,6.65,-1.0305014],"to":[6.086279,9.35,-1.0305014],"faces":{"south":{"uv":[16.0,2.0,12.0,5.0],"tintindex":0,"rotation":0,"texture":"#0"},"north":{"uv":[16.0,2.0,12.0,5.0],"tintindex":0,"rotation":0,"texture":"#0"}},"rotation":{"origin":[6.086279,8.0,-1.0305014],"angle":22.5,"axis":"y"}},{"from":[16.934185,6.65,2.6190162],"to":[16.934185,9.35,6.219016],"faces":{"east":{"uv":[16.0,2.0,12.0,5.0],"tintindex":0,"rotation":0,"texture":"#0"},"west":{"uv":[16.0,2.0,12.0,5.0],"tintindex":0,"rotation":0,"texture":"#0"}},"rotation":{"origin":[16.934185,8.0,6.219016],"angle":22.5,"axis":"y"}}],"display":{"head":{"rotation":[0.0,0.0,0.0]},"firstperson_righthand":{"rotation":[0.0,0.0,0.0]},"thirdperson_lefthand":{"rotation":[0.0,-0.0,-0.0]},"firstperson_lefthand":{"rotation":[0.0,-0.0,-0.0]},"fixed":{"rotation":[0.0,0.0,0.0]},"ground":{"rotation":[0.0,0.0,0.0]},"thirdperson_righthand":{"rotation":[0.0,0.0,0.0]},"gui":{"rotation":[-150.0,-45.0,180.0]}}}