{"textures":{"0":"modelengine:entity/concussion","particle":"#0"},"elements":[{"from":[16.398146,6.731,6.2901373],"to":[16.398146,9.269,9.674137],"faces":{"east":{"uv":[16.0,2.0,12.0,5.0],"tintindex":0,"rotation":0,"texture":"#0"},"west":{"uv":[16.0,2.0,12.0,5.0],"tintindex":0,"rotation":0,"texture":"#0"}}},{"from":[2.8638377,5.462,16.609646],"to":[8.785837,11.384,16.609646],"faces":{"south":{"uv":[0.0,4.0,11.0,16.0],"tintindex":0,"rotation":0,"texture":"#0"},"north":{"uv":[0.0,4.0,11.0,16.0],"tintindex":0,"rotation":0,"texture":"#0"}},"rotation":{"origin":[5.8248377,8.423,17.455647],"angle":-22.5,"axis":"y"}},{"from":[16.398132,6.731,2.9418755],"to":[16.398132,9.269,6.3258753],"faces":{"east":{"uv":[16.0,2.0,12.0,5.0],"tintindex":0,"rotation":0,"texture":"#0"},"west":{"uv":[16.0,2.0,12.0,5.0],"tintindex":0,"rotation":0,"texture":"#0"}},"rotation":{"origin":[16.398132,8.0,6.3258753],"angle":22.5,"axis":"y"}},{"from":[16.398146,6.731,6.2901373],"to":[16.398146,9.269,9.674137],"faces":{"east":{"uv":[16.0,2.0,12.0,5.0],"tintindex":0,"rotation":0,"texture":"#0"},"west":{"uv":[16.0,2.0,12.0,5.0],"tintindex":0,"rotation":0,"texture":"#0"}}},{"from":[9.327151,6.731,0.8062577],"to":[12.711151,9.269,0.8062577],"faces":{"south":{"uv":[16.0,2.0,12.0,5.0],"tintindex":0,"rotation":0,"texture":"#0"},"north":{"uv":[16.0,2.0,12.0,5.0],"tintindex":0,"rotation":0,"texture":"#0"}},"rotation":{"origin":[12.711151,8.0,0.8062577],"angle":-22.5,"axis":"y"}},{"from":[16.398216,6.731,9.709503],"to":[16.398216,9.269,13.093503],"faces":{"east":{"uv":[12.0,2.0,16.0,5.0],"tintindex":0,"rotation":0,"texture":"#0"},"west":{"uv":[12.0,2.0,16.0,5.0],"tintindex":0,"rotation":0,"texture":"#0"}},"rotation":{"origin":[16.398216,8.0,9.709503],"angle":-22.5,"axis":"y"}},{"from":[6.200827,6.731,16.523182],"to":[9.584827,9.269,16.523182],"faces":{"south":{"uv":[12.0,2.0,16.0,5.0],"tintindex":0,"rotation":0,"texture":"#0"},"north":{"uv":[12.0,2.0,16.0,5.0],"tintindex":0,"rotation":0,"texture":"#0"}},"rotation":{"origin":[9.584827,8.0,16.523182],"angle":0.0,"axis":"y"}},{"from":[-0.6131563,6.731,6.3255873],"to":[-0.6131563,9.269,9.709587],"faces":{"east":{"uv":[12.0,2.0,16.0,5.0],"tintindex":0,"rotation":0,"texture":"#0"},"west":{"uv":[12.0,2.0,16.0,5.0],"tintindex":0,"rotation":0,"texture":"#0"}},"rotation":{"origin":[-0.6131563,8.0,9.709587],"angle":0.0,"axis":"y"}},{"from":[6.2011023,6.731,-0.4886713],"to":[9.585102,9.269,-0.4886713],"faces":{"south":{"uv":[16.0,2.0,12.0,5.0],"tintindex":0,"rotation":0,"texture":"#0"},"north":{"uv":[16.0,2.0,12.0,5.0],"tintindex":0,"rotation":0,"texture":"#0"}},"rotation":{"origin":[9.585102,8.0,-0.4886713],"angle":0.0,"axis":"y"}},{"from":[6.200827,6.731,16.523182],"to":[9.584827,9.269,16.523182],"faces":{"south":{"uv":[12.0,2.0,16.0,5.0],"tintindex":0,"rotation":0,"texture":"#0"},"north":{"uv":[12.0,2.0,16.0,5.0],"tintindex":0,"rotation":0,"texture":"#0"}},"rotation":{"origin":[9.584827,8.0,16.523182],"angle":0.0,"axis":"y"}},{"from":[-0.30871296,6.731,15.22782],"to":[3.0752873,9.269,15.22782],"faces":{"south":{"uv":[12.0,2.0,16.0,5.0],"tintindex":0,"rotation":0,"texture":"#0"},"north":{"uv":[12.0,2.0,16.0,5.0],"tintindex":0,"rotation":0,"texture":"#0"}},"rotation":{"origin":[3.0752873,8.0,15.22782],"angle":-45.0,"axis":"y"}},{"from":[-0.6131563,6.731,2.941587],"to":[-0.6131563,9.269,6.3255873],"faces":{"east":{"uv":[12.0,2.0,16.0,5.0],"tintindex":0,"rotation":0,"texture":"#0"},"west":{"uv":[12.0,2.0,16.0,5.0],"tintindex":0,"rotation":0,"texture":"#0"}},"rotation":{"origin":[-0.6131563,8.0,6.3255873],"angle":-22.5,"axis":"y"}},{"from":[9.326876,6.731,15.228252],"to":[12.7108755,9.269,15.228252],"faces":{"south":{"uv":[12.0,2.0,16.0,5.0],"tintindex":0,"rotation":0,"texture":"#0"},"north":{"uv":[12.0,2.0,16.0,5.0],"tintindex":0,"rotation":0,"texture":"#0"}},"rotation":{"origin":[12.7108755,8.0,15.228252],"angle":22.5,"axis":"y"}},{"from":[15.10342,6.731,12.835606],"to":[15.10342,9.269,16.219606],"faces":{"east":{"uv":[12.0,2.0,16.0,5.0],"tintindex":0,"rotation":0,"texture":"#0"},"west":{"uv":[12.0,2.0,16.0,5.0],"tintindex":0,"rotation":0,"texture":"#0"}},"rotation":{"origin":[15.10342,8.0,12.835606],"angle":-45.0,"axis":"y"}},{"from":[2.8638377,5.462,-0.60964584],"to":[8.785837,11.384,-0.60964584],"faces":{"south":{"uv":[11.0,4.0,0.0,16.0],"tintindex":0,"rotation":0,"texture":"#0"},"north":{"uv":[11.0,4.0,0.0,16.0],"tintindex":0,"rotation":0,"texture":"#0"}},"rotation":{"origin":[5.8248377,8.423,-1.4556456],"angle":22.5,"axis":"y"}},{"from":[15.10342,6.731,12.835606],"to":[15.10342,9.269,16.219606],"faces":{"east":{"uv":[12.0,2.0,16.0,5.0],"tintindex":0,"rotation":0,"texture":"#0"},"west":{"uv":[12.0,2.0,16.0,5.0],"tintindex":0,"rotation":0,"texture":"#0"}},"rotation":{"origin":[15.10342,8.0,12.835606],"angle":-45.0,"axis":"y"}},{"from":[2.8168273,6.731,16.523182],"to":[6.200827,9.269,16.523182],"faces":{"south":{"uv":[12.0,2.0,16.0,5.0],"tintindex":0,"rotation":0,"texture":"#0"},"north":{"uv":[12.0,2.0,16.0,5.0],"tintindex":0,"rotation":0,"texture":"#0"}},"rotation":{"origin":[6.200827,8.0,16.523182],"angle":-22.5,"axis":"y"}},{"from":[9.326876,6.731,15.228252],"to":[12.7108755,9.269,15.228252],"faces":{"south":{"uv":[12.0,2.0,16.0,5.0],"tintindex":0,"rotation":0,"texture":"#0"},"north":{"uv":[12.0,2.0,16.0,5.0],"tintindex":0,"rotation":0,"texture":"#0"}},"rotation":{"origin":[12.7108755,8.0,15.228252],"angle":22.5,"axis":"y"}},{"from":[0.6818447,6.731,-0.18482113],"to":[0.6818447,9.269,3.1991787],"faces":{"east":{"uv":[12.0,2.0,16.0,5.0],"tintindex":0,"rotation":0,"texture":"#0"},"west":{"uv":[12.0,2.0,16.0,5.0],"tintindex":0,"rotation":0,"texture":"#0"}},"rotation":{"origin":[0.6818447,8.0,3.1991787],"angle":-45.0,"axis":"y"}},{"from":[15.103336,6.731,-0.18422794],"to":[15.103336,9.269,3.199772],"faces":{"east":{"uv":[16.0,2.0,12.0,5.0],"tintindex":0,"rotation":0,"texture":"#0"},"west":{"uv":[16.0,2.0,12.0,5.0],"tintindex":0,"rotation":0,"texture":"#0"}},"rotation":{"origin":[15.103336,8.0,3.199772],"angle":45.0,"axis":"y"}},{"from":[2.8171024,6.731,-0.4886713],"to":[6.2011023,9.269,-0.4886713],"faces":{"south":{"uv":[16.0,2.0,12.0,5.0],"tintindex":0,"rotation":0,"texture":"#0"},"north":{"uv":[16.0,2.0,12.0,5.0],"tintindex":0,"rotation":0,"texture":"#0"}},"rotation":{"origin":[6.2011023,8.0,-0.4886713],"angle":22.5,"axis":"y"}},{"from":[0.6817732,6.731,9.451635],"to":[0.6817732,9.269,12.835636],"faces":{"east":{"uv":[12.0,2.0,16.0,5.0],"tintindex":0,"rotation":0,"texture":"#0"},"west":{"uv":[12.0,2.0,16.0,5.0],"tintindex":0,"rotation":0,"texture":"#0"}},"rotation":{"origin":[0.6817732,8.0,12.835636],"angle":22.5,"axis":"y"}},{"from":[16.398216,6.731,9.673778],"to":[16.398216,9.269,13.057777],"faces":{"east":{"uv":[12.0,2.0,16.0,5.0],"tintindex":0,"rotation":0,"texture":"#0"},"west":{"uv":[12.0,2.0,16.0,5.0],"tintindex":0,"rotation":0,"texture":"#0"}},"rotation":{"origin":[16.398216,8.0,9.673778],"angle":-22.5,"axis":"y"}}],"display":{"head":{"rotation":[0.0,0.0,0.0]},"firstperson_righthand":{"rotation":[0.0,0.0,0.0]},"thirdperson_lefthand":{"rotation":[0.0,-0.0,-0.0]},"firstperson_lefthand":{"rotation":[0.0,-0.0,-0.0]},"fixed":{"rotation":[0.0,0.0,0.0]},"ground":{"rotation":[0.0,0.0,0.0]},"thirdperson_righthand":{"rotation":[0.0,0.0,0.0]},"gui":{"rotation":[-150.0,-45.0,180.0]}}}