{"display":{"firstperson_lefthand":{"rotation":[15,90,0],"scale":[0.45,0.45,0.45],"translation":[1.5,2.25,0.75]},"firstperson_righthand":{"rotation":[15,90,0],"scale":[0.45,0.45,0.45],"translation":[1.5,2.25,0.75]},"fixed":{"rotation":[0,0,45],"translation":[3.25,-2.5,0]},"ground":{"rotation":[0,0,-50],"scale":[0.4,0.4,0.4],"translation":[-2,2,0]},"gui":{"rotation":[0,-180,45],"scale":[0.48,0.48,0.48],"translation":[-3,-3,0]},"head":{"scale":[0.9,0.9,0.9],"translation":[0,3.75,0]},"thirdperson_lefthand":{"rotation":[0,90,0],"scale":[0.61,0.61,0.61],"translation":[0,-0.5,1.25]},"thirdperson_righthand":{"rotation":[0,90,0],"scale":[0.61,0.61,0.61],"translation":[0,-0.5,1.25]}},"elements":[{"faces":{"down":{"texture":"#1","uv":[4.25,7.5,3.875,7.875]},"east":{"texture":"#1","uv":[4.25,7.25,4.625,9.125]},"north":{"texture":"#1","uv":[5.5,7.125,5.875,9]},"south":{"texture":"#1","uv":[4.625,7.25,5,9.125]},"up":{"texture":"#1","uv":[6.375,3.25,6,2.875]},"west":{"texture":"#1","uv":[5,7.25,5.375,9.125]}},"from":[6.5,1,6.5],"rotation":{"angle":0,"axis":"y","origin":[8,0,8]},"to":[9.5,16,9.5]},{"faces":{"down":{"texture":"#1","uv":[4.25,7.875,3.875,8.25]},"east":{"texture":"#1","uv":[2.375,7.375,2.75,9.25]},"north":{"texture":"#1","uv":[2,7.375,2.375,9.25]},"south":{"texture":"#1","uv":[7.375,3.5,7.75,5.375]},"up":{"texture":"#1","uv":[6.875,8.125,6.5,7.75]},"west":{"texture":"#1","uv":[2.75,7.5,3.125,9.375]}},"from":[6.2,0.7,6.2],"rotation":{"angle":0,"axis":"y","origin":[8,0,8]},"to":[9.8,16.3,9.8]},{"faces":{"down":{"texture":"#1","uv":[2,8.25,1.5,8.75]},"east":{"texture":"#1","uv":[8.25,0,8.75,0.5]},"north":{"texture":"#1","uv":[0,8.25,0.5,8.75]},"south":{"texture":"#1","uv":[0.5,8.25,1,8.75]},"up":{"texture":"#1","uv":[1.5,8.75,1,8.25]},"west":{"texture":"#1","uv":[8.25,0.5,8.75,1]}},"from":[6,-3,6],"rotation":{"angle":0,"axis":"y","origin":[8,0,8]},"to":[10,1,10]},{"faces":{"down":{"texture":"#1","uv":[7.875,7.5,7.375,8.75]},"east":{"texture":"#1","uv":[0,0,1.25,1.5]},"north":{"texture":"#1","uv":[6.375,0,6.875,1.5]},"south":{"texture":"#1","uv":[6.625,1.5,7.125,3]},"up":{"texture":"#1","uv":[7.375,8.75,6.875,7.5]},"west":{"texture":"#1","uv":[1.25,0,2.5,1.5]}},"from":[-1,14,3],"rotation":{"angle":0,"axis":"y","origin":[8,0,8]},"to":[3,26,13]},{"faces":{"east":{"texture":"#0","uv":[8,0,0,10]},"west":{"texture":"#0","uv":[0,0,8,10]}},"from":[-1.1,15,4],"rotation":{"angle":0,"axis":"y","origin":[7.9,0,8]},"to":[-1.1,25,12]},{"faces":{"east":{"texture":"#0","uv":[8,0,0,10]},"west":{"texture":"#0","uv":[0,0,8,10]}},"from":[17.1,15,4],"rotation":{"angle":0,"axis":"y","origin":[8.1,0,8]},"to":[17.1,25,12]},{"faces":{"east":{"texture":"#3","uv":[1,9,7,15]},"west":{"texture":"#3","uv":[1,9,7,15]}},"from":[23.1,14,2],"rotation":{"angle":0,"axis":"y","origin":[14.1,0,8]},"to":[23.1,26,14]},{"faces":{"east":{"texture":"#3","uv":[1,1,7,7]},"west":{"texture":"#3","uv":[1,1,7,7]}},"from":[26.1,14,2],"rotation":{"angle":0,"axis":"y","origin":[17.1,0,8]},"to":[26.1,26,14]},{"faces":{"east":{"texture":"#3","uv":[9,9,15,15]},"west":{"texture":"#3","uv":[9,9,15,15]}},"from":[20.1,14,2],"rotation":{"angle":0,"axis":"y","origin":[11.1,0,8]},"to":[20.1,26,14]},{"faces":{"east":{"texture":"#3","uv":[7,9,1,15]},"west":{"texture":"#3","uv":[7,9,1,15]}},"from":[-7.1,14,2],"rotation":{"angle":0,"axis":"y","origin":[1.9,0,8]},"to":[-7.1,26,14]},{"faces":{"east":{"texture":"#3","uv":[7,1,1,7]},"west":{"texture":"#3","uv":[7,1,1,7]}},"from":[-10.1,14,2],"rotation":{"angle":0,"axis":"y","origin":[-1.1,0,8]},"to":[-10.1,26,14]},{"faces":{"east":{"texture":"#3","uv":[15,9,9,15]},"west":{"texture":"#3","uv":[15,9,9,15]}},"from":[-4.1,14,2],"rotation":{"angle":0,"axis":"y","origin":[4.9,0,8]},"to":[-4.1,26,14]},{"faces":{"down":{"texture":"#1","uv":[0.5,0,0,0]},"east":{"texture":"#1","uv":[0,0,0,1.5]},"north":{"texture":"#1","uv":[1.5,6.75,2,8.25]},"south":{"texture":"#1","uv":[7.125,2,7.625,3.5]},"up":{"texture":"#1","uv":[0.5,0,0,0]},"west":{"texture":"#1","uv":[0,0,0,1.5]}},"from":[1,5,8],"rotation":{"angle":0,"axis":"y","origin":[8,2,8]},"to":[5,17,8]},{"faces":{"down":{"texture":"#1","uv":[0.5,0,0,0]},"east":{"texture":"#1","uv":[0,0,0,1.625]},"north":{"texture":"#1","uv":[2.5,5.75,3,7.375]},"south":{"texture":"#1","uv":[5.875,0,6.375,1.625]},"up":{"texture":"#1","uv":[0.5,0,0,0]},"west":{"texture":"#1","uv":[0,0,0,1.625]}},"from":[-3,4,8],"rotation":{"angle":0,"axis":"y","origin":[8,2,8]},"to":[1,17,8]},{"faces":{"down":{"texture":"#1","uv":[0.5,0,0,0]},"east":{"texture":"#1","uv":[0,0,0,1.5]},"north":{"texture":"#1","uv":[6.625,3,7.125,4.5]},"south":{"texture":"#1","uv":[0,6.75,0.5,8.25]},"up":{"texture":"#1","uv":[0.5,0,0,0]},"west":{"texture":"#1","uv":[0,0,0,1.5]}},"from":[11,5,8],"rotation":{"angle":0,"axis":"y","origin":[8,2,8]},"to":[15,17,8]},{"faces":{"down":{"texture":"#1","uv":[0.5,0,0,0]},"east":{"texture":"#1","uv":[0,0,0,1.625]},"north":{"texture":"#1","uv":[5.5,4.25,6,5.875]},"south":{"texture":"#1","uv":[2,5.75,2.5,7.375]},"up":{"texture":"#1","uv":[0.5,0,0,0]},"west":{"texture":"#1","uv":[0,0,0,1.625]}},"from":[15,4,8],"rotation":{"angle":0,"axis":"y","origin":[8,2,8]},"to":[19,17,8]},{"faces":{"down":{"texture":"#1","uv":[8.125,6.25,7.625,7.5]},"east":{"texture":"#1","uv":[0,1.5,1.25,3]},"north":{"texture":"#1","uv":[0.5,6.75,1,8.25]},"south":{"texture":"#1","uv":[1,6.75,1.5,8.25]},"up":{"texture":"#1","uv":[8.125,3.25,7.625,2]},"west":{"texture":"#1","uv":[1.25,1.5,2.5,3]}},"from":[13,14,3],"rotation":{"angle":0,"axis":"y","origin":[8,0,8]},"to":[17,26,13]},{"faces":{"down":{"texture":"#1","uv":[6.5,7.75,5.875,8.75]},"east":{"texture":"#1","uv":[0,4.25,1,5.5]},"north":{"texture":"#1","uv":[4.25,6,4.875,7.25]},"south":{"texture":"#1","uv":[6,4.25,6.625,5.5]},"up":{"texture":"#1","uv":[8.375,5.25,7.75,4.25]},"west":{"texture":"#1","uv":[1,4.25,2,5.5]}},"from":[-6.01,14.99,3.99],"rotation":{"angle":0,"axis":"y","origin":[-10,0,8]},"to":[-0.99,25.01,12.01]},{"faces":{"down":{"texture":"#1","uv":[8.5,7.5,7.875,8.5]},"east":{"texture":"#1","uv":[4.5,4.75,5.5,6]},"north":{"texture":"#1","uv":[4.875,6,5.5,7.25]},"south":{"texture":"#1","uv":[6.125,5.5,6.75,6.75]},"up":{"texture":"#1","uv":[8.5,2,7.875,1]},"west":{"texture":"#1","uv":[3.25,5,4.25,6.25]}},"from":[-1,15,4],"rotation":{"angle":0,"axis":"y","origin":[-7,0,8]},"to":[-6,25,12]},{"faces":{"down":{"texture":"#1","uv":[8.75,6.25,8.125,7.25]},"east":{"texture":"#1","uv":[0,5.5,1,6.75]},"north":{"texture":"#1","uv":[3,6.25,3.625,7.5]},"south":{"texture":"#1","uv":[3.625,6.25,4.25,7.5]},"up":{"texture":"#1","uv":[8.75,3,8.125,2]},"west":{"texture":"#1","uv":[1,5.5,2,6.75]}},"from":[22,15,4],"rotation":{"angle":0,"axis":"y","origin":[18,0,8]},"to":[17,25,12]},{"faces":{"down":{"texture":"#1","uv":[8.375,3.25,7.75,4.25]},"east":{"texture":"#1","uv":[3.75,2.25,4.75,3.5]},"north":{"texture":"#1","uv":[5.5,5.875,6.125,7.125]},"south":{"texture":"#1","uv":[6,1.625,6.625,2.875]},"up":{"texture":"#1","uv":[8.25,1,7.625,0]},"west":{"texture":"#1","uv":[3.5,3.75,4.5,5]}},"from":[16.99,14.99,3.99],"rotation":{"angle":0,"axis":"y","origin":[11,0,8]},"to":[22.01,25.01,12.01]},{"faces":{"down":{"texture":"#1","uv":[3.5,3.75,2.25,4.75]},"east":{"texture":"#1","uv":[1.25,3,2.25,4.25]},"north":{"texture":"#1","uv":[2.5,0,3.75,1.25]},"south":{"texture":"#1","uv":[2.5,1.25,3.75,2.5]},"up":{"texture":"#1","uv":[5,2.25,3.75,1.25]},"west":{"texture":"#1","uv":[3.75,0,4.75,1.25]}},"from":[3,15,4],"rotation":{"angle":0,"axis":"y","origin":[8,0,8]},"to":[13,25,12]},{"faces":{"down":{"texture":"#1","uv":[6,2.25,4.75,3.25]},"east":{"texture":"#1","uv":[4.5,3.5,5.5,4.75]},"north":{"texture":"#1","uv":[2.5,2.5,3.75,3.75]},"south":{"texture":"#1","uv":[0,3,1.25,4.25]},"up":{"texture":"#1","uv":[3.25,5.75,2,4.75]},"west":{"texture":"#1","uv":[4.75,0,5.75,1.25]}},"from":[2.7,14.7,3.7],"rotation":{"angle":0,"axis":"y","origin":[8,0,8]},"to":[13.3,25.3,12.3]},{"faces":{"down":{"texture":"#1","uv":[8.25,5.375,7.5,6.25]},"east":{"texture":"#1","uv":[5,1.25,5.875,2.25]},"north":{"texture":"#1","uv":[6.625,4.5,7.375,5.5]},"south":{"texture":"#1","uv":[6.75,5.5,7.5,6.5]},"up":{"texture":"#1","uv":[3.875,8.375,3.125,7.5]},"west":{"texture":"#1","uv":[5.5,3.25,6.375,4.25]}},"from":[5,18,3],"rotation":{"angle":0,"axis":"y","origin":[8,0,8]},"to":[11,26,10]},{"faces":{"north":{"texture":"#2","uv":[0,0,6,8]},"south":{"texture":"#2","uv":[0,0,6,8]}},"from":[5,18,2.9],"rotation":{"angle":0,"axis":"y","origin":[8,0,7.9]},"to":[11,26,2.9]},{"faces":{"down":{"texture":"#1","uv":[0.75,0,0,0]},"east":{"texture":"#1","uv":[0,0,0,1]},"north":{"texture":"#1","uv":[6.125,6.75,6.875,7.75]},"south":{"texture":"#1","uv":[6.875,0,7.625,1]},"up":{"texture":"#1","uv":[0.75,0,0,0]},"west":{"texture":"#1","uv":[0,0,0,1]}},"from":[10.75,22,2.25],"rotation":{"angle":22.5,"axis":"y","origin":[13.75,26,2.25]},"to":[16.75,30,2.25]},{"faces":{"down":{"texture":"#1","uv":[0.75,0,0,0]},"east":{"texture":"#1","uv":[0,0,0,1]},"north":{"texture":"#1","uv":[6.875,6.5,7.625,7.5]},"south":{"texture":"#1","uv":[7.125,1,7.875,2]},"up":{"texture":"#1","uv":[0.75,0,0,0]},"west":{"texture":"#1","uv":[0,0,0,1]}},"from":[-0.75,22,2.25],"rotation":{"angle":-22.5,"axis":"y","origin":[2.25,26,2.25]},"to":[5.25,30,2.25]},{"faces":{"down":{"texture":"#1","uv":[4,3.5,3.75,3.75]},"east":{"texture":"#1","uv":[2,4.25,2.25,4.75]},"north":{"texture":"#1","uv":[2.25,3,2.5,3.5]},"south":{"texture":"#1","uv":[4.25,5,4.5,5.5]},"up":{"texture":"#1","uv":[2.5,3.75,2.25,3.5]},"west":{"texture":"#1","uv":[4.25,5.5,4.5,6]}},"from":[7,17,2],"rotation":{"angle":0,"axis":"y","origin":[8,0,8]},"to":[9,21,4]}],"gui_light":"front","textures":{"0":"civilization:item/tools/golem_hammer/resonant/anim","1":"civilization:item/tools/golem_hammer/resonant/default","2":"civilization:item/tools/golem_hammer/resonant/anim_2","3":"civilization:item/tools/golem_hammer/resonant/anim_1","particle":"civilization:item/tools/golem_hammer/resonant/default"}}