{"display":{"firstperson_lefthand":{"rotation":[-72,0,22],"scale":[0.4,0.4,0.4],"translation":[2.25,9,-1.5]},"firstperson_righthand":{"rotation":[-72,0,22],"scale":[0.4,0.4,0.4],"translation":[2.25,9,-1.5]},"fixed":{"rotation":[90,45,-90],"scale":[0.5,0.5,0.5],"translation":[1.5,2.25,0]},"ground":{"rotation":[74,73,0],"scale":[0.5,0.5,0.5],"translation":[0,2,1]},"gui":{"rotation":[90,45,-90],"scale":[0.5,0.5,0.5],"translation":[1.75,1.75,0]},"head":{"scale":[0.85,0.85,0.85],"translation":[0,16.5,0]},"thirdperson_lefthand":{"rotation":[-85,0,0],"scale":[0.9,0.9,0.9],"translation":[0,1.5,-2]},"thirdperson_righthand":{"rotation":[-85,0,0],"scale":[0.9,0.9,0.9],"translation":[0,1.5,-2]}},"elements":[{"faces":{"down":{"texture":"#0","uv":[7.25,6,6.75,6.5]},"east":{"texture":"#0","uv":[0.5,0,1,4.5]},"north":{"texture":"#0","uv":[0,0,0.5,4.5]},"south":{"texture":"#0","uv":[1,0,1.5,4.5]},"up":{"texture":"#0","uv":[6,3.5,5.5,3]},"west":{"texture":"#0","uv":[1.5,0,2,4.5]}},"from":[7,-9,7],"rotation":{"angle":0,"axis":"y","origin":[8,-0.5,8]},"to":[9,9,9]},{"faces":{"down":{"texture":"#0","uv":[6.75,9.75,6.5,10.5]},"east":{"texture":"#0","uv":[7,3.25,7.75,4]},"north":{"texture":"#0","uv":[4.5,9.75,4.75,10.5]},"south":{"texture":"#0","uv":[9.75,5.5,10,6.25]},"up":{"texture":"#0","uv":[6.5,10.5,6.25,9.75]},"west":{"texture":"#0","uv":[7.75,0,8.5,0.75]}},"from":[7.49,-6.68841,17.17914],"rotation":{"angle":45,"axis":"x","origin":[8,5.67157,8.37617]},"to":[8.51,-3.66841,20.19914]},{"faces":{"down":{"texture":"#0","uv":[5,7.25,4.75,7.75]},"east":{"texture":"#0","uv":[3.5,0,4,2.75]},"north":{"texture":"#0","uv":[1.25,7,1.5,9.75]},"south":{"texture":"#0","uv":[1.5,7,1.75,9.75]},"up":{"texture":"#0","uv":[2,5,1.75,4.5]},"west":{"texture":"#0","uv":[4,0,4.5,2.75]}},"from":[7.5,11,6.99645],"rotation":{"angle":0,"axis":"y","origin":[8,-0.67157,8.37617]},"to":[8.5,22,8.99645]},{"faces":{"down":{"texture":"#0","uv":[0,0,0,0.75]},"east":{"texture":"#0","uv":[2,0,2.75,2.75]},"north":{"texture":"#0","uv":[0,0,0,2.75]},"south":{"texture":"#0","uv":[0,0,0,2.75]},"up":{"texture":"#0","uv":[0,0.75,0,0]},"west":{"texture":"#0","uv":[2.75,0,3.5,2.75]}},"from":[8,11,6.49645],"rotation":{"angle":0,"axis":"y","origin":[8,-0.67157,7.87617]},"to":[8,22,9.49645]},{"faces":{"down":{"texture":"#0","uv":[10.25,1.5,10,2]},"east":{"texture":"#0","uv":[9.25,2,9.75,2.5]},"north":{"texture":"#0","uv":[7.75,1.5,8,2]},"south":{"texture":"#0","uv":[9.75,7.75,10,8.25]},"up":{"texture":"#0","uv":[10.25,0.5,10,0]},"west":{"texture":"#0","uv":[9.25,2.5,9.75,3]}},"from":[7.5,14.67841,23.18914],"rotation":{"angle":-45,"axis":"x","origin":[8,-0.67157,8.37617]},"to":[8.5,16.67841,25.18914]},{"faces":{"down":{"texture":"#0","uv":[0,0,0,1.25]},"east":{"texture":"#0","uv":[2,2.75,3.25,4]},"north":{"texture":"#0","uv":[0,0,0,1.25]},"south":{"texture":"#0","uv":[0,0,0,1.25]},"up":{"texture":"#0","uv":[0,1.25,0,0]},"west":{"texture":"#0","uv":[3.25,2.75,4.5,4]}},"from":[8,12.82485,21.83559],"rotation":{"angle":-45,"axis":"x","origin":[7,-1.02513,8.02262]},"to":[8,17.82485,26.83559]},{"faces":{"down":{"texture":"#0","uv":[2,10.25,1.75,10.75]},"east":{"texture":"#0","uv":[0.75,6.5,1.25,8]},"north":{"texture":"#0","uv":[6,8,6.25,9.5]},"south":{"texture":"#0","uv":[2.75,8.5,3,10]},"up":{"texture":"#0","uv":[10.5,2,10.25,1.5]},"west":{"texture":"#0","uv":[5.75,6.5,6.25,8]}},"from":[7.5,-16,6.99645],"rotation":{"angle":0,"axis":"y","origin":[8,6.67157,8.37617]},"to":[8.5,-10,8.99645]},{"faces":{"down":{"texture":"#0","uv":[10.5,2.5,10.25,3]},"east":{"texture":"#0","uv":[3.75,9.25,4.25,9.75]},"north":{"texture":"#0","uv":[2,10.25,2.25,10.75]},"south":{"texture":"#0","uv":[10.25,2,10.5,2.5]},"up":{"texture":"#0","uv":[2.5,10.75,2.25,10.25]},"west":{"texture":"#0","uv":[9.25,4,9.75,4.5]}},"from":[7.5,-10.67841,23.18914],"rotation":{"angle":45,"axis":"x","origin":[8,6.67157,8.37617]},"to":[8.5,-8.67841,25.18914]},{"faces":{"down":{"texture":"#0","uv":[0,0,0,1]},"east":{"texture":"#0","uv":[3.25,5,4.25,6]},"north":{"texture":"#0","uv":[0,0,0,1]},"south":{"texture":"#0","uv":[0,0,0,1]},"up":{"texture":"#0","uv":[0,1,0,0]},"west":{"texture":"#0","uv":[5,3.5,6,4.5]}},"from":[8,-10.82485,21.83559],"rotation":{"angle":45,"axis":"x","origin":[7,7.02513,8.02262]},"to":[8,-6.82485,25.83559]},{"faces":{"down":{"texture":"#0","uv":[10.5,4.5,10.25,5]},"east":{"texture":"#0","uv":[9.25,4.5,9.75,5]},"north":{"texture":"#0","uv":[10.25,3,10.5,3.5]},"south":{"texture":"#0","uv":[10.25,3.5,10.5,4]},"up":{"texture":"#0","uv":[10.5,4.5,10.25,4]},"west":{"texture":"#0","uv":[5,9.25,5.5,9.75]}},"from":[7.5,-11,4.66802],"rotation":{"angle":-22.5,"axis":"x","origin":[8,-9,5.16802]},"to":[8.5,-9,6.66802]},{"faces":{"down":{"texture":"#0","uv":[0,0,0,1]},"east":{"texture":"#0","uv":[5,4.5,6,5.5]},"north":{"texture":"#0","uv":[0,0,0,1]},"south":{"texture":"#0","uv":[0,0,0,1]},"up":{"texture":"#0","uv":[0,1,0,0]},"west":{"texture":"#0","uv":[0,5.5,1,6.5]}},"from":[8,-11.5,3.16802],"rotation":{"angle":-22.5,"axis":"x","origin":[8,-9,5.16802]},"to":[8,-7.5,7.16802]},{"faces":{"down":{"texture":"#0","uv":[5.5,10.25,5.25,10.75]},"east":{"texture":"#0","uv":[9.25,5,9.75,5.5]},"north":{"texture":"#0","uv":[4.75,10.25,5,10.75]},"south":{"texture":"#0","uv":[5,10.25,5.25,10.75]},"up":{"texture":"#0","uv":[10.5,5.5,10.25,5]},"west":{"texture":"#0","uv":[6.25,9.25,6.75,9.75]}},"from":[7.5,-11,9.33198],"rotation":{"angle":22.5,"axis":"x","origin":[8,-9,10.83198]},"to":[8.5,-9,11.33198]},{"faces":{"down":{"texture":"#0","uv":[0,0,0,1]},"east":{"texture":"#0","uv":[5.5,1,6.5,2]},"north":{"texture":"#0","uv":[0,0,0,1]},"south":{"texture":"#0","uv":[0,0,0,1]},"up":{"texture":"#0","uv":[0,1,0,0]},"west":{"texture":"#0","uv":[5.5,2,6.5,3]}},"from":[8,-11.5,8.83198],"rotation":{"angle":22.5,"axis":"x","origin":[8,-9,10.83198]},"to":[8,-7.5,12.83198]},{"faces":{"down":{"texture":"#0","uv":[0,0,0,0.75]},"east":{"texture":"#0","uv":[1.75,5,2.5,6.5]},"north":{"texture":"#0","uv":[0,0,0,1.5]},"south":{"texture":"#0","uv":[0,0,0,1.5]},"up":{"texture":"#0","uv":[0,0.75,0,0]},"west":{"texture":"#0","uv":[2.5,5,3.25,6.5]}},"from":[8,-16,6.49645],"rotation":{"angle":0,"axis":"y","origin":[8,6.67157,7.87617]},"to":[8,-10,9.49645]},{"faces":{"down":{"texture":"#0","uv":[10,8.75,9.75,9.5]},"east":{"texture":"#0","uv":[7.75,0.75,8.5,1.5]},"north":{"texture":"#0","uv":[9.75,7,10,7.75]},"south":{"texture":"#0","uv":[8.5,9.75,8.75,10.5]},"up":{"texture":"#0","uv":[9,10.5,8.75,9.75]},"west":{"texture":"#0","uv":[1.75,7.75,2.5,8.5]}},"from":[7.51,8.69952,5.89492],"rotation":{"angle":22.5,"axis":"x","origin":[8,12.47487,5.17028]},"to":[8.49,11.67952,8.87492]},{"faces":{"down":{"texture":"#0","uv":[10.5,5.5,10.25,6]},"east":{"texture":"#0","uv":[6.75,4.75,7.25,6]},"north":{"texture":"#0","uv":[3,8.5,3.25,9.75]},"south":{"texture":"#0","uv":[4.75,9,5,10.25]},"up":{"texture":"#0","uv":[5.75,10.75,5.5,10.25]},"west":{"texture":"#0","uv":[3.25,7,3.75,8.25]}},"from":[7.5,9.72293,12.54612],"rotation":{"angle":45,"axis":"x","origin":[7.995,14.81691,12.65391]},"to":[8.5,14.72293,14.54612]},{"faces":{"down":{"texture":"#0","uv":[10.25,6.25,10,7]},"east":{"texture":"#0","uv":[2.5,7.75,3.25,8.5]},"north":{"texture":"#0","uv":[2.75,10,3,10.75]},"south":{"texture":"#0","uv":[10,3.5,10.25,4.25]},"up":{"texture":"#0","uv":[10.25,6.25,10,5.5]},"west":{"texture":"#0","uv":[7.75,3.25,8.5,4]}},"from":[7.51,8.69952,7.12508],"rotation":{"angle":-22.5,"axis":"x","origin":[8,12.47487,10.82972]},"to":[8.49,11.67952,10.10508]},{"faces":{"down":{"texture":"#0","uv":[0,0,0,0.75]},"east":{"texture":"#0","uv":[6,4,6.75,5.25]},"north":{"texture":"#0","uv":[0,0,0,1.25]},"south":{"texture":"#0","uv":[0,0,0,1.25]},"up":{"texture":"#0","uv":[0,0.75,0,0]},"west":{"texture":"#0","uv":[4.25,6,5,7.25]}},"from":[8,9.72293,12.04612],"rotation":{"angle":45,"axis":"x","origin":[7.995,14.81691,12.65391]},"to":[8,14.72293,15.04612]},{"faces":{"down":{"texture":"#0","uv":[10.5,6,10.25,6.5]},"east":{"texture":"#0","uv":[5.5,8,6,9]},"north":{"texture":"#0","uv":[4.25,5,4.5,6]},"south":{"texture":"#0","uv":[1,5.5,1.25,6.5]},"up":{"texture":"#0","uv":[6,10.75,5.75,10.25]},"west":{"texture":"#0","uv":[3.25,8.25,3.75,9.25]}},"from":[7.51,13.12246,11.15545],"rotation":{"angle":-22.5,"axis":"x","origin":[7.99,16.04224,12.59634]},"to":[8.47,17.08246,13.11545]},{"faces":{"down":{"texture":"#0","uv":[0,0,0,0.75]},"east":{"texture":"#0","uv":[6,5.25,6.75,6.5]},"north":{"texture":"#0","uv":[0,0,0,1.25]},"south":{"texture":"#0","uv":[0,0,0,1.25]},"up":{"texture":"#0","uv":[0,0.75,0,0]},"west":{"texture":"#0","uv":[0,6.5,0.75,7.75]}},"from":[7.99,12.60246,10.63545],"rotation":{"angle":-22.5,"axis":"x","origin":[7.99,16.04224,12.59634]},"to":[7.99,17.60246,13.63545]},{"faces":{"down":{"texture":"#0","uv":[7,10.25,6.75,10.75]},"east":{"texture":"#0","uv":[3.75,7,4.25,8.25]},"north":{"texture":"#0","uv":[3.25,9.25,3.5,10.5]},"south":{"texture":"#0","uv":[3.5,9.25,3.75,10.5]},"up":{"texture":"#0","uv":[10.5,7,10.25,6.5]},"west":{"texture":"#0","uv":[7.25,0.75,7.75,2]}},"from":[7.5,9.72293,1.45388],"rotation":{"angle":-45,"axis":"x","origin":[7.995,14.81691,3.34609]},"to":[8.5,14.72293,3.45388]},{"faces":{"down":{"texture":"#0","uv":[0,0,0,0.75]},"east":{"texture":"#0","uv":[6.5,1,7.25,2.25]},"north":{"texture":"#0","uv":[0,0,0,1.25]},"south":{"texture":"#0","uv":[0,0,0,1.25]},"up":{"texture":"#0","uv":[0,0.75,0,0]},"west":{"texture":"#0","uv":[1.75,6.5,2.5,7.75]}},"from":[8,9.72293,0.95388],"rotation":{"angle":-45,"axis":"x","origin":[7.995,14.81691,3.34609]},"to":[8,14.72293,3.95388]},{"faces":{"down":{"texture":"#0","uv":[0,0,0,0.75]},"east":{"texture":"#0","uv":[2.5,6.5,3.25,7.75]},"north":{"texture":"#0","uv":[0,0,0,1.25]},"south":{"texture":"#0","uv":[0,0,0,1.25]},"up":{"texture":"#0","uv":[0,0.75,0,0]},"west":{"texture":"#0","uv":[5,6.5,5.75,7.75]}},"from":[7.99,12.60246,2.36455],"rotation":{"angle":22.5,"axis":"x","origin":[7.99,16.04224,3.40366]},"to":[7.99,17.60246,5.36455]},{"faces":{"down":{"texture":"#0","uv":[10.5,7,10.25,7.5]},"east":{"texture":"#0","uv":[3.75,8.25,4.25,9.25]},"north":{"texture":"#0","uv":[6.75,9.25,7,10.25]},"south":{"texture":"#0","uv":[7,9.25,7.25,10.25]},"up":{"texture":"#0","uv":[7.25,10.75,7,10.25]},"west":{"texture":"#0","uv":[8.5,0,9,1]}},"from":[7.51,13.12246,2.88455],"rotation":{"angle":22.5,"axis":"x","origin":[7.99,16.04224,3.40366]},"to":[8.47,17.08246,4.84455]},{"faces":{"down":{"texture":"#0","uv":[7.5,10,7.25,10.75]},"east":{"texture":"#0","uv":[8.5,4,9.25,4.5]},"north":{"texture":"#0","uv":[10.25,7.5,10.5,8]},"south":{"texture":"#0","uv":[8,10.25,8.25,10.75]},"up":{"texture":"#0","uv":[10.25,7.75,10,7]},"west":{"texture":"#0","uv":[4.25,8.5,5,9]}},"from":[7.49,15.57775,1.3522],"rotation":{"angle":45,"axis":"x","origin":[7.99,16.04224,3.40366]},"to":[8.49,17.57775,4.3522]},{"faces":{"down":{"texture":"#0","uv":[0,0,0,1.25]},"east":{"texture":"#0","uv":[2,4,3.25,5]},"north":{"texture":"#0","uv":[0,0,0,1]},"south":{"texture":"#0","uv":[0,0,0,1]},"up":{"texture":"#0","uv":[0,1.25,0,0]},"west":{"texture":"#0","uv":[3.25,4,4.5,5]}},"from":[7.99,14.2341,-0.38179],"rotation":{"angle":45,"axis":"x","origin":[7.99,16.04224,3.40366]},"to":[7.99,18.2341,4.61821]},{"faces":{"down":{"texture":"#0","uv":[10.25,7.75,10,8.5]},"east":{"texture":"#0","uv":[8.5,4.5,9.25,5]},"north":{"texture":"#0","uv":[10.25,8,10.5,8.5]},"south":{"texture":"#0","uv":[8.25,10.25,8.5,10.75]},"up":{"texture":"#0","uv":[7.75,10.75,7.5,10]},"west":{"texture":"#0","uv":[8.5,5,9.25,5.5]}},"from":[7.49,15.57775,11.6478],"rotation":{"angle":-45,"axis":"x","origin":[7.99,16.04224,12.59634]},"to":[8.49,17.57775,14.6478]},{"faces":{"down":{"texture":"#0","uv":[0,0,0,1.25]},"east":{"texture":"#0","uv":[0,4.5,1.25,5.5]},"north":{"texture":"#0","uv":[0,0,0,1]},"south":{"texture":"#0","uv":[0,0,0,1]},"up":{"texture":"#0","uv":[0,1.25,0,0]},"west":{"texture":"#0","uv":[4.5,0,5.75,1]}},"from":[7.99,14.2341,11.38179],"rotation":{"angle":-45,"axis":"x","origin":[7.99,16.04224,12.59634]},"to":[7.99,18.2341,16.38179]},{"faces":{"down":{"texture":"#0","uv":[8.5,9.25,8.25,10.25]},"east":{"texture":"#0","uv":[8.5,1,9.5,1.5]},"north":{"texture":"#0","uv":[10.25,8.5,10.5,9]},"south":{"texture":"#0","uv":[10.25,9,10.5,9.5]},"up":{"texture":"#0","uv":[8.25,10.25,8,9.25]},"west":{"texture":"#0","uv":[1.75,8.5,2.75,9]}},"from":[7.5,6.34755,7.66598],"rotation":{"angle":22.5,"axis":"x","origin":[8,7.34755,9.95151]},"to":[8.5,8.34755,11.66598]},{"faces":{"down":{"texture":"#0","uv":[10.75,0.5,10.5,1]},"east":{"texture":"#0","uv":[9.25,7.75,9.75,8.25]},"north":{"texture":"#0","uv":[10.25,9.5,10.5,10]},"south":{"texture":"#0","uv":[10.25,10,10.5,10.5]},"up":{"texture":"#0","uv":[10.75,0.5,10.5,0]},"west":{"texture":"#0","uv":[9.5,0,10,0.5]}},"from":[7.51,5.09499,10.12407],"rotation":{"angle":-22.5,"axis":"x","origin":[8,7.34755,9.85151]},"to":[8.49,7.07499,12.10407]},{"faces":{"down":{"texture":"#0","uv":[0,0,0,0.75]},"east":{"texture":"#0","uv":[7.75,4,8.5,4.75]},"north":{"texture":"#0","uv":[0,0,0,0.75]},"south":{"texture":"#0","uv":[0,0,0,0.75]},"up":{"texture":"#0","uv":[0,0.75,0,0]},"west":{"texture":"#0","uv":[4.75,7.75,5.5,8.5]}},"from":[8,4.58499,9.71407],"rotation":{"angle":-22.5,"axis":"x","origin":[8,7.34755,9.95151]},"to":[8,7.58499,12.71407]},{"faces":{"down":{"texture":"#0","uv":[9.75,3,9.5,4]},"east":{"texture":"#0","uv":[8.5,3,9.5,3.5]},"north":{"texture":"#0","uv":[10.5,1,10.75,1.5]},"south":{"texture":"#0","uv":[10.5,1.5,10.75,2]},"up":{"texture":"#0","uv":[9.75,1.5,9.5,0.5]},"west":{"texture":"#0","uv":[8.5,3.5,9.5,4]}},"from":[7.5,6.34755,4.33402],"rotation":{"angle":-22.5,"axis":"x","origin":[8,7.34755,6.04849]},"to":[8.5,8.34755,8.33402]},{"faces":{"down":{"texture":"#0","uv":[3.5,10.5,3.25,11]},"east":{"texture":"#0","uv":[9.5,1.5,10,2]},"north":{"texture":"#0","uv":[10.5,2,10.75,2.5]},"south":{"texture":"#0","uv":[10.5,2.5,10.75,3]},"up":{"texture":"#0","uv":[10.75,3.5,10.5,3]},"west":{"texture":"#0","uv":[9.5,6.5,10,7]}},"from":[7.51,5.09499,3.89593],"rotation":{"angle":22.5,"axis":"x","origin":[8,7.34755,6.14849]},"to":[8.49,7.07499,5.87593]},{"faces":{"down":{"texture":"#0","uv":[0,0,0,0.75]},"east":{"texture":"#0","uv":[7.75,4.75,8.5,5.5]},"north":{"texture":"#0","uv":[0,0,0,0.75]},"south":{"texture":"#0","uv":[0,0,0,0.75]},"up":{"texture":"#0","uv":[0,0.75,0,0]},"west":{"texture":"#0","uv":[7.75,5.5,8.5,6.25]}},"from":[8,4.58499,3.28593],"rotation":{"angle":22.5,"axis":"x","origin":[8,7.34755,6.04849]},"to":[8,7.58499,6.28593]},{"faces":{"down":{"texture":"#0","uv":[0,0,0,1]},"east":{"texture":"#0","uv":[6.5,2.25,7.5,3]},"north":{"texture":"#0","uv":[0,0,0,0.75]},"south":{"texture":"#0","uv":[0,0,0,0.75]},"up":{"texture":"#0","uv":[0,1,0,0]},"west":{"texture":"#0","uv":[6.25,6.5,7.25,7.25]}},"from":[8,5.84755,4.33402],"rotation":{"angle":-22.5,"axis":"x","origin":[8,7.34755,6.04849]},"to":[8,8.84755,8.33402]},{"faces":{"down":{"texture":"#0","uv":[0,0,0,1]},"east":{"texture":"#0","uv":[6.75,0,7.75,0.75]},"north":{"texture":"#0","uv":[0,0,0,0.75]},"south":{"texture":"#0","uv":[0,0,0,0.75]},"up":{"texture":"#0","uv":[0,1,0,0]},"west":{"texture":"#0","uv":[6.75,4,7.75,4.75]}},"from":[8,5.84755,7.66598],"rotation":{"angle":22.5,"axis":"x","origin":[8,7.34755,9.95151]},"to":[8,8.84755,11.66598]},{"faces":{"down":{"texture":"#0","uv":[10,8.25,9.5,8.75]},"east":{"texture":"#0","uv":[1.25,4.5,1.75,7]},"north":{"texture":"#0","uv":[4.5,1,5,3.5]},"south":{"texture":"#0","uv":[4.5,3.5,5,6]},"up":{"texture":"#0","uv":[7.75,10,7.25,9.5]},"west":{"texture":"#0","uv":[5,1,5.5,3.5]}},"from":[6.7,-5.35,6.7],"rotation":{"angle":0,"axis":"y","origin":[8,-0.05,8]},"to":[9.3,5.25,9.3]},{"faces":{"down":{"texture":"#0","uv":[10.75,3.5,10.5,4]},"east":{"texture":"#0","uv":[5,8.5,5.5,9.25]},"north":{"texture":"#0","uv":[10,8.5,10.25,9.25]},"south":{"texture":"#0","uv":[9,10,9.25,10.75]},"up":{"texture":"#0","uv":[3.75,11,3.5,10.5]},"west":{"texture":"#0","uv":[8.5,5.5,9,6.25]}},"from":[7.5,6.85784,5.78677],"rotation":{"angle":45,"axis":"x","origin":[8,5.67157,8.5]},"to":[8.5,9.85784,7.78677]},{"faces":{"down":{"texture":"#0","uv":[0.75,7.75,0.5,8]},"east":{"texture":"#0","uv":[7,0.75,7.25,1]},"north":{"texture":"#0","uv":[6.75,0.75,7,1]},"south":{"texture":"#0","uv":[7,3,7.25,3.25]},"up":{"texture":"#0","uv":[7.5,3.25,7.25,3]},"west":{"texture":"#0","uv":[7.25,2,7.5,2.25]}},"from":[7.5,5.85784,6.78677],"rotation":{"angle":45,"axis":"x","origin":[8,5.67157,8.5]},"to":[8.5,6.85784,7.78677]},{"faces":{"down":{"texture":"#0","uv":[10,9.5,9.5,10]},"east":{"texture":"#0","uv":[8.5,6.25,9,7]},"north":{"texture":"#0","uv":[6.25,8.5,6.75,9.25]},"south":{"texture":"#0","uv":[6.75,8.5,7.25,9.25]},"up":{"texture":"#0","uv":[9.5,10,9,9.5]},"west":{"texture":"#0","uv":[8.5,7,9,7.75]}},"from":[7.01,5.87457,5.11558],"rotation":{"angle":-22.5,"axis":"x","origin":[8,8.36457,6.10558]},"to":[8.99,8.85457,7.09558]},{"faces":{"down":{"texture":"#0","uv":[9,8.25,8.5,9]},"east":{"texture":"#0","uv":[7.25,8.5,8,9]},"north":{"texture":"#0","uv":[0,9.75,0.5,10.25]},"south":{"texture":"#0","uv":[0.5,9.75,1,10.25]},"up":{"texture":"#0","uv":[8.5,9.25,8,8.5]},"west":{"texture":"#0","uv":[8.5,7.75,9.25,8.25]}},"from":[6.99,8.74894,2.97705],"rotation":{"angle":22.5,"axis":"x","origin":[8,9.75894,4.48705]},"to":[9.01,10.76894,5.99705]},{"faces":{"down":{"texture":"#0","uv":[0.5,9,0,9.75]},"east":{"texture":"#0","uv":[0.5,8.75,1.25,9.25]},"north":{"texture":"#0","uv":[9.75,0.5,10.25,1]},"south":{"texture":"#0","uv":[1,9.75,1.5,10.25]},"up":{"texture":"#0","uv":[9.25,2.75,8.75,2]},"west":{"texture":"#0","uv":[8.75,1.5,9.5,2]}},"from":[6.99,8.74894,10.00295],"rotation":{"angle":-22.5,"axis":"x","origin":[8,9.75894,11.51295]},"to":[9.01,10.76894,13.02295]},{"faces":{"down":{"texture":"#0","uv":[2,9.75,1.5,10.25]},"east":{"texture":"#0","uv":[1.75,9,2.25,9.75]},"north":{"texture":"#0","uv":[9,0,9.5,0.75]},"south":{"texture":"#0","uv":[2.25,9,2.75,9.75]},"up":{"texture":"#0","uv":[10.25,1.5,9.75,1]},"west":{"texture":"#0","uv":[4.25,9,4.75,9.75]}},"from":[7.01,5.95069,8.52174],"rotation":{"angle":22.5,"axis":"x","origin":[8,7.44069,9.51174]},"to":[8.99,8.93069,10.50174]},{"faces":{"down":{"texture":"#0","uv":[10.25,2,9.75,2.5]},"east":{"texture":"#0","uv":[7.25,4.75,7.75,6]},"north":{"texture":"#0","uv":[4.25,7.25,4.75,8.5]},"south":{"texture":"#0","uv":[7.25,6,7.75,7.25]},"up":{"texture":"#0","uv":[2.5,10.25,2,9.75]},"west":{"texture":"#0","uv":[6.25,7.25,6.75,8.5]}},"from":[7.01,8.10143,6.14499],"rotation":{"angle":-22.5,"axis":"x","origin":[8,9.59143,7.13499]},"to":[8.99,13.08143,8.12499]},{"faces":{"down":{"texture":"#0","uv":[10.25,3,9.75,3.5]},"east":{"texture":"#0","uv":[7.25,7.25,7.75,8.5]},"north":{"texture":"#0","uv":[6.75,7.25,7.25,8.5]},"south":{"texture":"#0","uv":[7.5,2,8,3.25]},"up":{"texture":"#0","uv":[10.25,3,9.75,2.5]},"west":{"texture":"#0","uv":[0,7.75,0.5,9]}},"from":[7.01,8.10143,7.87501],"rotation":{"angle":22.5,"axis":"x","origin":[8,9.59143,8.86501]},"to":[8.99,13.08143,9.85501]},{"faces":{"down":{"texture":"#0","uv":[3.25,9.75,3,10.75]},"east":{"texture":"#0","uv":[5,5.5,6,6.5]},"north":{"texture":"#0","uv":[6,9.5,6.25,10.5]},"south":{"texture":"#0","uv":[7.75,9.5,8,10.5]},"up":{"texture":"#0","uv":[2.75,10.75,2.5,9.75]},"west":{"texture":"#0","uv":[5.75,0,6.75,1]}},"from":[8.5,5.85784,3.66294],"rotation":{"angle":45,"axis":"x","origin":[8,5.67157,8.37617]},"to":[9.5,9.85784,7.66294]},{"faces":{"down":{"texture":"#0","uv":[4.5,9.75,4.25,10.75]},"east":{"texture":"#0","uv":[6,3,7,4]},"north":{"texture":"#0","uv":[9.75,3.5,10,4.5]},"south":{"texture":"#0","uv":[3.75,9.75,4,10.75]},"up":{"texture":"#0","uv":[4.25,10.75,4,9.75]},"west":{"texture":"#0","uv":[3.25,6,4.25,7]}},"from":[6.5,5.85784,3.66294],"rotation":{"angle":45,"axis":"x","origin":[8,5.67157,8.37617]},"to":[7.5,9.85784,7.66294]},{"faces":{"down":{"texture":"#0","uv":[9.5,6.5,9,7.25]},"east":{"texture":"#0","uv":[9,5.5,9.75,6]},"north":{"texture":"#0","uv":[9.75,4.5,10.25,5]},"south":{"texture":"#0","uv":[5,9.75,5.5,10.25]},"up":{"texture":"#0","uv":[6,9.75,5.5,9]},"west":{"texture":"#0","uv":[9,6,9.75,6.5]}},"from":[7.01,-8.85457,4.11558],"rotation":{"angle":22.5,"axis":"x","origin":[8,-9.36457,6.10558]},"to":[8.99,-6.87457,7.09558]},{"faces":{"down":{"texture":"#0","uv":[9,9,8.5,9.75]},"east":{"texture":"#0","uv":[7.25,9,8,9.5]},"north":{"texture":"#0","uv":[9.75,5,10.25,5.5]},"south":{"texture":"#0","uv":[5.5,9.75,6,10.25]},"up":{"texture":"#0","uv":[9.5,9,9,8.25]},"west":{"texture":"#0","uv":[9,7.25,9.75,7.75]}},"from":[7.01,-8.85457,8.90442],"rotation":{"angle":-22.5,"axis":"x","origin":[8,-9.36457,9.89442]},"to":[8.99,-6.87457,11.88442]},{"faces":{"down":{"texture":"#0","uv":[10.25,9.25,10,10]},"east":{"texture":"#0","uv":[9,9,9.75,9.5]},"north":{"texture":"#0","uv":[10.5,4,10.75,4.5]},"south":{"texture":"#0","uv":[4.5,10.5,4.75,11]},"up":{"texture":"#0","uv":[9.5,10.75,9.25,10]},"west":{"texture":"#0","uv":[0.5,9.25,1.25,9.75]}},"from":[7.5,5.85784,3.78677],"rotation":{"angle":45,"axis":"x","origin":[8,5.67157,8.5]},"to":[8.5,7.85784,6.78677]},{"faces":{"down":{"texture":"#0","uv":[0.25,10.25,0,11]},"east":{"texture":"#0","uv":[7.75,6.25,8.5,7]},"north":{"texture":"#0","uv":[9.5,10,9.75,10.75]},"south":{"texture":"#0","uv":[9.75,10,10,10.75]},"up":{"texture":"#0","uv":[10.25,10.75,10,10]},"west":{"texture":"#0","uv":[7.75,7,8.5,7.75]}},"from":[7.5,-6.14216,16.66294],"rotation":{"angle":45,"axis":"x","origin":[8,5.67157,8.37617]},"to":[8.5,-3.14216,19.66294]},{"faces":{"down":{"texture":"#0","uv":[1,10.25,0.75,11]},"east":{"texture":"#0","uv":[7.75,7.75,8.5,8.5]},"north":{"texture":"#0","uv":[10.25,0,10.5,0.75]},"south":{"texture":"#0","uv":[0.25,10.25,0.5,11]},"up":{"texture":"#0","uv":[0.75,11,0.5,10.25]},"west":{"texture":"#0","uv":[0.5,8,1.25,8.75]}},"from":[8.5,-6.14216,16.66294],"rotation":{"angle":45,"axis":"x","origin":[8,5.67157,8.37617]},"to":[9.5,-3.14216,19.66294]},{"faces":{"down":{"texture":"#0","uv":[1.75,10.25,1.5,11]},"east":{"texture":"#0","uv":[8,1.5,8.75,2.25]},"north":{"texture":"#0","uv":[10.25,0.75,10.5,1.5]},"south":{"texture":"#0","uv":[1,10.25,1.25,11]},"up":{"texture":"#0","uv":[1.5,11,1.25,10.25]},"west":{"texture":"#0","uv":[8,2.25,8.75,3]}},"from":[6.5,-6.14216,16.66294],"rotation":{"angle":45,"axis":"x","origin":[8,5.67157,8.37617]},"to":[7.5,-3.14216,19.66294]},{"faces":{"down":{"texture":"#1","uv":[6,6,4.5,7.5]},"east":{"texture":"#1","uv":[8.25,0.75,9.75,1.5]},"north":{"texture":"#1","uv":[8.25,0,9.75,0.75]},"south":{"texture":"#1","uv":[1.5,8.25,3,9]},"up":{"texture":"#1","uv":[6,6,4.5,4.5]},"west":{"texture":"#1","uv":[8.25,1.5,9.75,2.25]}},"from":[5,3,5],"rotation":{"angle":0,"axis":"y","origin":[8,4.5,8]},"to":[11,6,11]},{"faces":{"down":{"texture":"#1","uv":[2.25,2.25,0,4.5]},"east":{"texture":"#1","uv":[0,0,2.25,0]},"north":{"texture":"#1","uv":[0,0,2.25,0]},"south":{"texture":"#1","uv":[0,0,2.25,0]},"up":{"texture":"#1","uv":[2.25,2.25,0,0]},"west":{"texture":"#1","uv":[0,0,2.25,0]}},"from":[3.5,4.5,3.5],"rotation":{"angle":0,"axis":"y","origin":[8,4.5,8]},"to":[12.5,4.5,12.5]},{"faces":{"down":{"texture":"#1","uv":[8.25,0,6.75,1.5]},"east":{"texture":"#1","uv":[3,9,4.5,9.75]},"north":{"texture":"#1","uv":[1.5,9,3,9.75]},"south":{"texture":"#1","uv":[4.5,9,6,9.75]},"up":{"texture":"#1","uv":[1.5,8.25,0,6.75]},"west":{"texture":"#1","uv":[9,4.5,10.5,5.25]}},"from":[5,3,5],"rotation":{"angle":-22.5,"axis":"y","origin":[8,4.5,8]},"to":[11,6,11]},{"faces":{"down":{"texture":"#1","uv":[8.25,1.5,6.75,3]},"east":{"texture":"#1","uv":[6,9,7.5,9.75]},"north":{"texture":"#1","uv":[9,5.25,10.5,6]},"south":{"texture":"#1","uv":[9,6,10.5,6.75]},"up":{"texture":"#1","uv":[3,8.25,1.5,6.75]},"west":{"texture":"#1","uv":[9,6.75,10.5,7.5]}},"from":[11,3,5],"rotation":{"angle":-22.5,"axis":"y","origin":[8,4.5,8]},"to":[5,6,11]},{"faces":{"down":{"texture":"#1","uv":[4.5,2.25,2.25,4.5]},"east":{"texture":"#1","uv":[0,0,2.25,0]},"north":{"texture":"#1","uv":[0,0,2.25,0]},"south":{"texture":"#1","uv":[0,0,2.25,0]},"up":{"texture":"#1","uv":[4.5,2.25,2.25,0]},"west":{"texture":"#1","uv":[0,0,2.25,0]}},"from":[3.5,4.5,3.5],"rotation":{"angle":-22.5,"axis":"y","origin":[8,4.5,8]},"to":[12.5,4.5,12.5]},{"faces":{"down":{"texture":"#1","uv":[8.25,3,6.75,4.5]},"east":{"texture":"#1","uv":[9,7.5,10.5,8.25]},"north":{"texture":"#1","uv":[7.5,9,9,9.75]},"south":{"texture":"#1","uv":[9,8.25,10.5,9]},"up":{"texture":"#1","uv":[4.5,8.25,3,6.75]},"west":{"texture":"#1","uv":[9,9,10.5,9.75]}},"from":[5,3,5],"rotation":{"angle":-45,"axis":"y","origin":[8,4.5,8]},"to":[11,6,11]},{"faces":{"down":{"texture":"#1","uv":[9,4.5,7.5,6]},"east":{"texture":"#1","uv":[9.75,0,11.25,0.75]},"north":{"texture":"#1","uv":[0,9.75,1.5,10.5]},"south":{"texture":"#1","uv":[9.75,0.75,11.25,1.5]},"up":{"texture":"#1","uv":[6,9,4.5,7.5]},"west":{"texture":"#1","uv":[1.5,9.75,3,10.5]}},"from":[11,3,5],"rotation":{"angle":-45,"axis":"y","origin":[8,4.5,8]},"to":[5,6,11]},{"faces":{"down":{"texture":"#1","uv":[6.75,0,4.5,2.25]},"east":{"texture":"#1","uv":[0,0,2.25,0]},"north":{"texture":"#1","uv":[0,0,2.25,0]},"south":{"texture":"#1","uv":[0,0,2.25,0]},"up":{"texture":"#1","uv":[2.25,6.75,0,4.5]},"west":{"texture":"#1","uv":[0,0,2.25,0]}},"from":[3.5,4.5,3.5],"rotation":{"angle":-45,"axis":"y","origin":[8,4.5,8]},"to":[12.5,4.5,12.5]},{"faces":{"down":{"texture":"#1","uv":[9,6,7.5,7.5]},"east":{"texture":"#1","uv":[9.75,2.25,11.25,3]},"north":{"texture":"#1","uv":[9.75,1.5,11.25,2.25]},"south":{"texture":"#1","uv":[3,9.75,4.5,10.5]},"up":{"texture":"#1","uv":[7.5,9,6,7.5]},"west":{"texture":"#1","uv":[9.75,3,11.25,3.75]}},"from":[5,3,5],"rotation":{"angle":22.5,"axis":"y","origin":[8,4.5,8]},"to":[11,6,11]},{"faces":{"down":{"texture":"#1","uv":[1.5,8.25,0,9.75]},"east":{"texture":"#1","uv":[4.5,9.75,6,10.5]},"north":{"texture":"#1","uv":[9.75,3.75,11.25,4.5]},"south":{"texture":"#1","uv":[6,9.75,7.5,10.5]},"up":{"texture":"#1","uv":[9,9,7.5,7.5]},"west":{"texture":"#1","uv":[7.5,9.75,9,10.5]}},"from":[5,3,11],"rotation":{"angle":22.5,"axis":"y","origin":[8,4.5,8]},"to":[11,6,5]},{"faces":{"down":{"texture":"#1","uv":[6.75,2.25,4.5,4.5]},"east":{"texture":"#1","uv":[0,0,2.25,0]},"north":{"texture":"#1","uv":[0,0,2.25,0]},"south":{"texture":"#1","uv":[0,0,2.25,0]},"up":{"texture":"#1","uv":[4.5,6.75,2.25,4.5]},"west":{"texture":"#1","uv":[0,0,2.25,0]}},"from":[3.5,4.5,3.5],"rotation":{"angle":22.5,"axis":"y","origin":[8,4.5,8]},"to":[12.5,4.5,12.5]},{"faces":{"down":{"texture":"#1","uv":[6,6,4.5,7.5]},"east":{"texture":"#1","uv":[8.25,0.75,9.75,1.5]},"north":{"texture":"#1","uv":[8.25,0,9.75,0.75]},"south":{"texture":"#1","uv":[1.5,8.25,3,9]},"up":{"texture":"#1","uv":[6,6,4.5,4.5]},"west":{"texture":"#1","uv":[8.25,1.5,9.75,2.25]}},"from":[5,-7,5],"rotation":{"angle":0,"axis":"y","origin":[8,-5.5,8]},"to":[11,-4,11]},{"faces":{"down":{"texture":"#1","uv":[7.5,6,6,7.5]},"east":{"texture":"#1","uv":[3,8.25,4.5,9]},"north":{"texture":"#1","uv":[8.25,2.25,9.75,3]},"south":{"texture":"#1","uv":[8.25,3,9.75,3.75]},"up":{"texture":"#1","uv":[7.5,6,6,4.5]},"west":{"texture":"#1","uv":[8.25,3.75,9.75,4.5]}},"from":[11,-7,5],"rotation":{"angle":0,"axis":"y","origin":[8,-5.5,8]},"to":[5,-4,11]},{"faces":{"down":{"texture":"#1","uv":[2.25,2.25,0,4.5]},"east":{"texture":"#1","uv":[0,0,2.25,0]},"north":{"texture":"#1","uv":[0,0,2.25,0]},"south":{"texture":"#1","uv":[0,0,2.25,0]},"up":{"texture":"#1","uv":[2.25,2.25,0,0]},"west":{"texture":"#1","uv":[0,0,2.25,0]}},"from":[3.5,-5.5,3.5],"rotation":{"angle":0,"axis":"y","origin":[8,-5.5,8]},"to":[12.5,-5.5,12.5]},{"faces":{"down":{"texture":"#1","uv":[8.25,0,6.75,1.5]},"east":{"texture":"#1","uv":[3,9,4.5,9.75]},"north":{"texture":"#1","uv":[1.5,9,3,9.75]},"south":{"texture":"#1","uv":[4.5,9,6,9.75]},"up":{"texture":"#1","uv":[1.5,8.25,0,6.75]},"west":{"texture":"#1","uv":[9,4.5,10.5,5.25]}},"from":[5,-7,5],"rotation":{"angle":-22.5,"axis":"y","origin":[8,-5.5,8]},"to":[11,-4,11]},{"faces":{"down":{"texture":"#1","uv":[8.25,1.5,6.75,3]},"east":{"texture":"#1","uv":[6,9,7.5,9.75]},"north":{"texture":"#1","uv":[9,5.25,10.5,6]},"south":{"texture":"#1","uv":[9,6,10.5,6.75]},"up":{"texture":"#1","uv":[3,8.25,1.5,6.75]},"west":{"texture":"#1","uv":[9,6.75,10.5,7.5]}},"from":[11,-7,5],"rotation":{"angle":-22.5,"axis":"y","origin":[8,-5.5,8]},"to":[5,-4,11]},{"faces":{"down":{"texture":"#1","uv":[4.5,2.25,2.25,4.5]},"east":{"texture":"#1","uv":[0,0,2.25,0]},"north":{"texture":"#1","uv":[0,0,2.25,0]},"south":{"texture":"#1","uv":[0,0,2.25,0]},"up":{"texture":"#1","uv":[4.5,2.25,2.25,0]},"west":{"texture":"#1","uv":[0,0,2.25,0]}},"from":[3.5,-5.5,3.5],"rotation":{"angle":-22.5,"axis":"y","origin":[8,-5.5,8]},"to":[12.5,-5.5,12.5]},{"faces":{"down":{"texture":"#1","uv":[8.25,3,6.75,4.5]},"east":{"texture":"#1","uv":[9,7.5,10.5,8.25]},"north":{"texture":"#1","uv":[7.5,9,9,9.75]},"south":{"texture":"#1","uv":[9,8.25,10.5,9]},"up":{"texture":"#1","uv":[4.5,8.25,3,6.75]},"west":{"texture":"#1","uv":[9,9,10.5,9.75]}},"from":[5,-7,5],"rotation":{"angle":-45,"axis":"y","origin":[8,-5.5,8]},"to":[11,-4,11]},{"faces":{"down":{"texture":"#1","uv":[9,4.5,7.5,6]},"east":{"texture":"#1","uv":[9.75,0,11.25,0.75]},"north":{"texture":"#1","uv":[0,9.75,1.5,10.5]},"south":{"texture":"#1","uv":[9.75,0.75,11.25,1.5]},"up":{"texture":"#1","uv":[6,9,4.5,7.5]},"west":{"texture":"#1","uv":[1.5,9.75,3,10.5]}},"from":[11,-7,5],"rotation":{"angle":-45,"axis":"y","origin":[8,-5.5,8]},"to":[5,-4,11]},{"faces":{"down":{"texture":"#1","uv":[6.75,0,4.5,2.25]},"east":{"texture":"#1","uv":[0,0,2.25,0]},"north":{"texture":"#1","uv":[0,0,2.25,0]},"south":{"texture":"#1","uv":[0,0,2.25,0]},"up":{"texture":"#1","uv":[2.25,6.75,0,4.5]},"west":{"texture":"#1","uv":[0,0,2.25,0]}},"from":[3.5,-5.5,3.5],"rotation":{"angle":-45,"axis":"y","origin":[8,-5.5,8]},"to":[12.5,-5.5,12.5]},{"faces":{"down":{"texture":"#1","uv":[9,6,7.5,7.5]},"east":{"texture":"#1","uv":[9.75,2.25,11.25,3]},"north":{"texture":"#1","uv":[9.75,1.5,11.25,2.25]},"south":{"texture":"#1","uv":[3,9.75,4.5,10.5]},"up":{"texture":"#1","uv":[7.5,9,6,7.5]},"west":{"texture":"#1","uv":[9.75,3,11.25,3.75]}},"from":[5,-7,5],"rotation":{"angle":22.5,"axis":"y","origin":[8,-5.5,8]},"to":[11,-4,11]},{"faces":{"down":{"texture":"#1","uv":[1.5,8.25,0,9.75]},"east":{"texture":"#1","uv":[4.5,9.75,6,10.5]},"north":{"texture":"#1","uv":[9.75,3.75,11.25,4.5]},"south":{"texture":"#1","uv":[6,9.75,7.5,10.5]},"up":{"texture":"#1","uv":[9,9,7.5,7.5]},"west":{"texture":"#1","uv":[7.5,9.75,9,10.5]}},"from":[5,-7,11],"rotation":{"angle":22.5,"axis":"y","origin":[8,-5.5,8]},"to":[11,-4,5]},{"faces":{"down":{"texture":"#1","uv":[6.75,2.25,4.5,4.5]},"east":{"texture":"#1","uv":[0,0,2.25,0]},"north":{"texture":"#1","uv":[0,0,2.25,0]},"south":{"texture":"#1","uv":[0,0,2.25,0]},"up":{"texture":"#1","uv":[4.5,6.75,2.25,4.5]},"west":{"texture":"#1","uv":[0,0,2.25,0]}},"from":[3.5,-5.5,3.5],"rotation":{"angle":22.5,"axis":"y","origin":[8,-5.5,8]},"to":[12.5,-5.5,12.5]}],"gui_light":"front","texture_size":[64,64],"textures":{"0":"civilization:item/tools/poseidon_trident/guardian/default","1":"civilization:item/tools/poseidon_trident/guardian/anim","particle":"civilization:item/tools/poseidon_trident/guardian/default"}}