{"display":{"firstperson_lefthand":{"rotation":[16,21,47],"scale":[0.8,0.8,0.8],"translation":[-2.25,-0.75,0]},"firstperson_righthand":{"rotation":[15,-9,51],"scale":[0.7,0.7,0.7],"translation":[2.75,0.75,0.25]},"fixed":{"rotation":[-90,-135,0],"scale":[0.6,0.6,0.6]},"ground":{"rotation":[11,0,19],"scale":[0.5,0.5,0.5],"translation":[0,-1.25,0]},"gui":{"rotation":[90,-45,0],"scale":[0.75,0.75,0.75],"translation":[0.5,0.5,0]},"head":{"rotation":[0,0,45],"translation":[0,-1.5,0]},"thirdperson_lefthand":{"scale":[0.8,0.8,0.8],"translation":[0,-0.75,-1.5]},"thirdperson_righthand":{"rotation":[0,0,44],"scale":[0.9,0.9,0.9],"translation":[1.25,-0.75,-4.25]}},"elements":[{"faces":{"down":{"rotation":90,"texture":"#0","uv":[8.25,4.75,6.5,5]},"east":{"texture":"#0","uv":[0,0,1.75,0]},"north":{"texture":"#0","uv":[0,0,0.25,0]},"south":{"texture":"#0","uv":[0,0,0.25,0]},"up":{"rotation":90,"texture":"#0","uv":[6.5,4.75,8.25,5]},"west":{"texture":"#0","uv":[0,0,1.75,0]}},"from":[1.32836,10.3,3.42597],"rotation":{"angle":45,"axis":"y","origin":[5.22836,10.3,6.42597]},"to":[2.32836,10.3,11.42597]},{"faces":{"down":{"rotation":90,"texture":"#0","uv":[8.25,4.75,6.5,5]},"east":{"texture":"#0","uv":[1.75,0,0,0]},"north":{"texture":"#0","uv":[0.25,0,0,0]},"south":{"texture":"#0","uv":[0.25,0,0,0]},"up":{"rotation":90,"texture":"#0","uv":[6.5,4.75,8.25,5]},"west":{"texture":"#0","uv":[1.75,0,0,0]}},"from":[13.67164,10.3,3.42597],"rotation":{"angle":-45,"axis":"y","origin":[10.77164,10.3,6.42597]},"to":[14.67164,10.3,11.42597]},{"faces":{"down":{"texture":"#0","uv":[0,0,0,1.75]},"east":{"texture":"#0","uv":[8.25,4.75,6.5,5]},"north":{"texture":"#0","uv":[0,0,0,0.25]},"south":{"texture":"#0","uv":[0,0,0,0.25]},"up":{"texture":"#0","uv":[0,1.75,0,0]},"west":{"texture":"#0","uv":[6.5,4.75,8.25,5]}},"from":[8,7.64016,2.79161],"rotation":{"angle":-45,"axis":"x","origin":[8,10.3,10.95146]},"to":[8,8.64016,10.79161]},{"faces":{"down":{"texture":"#0","uv":[0,0,0,1.75]},"east":{"texture":"#0","uv":[8.25,4.75,6.5,5]},"north":{"texture":"#0","uv":[0,0,0,0.25]},"south":{"texture":"#0","uv":[0,0,0,0.25]},"up":{"texture":"#0","uv":[0,1.75,0,0]},"west":{"texture":"#0","uv":[6.5,4.75,8.25,5]}},"from":[8,11.95984,2.79161],"rotation":{"angle":45,"axis":"x","origin":[8,10.3,10.95146]},"to":[8,12.95984,10.79161]},{"faces":{"down":{"texture":"#0","uv":[6,1.5,5,2]},"east":{"texture":"#0","uv":[7.5,7.5,8,8]},"north":{"texture":"#0","uv":[4.75,0,5.75,0.5]},"south":{"texture":"#0","uv":[5,0.5,6,1]},"up":{"texture":"#0","uv":[6,1.5,5,1]},"west":{"texture":"#0","uv":[7.75,0.25,8.25,0.75]}},"from":[3.28256,9.3,3.993],"rotation":{"angle":0,"axis":"y","origin":[3.53426,10.3,5.24709]},"to":[7.28256,11.3,5.993]},{"faces":{"down":{"texture":"#0","uv":[3,8.75,2.5,9.25]},"east":{"texture":"#0","uv":[8.75,0,9.25,0.5]},"north":{"texture":"#0","uv":[8.5,8.5,9,9]},"south":{"texture":"#0","uv":[8.75,0.5,9.25,1]},"up":{"texture":"#0","uv":[2.5,9.25,2,8.75]},"west":{"texture":"#0","uv":[8.75,1,9.25,1.5]}},"from":[5.18256,9.2,3.893],"rotation":{"angle":0,"axis":"y","origin":[3.53426,10.3,5.24709]},"to":[7.38256,11.4,6.093]},{"faces":{"down":{"texture":"#0","uv":[6,7.75,5.5,8.25]},"east":{"texture":"#0","uv":[3.25,7.75,3.75,8.25]},"north":{"texture":"#0","uv":[7.75,2.75,8.25,3.25]},"south":{"texture":"#0","uv":[7.75,3.25,8.25,3.75]},"up":{"texture":"#0","uv":[5.5,8.25,5,7.75]},"west":{"texture":"#0","uv":[7.75,3.75,8.25,4.25]}},"from":[1.57717,9.29,4.02254],"rotation":{"angle":-22.5,"axis":"y","origin":[3.53426,10.3,5.24709]},"to":[3.59717,11.31,6.04254]},{"faces":{"down":{"texture":"#0","uv":[6.5,3.5,5.5,4]},"east":{"texture":"#0","uv":[8,6.5,8.5,7]},"north":{"texture":"#0","uv":[5.5,2,6.5,2.5]},"south":{"texture":"#0","uv":[5.5,2.5,6.5,3]},"up":{"texture":"#0","uv":[6.5,3.5,5.5,3]},"west":{"texture":"#0","uv":[8,7,8.5,7.5]}},"from":[8.61744,9.3,3.993],"rotation":{"angle":0,"axis":"y","origin":[12.36574,10.3,5.24709]},"to":[12.61744,11.3,5.993]},{"faces":{"down":{"texture":"#0","uv":[9.25,5.5,8.75,6]},"east":{"texture":"#0","uv":[4.5,8.75,5,9.25]},"north":{"texture":"#0","uv":[8.75,4,9.25,4.5]},"south":{"texture":"#0","uv":[5,8.75,5.5,9.25]},"up":{"texture":"#0","uv":[6,9.25,5.5,8.75]},"west":{"texture":"#0","uv":[8.75,5,9.25,5.5]}},"from":[8.51744,9.2,3.893],"rotation":{"angle":0,"axis":"y","origin":[12.36574,10.3,5.24709]},"to":[10.71744,11.4,6.093]},{"faces":{"down":{"texture":"#0","uv":[8.5,6,8,6.5]},"east":{"texture":"#0","uv":[1,8,1.5,8.5]},"north":{"texture":"#0","uv":[0.5,8,1,8.5]},"south":{"texture":"#0","uv":[1.5,8,2,8.5]},"up":{"texture":"#0","uv":[8.5,6,8,5.5]},"west":{"texture":"#0","uv":[8,5,8.5,5.5]}},"from":[12.30283,9.29,4.02254],"rotation":{"angle":22.5,"axis":"y","origin":[12.36574,10.3,5.24709]},"to":[14.32283,11.31,6.04254]},{"faces":{"down":{"texture":"#0","uv":[0.5,5.5,0,6.5]},"east":{"texture":"#0","uv":[1.25,5.25,2.25,5.75]},"north":{"texture":"#0","uv":[6,7.75,6.5,8.25]},"south":{"texture":"#0","uv":[6.5,7.75,7,8.25]},"up":{"texture":"#0","uv":[5.75,6,5.25,5]},"west":{"texture":"#0","uv":[2.75,5.25,3.75,5.75]}},"from":[12.62941,9.3,4.87011],"rotation":{"angle":45,"axis":"y","origin":[12.36574,10.3,5.24709]},"to":[14.62941,11.3,8.87011]},{"faces":{"down":{"texture":"#0","uv":[4.25,7.5,4,8.75]},"east":{"texture":"#0","uv":[3,2,4.25,2.5]},"north":{"texture":"#0","uv":[5.5,9.25,5.75,9.75]},"south":{"texture":"#0","uv":[9.25,5.5,9.5,6]},"up":{"texture":"#0","uv":[7.75,4,7.5,2.75]},"west":{"texture":"#0","uv":[3.5,0,4.75,0.5]}},"from":[13.52941,9.2,4.77011],"rotation":{"angle":45,"axis":"y","origin":[12.36574,10.3,5.24709]},"to":[14.72941,11.4,9.97011]},{"faces":{"down":{"texture":"#0","uv":[3.75,5.75,3.25,6.75]},"east":{"texture":"#0","uv":[5.75,0,6.75,0.5]},"north":{"texture":"#0","uv":[8.25,2.75,8.75,3.25]},"south":{"texture":"#0","uv":[3,8.25,3.5,8.75]},"up":{"texture":"#0","uv":[3.25,6.75,2.75,5.75]},"west":{"texture":"#0","uv":[1,5.75,2,6.25]}},"from":[1.27059,9.3,4.87011],"rotation":{"angle":-45,"axis":"y","origin":[3.53426,10.3,5.24709]},"to":[3.27059,11.3,8.87011]},{"faces":{"down":{"texture":"#0","uv":[7.25,7.25,7,8.5]},"east":{"texture":"#0","uv":[2.5,2.5,3.75,3]},"north":{"texture":"#0","uv":[4.75,9.25,5,9.75]},"south":{"texture":"#0","uv":[9.25,4.75,9.5,5.25]},"up":{"texture":"#0","uv":[7.5,8,7.25,6.75]},"west":{"texture":"#0","uv":[3,1.5,4.25,2]}},"from":[1.17059,9.2,4.77011],"rotation":{"angle":-45,"axis":"y","origin":[3.53426,10.3,5.24709]},"to":[2.37059,11.4,9.97011]},{"faces":{"down":{"texture":"#0","uv":[3.25,7.75,2.75,8.25]},"east":{"texture":"#0","uv":[5,4,5.5,5]},"north":{"texture":"#0","uv":[5,3,5.5,4]},"south":{"texture":"#0","uv":[4.25,5,4.75,6]},"up":{"texture":"#0","uv":[2.5,8.25,2,7.75]},"west":{"texture":"#0","uv":[4.75,5,5.25,6]}},"from":[7,5.68256,3.993],"rotation":{"angle":0,"axis":"y","origin":[8,5.93426,5.24709]},"to":[9,9.68256,5.993]},{"faces":{"down":{"texture":"#0","uv":[8,7,7.5,7.5]},"east":{"texture":"#0","uv":[7.5,5,8,5.5]},"north":{"texture":"#0","uv":[3.75,2.5,4.25,3]},"south":{"texture":"#0","uv":[7.5,5.5,8,6]},"up":{"texture":"#0","uv":[8,7,7.5,6.5]},"west":{"texture":"#0","uv":[7.5,6,8,6.5]}},"from":[6.9,7.58256,3.893],"rotation":{"angle":0,"axis":"y","origin":[8,5.93426,5.24709]},"to":[9.1,9.78256,6.093]},{"faces":{"down":{"texture":"#0","uv":[8.25,1.25,7.75,1.75]},"east":{"texture":"#0","uv":[0.75,4.75,1.25,5.75]},"north":{"texture":"#0","uv":[3.75,4.5,4.25,5.5]},"south":{"texture":"#0","uv":[5,2,5.5,3]},"up":{"texture":"#0","uv":[8.25,1.25,7.75,0.75]},"west":{"texture":"#0","uv":[2.25,5,2.75,6]}},"from":[7,10.91744,3.993],"rotation":{"angle":0,"axis":"y","origin":[8,14.66574,5.24709]},"to":[9,14.91744,5.993]},{"faces":{"down":{"texture":"#0","uv":[4.5,8.75,4,9.25]},"east":{"texture":"#0","uv":[3,8.75,3.5,9.25]},"north":{"texture":"#0","uv":[8.75,2.5,9.25,3]},"south":{"texture":"#0","uv":[8.75,3,9.25,3.5]},"up":{"texture":"#0","uv":[9.25,4,8.75,3.5]},"west":{"texture":"#0","uv":[3.5,8.75,4,9.25]}},"from":[6.9,10.81744,3.893],"rotation":{"angle":0,"axis":"y","origin":[8,14.66574,5.24709]},"to":[9.1,13.01744,6.093]},{"faces":{"down":{"texture":"#0","uv":[1,5.75,0.5,6.75]},"east":{"texture":"#0","uv":[5.5,4,6.5,4.5]},"north":{"texture":"#0","uv":[2,8.25,2.5,8.75]},"south":{"texture":"#0","uv":[2.5,8.25,3,8.75]},"up":{"texture":"#0","uv":[4.25,6.5,3.75,5.5]},"west":{"texture":"#0","uv":[5.5,4.5,6.5,5]}},"from":[7,14.92941,4.87011],"rotation":{"angle":-45,"axis":"x","origin":[8,14.66574,5.24709]},"to":[9,16.92941,8.87011]},{"faces":{"down":{"texture":"#0","uv":[2.5,2.5,2,3.75]},"east":{"texture":"#0","uv":[7,1.75,8.25,2]},"north":{"texture":"#0","uv":[4.25,9.25,4.75,9.5]},"south":{"texture":"#0","uv":[9.25,4.25,9.75,4.5]},"up":{"texture":"#0","uv":[2,3.75,1.5,2.5]},"west":{"texture":"#0","uv":[7,4.25,8.25,4.5]}},"from":[6.9,15.82941,4.77011],"rotation":{"angle":-45,"axis":"x","origin":[8,14.66574,5.24709]},"to":[9.1,17.02941,9.97011]},{"faces":{"down":{"texture":"#0","uv":[4.25,6.5,3.75,7.5]},"east":{"texture":"#0","uv":[6.5,2.5,7.5,3]},"north":{"texture":"#0","uv":[8.5,7.5,9,8]},"south":{"texture":"#0","uv":[8,8.5,8.5,9]},"up":{"texture":"#0","uv":[7,4.5,6.5,3.5]},"west":{"texture":"#0","uv":[6.5,3,7.5,3.5]}},"from":[7,3.67059,4.87011],"rotation":{"angle":45,"axis":"x","origin":[8,5.93426,5.24709]},"to":[9,5.67059,8.87011]},{"faces":{"down":{"texture":"#0","uv":[3.5,3,3,4.25]},"east":{"texture":"#0","uv":[7.5,2.5,8.75,2.75]},"north":{"texture":"#0","uv":[5,9.25,5.5,9.5]},"south":{"texture":"#0","uv":[9.25,5.25,9.75,5.5]},"up":{"texture":"#0","uv":[3,4.25,2.5,3]},"west":{"texture":"#0","uv":[2.75,7.5,4,7.75]}},"from":[6.9,3.57059,4.77011],"rotation":{"angle":45,"axis":"x","origin":[8,5.93426,5.24709]},"to":[9.1,4.77059,9.97011]},{"faces":{"down":{"texture":"#0","uv":[8.75,1.25,8.25,1.75]},"east":{"texture":"#0","uv":[8,7.5,8.5,8]},"north":{"texture":"#0","uv":[7.25,8,7.75,8.5]},"south":{"texture":"#0","uv":[7.75,8,8.25,8.5]},"up":{"texture":"#0","uv":[8.75,1.25,8.25,0.75]},"west":{"texture":"#0","uv":[8.25,0.25,8.75,0.75]}},"from":[6.99,14.60283,4.02254],"rotation":{"angle":-22.5,"axis":"x","origin":[8,14.66574,5.24709]},"to":[9.01,16.62283,6.04254]},{"faces":{"down":{"texture":"#0","uv":[5.25,8.25,4.75,8.75]},"east":{"texture":"#0","uv":[3.5,8.25,4,8.75]},"north":{"texture":"#0","uv":[8.25,3.25,8.75,3.75]},"south":{"texture":"#0","uv":[8.25,3.75,8.75,4.25]},"up":{"texture":"#0","uv":[8.75,4.75,8.25,4.25]},"west":{"texture":"#0","uv":[4.25,8.25,4.75,8.75]}},"from":[6.99,3.97717,4.02254],"rotation":{"angle":22.5,"axis":"x","origin":[8,5.93426,5.24709]},"to":[9.01,5.99717,6.04254]},{"faces":{"down":{"texture":"#0","uv":[5,3.5,4.25,4.25]},"east":{"texture":"#0","uv":[4.25,1.25,5,2]},"north":{"texture":"#0","uv":[4.25,0.5,5,1.25]},"south":{"texture":"#0","uv":[4.25,2,5,2.75]},"up":{"texture":"#0","uv":[5,3.5,4.25,2.75]},"west":{"texture":"#0","uv":[2.25,4.25,3,5]}},"from":[6.5,8.9,3.5],"rotation":{"angle":0,"axis":"y","origin":[7,12,8]},"to":[9.5,11.9,6.5]},{"faces":{"down":{"texture":"#0","uv":[1.5,1.5,0.75,4]},"east":{"texture":"#0","uv":[0,0,2.5,0.75]},"north":{"texture":"#0","uv":[4.25,4.25,5,5]},"south":{"texture":"#0","uv":[1.5,4.5,2.25,5.25]},"up":{"texture":"#0","uv":[0.75,4,0,1.5]},"west":{"texture":"#0","uv":[0,0.75,2.5,1.5]}},"from":[6.5,8.9,6.5],"rotation":{"angle":45,"axis":"z","origin":[8,10.4,11.5]},"to":[9.5,11.9,16.5]},{"faces":{"down":{"texture":"#0","uv":[7,7.25,6.25,7.75]},"east":{"texture":"#0","uv":[1,7.25,1.5,8]},"north":{"texture":"#0","uv":[3,4.5,3.75,5.25]},"south":{"texture":"#0","uv":[0,4.75,0.75,5.5]},"up":{"texture":"#0","uv":[6.25,7.75,5.5,7.25]},"west":{"texture":"#0","uv":[1.5,7.25,2,8]}},"from":[6.4,8.8,11.7],"rotation":{"angle":45,"axis":"z","origin":[8,10.4,11.5]},"to":[9.6,12,13.9]},{"faces":{"down":{"texture":"#0","uv":[4.25,9.25,4,9.75]},"east":{"texture":"#0","uv":[3.5,9.25,4,9.5]},"north":{"texture":"#0","uv":[5.5,7,5.75,7.25]},"south":{"texture":"#0","uv":[7.5,4,7.75,4.25]},"up":{"texture":"#0","uv":[9.5,4.25,9.25,3.75]},"west":{"texture":"#0","uv":[9.25,3.5,9.75,3.75]}},"from":[7.3,9.7,-3.7],"rotation":{"angle":45,"axis":"z","origin":[8,10.4,16.5]},"to":[8.7,11.1,-1.3]},{"faces":{"down":{"texture":"#0","uv":[3.5,9.25,3.25,9.75]},"east":{"texture":"#0","uv":[2.75,9.25,3.25,9.5]},"north":{"texture":"#0","uv":[2,5.75,2.25,6]},"south":{"texture":"#0","uv":[6.75,0.25,7,0.5]},"up":{"texture":"#0","uv":[9.5,3.5,9.25,3]},"west":{"texture":"#0","uv":[9.25,2.75,9.75,3]}},"from":[7.4,9.8,-0.6],"rotation":{"angle":45,"axis":"z","origin":[8,10.4,16.5]},"to":[8.6,11,1.6]},{"faces":{"down":{"texture":"#0","uv":[0.25,6.5,0,8.5]},"east":{"texture":"#0","uv":[6.5,2,8.5,2.25]},"north":{"texture":"#0","uv":[2.75,5,3,5.25]},"south":{"texture":"#0","uv":[0.5,5.5,0.75,5.75]},"up":{"texture":"#0","uv":[2.75,8,2.5,6]},"west":{"texture":"#0","uv":[6.5,2.25,8.5,2.5]}},"from":[7.5,9.9,-1.5],"rotation":{"angle":45,"axis":"z","origin":[8,10.4,16.5]},"to":[8.5,10.9,6.5]},{"faces":{"down":{"texture":"#0","uv":[1.25,9.75,0,11.5]},"east":{"texture":"#0","uv":[6.5,2,8.5,2.25]},"north":{"texture":"#0","uv":[2.75,5,3,5.25]},"south":{"texture":"#0","uv":[0.5,5.5,0.75,5.75]},"up":{"texture":"#0","uv":[1.25,11.5,0,9.75]},"west":{"texture":"#0","uv":[6.5,2.25,8.5,2.5]}},"from":[3.5,10.4,0.5],"rotation":{"angle":45,"axis":"z","origin":[8,10.4,16.5]},"to":[8.5,10.4,7.5]},{"faces":{"down":{"texture":"#0","uv":[9.5,6.25,9.25,6.5]},"east":{"texture":"#0","uv":[0.25,8.25,0.5,8.5]},"north":{"texture":"#0","uv":[2.5,8,2.75,8.25]},"south":{"texture":"#0","uv":[8.5,0,8.75,0.25]},"up":{"texture":"#0","uv":[9.5,6.25,9.25,6]},"west":{"texture":"#0","uv":[5.75,9.25,6,9.5]}},"from":[7.4,9.8,2.4],"rotation":{"angle":45,"axis":"z","origin":[8,10.4,16.5]},"to":[8.6,11,3.6]},{"faces":{"down":{"texture":"#0","uv":[1.25,9,1,9.75]},"east":{"texture":"#0","uv":[6.75,5,7.5,5.5]},"north":{"texture":"#0","uv":[8.5,9,8.75,9.5]},"south":{"texture":"#0","uv":[8.5,9,8.75,9.5]},"up":{"texture":"#0","uv":[1,9.75,0.75,9]},"west":{"texture":"#0","uv":[6.75,5.5,7.5,6]}},"from":[7.5,13.9,3.6],"rotation":{"angle":-45,"axis":"x","origin":[8,10.4,3.5]},"to":[8.5,15.9,3.6]},{"faces":{"down":{"texture":"#0","uv":[0.75,9,1,9.75]},"east":{"texture":"#0","uv":[1,9.75,0.75,9]},"north":{"texture":"#0","uv":[1,9.75,0.75,9]},"south":{"texture":"#0","uv":[1,9.75,0.75,9]},"up":{"texture":"#0","uv":[1,9.75,0.75,9]},"west":{"texture":"#0","uv":[1,9.75,0.75,9]}},"from":[7.5,15.9,0.6],"rotation":{"angle":-45,"axis":"x","origin":[8,10.4,3.5]},"to":[8.5,15.9,3.6]},{"faces":{"down":{"texture":"#0","uv":[8.25,9,8.5,9.5]},"east":{"texture":"#0","uv":[8.25,9,8.5,9.5]},"north":{"texture":"#0","uv":[8.25,9,8.5,9.5]},"south":{"texture":"#0","uv":[8.25,9,8.5,9.5]},"up":{"texture":"#0","uv":[8.25,9,8.5,9.5]},"west":{"texture":"#0","uv":[8.25,9,8.5,9.5]}},"from":[7.5,13.9,0.6],"rotation":{"angle":-45,"axis":"x","origin":[8,10.4,3.5]},"to":[8.5,15.9,0.6]},{"faces":{"down":{"texture":"#0","uv":[1,9,0.75,9.75]},"east":{"texture":"#0","uv":[6.75,5.5,7.5,5]},"north":{"texture":"#0","uv":[8.5,9.5,8.75,9]},"south":{"texture":"#0","uv":[8.5,9.5,8.75,9]},"up":{"texture":"#0","uv":[1.25,9.75,1,9]},"west":{"texture":"#0","uv":[6.75,6,7.5,5.5]}},"from":[7.5,-0.20122,1.54975],"rotation":{"angle":45,"axis":"x","origin":[8,5.29878,8.44975]},"to":[8.5,1.79878,1.54975]},{"faces":{"down":{"texture":"#0","uv":[1,9,0.75,9.75]},"east":{"texture":"#0","uv":[1,9,0.75,9.75]},"north":{"texture":"#0","uv":[1,9,0.75,9.75]},"south":{"texture":"#0","uv":[1,9,0.75,9.75]},"up":{"texture":"#0","uv":[0.75,9.75,1,9]},"west":{"texture":"#0","uv":[1,9,0.75,9.75]}},"from":[7.5,-0.20122,-1.45025],"rotation":{"angle":45,"axis":"x","origin":[8,5.29878,8.44975]},"to":[8.5,-0.20122,1.54975]},{"faces":{"down":{"texture":"#0","uv":[8.25,9.5,8.5,9]},"east":{"texture":"#0","uv":[8.25,9.5,8.5,9]},"north":{"texture":"#0","uv":[8.25,9.5,8.5,9]},"south":{"texture":"#0","uv":[8.25,9.5,8.5,9]},"up":{"texture":"#0","uv":[8.25,9.5,8.5,9]},"west":{"texture":"#0","uv":[8.25,9.5,8.5,9]}},"from":[7.5,-0.20122,-1.45025],"rotation":{"angle":45,"axis":"x","origin":[8,5.29878,8.44975]},"to":[8.5,1.79878,-1.45025]},{"faces":{"down":{"rotation":270,"texture":"#0","uv":[8.25,9.5,8.5,9]},"east":{"rotation":270,"texture":"#0","uv":[8.25,9.5,8.5,9]},"north":{"rotation":90,"texture":"#0","uv":[8.25,9.5,8.5,9]},"south":{"rotation":270,"texture":"#0","uv":[8.25,9.5,8.5,9]},"up":{"rotation":270,"texture":"#0","uv":[8.25,9.5,8.5,9]},"west":{"rotation":270,"texture":"#0","uv":[8.25,9.5,8.5,9]}},"from":[9.26777,9.82426,-2.17193],"rotation":{"angle":45,"axis":"y","origin":[10.26777,10.32426,-0.67193]},"to":[11.26777,10.82426,-2.17193]},{"faces":{"down":{"rotation":270,"texture":"#0","uv":[1,9,0.75,9.75]},"east":{"rotation":270,"texture":"#0","uv":[1,9,0.75,9.75]},"north":{"rotation":90,"texture":"#0","uv":[1,9,0.75,9.75]},"south":{"rotation":270,"texture":"#0","uv":[1,9,0.75,9.75]},"up":{"rotation":270,"texture":"#0","uv":[1,9,0.75,9.75]},"west":{"rotation":270,"texture":"#0","uv":[0.75,9.75,1,9]}},"from":[11.26777,9.82426,-2.17193],"rotation":{"angle":45,"axis":"y","origin":[10.26777,10.32426,-0.67193]},"to":[11.26777,10.82426,0.82807]},{"faces":{"down":{"rotation":270,"texture":"#0","uv":[6.75,6,7.5,5.5]},"east":{"rotation":270,"texture":"#0","uv":[1,9,0.75,9.75]},"north":{"rotation":90,"texture":"#0","uv":[8.5,9.5,8.75,9]},"south":{"rotation":270,"texture":"#0","uv":[8.5,9.5,8.75,9]},"up":{"rotation":270,"texture":"#0","uv":[6.75,5.5,7.5,5]},"west":{"rotation":270,"texture":"#0","uv":[1.25,9.75,1,9]}},"from":[9.26777,9.82426,0.82807],"rotation":{"angle":45,"axis":"y","origin":[10.26777,10.32426,-0.67193]},"to":[11.26777,10.82426,0.82807]},{"faces":{"down":{"rotation":270,"texture":"#0","uv":[8.25,9,8.5,9.5]},"east":{"rotation":270,"texture":"#0","uv":[8.25,9,8.5,9.5]},"north":{"rotation":90,"texture":"#0","uv":[8.25,9,8.5,9.5]},"south":{"rotation":270,"texture":"#0","uv":[8.25,9,8.5,9.5]},"up":{"rotation":270,"texture":"#0","uv":[8.25,9,8.5,9.5]},"west":{"rotation":270,"texture":"#0","uv":[8.25,9,8.5,9.5]}},"from":[4.73223,9.82426,-2.17193],"rotation":{"angle":-45,"axis":"y","origin":[5.73223,10.32426,-0.67193]},"to":[6.73223,10.82426,-2.17193]},{"faces":{"down":{"rotation":270,"texture":"#0","uv":[1,9.75,0.75,9]},"east":{"rotation":270,"texture":"#0","uv":[0.75,9,1,9.75]},"north":{"rotation":90,"texture":"#0","uv":[1,9.75,0.75,9]},"south":{"rotation":270,"texture":"#0","uv":[1,9.75,0.75,9]},"up":{"rotation":270,"texture":"#0","uv":[1,9.75,0.75,9]},"west":{"rotation":270,"texture":"#0","uv":[1,9.75,0.75,9]}},"from":[4.73223,9.82426,-2.17193],"rotation":{"angle":-45,"axis":"y","origin":[5.73223,10.32426,-0.67193]},"to":[4.73223,10.82426,0.82807]},{"faces":{"down":{"rotation":270,"texture":"#0","uv":[6.75,5.5,7.5,6]},"east":{"rotation":270,"texture":"#0","uv":[1.25,9,1,9.75]},"north":{"rotation":90,"texture":"#0","uv":[8.5,9,8.75,9.5]},"south":{"rotation":270,"texture":"#0","uv":[8.5,9,8.75,9.5]},"up":{"rotation":270,"texture":"#0","uv":[6.75,5,7.5,5.5]},"west":{"rotation":270,"texture":"#0","uv":[1,9.75,0.75,9]}},"from":[4.73223,9.82426,0.82807],"rotation":{"angle":-45,"axis":"y","origin":[5.73223,10.32426,-0.67193]},"to":[6.73223,10.82426,0.82807]},{"faces":{"down":{"texture":"#0","uv":[8.75,5,8.5,6]},"east":{"texture":"#0","uv":[2.5,0,3.5,0.75]},"north":{"texture":"#0","uv":[0.25,9,0.5,9.75]},"south":{"texture":"#0","uv":[0.5,9,0.75,9.75]},"up":{"texture":"#0","uv":[7,9.25,6.75,8.25]},"west":{"texture":"#0","uv":[2.5,0.75,3.5,1.5]}},"from":[6.37868,10.02132,6.5],"rotation":{"angle":-22.5,"axis":"z","origin":[5.87868,12.52132,12.5]},"to":[7.37868,13.02132,10.5]},{"faces":{"down":{"texture":"#0","uv":[3,1.5,2.25,2.5]},"east":{"texture":"#0","uv":[8.25,1.75,9.25,2]},"north":{"texture":"#0","uv":[3.5,1.25,4.25,1.5]},"south":{"texture":"#0","uv":[8.75,1.5,9.5,1.75]},"up":{"texture":"#0","uv":[2.25,2.5,1.5,1.5]},"west":{"texture":"#0","uv":[8.25,4.75,9.25,5]}},"from":[7.62132,8.77868,6.5],"rotation":{"angle":22.5,"axis":"z","origin":[10.12132,8.27868,12.5]},"to":[10.62132,9.77868,10.5]},{"faces":{"down":{"texture":"#0","uv":[7,1,6,1.5]},"east":{"texture":"#0","uv":[5.25,8.25,5.75,8.75]},"north":{"texture":"#0","uv":[5.75,5,6.75,5.5]},"south":{"texture":"#0","uv":[5.75,5.5,6.75,6]},"up":{"texture":"#0","uv":[7,1,6,0.5]},"west":{"texture":"#0","uv":[5.75,8.25,6.25,8.75]}},"from":[2.5,9.4,12.5],"rotation":{"angle":45,"axis":"z","origin":[8,10.4,11.5]},"to":[6.5,11.4,14.5]},{"faces":{"down":{"texture":"#0","uv":[9,6,8.5,6.5]},"east":{"texture":"#0","uv":[7,3.5,7.5,4.25]},"north":{"texture":"#0","uv":[2,7,2.5,7.75]},"south":{"texture":"#0","uv":[5,7,5.5,7.75]},"up":{"texture":"#0","uv":[9,2.5,8.5,2]},"west":{"texture":"#0","uv":[0.5,7.25,1,8]}},"from":[4.5,8.7,7.5],"rotation":{"angle":45,"axis":"z","origin":[8,10.4,11.5]},"to":[6.5,11.7,9.5]},{"faces":{"down":{"texture":"#0","uv":[7.5,8.5,7,9]},"east":{"texture":"#0","uv":[9.25,1.25,9.75,1.5]},"north":{"texture":"#0","uv":[1.25,9.25,1.75,9.5]},"south":{"texture":"#0","uv":[1.75,9.25,2.25,9.5]},"up":{"texture":"#0","uv":[9,7,8.5,6.5]},"west":{"texture":"#0","uv":[9.25,1.75,9.75,2]}},"from":[4.3,11.5,7.3],"rotation":{"angle":45,"axis":"z","origin":[8,10.4,11.5]},"to":[6.7,12.9,9.7]},{"faces":{"down":{"texture":"#0","uv":[8,8.5,7.5,9]},"east":{"texture":"#0","uv":[2.25,9.25,2.75,9.5]},"north":{"texture":"#0","uv":[9.25,2,9.75,2.25]},"south":{"texture":"#0","uv":[9.25,2.25,9.75,2.5]},"up":{"texture":"#0","uv":[9,7.5,8.5,7]},"west":{"texture":"#0","uv":[9.25,2.5,9.75,2.75]}},"from":[4.3,7.5,7.3],"rotation":{"angle":45,"axis":"z","origin":[8,10.4,11.5]},"to":[6.7,8.9,9.7]},{"faces":{"down":{"texture":"#0","uv":[2,6.25,1,6.75]},"east":{"texture":"#0","uv":[0,0,0.5,0]},"north":{"texture":"#0","uv":[0,0,1,0]},"south":{"texture":"#0","uv":[0,0,1,0]},"up":{"texture":"#0","uv":[6.75,6.5,5.75,6]},"west":{"texture":"#0","uv":[0,0,0.5,0]}},"from":[2.5,10.4,10.5],"rotation":{"angle":45,"axis":"z","origin":[8,10.4,11.5]},"to":[6.5,10.4,12.5]},{"faces":{"down":{"texture":"#0","uv":[4,7.75,3.75,8.25]},"east":{"texture":"#0","uv":[6.25,8.25,6.75,8.75]},"north":{"texture":"#0","uv":[2.25,3.75,2.5,4.25]},"south":{"texture":"#0","uv":[1.25,4.75,1.5,5.25]},"up":{"texture":"#0","uv":[5.25,7,5,6.5]},"west":{"texture":"#0","uv":[8.25,8,8.75,8.5]}},"from":[5.3,9.2,12.3],"rotation":{"angle":45,"axis":"z","origin":[8,10.4,11.5]},"to":[6.7,11.6,14.7]},{"faces":{"down":{"texture":"#0","uv":[9.5,7.75,9,8]},"east":{"texture":"#0","uv":[6.5,8.75,6.75,9.5]},"north":{"texture":"#0","uv":[2.75,6.75,3.25,7.5]},"south":{"texture":"#0","uv":[3.25,6.75,3.75,7.5]},"up":{"texture":"#0","uv":[8.25,9.25,7.75,9]},"west":{"texture":"#0","uv":[0,9,0.25,9.75]}},"from":[5.38579,9.03579,20.05],"rotation":{"angle":-45,"axis":"z","origin":[6.58579,8.98579,17.75]},"to":[7.78579,12.43579,21.45]},{"faces":{"down":{"texture":"#0","uv":[5.75,6,5.25,7]},"east":{"texture":"#0","uv":[6,1.5,7,2]},"north":{"texture":"#0","uv":[1,8.5,1.5,9]},"south":{"texture":"#0","uv":[1.5,8.5,2,9]},"up":{"texture":"#0","uv":[2.5,7,2,6]},"west":{"texture":"#0","uv":[4.25,6,5.25,6.5]}},"from":[5.58579,10.23579,16.25],"rotation":{"angle":-45,"axis":"z","origin":[6.58579,8.98579,17.75]},"to":[7.58579,12.23579,20.25]},{"faces":{"down":{"texture":"#0","uv":[9.5,7.5,9,7.75]},"east":{"texture":"#0","uv":[7.25,9,7.5,9.5]},"north":{"texture":"#0","uv":[0,8.5,0.5,9]},"south":{"texture":"#0","uv":[0.5,8.5,1,9]},"up":{"texture":"#0","uv":[3.5,4.5,3,4.25]},"west":{"texture":"#0","uv":[7.5,9,7.75,9.5]}},"from":[5.38579,10.03579,16.05],"rotation":{"angle":-45,"axis":"z","origin":[6.58579,8.98579,17.75]},"to":[7.78579,12.43579,17.45]},{"faces":{"down":{"texture":"#0","uv":[1.5,4,0.75,4.75]},"east":{"texture":"#0","uv":[3.5,3,4.25,3.75]},"north":{"texture":"#0","uv":[3.5,0.5,4.25,1.25]},"south":{"texture":"#0","uv":[1.5,3.75,2.25,4.5]},"up":{"texture":"#0","uv":[0.75,4.75,0,4]},"west":{"texture":"#0","uv":[3.5,3.75,4.25,4.5]}},"from":[6.4,8.8,3.4],"rotation":{"angle":0,"axis":"y","origin":[7,12,8]},"to":[9.6,12,6.6]}],"gui_light":"front","texture_size":[64,64],"textures":{"0":"civilization:item/tools/harpoon_launcher/normal/default","particle":"civilization:item/tools/harpoon_launcher/normal/default"}}