{"display":{"firstperson_lefthand":{"rotation":[13,-11,-43],"scale":[0.7,0.7,0.7],"translation":[0,1,0]},"firstperson_righthand":{"rotation":[16,-11,48],"scale":[0.7,0.7,0.7],"translation":[3.25,0.5,0]},"fixed":{"rotation":[-90,-135,0],"scale":[0.6,0.6,0.6]},"ground":{"rotation":[11,0,66],"scale":[0.5,0.5,0.5],"translation":[0,-1.25,0]},"gui":{"rotation":[90,-45,-45],"scale":[1.2,1.2,1.2],"translation":[-1,1.5,0]},"head":{"rotation":[0,0,45],"scale":[2,2,2],"translation":[3.5,-6.25,-1.25]},"thirdperson_lefthand":{"scale":[0.8,0.8,0.8],"translation":[0,-0.75,-1.5]},"thirdperson_righthand":{"rotation":[0,0,44],"scale":[0.9,0.9,0.9],"translation":[1.25,-0.75,-4.25]}},"elements":[{"faces":{"down":{"texture":"#0","uv":[4.25,9.25,4,9.75]},"east":{"texture":"#0","uv":[3.5,9.25,4,9.5]},"north":{"texture":"#0","uv":[5.5,7,5.75,7.25]},"south":{"texture":"#0","uv":[7.5,4,7.75,4.25]},"up":{"texture":"#0","uv":[9.5,4.25,9.25,3.75]},"west":{"texture":"#0","uv":[9.25,3.5,9.75,3.75]}},"from":[7.35355,9.67782,4.05],"rotation":{"angle":45,"axis":"z","origin":[8,10.32426,8.5]},"to":[8.75355,11.07782,6.45]},{"faces":{"down":{"texture":"#0","uv":[3.5,9.25,3.25,9.75]},"east":{"texture":"#0","uv":[2.75,9.25,3.25,9.5]},"north":{"texture":"#0","uv":[2,5.75,2.25,6]},"south":{"texture":"#0","uv":[6.75,0.25,7,0.5]},"up":{"texture":"#0","uv":[9.5,3.5,9.25,3]},"west":{"texture":"#0","uv":[9.25,2.75,9.75,3]}},"from":[7.45355,9.77782,7.15],"rotation":{"angle":45,"axis":"z","origin":[8,10.32426,8.5]},"to":[8.65355,10.97782,9.35]},{"faces":{"down":{"texture":"#0","uv":[0.25,6.5,0,8.5]},"east":{"texture":"#0","uv":[6.5,2,8.5,2.25]},"north":{"texture":"#0","uv":[2.75,5,3,5.25]},"south":{"texture":"#0","uv":[0.5,5.5,0.75,5.75]},"up":{"texture":"#0","uv":[2.75,8,2.5,6]},"west":{"texture":"#0","uv":[6.5,2.25,8.5,2.5]}},"from":[7.55355,9.87782,6.25],"rotation":{"angle":45,"axis":"z","origin":[8,10.32426,8.5]},"to":[8.55355,10.87782,14.25]},{"faces":{"down":{"texture":"#0","uv":[9.5,6.25,9.25,6.5]},"east":{"texture":"#0","uv":[0.25,8.25,0.5,8.5]},"north":{"texture":"#0","uv":[2.5,8,2.75,8.25]},"south":{"texture":"#0","uv":[8.5,0,8.75,0.25]},"up":{"texture":"#0","uv":[9.5,6.25,9.25,6]},"west":{"texture":"#0","uv":[5.75,9.25,6,9.5]}},"from":[7.45355,9.77782,10.15],"rotation":{"angle":45,"axis":"z","origin":[8,10.32426,8.5]},"to":[8.65355,10.97782,11.35]},{"faces":{"down":{"texture":"#0","uv":[1.25,9,1,9.75]},"east":{"texture":"#0","uv":[6.75,5,7.5,5.5]},"north":{"texture":"#0","uv":[8.5,9,8.75,9.5]},"south":{"texture":"#0","uv":[8.5,9,8.75,9.5]},"up":{"texture":"#0","uv":[1,9.75,0.75,9]},"west":{"texture":"#0","uv":[6.75,5.5,7.5,6]}},"from":[7.5,11.93327,10.5981],"rotation":{"angle":-45,"axis":"x","origin":[8,10.32426,8.5]},"to":[8.5,13.93327,10.5981]},{"faces":{"down":{"texture":"#0","uv":[0.75,9,1,9.75]},"east":{"texture":"#0","uv":[1,9.75,0.75,9]},"north":{"texture":"#0","uv":[1,9.75,0.75,9]},"south":{"texture":"#0","uv":[1,9.75,0.75,9]},"up":{"texture":"#0","uv":[1,9.75,0.75,9]},"west":{"texture":"#0","uv":[1,9.75,0.75,9]}},"from":[7.5,13.93327,7.5981],"rotation":{"angle":-45,"axis":"x","origin":[8,10.32426,8.5]},"to":[8.5,13.93327,10.5981]},{"faces":{"down":{"texture":"#0","uv":[8.25,9,8.5,9.5]},"east":{"texture":"#0","uv":[8.25,9,8.5,9.5]},"north":{"texture":"#0","uv":[8.25,9,8.5,9.5]},"south":{"texture":"#0","uv":[8.25,9,8.5,9.5]},"up":{"texture":"#0","uv":[8.25,9,8.5,9.5]},"west":{"texture":"#0","uv":[8.25,9,8.5,9.5]}},"from":[7.5,11.93327,7.5981],"rotation":{"angle":-45,"axis":"x","origin":[8,10.32426,8.5]},"to":[8.5,13.93327,7.5981]},{"faces":{"down":{"texture":"#0","uv":[1,9,0.75,9.75]},"east":{"texture":"#0","uv":[6.75,5.5,7.5,5]},"north":{"texture":"#0","uv":[8.5,9.5,8.75,9]},"south":{"texture":"#0","uv":[8.5,9.5,8.75,9]},"up":{"texture":"#0","uv":[1.25,9.75,1,9]},"west":{"texture":"#0","uv":[6.75,6,7.5,5.5]}},"from":[7.5,6.71525,10.5981],"rotation":{"angle":45,"axis":"x","origin":[8,10.32426,8.5]},"to":[8.5,8.71525,10.5981]},{"faces":{"down":{"texture":"#0","uv":[1,9,0.75,9.75]},"east":{"texture":"#0","uv":[1,9,0.75,9.75]},"north":{"texture":"#0","uv":[1,9,0.75,9.75]},"south":{"texture":"#0","uv":[1,9,0.75,9.75]},"up":{"texture":"#0","uv":[0.75,9.75,1,9]},"west":{"texture":"#0","uv":[1,9,0.75,9.75]}},"from":[7.5,6.71525,7.5981],"rotation":{"angle":45,"axis":"x","origin":[8,10.32426,8.5]},"to":[8.5,6.71525,10.5981]},{"faces":{"down":{"texture":"#0","uv":[8.25,9.5,8.5,9]},"east":{"texture":"#0","uv":[8.25,9.5,8.5,9]},"north":{"texture":"#0","uv":[8.25,9.5,8.5,9]},"south":{"texture":"#0","uv":[8.25,9.5,8.5,9]},"up":{"texture":"#0","uv":[8.25,9.5,8.5,9]},"west":{"texture":"#0","uv":[8.25,9.5,8.5,9]}},"from":[7.5,6.71525,7.5981],"rotation":{"angle":45,"axis":"x","origin":[8,10.32426,8.5]},"to":[8.5,8.71525,7.5981]},{"faces":{"down":{"rotation":270,"texture":"#0","uv":[8.25,9.5,8.5,9]},"east":{"rotation":270,"texture":"#0","uv":[8.25,9.5,8.5,9]},"north":{"rotation":90,"texture":"#0","uv":[8.25,9.5,8.5,9]},"south":{"rotation":270,"texture":"#0","uv":[8.25,9.5,8.5,9]},"up":{"rotation":270,"texture":"#0","uv":[8.25,9.5,8.5,9]},"west":{"rotation":270,"texture":"#0","uv":[8.25,9.5,8.5,9]}},"from":[9.60901,9.82426,7.5981],"rotation":{"angle":45,"axis":"y","origin":[8,10.32426,8.5]},"to":[11.60901,10.82426,7.5981]},{"faces":{"down":{"rotation":270,"texture":"#0","uv":[1,9,0.75,9.75]},"east":{"rotation":270,"texture":"#0","uv":[1,9,0.75,9.75]},"north":{"rotation":90,"texture":"#0","uv":[1,9,0.75,9.75]},"south":{"rotation":270,"texture":"#0","uv":[1,9,0.75,9.75]},"up":{"rotation":270,"texture":"#0","uv":[1,9,0.75,9.75]},"west":{"rotation":270,"texture":"#0","uv":[0.75,9.75,1,9]}},"from":[11.60901,9.82426,7.5981],"rotation":{"angle":45,"axis":"y","origin":[8,10.32426,8.5]},"to":[11.60901,10.82426,10.5981]},{"faces":{"down":{"rotation":270,"texture":"#0","uv":[6.75,6,7.5,5.5]},"east":{"rotation":270,"texture":"#0","uv":[1,9,0.75,9.75]},"north":{"rotation":90,"texture":"#0","uv":[8.5,9.5,8.75,9]},"south":{"rotation":270,"texture":"#0","uv":[8.5,9.5,8.75,9]},"up":{"rotation":270,"texture":"#0","uv":[6.75,5.5,7.5,5]},"west":{"rotation":270,"texture":"#0","uv":[1.25,9.75,1,9]}},"from":[9.60901,9.82426,10.5981],"rotation":{"angle":45,"axis":"y","origin":[8,10.32426,8.5]},"to":[11.60901,10.82426,10.5981]},{"faces":{"down":{"rotation":270,"texture":"#0","uv":[8.25,9,8.5,9.5]},"east":{"rotation":270,"texture":"#0","uv":[8.25,9,8.5,9.5]},"north":{"rotation":90,"texture":"#0","uv":[8.25,9,8.5,9.5]},"south":{"rotation":270,"texture":"#0","uv":[8.25,9,8.5,9.5]},"up":{"rotation":270,"texture":"#0","uv":[8.25,9,8.5,9.5]},"west":{"rotation":270,"texture":"#0","uv":[8.25,9,8.5,9.5]}},"from":[4.39099,9.82426,7.5981],"rotation":{"angle":-45,"axis":"y","origin":[8,10.32426,8.5]},"to":[6.39099,10.82426,7.5981]},{"faces":{"down":{"rotation":270,"texture":"#0","uv":[1,9.75,0.75,9]},"east":{"rotation":270,"texture":"#0","uv":[0.75,9,1,9.75]},"north":{"rotation":90,"texture":"#0","uv":[1,9.75,0.75,9]},"south":{"rotation":270,"texture":"#0","uv":[1,9.75,0.75,9]},"up":{"rotation":270,"texture":"#0","uv":[1,9.75,0.75,9]},"west":{"rotation":270,"texture":"#0","uv":[1,9.75,0.75,9]}},"from":[5.02513,9.82426,4.87096],"rotation":{"angle":-45,"axis":"y","origin":[5.02513,10.32426,6.37096]},"to":[5.02513,10.82426,7.87096]},{"faces":{"down":{"rotation":270,"texture":"#0","uv":[6.75,5.5,7.5,6]},"east":{"rotation":270,"texture":"#0","uv":[1.25,9,1,9.75]},"north":{"rotation":90,"texture":"#0","uv":[8.5,9,8.75,9.5]},"south":{"rotation":270,"texture":"#0","uv":[8.5,9,8.75,9.5]},"up":{"rotation":270,"texture":"#0","uv":[6.75,5,7.5,5.5]},"west":{"rotation":270,"texture":"#0","uv":[1,9.75,0.75,9]}},"from":[4.39099,9.82426,10.5981],"rotation":{"angle":-45,"axis":"y","origin":[8,10.32426,8.5]},"to":[6.39099,10.82426,10.5981]}],"gui_light":"front","texture_size":[64,64],"textures":{"0":"civilization:item/tools/harpoon_launcher/normal/default","particle":"civilization:item/tools/harpoon_launcher/normal/default"}}