{"display":{"thirdperson_righthand":{"rotation":[68,0,0],"translation":[0,-0.5,-1.25],"scale":[0.3,0.3,0.3]},"thirdperson_lefthand":{"rotation":[68,0,0],"translation":[0,-0.5,-1.25],"scale":[0.3,0.3,0.3]},"firstperson_righthand":{"translation":[3.25,1,0],"scale":[0.4,0.4,0.4]},"firstperson_lefthand":{"translation":[3.25,1,0],"scale":[0.4,0.4,0.4]},"ground":{"translation":[0,3.5,0],"scale":[0.35,0.35,0.35]},"gui":{"rotation":[22.5,-45,0],"translation":[0,-2,0],"scale":[0.44,0.44,0.44]},"head":{"translation":[0,33,0],"scale":[4,4,4]},"fixed":{"rotation":[-90,0,0],"translation":[0,0,-16.5],"scale":[2.3,2.3,2.3]}},"texture_size":[128,128],"textures":{"1":"civilization:item/gameplay/fountain_of_youth/death_fountain/activated_animation1","2":"civilization:item/gameplay/fountain_of_youth/death_fountain/activated","3":"civilization:item/gameplay/fountain_of_youth/death_fountain/activated_animation2","particle":"civilization:item/gameplay/fountain_of_youth/death_fountain/activated_animation1"},"elements":[{"from":[5.5,0,5.5],"to":[10.5,27,10.5],"rotation":{"angle":0,"axis":"y","origin":[9.5,2.25,5.57107]},"faces":{"north":{"uv":[0,4.75,0.625,8.125],"texture":"#2"},"east":{"uv":[4.75,0,5.375,3.375],"texture":"#2"},"south":{"uv":[0.625,4.75,1.25,8.125],"texture":"#2"},"west":{"uv":[1.25,4.75,1.875,8.125],"texture":"#2"},"up":{"uv":[10.75,8.875,10.125,8.25],"texture":"#2"},"down":{"uv":[10.875,0,10.25,0.625],"texture":"#2"}}},{"from":[6.5,17.00523,5.49896],"to":[9.5,23.00523,5.49896],"rotation":{"angle":0,"axis":"y","origin":[9.5,1.25523,15.07003]},"faces":{"north":{"uv":[0,3,3,9],"texture":"#3"},"east":{"uv":[12.75,12,13.375,15.375],"texture":"#3"},"south":{"uv":[14.625,3.75,15.25,7.125],"texture":"#3"},"west":{"uv":[14.25,7.75,14.875,11.125],"texture":"#3"},"up":{"uv":[10.75,8.875,10.125,8.25],"texture":"#3"},"down":{"uv":[10.875,0,10.25,0.625],"texture":"#3"}}},{"from":[6.5,22.89105,4.92493],"to":[9.5,25.89105,4.92493],"rotation":{"angle":-22.5,"axis":"x","origin":[8,24.39105,4.92493]},"faces":{"north":{"uv":[0,0,3,3],"texture":"#3"},"east":{"uv":[4.75,0,5.375,3.375],"texture":"#3"},"south":{"uv":[12.625,4.75,13.25,8.125],"texture":"#3"},"west":{"uv":[14.25,4.75,14.25,5.125],"texture":"#3"},"up":{"uv":[10.75,8.875,10.125,8.25],"texture":"#3"},"down":{"uv":[10.875,0,10.25,0.625],"texture":"#3"}}},{"from":[6.5,22.89105,11.07507],"to":[9.5,25.89105,11.07507],"rotation":{"angle":22.5,"axis":"x","origin":[8,24.39105,11.07507]},"faces":{"north":{"uv":[12.625,4.75,13.25,8.125],"texture":"#3"},"east":{"uv":[14.25,4.75,14.25,5.125],"texture":"#3"},"south":{"uv":[0,0,3,3],"texture":"#3"},"west":{"uv":[4.75,0,5.375,3.375],"texture":"#3"},"up":{"uv":[10.125,8.25,10.75,8.875],"texture":"#3"},"down":{"uv":[10.25,0.625,10.875,0],"texture":"#3"}}},{"from":[6.5,17.00523,10.50104],"to":[9.5,23.00523,10.50104],"rotation":{"angle":0,"axis":"y","origin":[6.5,1.25523,0.92997]},"faces":{"north":{"uv":[14.625,3.75,15.25,7.125],"texture":"#3"},"east":{"uv":[14.25,7.75,14.875,11.125],"texture":"#3"},"south":{"uv":[0,3,3,9],"texture":"#3"},"west":{"uv":[12.75,12,13.375,15.375],"texture":"#3"},"up":{"uv":[10.125,8.25,10.75,8.875],"texture":"#3"},"down":{"uv":[10.25,0.625,10.875,0],"texture":"#3"}}},{"from":[4.92493,22.89105,6.5],"to":[4.92493,25.89105,9.5],"rotation":{"angle":22.5,"axis":"z","origin":[4.92493,24.39105,8]},"faces":{"north":{"uv":[4.75,0,5.375,3.375],"texture":"#3"},"east":{"uv":[12.625,4.75,13.25,8.125],"texture":"#3"},"south":{"uv":[14.25,4.75,14.25,5.125],"texture":"#3"},"west":{"uv":[0,0,3,3],"texture":"#3"},"up":{"uv":[10.75,8.875,10.125,8.25],"rotation":270,"texture":"#3"},"down":{"uv":[10.875,0,10.25,0.625],"rotation":90,"texture":"#3"}}},{"from":[5.49896,17.00523,6.5],"to":[5.49896,23.00523,9.5],"rotation":{"angle":0,"axis":"y","origin":[8,22.19814,8]},"faces":{"north":{"uv":[12.75,12,13.375,15.375],"texture":"#3"},"east":{"uv":[14.625,3.75,15.25,7.125],"texture":"#3"},"south":{"uv":[14.25,7.75,14.875,11.125],"texture":"#3"},"west":{"uv":[0,3,3,9],"texture":"#3"},"up":{"uv":[10.75,8.875,10.125,8.25],"rotation":270,"texture":"#3"},"down":{"uv":[10.875,0,10.25,0.625],"rotation":90,"texture":"#3"}}},{"from":[10.50104,17.00523,6.5],"to":[10.50104,23.00523,9.5],"rotation":{"angle":0,"axis":"y","origin":[8,22.19814,8]},"faces":{"north":{"uv":[14.25,7.75,14.875,11.125],"texture":"#3"},"east":{"uv":[0,3,3,9],"texture":"#3"},"south":{"uv":[12.75,12,13.375,15.375],"texture":"#3"},"west":{"uv":[14.625,3.75,15.25,7.125],"texture":"#3"},"up":{"uv":[10.125,8.25,10.75,8.875],"rotation":270,"texture":"#3"},"down":{"uv":[10.25,0.625,10.875,0],"rotation":90,"texture":"#3"}}},{"from":[11.07414,22.89143,6.5],"to":[11.07414,25.89143,9.5],"rotation":{"angle":-22.5,"axis":"z","origin":[11.07414,24.39143,8]},"faces":{"north":{"uv":[14.25,4.75,14.25,5.125],"texture":"#3"},"east":{"uv":[0,0,3,3],"texture":"#3"},"south":{"uv":[4.75,0,5.375,3.375],"texture":"#3"},"west":{"uv":[12.625,4.75,13.25,8.125],"texture":"#3"},"up":{"uv":[10.125,8.25,10.75,8.875],"rotation":270,"texture":"#3"},"down":{"uv":[10.25,0.625,10.875,0],"rotation":90,"texture":"#3"}}},{"from":[4.5,27,4.5],"to":[11.5,29,11.5],"rotation":{"angle":0,"axis":"y","origin":[9.5,2.25,5.57107]},"faces":{"north":{"uv":[9,8.25,9.875,8.5],"texture":"#2"},"east":{"uv":[9.375,6.5,10.25,6.75],"texture":"#2"},"south":{"uv":[10.25,8,11.125,8.25],"texture":"#2"},"west":{"uv":[10.75,4.25,11.625,4.5],"texture":"#2"},"up":{"uv":[9,7.625,8.125,6.75],"texture":"#2"},"down":{"uv":[9,7.625,8.125,8.5],"texture":"#2"}}},{"from":[6.5,24,5.5],"to":[9.5,27,7.5],"rotation":{"angle":-22.5,"axis":"x","origin":[8,23.5,8]},"faces":{"north":{"uv":[2.25,11.375,2.625,11.75],"texture":"#2"},"east":{"uv":[7.25,11.625,7.5,12],"texture":"#2"},"south":{"uv":[11.375,2.25,11.75,2.625],"texture":"#2"},"west":{"uv":[11.625,8.25,11.875,8.625],"texture":"#2"},"up":{"uv":[5.375,5.75,5,5.5],"texture":"#2"},"down":{"uv":[12,8.625,11.625,8.875],"texture":"#2"}}},{"from":[6.5,24,8.5],"to":[9.5,27,10.5],"rotation":{"angle":22.5,"axis":"x","origin":[8,23.5,8]},"faces":{"north":{"uv":[2.625,11.375,3,11.75],"texture":"#2"},"east":{"uv":[11.625,8.875,11.875,9.25],"texture":"#2"},"south":{"uv":[11.375,2.625,11.75,3],"texture":"#2"},"west":{"uv":[11.75,1.875,12,2.25],"texture":"#2"},"up":{"uv":[12,11.375,11.625,11.125],"texture":"#2"},"down":{"uv":[2.625,11.75,2.25,12],"texture":"#2"}}},{"from":[8.98744,24.09696,6.5],"to":[10.98744,27.09696,9.5],"rotation":{"angle":-22.5,"axis":"z","origin":[8,24.77373,8]},"faces":{"north":{"uv":[11.75,3,12,3.375],"texture":"#2"},"east":{"uv":[3.375,11.375,3.75,11.75],"texture":"#2"},"south":{"uv":[3.125,11.75,3.375,12.125],"texture":"#2"},"west":{"uv":[11.375,3.375,11.75,3.75],"texture":"#2"},"up":{"uv":[3.625,12.125,3.375,11.75],"texture":"#2"},"down":{"uv":[12,3.375,11.75,3.75],"texture":"#2"}}},{"from":[5.01256,24.09696,6.5],"to":[7.01256,27.09696,9.5],"rotation":{"angle":22.5,"axis":"z","origin":[8,24.77373,8]},"faces":{"north":{"uv":[11.75,2.25,12,2.625],"texture":"#2"},"east":{"uv":[3,11.375,3.375,11.75],"texture":"#2"},"south":{"uv":[2.625,11.75,2.875,12.125],"texture":"#2"},"west":{"uv":[11.375,3,11.75,3.375],"texture":"#2"},"up":{"uv":[12,3,11.75,2.625],"texture":"#2"},"down":{"uv":[3.125,11.75,2.875,12.125],"texture":"#2"}}},{"from":[5.4,-0.1,5.4],"to":[10.6,17.1,10.6],"rotation":{"angle":0,"axis":"y","origin":[9.5,2.25,5.57107]},"faces":{"north":{"uv":[1.875,4.75,2.5,6.875],"texture":"#2"},"east":{"uv":[2.5,4.75,3.125,6.875],"texture":"#2"},"south":{"uv":[3.125,4.75,3.75,6.875],"texture":"#2"},"west":{"uv":[4.75,3.375,5.375,5.5],"texture":"#2"},"up":{"uv":[10.875,1.25,10.25,0.625],"texture":"#2"},"down":{"uv":[10.875,6.25,10.25,6.875],"texture":"#2"}}},{"from":[-1.5,0.05,-1.5],"to":[17.5,0.05,17.5],"rotation":{"angle":0,"axis":"y","origin":[9.5,2.25,5.57107]},"faces":{"north":{"uv":[0,0,2.375,0],"texture":"#2"},"east":{"uv":[0,0,2.375,0],"texture":"#2"},"south":{"uv":[0,0,2.375,0],"texture":"#2"},"west":{"uv":[0,0,2.375,0],"texture":"#2"},"up":{"uv":[2.375,2.375,0,0],"texture":"#2"},"down":{"uv":[2.375,2.375,0,4.75],"texture":"#2"}}},{"from":[-1.5,5.05,-1.5],"to":[17.5,5.05,17.5],"rotation":{"angle":0,"axis":"y","origin":[9.5,2.25,5.57107]},"faces":{"north":{"uv":[0,0,2.375,0],"texture":"#2"},"east":{"uv":[0,0,2.375,0],"texture":"#2"},"south":{"uv":[0,0,2.375,0],"texture":"#2"},"west":{"uv":[0,0,2.375,0],"texture":"#2"},"up":{"uv":[4.75,2.375,2.375,0],"texture":"#2"},"down":{"uv":[4.75,2.375,2.375,4.75],"texture":"#2"}}},{"from":[3.5,15.05,3.5],"to":[12.5,16.05,12.5],"rotation":{"angle":0,"axis":"y","origin":[9.5,2.25,5.57107]},"faces":{"north":{"uv":[5.75,14.375,6.875,14.375],"texture":"#2"},"east":{"uv":[5.75,14.375,6.875,14.375],"texture":"#2"},"south":{"uv":[5.75,14.375,6.875,14.375],"texture":"#2"},"west":{"uv":[5.75,14.375,6.875,14.375],"texture":"#2"},"up":{"uv":[6.5,1.125,5.375,0],"texture":"#2"},"down":{"uv":[6.5,1.125,5.375,2.25],"texture":"#2"}}},{"from":[3.5,16.95,3.5],"to":[12.5,17.05,12.5],"rotation":{"angle":0,"axis":"y","origin":[9.5,2.25,5.57107]},"faces":{"north":{"uv":[5.75,14.375,6.875,14.375],"texture":"#2"},"east":{"uv":[5.75,14.375,6.875,14.375],"texture":"#2"},"south":{"uv":[5.75,14.375,6.875,14.375],"texture":"#2"},"west":{"uv":[5.75,14.375,6.875,14.375],"texture":"#2"},"up":{"uv":[6.5,1.125,5.375,0],"texture":"#2"},"down":{"uv":[6.5,1.125,5.375,2.25],"texture":"#2"}}},{"from":[-6.12284,0,-6.30698],"to":[-3.12284,3,5.69302],"rotation":{"angle":-45,"axis":"y","origin":[-1.84619,2.25,3.40901]},"faces":{"north":{"uv":[10,2.5,10.375,2.875],"texture":"#2"},"east":{"uv":[3.75,8.25,5.25,8.625],"texture":"#2"},"south":{"uv":[11.375,1.875,11.75,2.25],"texture":"#2"},"west":{"uv":[5.25,8.25,6.75,8.625],"texture":"#2"},"up":{"uv":[1.625,9.625,1.25,8.125],"texture":"#2"},"down":{"uv":[7.125,8.25,6.75,9.75],"texture":"#2"}}},{"from":[-3.53706,0,-5.72119],"to":[-0.53706,6,4.27881],"rotation":{"angle":-45,"axis":"y","origin":[-2.26041,2.25,2.9948]},"faces":{"north":{"uv":[10.25,6.875,10.625,7.625],"texture":"#2"},"east":{"uv":[6.875,5.25,8.125,6],"texture":"#2"},"south":{"uv":[10.25,10,10.625,10.75],"texture":"#2"},"west":{"uv":[6.875,6,8.125,6.75],"texture":"#2"},"up":{"uv":[0.375,10.125,0,8.875],"texture":"#2"},"down":{"uv":[0.75,8.875,0.375,10.125],"texture":"#2"}}},{"from":[2.23147,15,1.1394],"to":[4.23147,18,6.1394],"rotation":{"angle":-45,"axis":"y","origin":[2.8698,16.125,5.4974]},"faces":{"north":{"uv":[6.75,11.625,7,12],"texture":"#2"},"east":{"uv":[10.75,3.5,11.375,3.875],"texture":"#2"},"south":{"uv":[7,11.625,7.25,12],"texture":"#2"},"west":{"uv":[10.75,3.875,11.375,4.25],"texture":"#2"},"up":{"uv":[1.25,11.5,1,10.875],"texture":"#2"},"down":{"uv":[1.5,10.875,1.25,11.5],"texture":"#2"}}},{"from":[5.5,15,1.96447],"to":[10.5,18,3.96447],"rotation":{"angle":0,"axis":"y","origin":[8.5,16.125,6.5]},"faces":{"north":{"uv":[10.75,2.75,11.375,3.125],"texture":"#2"},"east":{"uv":[11.625,5.625,11.875,6],"texture":"#2"},"south":{"uv":[10.75,3.125,11.375,3.5],"texture":"#2"},"west":{"uv":[6.5,11.625,6.75,12],"texture":"#2"},"up":{"uv":[11.5,0.75,10.875,0.5],"texture":"#2"},"down":{"uv":[11.5,0.75,10.875,1],"texture":"#2"}}},{"from":[6.70711,15,2.05025],"to":[11.70711,18,4.05025],"rotation":{"angle":-45,"axis":"y","origin":[8.70711,16.125,6.58579]},"faces":{"north":{"uv":[10.75,2,11.375,2.375],"texture":"#2"},"east":{"uv":[4.625,11.625,4.875,12],"texture":"#2"},"south":{"uv":[10.75,2.375,11.375,2.75],"texture":"#2"},"west":{"uv":[11.625,4.625,11.875,5],"texture":"#2"},"up":{"uv":[11.5,0.25,10.875,0],"texture":"#2"},"down":{"uv":[11.5,0.25,10.875,0.5],"texture":"#2"}}},{"from":[12.03553,15,5.5],"to":[14.03553,18,10.5],"rotation":{"angle":0,"axis":"y","origin":[13.21599,16.125,10.2955]},"faces":{"north":{"uv":[11.625,4.125,11.875,4.5],"texture":"#2"},"east":{"uv":[10.75,1.25,11.375,1.625],"texture":"#2"},"south":{"uv":[4.375,11.625,4.625,12],"texture":"#2"},"west":{"uv":[10.75,1.625,11.375,2],"texture":"#2"},"up":{"uv":[10.75,11.375,10.5,10.75],"texture":"#2"},"down":{"uv":[11,10.75,10.75,11.375],"texture":"#2"}}},{"from":[11.76853,15,9.8606],"to":[13.76853,18,14.8606],"rotation":{"angle":-45,"axis":"y","origin":[13.1302,16.125,10.5026]},"faces":{"north":{"uv":[2,11.625,2.25,12],"texture":"#2"},"east":{"uv":[10.625,10,11.25,10.375],"texture":"#2"},"south":{"uv":[4.125,11.625,4.375,12],"texture":"#2"},"west":{"uv":[10.625,10.375,11.25,10.75],"texture":"#2"},"up":{"uv":[11,9.125,10.75,8.5],"texture":"#2"},"down":{"uv":[10.5,10.75,10.25,11.375],"texture":"#2"}}},{"from":[5.5,15,12.03553],"to":[10.5,18,14.03553],"rotation":{"angle":0,"axis":"y","origin":[7.5,16.125,9.5]},"faces":{"north":{"uv":[10.625,6.875,11.25,7.25],"texture":"#2"},"east":{"uv":[11.625,1.125,11.875,1.5],"texture":"#2"},"south":{"uv":[10.625,7.25,11.25,7.625],"texture":"#2"},"west":{"uv":[11.625,1.5,11.875,1.875],"texture":"#2"},"up":{"uv":[11.375,5.75,10.75,5.5],"texture":"#2"},"down":{"uv":[11.375,8.25,10.75,8.5],"texture":"#2"}}},{"from":[4.29289,15,11.94975],"to":[9.29289,18,13.94975],"rotation":{"angle":-45,"axis":"y","origin":[7.29289,16.125,9.41421]},"faces":{"north":{"uv":[10.375,5.75,11,6.125],"texture":"#2"},"east":{"uv":[6.5,9.25,6.75,9.625],"texture":"#2"},"south":{"uv":[4.25,10.625,4.875,11],"texture":"#2"},"west":{"uv":[9,11.5,9.25,11.875],"texture":"#2"},"up":{"uv":[5,7.5,4.375,7.25],"texture":"#2"},"down":{"uv":[11.375,5.25,10.75,5.5],"texture":"#2"}}},{"from":[6.60711,16.9,1.95025],"to":[11.80711,18.1,4.15025],"rotation":{"angle":-45,"axis":"y","origin":[8.70711,16.125,6.58579]},"faces":{"north":{"uv":[10.375,11.75,11,11.875],"texture":"#2"},"east":{"uv":[11.875,0.75,12.125,0.875],"texture":"#2"},"south":{"uv":[11,11.75,11.625,11.875],"texture":"#2"},"west":{"uv":[11.875,0.875,12.125,1],"texture":"#2"},"up":{"uv":[11.625,9,11,8.75],"texture":"#2"},"down":{"uv":[11.625,9,11,9.25],"texture":"#2"}}},{"from":[5.4,16.9,1.86447],"to":[10.6,18.1,4.06447],"rotation":{"angle":0,"axis":"y","origin":[8.5,16.125,6.5]},"faces":{"north":{"uv":[11.75,8.125,12.375,8.25],"texture":"#2"},"east":{"uv":[11.375,8.25,11.625,8.375],"texture":"#2"},"south":{"uv":[9.75,11.75,10.375,11.875],"texture":"#2"},"west":{"uv":[11.375,8.375,11.625,8.5],"texture":"#2"},"up":{"uv":[11.625,6,11,5.75],"texture":"#2"},"down":{"uv":[11.625,8.5,11,8.75],"texture":"#2"}}},{"from":[2.13147,16.9,1.0394],"to":[4.33147,18.1,6.2394],"rotation":{"angle":-45,"axis":"y","origin":[2.8698,16.125,5.4974]},"faces":{"north":{"uv":[11.375,4.125,11.625,4.25],"texture":"#2"},"east":{"uv":[11.75,6.625,12.375,6.75],"texture":"#2"},"south":{"uv":[11.375,5.625,11.625,5.75],"texture":"#2"},"west":{"uv":[11.75,8,12.375,8.125],"texture":"#2"},"up":{"uv":[7,11.625,6.75,11],"texture":"#2"},"down":{"uv":[7.25,11,7,11.625],"texture":"#2"}}},{"from":[1.86447,16.9,5.4],"to":[4.06447,18.1,10.6],"rotation":{"angle":0,"axis":"y","origin":[2.78401,16.125,5.7045]},"faces":{"north":{"uv":[9.875,8.375,10.125,8.5],"texture":"#2"},"east":{"uv":[11.75,5.5,12.375,5.625],"texture":"#2"},"south":{"uv":[10.75,9.125,11,9.25],"texture":"#2"},"west":{"uv":[11.75,6.5,12.375,6.625],"texture":"#2"},"up":{"uv":[5,11.625,4.75,11],"texture":"#2"},"down":{"uv":[6.75,11,6.5,11.625],"texture":"#2"}}},{"from":[4.19289,16.9,11.84975],"to":[9.39289,18.1,14.04975],"rotation":{"angle":-45,"axis":"y","origin":[7.29289,16.125,9.41421]},"faces":{"north":{"uv":[11.75,5.25,12.375,5.375],"texture":"#2"},"east":{"uv":[7.625,9.875,7.875,10],"texture":"#2"},"south":{"uv":[11.75,5.375,12.375,5.5],"texture":"#2"},"west":{"uv":[9.875,8.25,10.125,8.375],"texture":"#2"},"up":{"uv":[11.625,4.875,11,4.625],"texture":"#2"},"down":{"uv":[11.625,4.875,11,5.125],"texture":"#2"}}},{"from":[5.4,16.9,11.93553],"to":[10.6,18.1,14.13553],"rotation":{"angle":0,"axis":"y","origin":[7.5,16.125,9.5]},"faces":{"north":{"uv":[11.75,3.875,12.375,4],"texture":"#2"},"east":{"uv":[6.5,9.625,6.75,9.75],"texture":"#2"},"south":{"uv":[11.75,4,12.375,4.125],"texture":"#2"},"west":{"uv":[7.625,9.75,7.875,9.875],"texture":"#2"},"up":{"uv":[11.5,1.25,10.875,1],"texture":"#2"},"down":{"uv":[11.5,7.625,10.875,7.875],"texture":"#2"}}},{"from":[1.96447,15,5.5],"to":[3.96447,18,10.5],"rotation":{"angle":0,"axis":"y","origin":[2.78401,16.125,5.7045]},"faces":{"north":{"uv":[6.625,5.25,6.875,5.625],"texture":"#2"},"east":{"uv":[10.125,8.875,10.75,9.25],"texture":"#2"},"south":{"uv":[1.625,8.125,1.875,8.5],"texture":"#2"},"west":{"uv":[10.25,7.625,10.875,8],"texture":"#2"},"up":{"uv":[6.75,9.25,6.5,8.625],"texture":"#2"},"down":{"uv":[11,4.625,10.75,5.25],"texture":"#2"}}},{"from":[11.66853,16.9,9.7606],"to":[13.86853,18.1,14.9606],"rotation":{"angle":-45,"axis":"y","origin":[13.1302,16.125,10.5026]},"faces":{"north":{"uv":[7.875,8.375,8.125,8.5],"texture":"#2"},"east":{"uv":[11.625,6.125,12.25,6.25],"texture":"#2"},"south":{"uv":[1.625,8.5,1.875,8.625],"texture":"#2"},"west":{"uv":[11.75,3.75,12.375,3.875],"texture":"#2"},"up":{"uv":[4.5,11.625,4.25,11],"texture":"#2"},"down":{"uv":[4.75,11,4.5,11.625],"texture":"#2"}}},{"from":[11.93553,16.9,5.4],"to":[14.13553,18.1,10.6],"rotation":{"angle":0,"axis":"y","origin":[13.21599,16.125,10.2955]},"faces":{"north":{"uv":[6.625,5.625,6.875,5.75],"texture":"#2"},"east":{"uv":[11.5,7.75,12.125,7.875],"texture":"#2"},"south":{"uv":[7.875,8.25,8.125,8.375],"texture":"#2"},"west":{"uv":[11.625,5,12.25,5.125],"texture":"#2"},"up":{"uv":[11.125,6.875,10.875,6.25],"texture":"#2"},"down":{"uv":[2.25,11,2,11.625],"texture":"#2"}}},{"from":[1.6989,3.89,1.71934],"to":[3.9189,18.11,6.93934],"rotation":{"angle":-45,"axis":"y","origin":[3.56912,11,6.16467]},"faces":{"north":{"uv":[13.75,4.125,14,5.875],"texture":"#1"},"east":{"uv":[14,7.75,14.625,9.5],"texture":"#1"},"south":{"uv":[11,8.125,11.25,9.875],"texture":"#1"},"west":{"uv":[0,2,5,16],"texture":"#1"},"up":{"uv":[0,0,5,2],"rotation":90,"texture":"#1"},"down":{"uv":[16,7,15.75,7.625],"texture":"#1"}}},{"from":[1.6989,3.89,5.39],"to":[3.9189,18.11,10.61],"rotation":{"angle":0,"axis":"y","origin":[2.8089,11,8]},"faces":{"north":{"uv":[13.75,4.125,14,5.875],"texture":"#1"},"east":{"uv":[14,7.75,14.625,9.5],"texture":"#1"},"south":{"uv":[11,8.125,11.25,9.875],"texture":"#1"},"west":{"uv":[0,2,5,16],"texture":"#1"},"up":{"uv":[0,0,5,2],"rotation":90,"texture":"#1"},"down":{"uv":[16,7,15.75,7.625],"texture":"#1"}}},{"from":[9.06066,3.89,1.6989],"to":[14.28066,18.11,3.9189],"rotation":{"angle":-45,"axis":"y","origin":[9.83533,11,3.56912]},"faces":{"north":{"uv":[0,2,5,16],"texture":"#1"},"east":{"uv":[13.75,4.125,14,5.875],"texture":"#1"},"south":{"uv":[14,7.75,14.625,9.5],"texture":"#1"},"west":{"uv":[11,8.125,11.25,9.875],"texture":"#1"},"up":{"uv":[0,0,5,2],"rotation":180,"texture":"#1"},"down":{"uv":[16,7,15.75,7.625],"rotation":270,"texture":"#1"}}},{"from":[5.39,3.89,1.6989],"to":[10.61,18.11,3.9189],"rotation":{"angle":0,"axis":"y","origin":[9.83533,11,3.56912]},"faces":{"north":{"uv":[0,2,5,16],"texture":"#1"},"east":{"uv":[13.75,4.125,14,5.875],"texture":"#1"},"south":{"uv":[14,7.75,14.625,9.5],"texture":"#1"},"west":{"uv":[11,8.125,11.25,9.875],"texture":"#1"},"up":{"uv":[0,0,5,2],"rotation":180,"texture":"#1"},"down":{"uv":[16,7,15.75,7.625],"rotation":270,"texture":"#1"}}},{"from":[1.71934,3.89,12.0811],"to":[6.93934,18.11,14.3011],"rotation":{"angle":-45,"axis":"y","origin":[6.16467,11,12.43088]},"faces":{"north":{"uv":[14,7.75,14.625,9.5],"texture":"#1"},"east":{"uv":[11,8.125,11.25,9.875],"texture":"#1"},"south":{"uv":[0,2,5,16],"texture":"#1"},"west":{"uv":[13.75,4.125,14,5.875],"texture":"#1"},"up":{"uv":[5,2,0,0],"rotation":180,"texture":"#1"},"down":{"uv":[15.75,7.625,16,7],"rotation":270,"texture":"#1"}}},{"from":[5.39,3.89,12.0811],"to":[10.61,18.11,14.3011],"rotation":{"angle":0,"axis":"y","origin":[6.16467,11,12.43088]},"faces":{"north":{"uv":[14,7.75,14.625,9.5],"texture":"#1"},"east":{"uv":[11,8.125,11.25,9.875],"texture":"#1"},"south":{"uv":[0,2,5,16],"texture":"#1"},"west":{"uv":[13.75,4.125,14,5.875],"texture":"#1"},"up":{"uv":[5,2,0,0],"rotation":180,"texture":"#1"},"down":{"uv":[15.75,7.625,16,7],"rotation":270,"texture":"#1"}}},{"from":[12.0811,3.89,9.06066],"to":[14.3011,18.11,14.28066],"rotation":{"angle":-45,"axis":"y","origin":[12.43088,11,9.83533]},"faces":{"north":{"uv":[11,8.125,11.25,9.875],"texture":"#1"},"east":{"uv":[0,2,5,16],"texture":"#1"},"south":{"uv":[13.75,4.125,14,5.875],"texture":"#1"},"west":{"uv":[14,7.75,14.625,9.5],"texture":"#1"},"up":{"uv":[5,2,0,0],"rotation":90,"texture":"#1"},"down":{"uv":[15.75,7.625,16,7],"texture":"#1"}}},{"from":[4.50071,5,16.44804],"to":[11.50071,9,16.44804],"rotation":{"angle":0,"axis":"y","origin":[8.00071,14,16.44804]},"faces":{"north":{"uv":[13,11,6,15],"texture":"#1"},"east":{"uv":[6,11,13,15],"texture":"#1"},"south":{"uv":[6,11,13,15],"texture":"#1"},"west":{"uv":[6,11,13,15],"texture":"#1"},"up":{"uv":[6,11,13,15],"rotation":90,"texture":"#1"},"down":{"uv":[6,11,13,15],"rotation":270,"texture":"#1"}}},{"from":[16.44945,5,4.49929],"to":[16.44945,9,11.49929],"rotation":{"angle":0,"axis":"y","origin":[15.21216,14,5.01221]},"faces":{"north":{"uv":[6,11,13,15],"texture":"#1"},"east":{"uv":[6,11,13,15],"texture":"#1"},"south":{"uv":[6,11,13,15],"texture":"#1"},"west":{"uv":[13,11,6,15],"texture":"#1"},"up":{"uv":[6,11,13,15],"texture":"#1"},"down":{"uv":[6,11,13,15],"texture":"#1"}}},{"from":[-0.44945,5,4.50071],"to":[-0.44945,9,11.50071],"rotation":{"angle":0,"axis":"y","origin":[0.78784,14,10.98779]},"faces":{"north":{"uv":[6,11,13,15],"texture":"#1"},"east":{"uv":[13,11,6,15],"texture":"#1"},"south":{"uv":[6,11,13,15],"texture":"#1"},"west":{"uv":[6,11,13,15],"texture":"#1"},"up":{"uv":[13,15,6,11],"texture":"#1"},"down":{"uv":[13,15,6,11],"texture":"#1"}}},{"from":[4.49929,5,-0.44804],"to":[11.49929,9,-0.44804],"rotation":{"angle":0,"axis":"y","origin":[7.99929,14,-0.44804]},"faces":{"north":{"uv":[6,11,13,15],"texture":"#1"},"east":{"uv":[6,11,13,15],"texture":"#1"},"south":{"uv":[13,11,6,15],"texture":"#1"},"west":{"uv":[6,11,13,15],"texture":"#1"},"up":{"uv":[13,15,6,11],"rotation":90,"texture":"#1"},"down":{"uv":[13,15,6,11],"rotation":270,"texture":"#1"}}},{"from":[12.0811,3.89,5.39],"to":[14.3011,18.11,10.61],"rotation":{"angle":0,"axis":"y","origin":[13.1911,11,8]},"faces":{"north":{"uv":[11,8.125,11.25,9.875],"texture":"#1"},"east":{"uv":[0,2,5,16],"texture":"#1"},"south":{"uv":[13.75,4.125,14,5.875],"texture":"#1"},"west":{"uv":[14,7.75,14.625,9.5],"texture":"#1"},"up":{"uv":[5,2,0,0],"rotation":90,"texture":"#1"},"down":{"uv":[15.75,7.625,16,7],"texture":"#1"}}},{"from":[-3.63706,4.9,-5.82119],"to":[-0.43706,6.1,4.37881],"rotation":{"angle":-45,"axis":"y","origin":[-2.26041,2.25,2.9948]},"faces":{"north":{"uv":[10,2.875,10.375,3],"texture":"#2"},"east":{"uv":[10.375,6.125,11.625,6.25],"texture":"#2"},"south":{"uv":[3.625,11.75,4,11.875],"texture":"#2"},"west":{"uv":[10.75,4.5,12,4.625],"texture":"#2"},"up":{"uv":[1.125,10.125,0.75,8.875],"texture":"#2"},"down":{"uv":[2.375,9,2,10.25],"texture":"#2"}}},{"from":[2.89,4.89,-4.18107],"to":[13.11,6.11,-0.96107],"rotation":{"angle":0,"axis":"y","origin":[8,3.5,-3.77817]},"faces":{"north":{"uv":[10.875,7.875,12.125,8],"texture":"#2"},"east":{"uv":[8.25,11.75,8.625,11.875],"texture":"#2"},"south":{"uv":[11,5.125,12.25,5.25],"texture":"#2"},"west":{"uv":[11.75,11.375,12.125,11.5],"texture":"#2"},"up":{"uv":[10.25,7.125,9,6.75],"texture":"#2"},"down":{"uv":[10.25,7.125,9,7.5],"texture":"#2"}}},{"from":[3,0,-4.07107],"to":[13,6,-1.07107],"rotation":{"angle":0,"axis":"y","origin":[8,3.5,-3.77817]},"faces":{"north":{"uv":[6.875,6.75,8.125,7.5],"texture":"#2"},"east":{"uv":[10.375,1.25,10.75,2],"texture":"#2"},"south":{"uv":[7.125,0,8.375,0.75],"texture":"#2"},"west":{"uv":[10.375,2,10.75,2.75],"texture":"#2"},"up":{"uv":[3.625,9.375,2.375,9],"texture":"#2"},"down":{"uv":[4.875,9,3.625,9.375],"texture":"#2"}}},{"from":[2,0,-6.48528],"to":[14,3,-3.48528],"rotation":{"angle":0,"axis":"y","origin":[8,3.5,-3.77817]},"faces":{"north":{"uv":[8.375,0,9.875,0.375],"texture":"#2"},"east":{"uv":[3.75,11.375,4.125,11.75],"texture":"#2"},"south":{"uv":[8.375,0.375,9.875,0.75],"texture":"#2"},"west":{"uv":[11.375,3.75,11.75,4.125],"texture":"#2"},"up":{"uv":[9.875,1.125,8.375,0.75],"texture":"#2"},"down":{"uv":[9.875,1.125,8.375,1.5],"texture":"#2"}}},{"from":[-6.23528,0,10.57843],"to":[-3.23528,3,22.57843],"rotation":{"angle":45,"axis":"y","origin":[-2.23008,3.5,12.59099]},"faces":{"north":{"uv":[10.625,11.375,11,11.75],"texture":"#2"},"east":{"uv":[8.5,2.25,10,2.625],"texture":"#2"},"south":{"uv":[11,11.375,11.375,11.75],"texture":"#2"},"west":{"uv":[8.5,2.625,10,3],"texture":"#2"},"up":{"uv":[8.875,4.5,8.5,3],"texture":"#2"},"down":{"uv":[8.25,8.5,7.875,10],"texture":"#2"}}},{"from":[-6.48528,0,2],"to":[-3.48528,3,14],"rotation":{"angle":0,"axis":"y","origin":[-2.23008,3.5,12.59099]},"faces":{"north":{"uv":[11.375,5.25,11.75,5.625],"texture":"#2"},"east":{"uv":[8.5,1.5,10,1.875],"texture":"#2"},"south":{"uv":[10.25,11.375,10.625,11.75],"texture":"#2"},"west":{"uv":[8.5,1.875,10,2.25],"texture":"#2"},"up":{"uv":[7.5,9.75,7.125,8.25],"texture":"#2"},"down":{"uv":[7.875,8.25,7.5,9.75],"texture":"#2"}}},{"from":[-4.48528,3,7],"to":[-4.48528,9,10],"rotation":{"angle":0,"axis":"y","origin":[-2.23008,3.5,12.59099]},"faces":{"north":{"uv":[0,0,0,0.75],"texture":"#2"},"east":{"uv":[2,10.25,2.375,11],"texture":"#2"},"south":{"uv":[0,0,0,0.75],"texture":"#2"},"west":{"uv":[2,10.25,2.375,11],"texture":"#2"},"up":{"uv":[0,0.375,0,0],"texture":"#2"},"down":{"uv":[0,0,0,0.375],"texture":"#2"}}},{"from":[11.879,3,20.03572],"to":[14.879,9,20.03572],"rotation":{"angle":0,"axis":"y","origin":[13.86472,5.47409,19.98572]},"faces":{"north":{"uv":[2,10.25,2.375,11],"texture":"#2"},"east":{"uv":[0,0,0,0.75],"texture":"#2"},"south":{"uv":[2,10.25,2.375,11],"texture":"#2"},"west":{"uv":[0,0,0,0.75],"texture":"#2"},"up":{"uv":[0,0.375,0,0],"rotation":270,"texture":"#2"},"down":{"uv":[0,0,0,0.375],"rotation":90,"texture":"#2"}}},{"from":[14.879,3,-4.03572],"to":[17.879,9,-4.03572],"rotation":{"angle":-45,"axis":"y","origin":[13.379,6,-4.03572]},"faces":{"north":{"uv":[2.375,10.25,2,11],"texture":"#2"},"east":{"uv":[0,0,0,0.75],"texture":"#2"},"south":{"uv":[2.375,10.25,2,11],"texture":"#2"},"west":{"uv":[0,0,0,0.75],"texture":"#2"},"up":{"uv":[0,0.375,0,0],"rotation":270,"texture":"#2"},"down":{"uv":[0,0,0,0.375],"rotation":90,"texture":"#2"}}},{"from":[5.63009,25.69971,5.86378],"to":[8.63009,31.69971,5.86378],"rotation":{"angle":22.5,"axis":"z","origin":[6.36472,25.85195,5.86378]},"faces":{"north":{"uv":[2.375,10.25,2,11],"texture":"#2"},"east":{"uv":[0,0,0,0.75],"texture":"#2"},"south":{"uv":[2.375,10.25,2,11],"texture":"#2"},"west":{"uv":[0,0,0,0.75],"texture":"#2"},"up":{"uv":[0,0.375,0,0],"rotation":270,"texture":"#2"},"down":{"uv":[0,0,0,0.375],"rotation":90,"texture":"#2"}}},{"from":[7.36991,25.69971,10.13622],"to":[10.36991,31.69971,10.13622],"rotation":{"angle":-22.5,"axis":"z","origin":[9.63528,25.85195,10.13622]},"faces":{"north":{"uv":[2.375,10.25,2,11],"texture":"#2"},"east":{"uv":[0,0,0,0.75],"texture":"#2"},"south":{"uv":[2.375,10.25,2,11],"texture":"#2"},"west":{"uv":[0,0,0,0.75],"texture":"#2"},"up":{"uv":[0,0,0,0.375],"rotation":270,"texture":"#2"},"down":{"uv":[0,0.375,0,0],"rotation":90,"texture":"#2"}}},{"from":[13.01472,3.17409,19.93572],"to":[16.01472,7.17409,19.93572],"rotation":{"angle":-22.5,"axis":"z","origin":[13.86472,5.47409,19.98572]},"faces":{"north":{"uv":[2,10.25,2.375,11],"texture":"#2"},"east":{"uv":[0,0,0,0.75],"texture":"#2"},"south":{"uv":[2,10.25,2.375,11],"texture":"#2"},"west":{"uv":[0,0,0,0.75],"texture":"#2"},"up":{"uv":[0,0.375,0,0],"rotation":270,"texture":"#2"},"down":{"uv":[0,0,0,0.375],"rotation":90,"texture":"#2"}}},{"from":[-4.07107,0,3],"to":[-1.07107,6,13],"rotation":{"angle":0,"axis":"y","origin":[-2.23008,3.5,12.59099]},"faces":{"north":{"uv":[10.375,4.25,10.75,5],"texture":"#2"},"east":{"uv":[7.25,2.25,8.5,3],"texture":"#2"},"south":{"uv":[10.375,5,10.75,5.75],"texture":"#2"},"west":{"uv":[7.25,3,8.5,3.75],"texture":"#2"},"up":{"uv":[4.25,10.625,3.875,9.375],"texture":"#2"},"down":{"uv":[4.625,9.375,4.25,10.625],"texture":"#2"}}},{"from":[-3.82107,0,11.57843],"to":[-0.82107,6,21.57843],"rotation":{"angle":45,"axis":"y","origin":[-2.23008,3.5,12.59099]},"faces":{"north":{"uv":[10.375,2.75,10.75,3.5],"texture":"#2"},"east":{"uv":[7.125,0.75,8.375,1.5],"texture":"#2"},"south":{"uv":[10.375,3.5,10.75,4.25],"texture":"#2"},"west":{"uv":[7.25,1.5,8.5,2.25],"texture":"#2"},"up":{"uv":[3.5,10.625,3.125,9.375],"texture":"#2"},"down":{"uv":[3.875,9.375,3.5,10.625],"texture":"#2"}}},{"from":[-3.92107,4.9,11.47843],"to":[-0.72107,6.1,21.67843],"rotation":{"angle":45,"axis":"y","origin":[-2.23008,3.5,12.59099]},"faces":{"north":{"uv":[11.75,11.625,12.125,11.75],"texture":"#2"},"east":{"uv":[11,9.375,12.25,9.5],"texture":"#2"},"south":{"uv":[0,11.875,0.375,12],"texture":"#2"},"west":{"uv":[11,9.5,12.25,9.625],"texture":"#2"},"up":{"uv":[2.75,10.625,2.375,9.375],"texture":"#2"},"down":{"uv":[3.125,9.375,2.75,10.625],"texture":"#2"}}},{"from":[-4.18107,4.89,2.89],"to":[-0.96107,6.11,13.11],"rotation":{"angle":0,"axis":"y","origin":[-2.23008,3.5,12.59099]},"faces":{"north":{"uv":[11.75,11.5,12.125,11.625],"texture":"#2"},"east":{"uv":[11,6,12.25,6.125],"texture":"#2"},"south":{"uv":[11.625,11.75,12,11.875],"texture":"#2"},"west":{"uv":[11,9.25,12.25,9.375],"texture":"#2"},"up":{"uv":[9,10.5,8.625,9.25],"texture":"#2"},"down":{"uv":[9.375,9.25,9,10.5],"texture":"#2"}}},{"from":[2,0,19.48528],"to":[14,3,22.48528],"rotation":{"angle":0,"axis":"y","origin":[8,3.5,19.77817]},"faces":{"north":{"uv":[8.875,3.375,10.375,3.75],"texture":"#2"},"east":{"uv":[11.5,7.375,11.875,7.75],"texture":"#2"},"south":{"uv":[8.875,3.75,10.375,4.125],"texture":"#2"},"west":{"uv":[8.625,11.5,9,11.875],"texture":"#2"},"up":{"uv":[10.375,4.5,8.875,4.125],"texture":"#2"},"down":{"uv":[10.125,8.875,8.625,9.25],"texture":"#2"}}},{"from":[19.12284,0,10.30698],"to":[22.12284,3,22.30698],"rotation":{"angle":-45,"axis":"y","origin":[17.84619,2.25,12.59099]},"faces":{"north":{"uv":[1,11.5,1.375,11.875],"texture":"#2"},"east":{"uv":[8.625,8.5,10.125,8.875],"texture":"#2"},"south":{"uv":[11.5,7,11.875,7.375],"texture":"#2"},"west":{"uv":[8.875,3,10.375,3.375],"texture":"#2"},"up":{"uv":[6.125,10.125,5.75,8.625],"texture":"#2"},"down":{"uv":[6.5,8.625,6.125,10.125],"texture":"#2"}}},{"from":[19.48528,0,2],"to":[22.48528,3,14],"rotation":{"angle":0,"axis":"y","origin":[18.23008,3.5,3.40901]},"faces":{"north":{"uv":[11.5,0.375,11.875,0.75],"texture":"#2"},"east":{"uv":[2,8.625,3.5,9],"texture":"#2"},"south":{"uv":[11.5,0.75,11.875,1.125],"texture":"#2"},"west":{"uv":[3.5,8.625,5,9],"texture":"#2"},"up":{"uv":[5.375,10.125,5,8.625],"texture":"#2"},"down":{"uv":[5.75,8.625,5.375,10.125],"texture":"#2"}}},{"from":[19.23528,0,-6.57843],"to":[22.23528,3,5.42157],"rotation":{"angle":45,"axis":"y","origin":[18.23008,3.5,3.40901]},"faces":{"north":{"uv":[11.375,11.375,11.75,11.75],"texture":"#2"},"east":{"uv":[8.5,4.5,10,4.875],"texture":"#2"},"south":{"uv":[11.5,0,11.875,0.375],"texture":"#2"},"west":{"uv":[8.5,4.875,10,5.25],"texture":"#2"},"up":{"uv":[8.625,10,8.25,8.5],"texture":"#2"},"down":{"uv":[2,8.625,1.625,10.125],"texture":"#2"}}},{"from":[16.82107,0,-5.57843],"to":[19.82107,6,4.42157],"rotation":{"angle":45,"axis":"y","origin":[18.23008,3.5,3.40901]},"faces":{"north":{"uv":[3.5,10.625,3.875,11.375],"texture":"#2"},"east":{"uv":[8.125,5.25,9.375,6],"texture":"#2"},"south":{"uv":[3.875,10.625,4.25,11.375],"texture":"#2"},"west":{"uv":[8.125,6,9.375,6.75],"texture":"#2"},"up":{"uv":[8,11.25,7.625,10],"texture":"#2"},"down":{"uv":[8.375,10,8,11.25],"texture":"#2"}}},{"from":[17.07107,0,3],"to":[20.07107,6,13],"rotation":{"angle":0,"axis":"y","origin":[18.23008,3.5,3.40901]},"faces":{"north":{"uv":[2.75,10.625,3.125,11.375],"texture":"#2"},"east":{"uv":[6.875,7.5,8.125,8.25],"texture":"#2"},"south":{"uv":[3.125,10.625,3.5,11.375],"texture":"#2"},"west":{"uv":[0,8.125,1.25,8.875],"texture":"#2"},"up":{"uv":[10.25,1.25,9.875,0],"texture":"#2"},"down":{"uv":[10.375,1.25,10,2.5],"texture":"#2"}}},{"from":[16.53706,0,11.72119],"to":[19.53706,6,21.72119],"rotation":{"angle":-45,"axis":"y","origin":[18.26041,2.25,13.0052]},"faces":{"north":{"uv":[9.375,10.5,9.75,11.25],"texture":"#2"},"east":{"uv":[4.375,7.5,5.625,8.25],"texture":"#2"},"south":{"uv":[2.375,10.625,2.75,11.375],"texture":"#2"},"west":{"uv":[5.625,7.5,6.875,8.25],"texture":"#2"},"up":{"uv":[7.25,11,6.875,9.75],"texture":"#2"},"down":{"uv":[7.625,9.75,7.25,11],"texture":"#2"}}},{"from":[3,0,17.07107],"to":[13,6,20.07107],"rotation":{"angle":0,"axis":"y","origin":[8,3.5,19.77817]},"faces":{"north":{"uv":[7.25,3.75,8.5,4.5],"texture":"#2"},"east":{"uv":[8.625,10.5,9,11.25],"texture":"#2"},"south":{"uv":[7.25,4.5,8.5,5.25],"texture":"#2"},"west":{"uv":[9,10.5,9.375,11.25],"texture":"#2"},"up":{"uv":[11,9.625,9.75,9.25],"texture":"#2"},"down":{"uv":[11,9.625,9.75,10],"texture":"#2"}}},{"from":[2.89,4.89,16.96107],"to":[13.11,6.11,20.18107],"rotation":{"angle":0,"axis":"y","origin":[8,3.5,19.77817]},"faces":{"north":{"uv":[11.125,6.25,12.375,6.375],"texture":"#2"},"east":{"uv":[11.875,0.625,12.25,0.75],"texture":"#2"},"south":{"uv":[11.125,6.375,12.375,6.5],"texture":"#2"},"west":{"uv":[0.75,11.875,1.125,12],"texture":"#2"},"up":{"uv":[10.25,7.875,9,7.5],"texture":"#2"},"down":{"uv":[10.25,7.875,9,8.25],"texture":"#2"}}},{"from":[16.43706,4.9,11.62119],"to":[19.63706,6.1,21.82119],"rotation":{"angle":-45,"axis":"y","origin":[18.26041,2.25,13.0052]},"faces":{"north":{"uv":[11.875,0.375,12.25,0.5],"texture":"#2"},"east":{"uv":[11,10.875,12.25,11],"texture":"#2"},"south":{"uv":[11.875,0.5,12.25,0.625],"texture":"#2"},"west":{"uv":[11,11,12.25,11.125],"texture":"#2"},"up":{"uv":[10.125,6.5,9.75,5.25],"texture":"#2"},"down":{"uv":[6.875,9.75,6.5,11],"texture":"#2"}}},{"from":[16.96107,4.89,2.89],"to":[20.18107,6.11,13.11],"rotation":{"angle":0,"axis":"y","origin":[18.23008,3.5,3.40901]},"faces":{"north":{"uv":[11.875,0.25,12.25,0.375],"texture":"#2"},"east":{"uv":[11,9.875,12.25,10],"texture":"#2"},"south":{"uv":[0.375,11.875,0.75,12],"texture":"#2"},"west":{"uv":[11,10.75,12.25,10.875],"texture":"#2"},"up":{"uv":[9.75,10.5,9.375,9.25],"texture":"#2"},"down":{"uv":[1.5,9.625,1.125,10.875],"texture":"#2"}}},{"from":[16.72107,4.9,-5.67843],"to":[19.92107,6.1,4.52157],"rotation":{"angle":45,"axis":"y","origin":[18.23008,3.5,3.40901]},"faces":{"north":{"uv":[11.875,0,12.25,0.125],"texture":"#2"},"east":{"uv":[11,9.625,12.25,9.75],"texture":"#2"},"south":{"uv":[11.875,0.125,12.25,0.25],"texture":"#2"},"west":{"uv":[11,9.75,12.25,9.875],"texture":"#2"},"up":{"uv":[5,10.625,4.625,9.375],"texture":"#2"},"down":{"uv":[9.75,5.25,9.375,6.5],"texture":"#2"}}}],"gui_light":"front"}