{"display":{"thirdperson_righthand":{"rotation":[68,0,0],"translation":[0,-0.5,-1.25],"scale":[0.3,0.3,0.3]},"thirdperson_lefthand":{"rotation":[68,0,0],"translation":[0,-0.5,-1.25],"scale":[0.3,0.3,0.3]},"firstperson_righthand":{"translation":[3.25,1,0],"scale":[0.4,0.4,0.4]},"firstperson_lefthand":{"translation":[3.25,1,0],"scale":[0.4,0.4,0.4]},"ground":{"translation":[0,3.5,0],"scale":[0.35,0.35,0.35]},"gui":{"rotation":[22.5,-45,0],"translation":[0,-2,0],"scale":[0.44,0.44,0.44]},"head":{"translation":[0,33,0],"scale":[4,4,4]},"fixed":{"rotation":[-90,0,0],"translation":[0,0,-16.5],"scale":[2.3,2.3,2.3]}},"texture_size":[128,128],"textures":{"3":"civilization:item/gameplay/fountain_of_youth/death_fountain/deactivated","particle":"civilization:item/gameplay/fountain_of_youth/death_fountain/deactivated"},"elements":[{"from":[5.5,0,5.5],"to":[10.5,27,10.5],"rotation":{"angle":0,"axis":"y","origin":[9.5,2.25,5.57107]},"faces":{"north":{"uv":[2.375,0,3,3.375],"texture":"#3"},"east":{"uv":[3,0,3.625,3.375],"texture":"#3"},"south":{"uv":[2.375,3.375,3,6.75],"texture":"#3"},"west":{"uv":[3,3.375,3.625,6.75],"texture":"#3"},"up":{"uv":[9,6,8.375,5.375],"texture":"#3"},"down":{"uv":[9,6,8.375,6.625],"texture":"#3"}}},{"from":[4.5,27,4.5],"to":[11.5,29,11.5],"rotation":{"angle":0,"axis":"y","origin":[9.5,2.25,5.57107]},"faces":{"north":{"uv":[6.125,3.5,7,3.75],"texture":"#3"},"east":{"uv":[9.25,6.75,10.125,7],"texture":"#3"},"south":{"uv":[9.25,9.25,10.125,9.5],"texture":"#3"},"west":{"uv":[9.375,0,10.25,0.25],"texture":"#3"},"up":{"uv":[0.875,6.75,0,5.875],"texture":"#3"},"down":{"uv":[7,2.25,6.125,3.125],"texture":"#3"}}},{"from":[6.5,24,5.5],"to":[9.5,27,7.5],"rotation":{"angle":-22.5,"axis":"x","origin":[8,23.5,8]},"faces":{"north":{"uv":[6.875,9.875,7.25,10.25],"texture":"#3"},"east":{"uv":[9.5,10.125,9.75,10.5],"texture":"#3"},"south":{"uv":[7.75,9.875,8.125,10.25],"texture":"#3"},"west":{"uv":[0,10.25,0.25,10.625],"texture":"#3"},"up":{"uv":[10.375,6.375,10,6.125],"texture":"#3"},"down":{"uv":[10.5,3.375,10.125,3.625],"texture":"#3"}}},{"from":[6.5,24,8.5],"to":[9.5,27,10.5],"rotation":{"angle":22.5,"axis":"x","origin":[8,23.5,8]},"faces":{"north":{"uv":[8.125,9.75,8.5,10.125],"texture":"#3"},"east":{"uv":[10,9.875,10.25,10.25],"texture":"#3"},"south":{"uv":[9.75,9.5,10.125,9.875],"texture":"#3"},"west":{"uv":[10.125,2.25,10.375,2.625],"texture":"#3"},"up":{"uv":[7.875,5.625,7.5,5.375],"texture":"#3"},"down":{"uv":[10.375,1.25,10,1.5],"texture":"#3"}}},{"from":[8.98744,24.09696,6.5],"to":[10.98744,27.09696,9.5],"rotation":{"angle":-22.5,"axis":"z","origin":[8,24.77373,8]},"faces":{"north":{"uv":[10.125,8.5,10.375,8.875],"texture":"#3"},"east":{"uv":[0.75,9.875,1.125,10.25],"texture":"#3"},"south":{"uv":[10.125,8.875,10.375,9.25],"texture":"#3"},"west":{"uv":[1.125,9.875,1.5,10.25],"texture":"#3"},"up":{"uv":[9.5,10.5,9.25,10.125],"texture":"#3"},"down":{"uv":[10.375,9.25,10.125,9.625],"texture":"#3"}}},{"from":[5.01256,24.09696,6.5],"to":[7.01256,27.09696,9.5],"rotation":{"angle":22.5,"axis":"z","origin":[8,24.77373,8]},"faces":{"north":{"uv":[10.125,6.625,10.375,7],"texture":"#3"},"east":{"uv":[0,9.875,0.375,10.25],"texture":"#3"},"south":{"uv":[10.125,7.75,10.375,8.125],"texture":"#3"},"west":{"uv":[0.375,9.875,0.75,10.25],"texture":"#3"},"up":{"uv":[8.375,10.5,8.125,10.125],"texture":"#3"},"down":{"uv":[10.375,8.125,10.125,8.5],"texture":"#3"}}},{"from":[5.4,-0.1,5.4],"to":[10.6,17.1,10.6],"rotation":{"angle":0,"axis":"y","origin":[9.5,2.25,5.57107]},"faces":{"north":{"uv":[3.625,0,4.25,2.125],"texture":"#3"},"east":{"uv":[3.625,2.125,4.25,4.25],"texture":"#3"},"south":{"uv":[4.25,0,4.875,2.125],"texture":"#3"},"west":{"uv":[4.25,2.125,4.875,4.25],"texture":"#3"},"up":{"uv":[9.125,2.875,8.5,2.25],"texture":"#3"},"down":{"uv":[9.125,7.75,8.5,8.375],"texture":"#3"}}},{"from":[-1.5,0.05,-1.5],"to":[17.5,0.05,17.5],"rotation":{"angle":0,"axis":"y","origin":[9.5,2.25,5.57107]},"faces":{"north":{"uv":[0,0,2.375,0],"texture":"#3"},"east":{"uv":[0,0,2.375,0],"texture":"#3"},"south":{"uv":[0,0,2.375,0],"texture":"#3"},"west":{"uv":[0,0,2.375,0],"texture":"#3"},"up":{"uv":[2.375,2.375,0,0],"texture":"#3"},"down":{"uv":[2.375,2.375,0,0],"texture":"#3"}}},{"from":[4.5,0.07,2.5],"to":[6.5,1.07,4.5],"rotation":{"angle":0,"axis":"y","origin":[-1.5,-8.75,9.57107]},"faces":{"north":{"uv":[10.25,7,10.5,7.125],"texture":"#3"},"east":{"uv":[10.25,7.125,10.5,7.25],"texture":"#3"},"south":{"uv":[7.75,10.25,8,10.375],"texture":"#3"},"west":{"uv":[8.375,10.25,8.625,10.375],"texture":"#3"},"up":{"uv":[7.25,3.75,7,3.5],"texture":"#3"},"down":{"uv":[7.5,5,7.25,5.25],"texture":"#3"}}},{"from":[1.5,0.07,3.5],"to":[3.5,1.07,5.5],"rotation":{"angle":45,"axis":"y","origin":[3.5,0.55,3.5]},"faces":{"north":{"uv":[8.625,10.25,8.875,10.375],"texture":"#3"},"east":{"uv":[8.875,10.25,9.125,10.375],"texture":"#3"},"south":{"uv":[9.75,10.25,10,10.375],"texture":"#3"},"west":{"uv":[10.25,9.875,10.5,10],"texture":"#3"},"up":{"uv":[9.25,6.625,9,6.375],"texture":"#3"},"down":{"uv":[10.5,1,10.25,1.25],"texture":"#3"}}},{"from":[13.5,0.07,10.08579],"to":[15.5,1.07,12.08579],"rotation":{"angle":22.5,"axis":"y","origin":[12.5,0.55,11.08579]},"faces":{"north":{"uv":[10,10.25,10.25,10.375],"texture":"#3"},"east":{"uv":[10.25,10,10.5,10.125],"texture":"#3"},"south":{"uv":[10.25,10.125,10.5,10.25],"texture":"#3"},"west":{"uv":[10.25,10.25,10.5,10.375],"texture":"#3"},"up":{"uv":[1.75,10.5,1.5,10.25],"texture":"#3"},"down":{"uv":[10.5,1.5,10.25,1.75],"texture":"#3"}}},{"from":[11.5,0.07,5.08579],"to":[13.5,1.07,7.08579],"rotation":{"angle":22.5,"axis":"y","origin":[5.5,-16.45,6.08579]},"faces":{"north":{"uv":[0.25,10.375,0.5,10.5],"texture":"#3"},"east":{"uv":[0.5,10.375,0.75,10.5],"texture":"#3"},"south":{"uv":[0.75,10.375,1,10.5],"texture":"#3"},"west":{"uv":[1,10.375,1.25,10.5],"texture":"#3"},"up":{"uv":[2,10.5,1.75,10.25],"texture":"#3"},"down":{"uv":[10.5,1.75,10.25,2],"texture":"#3"}}},{"from":[10.95716,0.06,1.897],"to":[11.97716,1.08,4.917],"rotation":{"angle":-22.5,"axis":"y","origin":[11.96716,0.55,3.407]},"faces":{"north":{"uv":[5.875,4.125,6,4.25],"texture":"#3"},"east":{"uv":[2,10.25,2.375,10.375],"texture":"#3"},"south":{"uv":[6,5.625,6.125,5.75],"texture":"#3"},"west":{"uv":[10.25,2,10.625,2.125],"texture":"#3"},"up":{"uv":[4.75,5.75,4.625,5.375],"texture":"#3"},"down":{"uv":[6,3.75,5.875,4.125],"texture":"#3"}}},{"from":[4.47619,0.06,11.80133],"to":[5.49619,1.08,14.82133],"rotation":{"angle":-45,"axis":"y","origin":[4.73619,0.55,13.31133]},"faces":{"north":{"uv":[6,5.625,6.125,5.75],"texture":"#3"},"east":{"uv":[10.25,2,10.625,2.125],"texture":"#3"},"south":{"uv":[5.875,4.125,6,4.25],"texture":"#3"},"west":{"uv":[2,10.25,2.375,10.375],"texture":"#3"},"up":{"uv":[4.75,5.75,4.625,5.375],"rotation":180,"texture":"#3"},"down":{"uv":[6,3.75,5.875,4.125],"rotation":180,"texture":"#3"}}},{"from":[3.55941,0.07,12.13455],"to":[5.55941,1.07,14.13455],"rotation":{"angle":0,"axis":"y","origin":[4.73619,0.55,13.31133]},"faces":{"north":{"uv":[0.75,10.375,1,10.5],"texture":"#3"},"east":{"uv":[1,10.375,1.25,10.5],"texture":"#3"},"south":{"uv":[0.25,10.375,0.5,10.5],"texture":"#3"},"west":{"uv":[0.5,10.375,0.75,10.5],"texture":"#3"},"up":{"uv":[2,10.5,1.75,10.25],"rotation":180,"texture":"#3"},"down":{"uv":[10.5,1.75,10.25,2],"rotation":180,"texture":"#3"}}},{"from":[3.5,15.05,3.5],"to":[12.5,16.05,12.5],"rotation":{"angle":0,"axis":"y","origin":[9.5,2.25,5.57107]},"faces":{"north":{"uv":[1.625,7.5,2.75,7.625],"texture":"#3"},"east":{"uv":[5.75,9.875,6.875,10],"texture":"#3"},"south":{"uv":[9.875,6.375,11,6.5],"texture":"#3"},"west":{"uv":[9.875,6.5,11,6.625],"texture":"#3"},"up":{"uv":[4.75,5.375,3.625,4.25],"texture":"#3"},"down":{"uv":[1.125,4.75,0,5.875],"texture":"#3"}}},{"from":[-6.12284,0,-6.30698],"to":[-3.12284,3,5.69302],"rotation":{"angle":-45,"axis":"y","origin":[-1.84619,2.25,3.40901]},"faces":{"north":{"uv":[4.25,5.375,4.625,5.75],"texture":"#3"},"east":{"uv":[6,5.25,7.5,5.625],"texture":"#3"},"south":{"uv":[9.75,7.75,10.125,8.125],"texture":"#3"},"west":{"uv":[6.125,3.125,7.625,3.5],"texture":"#3"},"up":{"uv":[6.5,7.125,6.125,5.625],"texture":"#3"},"down":{"uv":[1.25,6.25,0.875,7.75],"texture":"#3"}}},{"from":[-3.53706,0,-5.72119],"to":[-0.53706,6,4.27881],"rotation":{"angle":-45,"axis":"y","origin":[-2.26041,2.25,2.9948]},"faces":{"north":{"uv":[7.75,8.375,8.125,9.125],"texture":"#3"},"east":{"uv":[1.125,4.75,2.375,5.5],"texture":"#3"},"south":{"uv":[8.5,8.375,8.875,9.125],"texture":"#3"},"west":{"uv":[4.75,4.25,6,5],"texture":"#3"},"up":{"uv":[3.5,8.875,3.125,7.625],"texture":"#3"},"down":{"uv":[8,3.375,7.625,4.625],"texture":"#3"}}},{"from":[2.23147,15,1.1394],"to":[4.23147,18,6.1394],"rotation":{"angle":-45,"axis":"y","origin":[2.8698,16.125,5.4974]},"faces":{"north":{"uv":[7.25,10,7.5,10.375],"texture":"#3"},"east":{"uv":[9.25,8.5,9.875,8.875],"texture":"#3"},"south":{"uv":[7.5,10,7.75,10.375],"texture":"#3"},"west":{"uv":[9.25,8.875,9.875,9.25],"texture":"#3"},"up":{"uv":[7.75,10,7.5,9.375],"texture":"#3"},"down":{"uv":[9.75,2.75,9.5,3.375],"texture":"#3"}}},{"from":[5.5,15,1.96447],"to":[10.5,18,3.96447],"rotation":{"angle":0,"axis":"y","origin":[8.5,16.125,6.5]},"faces":{"north":{"uv":[9.25,6.375,9.875,6.75],"texture":"#3"},"east":{"uv":[6.25,10,6.5,10.375],"texture":"#3"},"south":{"uv":[9.25,8.125,9.875,8.5],"texture":"#3"},"west":{"uv":[6.5,10,6.75,10.375],"texture":"#3"},"up":{"uv":[10.125,2.5,9.5,2.25],"texture":"#3"},"down":{"uv":[10.125,2.5,9.5,2.75],"texture":"#3"}}},{"from":[6.70711,15,2.05025],"to":[11.70711,18,4.05025],"rotation":{"angle":-45,"axis":"y","origin":[8.70711,16.125,6.58579]},"faces":{"north":{"uv":[9.25,4.5,9.875,4.875],"texture":"#3"},"east":{"uv":[5.75,10,6,10.375],"texture":"#3"},"south":{"uv":[5,9.25,5.625,9.625],"texture":"#3"},"west":{"uv":[6,10,6.25,10.375],"texture":"#3"},"up":{"uv":[10,6.375,9.375,6.125],"texture":"#3"},"down":{"uv":[0.625,9.5,0,9.75],"texture":"#3"}}},{"from":[12.03553,15,5.5],"to":[14.03553,18,10.5],"rotation":{"angle":0,"axis":"y","origin":[13.21599,16.125,10.2955]},"faces":{"north":{"uv":[10,0.5,10.25,0.875],"texture":"#3"},"east":{"uv":[2.125,9.25,2.75,9.625],"texture":"#3"},"south":{"uv":[10,0.875,10.25,1.25],"texture":"#3"},"west":{"uv":[9.25,4.125,9.875,4.5],"texture":"#3"},"up":{"uv":[9.625,7.625,9.375,7],"texture":"#3"},"down":{"uv":[7.5,9.375,7.25,10],"texture":"#3"}}},{"from":[11.76853,15,9.8606],"to":[13.76853,18,14.8606],"rotation":{"angle":-45,"axis":"y","origin":[13.1302,16.125,10.5026]},"faces":{"north":{"uv":[9,9.875,9.25,10.25],"texture":"#3"},"east":{"uv":[9.25,1.5,9.875,1.875],"texture":"#3"},"south":{"uv":[9.75,9.875,10,10.25],"texture":"#3"},"west":{"uv":[9.25,1.875,9.875,2.25],"texture":"#3"},"up":{"uv":[9.625,5.5,9.375,4.875],"texture":"#3"},"down":{"uv":[9.625,5.5,9.375,6.125],"texture":"#3"}}},{"from":[5.5,15,12.03553],"to":[10.5,18,14.03553],"rotation":{"angle":0,"axis":"y","origin":[7.5,16.125,9.5]},"faces":{"north":{"uv":[9.125,7.75,9.75,8.125],"texture":"#3"},"east":{"uv":[8.75,9.875,9,10.25],"texture":"#3"},"south":{"uv":[1.5,9.25,2.125,9.625],"texture":"#3"},"west":{"uv":[9.875,8.875,10.125,9.25],"texture":"#3"},"up":{"uv":[10,1.25,9.375,1],"texture":"#3"},"down":{"uv":[10,1.25,9.375,1.5],"texture":"#3"}}},{"from":[4.29289,15,11.94975],"to":[9.29289,18,13.94975],"rotation":{"angle":-45,"axis":"y","origin":[7.29289,16.125,9.41421]},"faces":{"north":{"uv":[1.25,6.25,1.875,6.625],"texture":"#3"},"east":{"uv":[8.5,9.875,8.75,10.25],"texture":"#3"},"south":{"uv":[9.125,3.75,9.75,4.125],"texture":"#3"},"west":{"uv":[9.875,8.5,10.125,8.875],"texture":"#3"},"up":{"uv":[10,0.75,9.375,0.5],"texture":"#3"},"down":{"uv":[10,0.75,9.375,1],"texture":"#3"}}},{"from":[6.60711,16.9,1.95025],"to":[11.80711,18.1,4.15025],"rotation":{"angle":-45,"axis":"y","origin":[8.70711,16.125,6.58579]},"faces":{"north":{"uv":[0.875,10.25,1.5,10.375],"texture":"#3"},"east":{"uv":[6.75,10.25,7,10.375],"texture":"#3"},"south":{"uv":[10.25,0.875,10.875,1],"texture":"#3"},"west":{"uv":[7,10.25,7.25,10.375],"texture":"#3"},"up":{"uv":[10.25,6,9.625,5.75],"texture":"#3"},"down":{"uv":[10.25,7,9.625,7.25],"texture":"#3"}}},{"from":[5.4,16.9,1.86447],"to":[10.6,18.1,4.06447],"rotation":{"angle":0,"axis":"y","origin":[8.5,16.125,6.5]},"faces":{"north":{"uv":[10.25,0.625,10.875,0.75],"texture":"#3"},"east":{"uv":[10.25,5.75,10.5,5.875],"texture":"#3"},"south":{"uv":[10.25,0.75,10.875,0.875],"texture":"#3"},"west":{"uv":[10.25,5.875,10.5,6],"texture":"#3"},"up":{"uv":[5.625,9.875,5,9.625],"texture":"#3"},"down":{"uv":[10.25,5.5,9.625,5.75],"texture":"#3"}}},{"from":[2.13147,16.9,1.0394],"to":[4.33147,18.1,6.2394],"rotation":{"angle":-45,"axis":"y","origin":[2.8698,16.125,5.4974]},"faces":{"north":{"uv":[10.25,5.5,10.5,5.625],"texture":"#3"},"east":{"uv":[0.25,10.25,0.875,10.375],"texture":"#3"},"south":{"uv":[10.25,5.625,10.5,5.75],"texture":"#3"},"west":{"uv":[10.25,0.5,10.875,0.625],"texture":"#3"},"up":{"uv":[5,10.25,4.75,9.625],"texture":"#3"},"down":{"uv":[9.875,4.875,9.625,5.5],"texture":"#3"}}},{"from":[1.86447,16.9,5.4],"to":[4.06447,18.1,10.6],"rotation":{"angle":0,"axis":"y","origin":[2.78401,16.125,5.7045]},"faces":{"north":{"uv":[10.25,5.375,10.5,5.5],"texture":"#3"},"east":{"uv":[10.25,0,10.875,0.125],"texture":"#3"},"south":{"uv":[5.5,10.25,5.75,10.375],"texture":"#3"},"west":{"uv":[10.25,0.125,10.875,0.25],"texture":"#3"},"up":{"uv":[4.5,10.25,4.25,9.625],"texture":"#3"},"down":{"uv":[4.75,9.625,4.5,10.25],"texture":"#3"}}},{"from":[4.19289,16.9,11.84975],"to":[9.39289,18.1,14.04975],"rotation":{"angle":-45,"axis":"y","origin":[7.29289,16.125,9.41421]},"faces":{"north":{"uv":[10.125,9.625,10.75,9.75],"texture":"#3"},"east":{"uv":[5.25,10.25,5.5,10.375],"texture":"#3"},"south":{"uv":[10.125,9.75,10.75,9.875],"texture":"#3"},"west":{"uv":[10.25,5.25,10.5,5.375],"texture":"#3"},"up":{"uv":[3.625,9.875,3,9.625],"texture":"#3"},"down":{"uv":[4.25,9.625,3.625,9.875],"texture":"#3"}}},{"from":[5.4,16.9,11.93553],"to":[10.6,18.1,14.13553],"rotation":{"angle":0,"axis":"y","origin":[7.5,16.125,9.5]},"faces":{"north":{"uv":[8.5,2.875,9.125,3],"texture":"#3"},"east":{"uv":[10.25,5,10.5,5.125],"texture":"#3"},"south":{"uv":[10.125,2.625,10.75,2.75],"texture":"#3"},"west":{"uv":[10.25,5.125,10.5,5.25],"texture":"#3"},"up":{"uv":[10.125,3.625,9.5,3.375],"texture":"#3"},"down":{"uv":[2.625,9.625,2,9.875],"texture":"#3"}}},{"from":[1.96447,15,5.5],"to":[3.96447,18,10.5],"rotation":{"angle":0,"axis":"y","origin":[2.78401,16.125,5.7045]},"faces":{"north":{"uv":[0.875,5.875,1.125,6.25],"texture":"#3"},"east":{"uv":[4.875,3.75,5.5,4.125],"texture":"#3"},"south":{"uv":[9.875,8.125,10.125,8.5],"texture":"#3"},"west":{"uv":[3.625,5.375,4.25,5.75],"texture":"#3"},"up":{"uv":[6.125,7.125,5.875,6.5],"texture":"#3"},"down":{"uv":[3,9.25,2.75,9.875],"texture":"#3"}}},{"from":[11.66853,16.9,9.7606],"to":[13.86853,18.1,14.9606],"rotation":{"angle":-45,"axis":"y","origin":[13.1302,16.125,10.5026]},"faces":{"north":{"uv":[9.875,6.625,10.125,6.75],"texture":"#3"},"east":{"uv":[2.75,6.75,3.375,6.875],"texture":"#3"},"south":{"uv":[5,10.25,5.25,10.375],"texture":"#3"},"west":{"uv":[7,3,7.625,3.125],"texture":"#3"},"up":{"uv":[1.75,10.25,1.5,9.625],"texture":"#3"},"down":{"uv":[2,9.625,1.75,10.25],"texture":"#3"}}},{"from":[11.93553,16.9,5.4],"to":[14.13553,18.1,10.6],"rotation":{"angle":0,"axis":"y","origin":[13.21599,16.125,10.2955]},"faces":{"north":{"uv":[3.375,6.75,3.625,6.875],"texture":"#3"},"east":{"uv":[4.875,4.125,5.5,4.25],"texture":"#3"},"south":{"uv":[1.25,9.75,1.5,9.875],"texture":"#3"},"west":{"uv":[1.25,6.625,1.875,6.75],"texture":"#3"},"up":{"uv":[9.5,10.125,9.25,9.5],"texture":"#3"},"down":{"uv":[9.75,9.5,9.5,10.125],"texture":"#3"}}},{"from":[-3.63706,4.9,-5.82119],"to":[-0.43706,6.1,4.37881],"rotation":{"angle":-45,"axis":"y","origin":[-2.26041,2.25,2.9948]},"faces":{"north":{"uv":[10.25,2.125,10.625,2.25],"texture":"#3"},"east":{"uv":[9.375,0.25,10.625,0.375],"texture":"#3"},"south":{"uv":[2.375,10.25,2.75,10.375],"texture":"#3"},"west":{"uv":[9.375,0.375,10.625,0.5],"texture":"#3"},"up":{"uv":[3.875,8.875,3.5,7.625],"texture":"#3"},"down":{"uv":[4.25,7.625,3.875,8.875],"texture":"#3"}}},{"from":[2.89,4.89,-4.18107],"to":[13.11,6.11,-0.96107],"rotation":{"angle":0,"axis":"y","origin":[8,3.5,-3.77817]},"faces":{"north":{"uv":[9.375,7.625,10.625,7.75],"texture":"#3"},"east":{"uv":[2.75,10.25,3.125,10.375],"texture":"#3"},"south":{"uv":[9.5,3.625,10.75,3.75],"texture":"#3"},"west":{"uv":[3.125,10.25,3.5,10.375],"texture":"#3"},"up":{"uv":[9,0.75,7.75,0.375],"texture":"#3"},"down":{"uv":[9,0.75,7.75,1.125],"texture":"#3"}}},{"from":[3,0,-4.07107],"to":[13,6,-1.07107],"rotation":{"angle":0,"axis":"y","origin":[8,3.5,-3.77817]},"faces":{"north":{"uv":[4.875,0,6.125,0.75],"texture":"#3"},"east":{"uv":[7.375,8.625,7.75,9.375],"texture":"#3"},"south":{"uv":[4.875,0.75,6.125,1.5],"texture":"#3"},"west":{"uv":[8.75,3.375,9.125,4.125],"texture":"#3"},"up":{"uv":[8.875,5,7.625,4.625],"texture":"#3"},"down":{"uv":[9,0,7.75,0.375],"texture":"#3"}}},{"from":[2,0,-6.48528],"to":[14,3,-3.48528],"rotation":{"angle":0,"axis":"y","origin":[8,3.5,-3.77817]},"faces":{"north":{"uv":[3.625,6.5,5.125,6.875],"texture":"#3"},"east":{"uv":[9.875,1.5,10.25,1.875],"texture":"#3"},"south":{"uv":[6.5,5.625,8,6],"texture":"#3"},"west":{"uv":[9.875,1.875,10.25,2.25],"texture":"#3"},"up":{"uv":[8,6.375,6.5,6],"texture":"#3"},"down":{"uv":[8,6.375,6.5,6.75],"texture":"#3"}}},{"from":[-6.23528,0,10.57843],"to":[-3.23528,3,22.57843],"rotation":{"angle":45,"axis":"y","origin":[-2.23008,3.5,12.59099]},"faces":{"north":{"uv":[2.75,9.875,3.125,10.25],"texture":"#3"},"east":{"uv":[2.75,6.875,4.25,7.25],"texture":"#3"},"south":{"uv":[3.125,9.875,3.5,10.25],"texture":"#3"},"west":{"uv":[7,2.25,8.5,2.625],"texture":"#3"},"up":{"uv":[0.375,8.25,0,6.75],"texture":"#3"},"down":{"uv":[0.75,6.75,0.375,8.25],"texture":"#3"}}},{"from":[-6.48528,0,2],"to":[-3.48528,3,14],"rotation":{"angle":0,"axis":"y","origin":[-2.23008,3.5,12.59099]},"faces":{"north":{"uv":[2,9.875,2.375,10.25],"texture":"#3"},"east":{"uv":[1.25,6.75,2.75,7.125],"texture":"#3"},"south":{"uv":[2.375,9.875,2.75,10.25],"texture":"#3"},"west":{"uv":[6.5,6.75,8,7.125],"texture":"#3"},"up":{"uv":[5.5,8,5.125,6.5],"texture":"#3"},"down":{"uv":[5.875,6.5,5.5,8],"texture":"#3"}}},{"from":[-4.48528,3,7],"to":[-4.48528,9,10],"rotation":{"angle":0,"axis":"y","origin":[-2.23008,3.5,12.59099]},"faces":{"north":{"uv":[0,0,0,0.75],"texture":"#3"},"east":{"uv":[8.125,9,8.5,9.75],"texture":"#3"},"south":{"uv":[0,0,0,0.75],"texture":"#3"},"west":{"uv":[9.125,2.25,9.5,3],"texture":"#3"},"up":{"uv":[0,0.375,0,0],"texture":"#3"},"down":{"uv":[0,0,0,0.375],"texture":"#3"}}},{"from":[11.879,3,20.03572],"to":[14.879,9,20.03572],"rotation":{"angle":0,"axis":"z","origin":[13.86472,5.47409,19.98572]},"faces":{"north":{"uv":[9.125,3,9.5,3.75],"texture":"#3"},"east":{"uv":[0,0,0,0.75],"texture":"#3"},"south":{"uv":[5.75,9.125,6.125,9.875],"texture":"#3"},"west":{"uv":[0,0,0,0.75],"texture":"#3"},"up":{"uv":[0.375,0,0,0],"texture":"#3"},"down":{"uv":[0.375,0,0,0],"texture":"#3"}}},{"from":[14.879,3,-4.03572],"to":[17.879,9,-4.03572],"rotation":{"angle":-45,"axis":"y","origin":[13.379,6,-4.03572]},"faces":{"north":{"uv":[6.125,9.125,6.5,9.875],"texture":"#3"},"east":{"uv":[0,0,0,0.75],"texture":"#3"},"south":{"uv":[6.5,9.125,6.875,9.875],"texture":"#3"},"west":{"uv":[0,0,0,0.75],"texture":"#3"},"up":{"uv":[0.375,0,0,0],"texture":"#3"},"down":{"uv":[0.375,0,0,0],"texture":"#3"}}},{"from":[5.63009,25.69971,5.86378],"to":[8.63009,31.69971,5.86378],"rotation":{"angle":22.5,"axis":"z","origin":[6.36472,25.85195,5.86378]},"faces":{"north":{"uv":[6.875,9.125,7.25,9.875],"texture":"#3"},"east":{"uv":[0,0,0,0.75],"texture":"#3"},"south":{"uv":[7.75,9.125,8.125,9.875],"texture":"#3"},"west":{"uv":[0,0,0,0.75],"texture":"#3"},"up":{"uv":[0.375,0,0,0],"texture":"#3"},"down":{"uv":[0.375,0,0,0],"texture":"#3"}}},{"from":[7.36991,25.69971,10.13622],"to":[10.36991,31.69971,10.13622],"rotation":{"angle":-22.5,"axis":"z","origin":[9.63528,25.85195,10.13622]},"faces":{"north":{"uv":[8.5,9.125,8.875,9.875],"texture":"#3"},"east":{"uv":[0,0,0,0.75],"texture":"#3"},"south":{"uv":[8.875,9.125,9.25,9.875],"texture":"#3"},"west":{"uv":[0,0,0,0.75],"texture":"#3"},"up":{"uv":[0.375,0,0,0],"texture":"#3"},"down":{"uv":[0.375,0,0,0],"texture":"#3"}}},{"from":[13.01472,3.17409,19.93572],"to":[16.01472,7.17409,19.93572],"rotation":{"angle":-22.5,"axis":"z","origin":[13.86472,5.47409,19.98572]},"faces":{"north":{"uv":[5.5,3.75,5.875,4.25],"texture":"#3"},"east":{"uv":[0,0,0,0.5],"texture":"#3"},"south":{"uv":[1.875,6.25,2.25,6.75],"texture":"#3"},"west":{"uv":[0,0,0,0.5],"texture":"#3"},"up":{"uv":[0.375,0,0,0],"texture":"#3"},"down":{"uv":[0.375,0,0,0],"texture":"#3"}}},{"from":[-4.07107,0,3],"to":[-1.07107,6,13],"rotation":{"angle":0,"axis":"y","origin":[-2.23008,3.5,12.59099]},"faces":{"north":{"uv":[3.5,8.875,3.875,9.625],"texture":"#3"},"east":{"uv":[4.875,3,6.125,3.75],"texture":"#3"},"south":{"uv":[3.875,8.875,4.25,9.625],"texture":"#3"},"west":{"uv":[4.75,5,6,5.75],"texture":"#3"},"up":{"uv":[2,9.25,1.625,8],"texture":"#3"},"down":{"uv":[2.375,8,2,9.25],"texture":"#3"}}},{"from":[-3.82107,0,11.57843],"to":[-0.82107,6,21.57843],"rotation":{"angle":45,"axis":"y","origin":[-2.23008,3.5,12.59099]},"faces":{"north":{"uv":[8.875,1.5,9.25,2.25],"texture":"#3"},"east":{"uv":[4.875,1.5,6.125,2.25],"texture":"#3"},"south":{"uv":[3.125,8.875,3.5,9.625],"texture":"#3"},"west":{"uv":[4.875,2.25,6.125,3],"texture":"#3"},"up":{"uv":[7,9.125,6.625,7.875],"texture":"#3"},"down":{"uv":[7.375,7.875,7,9.125],"texture":"#3"}}},{"from":[-3.92107,4.9,11.47843],"to":[-0.72107,6.1,21.67843],"rotation":{"angle":45,"axis":"y","origin":[-2.23008,3.5,12.59099]},"faces":{"north":{"uv":[10.25,4,10.625,4.125],"texture":"#3"},"east":{"uv":[9.625,7.375,10.875,7.5],"texture":"#3"},"south":{"uv":[10.25,4.125,10.625,4.25],"texture":"#3"},"west":{"uv":[9.625,7.5,10.875,7.625],"texture":"#3"},"up":{"uv":[6.25,9.125,5.875,7.875],"texture":"#3"},"down":{"uv":[6.625,7.875,6.25,9.125],"texture":"#3"}}},{"from":[-4.18107,4.89,2.89],"to":[-0.96107,6.11,13.11],"rotation":{"angle":0,"axis":"y","origin":[-2.23008,3.5,12.59099]},"faces":{"north":{"uv":[3.5,10.25,3.875,10.375],"texture":"#3"},"east":{"uv":[9.625,6,10.875,6.125],"texture":"#3"},"south":{"uv":[3.875,10.25,4.25,10.375],"texture":"#3"},"west":{"uv":[9.625,7.25,10.875,7.375],"texture":"#3"},"up":{"uv":[1.125,9,0.75,7.75],"texture":"#3"},"down":{"uv":[8.125,7.125,7.75,8.375],"texture":"#3"}}},{"from":[2,0,19.48528],"to":[14,3,22.48528],"rotation":{"angle":0,"axis":"y","origin":[8,3.5,19.77817]},"faces":{"north":{"uv":[7.5,5,9,5.375],"texture":"#3"},"east":{"uv":[9.875,5.125,10.25,5.5],"texture":"#3"},"south":{"uv":[5.875,7.5,7.375,7.875],"texture":"#3"},"west":{"uv":[5.375,9.875,5.75,10.25],"texture":"#3"},"up":{"uv":[3.125,8,1.625,7.625],"texture":"#3"},"down":{"uv":[9.125,3,7.625,3.375],"texture":"#3"}}},{"from":[19.12284,0,10.30698],"to":[22.12284,3,22.30698],"rotation":{"angle":-45,"axis":"y","origin":[17.84619,2.25,12.59099]},"faces":{"north":{"uv":[9.875,4.75,10.25,5.125],"texture":"#3"},"east":{"uv":[7.375,1.5,8.875,1.875],"texture":"#3"},"south":{"uv":[5,9.875,5.375,10.25],"texture":"#3"},"west":{"uv":[7.375,1.875,8.875,2.25],"texture":"#3"},"up":{"uv":[7.75,8.625,7.375,7.125],"texture":"#3"},"down":{"uv":[1.625,7.5,1.25,9],"texture":"#3"}}},{"from":[19.48528,0,2],"to":[22.48528,3,14],"rotation":{"angle":0,"axis":"y","origin":[18.23008,3.5,3.40901]},"faces":{"north":{"uv":[9.875,4,10.25,4.375],"texture":"#3"},"east":{"uv":[5.875,7.125,7.375,7.5],"texture":"#3"},"south":{"uv":[9.875,4.375,10.25,4.75],"texture":"#3"},"west":{"uv":[2.75,7.25,4.25,7.625],"texture":"#3"},"up":{"uv":[7.625,5,7.25,3.5],"texture":"#3"},"down":{"uv":[7.75,0,7.375,1.5],"texture":"#3"}}},{"from":[19.23528,0,-6.57843],"to":[22.23528,3,5.42157],"rotation":{"angle":45,"axis":"y","origin":[18.23008,3.5,3.40901]},"faces":{"north":{"uv":[3.5,9.875,3.875,10.25],"texture":"#3"},"east":{"uv":[7,2.625,8.5,3],"texture":"#3"},"south":{"uv":[3.875,9.875,4.25,10.25],"texture":"#3"},"west":{"uv":[1.25,7.125,2.75,7.5],"texture":"#3"},"up":{"uv":[4.625,8.375,4.25,6.875],"texture":"#3"},"down":{"uv":[5,6.875,4.625,8.375],"texture":"#3"}}},{"from":[16.82107,0,-5.57843],"to":[19.82107,6,4.42157],"rotation":{"angle":45,"axis":"y","origin":[18.23008,3.5,3.40901]},"faces":{"north":{"uv":[9,4.875,9.375,5.625],"texture":"#3"},"east":{"uv":[6.125,0.75,7.375,1.5],"texture":"#3"},"south":{"uv":[9,5.625,9.375,6.375],"texture":"#3"},"west":{"uv":[6.125,1.5,7.375,2.25],"texture":"#3"},"up":{"uv":[4.625,9.625,4.25,8.375],"texture":"#3"},"down":{"uv":[5,8.375,4.625,9.625],"texture":"#3"}}},{"from":[17.07107,0,3],"to":[20.07107,6,13],"rotation":{"angle":0,"axis":"y","origin":[18.23008,3.5,3.40901]},"faces":{"north":{"uv":[9,0.75,9.375,1.5],"texture":"#3"},"east":{"uv":[6,4.5,7.25,5.25],"texture":"#3"},"south":{"uv":[1.125,9,1.5,9.75],"texture":"#3"},"west":{"uv":[6.125,0,7.375,0.75],"texture":"#3"},"up":{"uv":[0.75,9.5,0.375,8.25],"texture":"#3"},"down":{"uv":[8.75,3.375,8.375,4.625],"texture":"#3"}}},{"from":[16.53706,0,11.72119],"to":[19.53706,6,21.72119],"rotation":{"angle":-45,"axis":"y","origin":[18.26041,2.25,13.0052]},"faces":{"north":{"uv":[9,0,9.375,0.75],"texture":"#3"},"east":{"uv":[4.875,5.75,6.125,6.5],"texture":"#3"},"south":{"uv":[0.75,9,1.125,9.75],"texture":"#3"},"west":{"uv":[6,3.75,7.25,4.5],"texture":"#3"},"up":{"uv":[8.5,9,8.125,7.75],"texture":"#3"},"down":{"uv":[0.375,8.25,0,9.5],"texture":"#3"}}},{"from":[3,0,17.07107],"to":[13,6,20.07107],"rotation":{"angle":0,"axis":"y","origin":[8,3.5,19.77817]},"faces":{"north":{"uv":[1.125,5.5,2.375,6.25],"texture":"#3"},"east":{"uv":[8.875,4.125,9.25,4.875],"texture":"#3"},"south":{"uv":[3.625,5.75,4.875,6.5],"texture":"#3"},"west":{"uv":[8.875,8.375,9.25,9.125],"texture":"#3"},"up":{"uv":[9.375,7.375,8.125,7],"texture":"#3"},"down":{"uv":[9.375,7.375,8.125,7.75],"texture":"#3"}}},{"from":[2.89,4.89,16.96107],"to":[13.11,6.11,20.18107],"rotation":{"angle":0,"axis":"y","origin":[8,3.5,19.77817]},"faces":{"north":{"uv":[9.75,3.75,11,3.875],"texture":"#3"},"east":{"uv":[10.25,4.75,10.625,4.875],"texture":"#3"},"south":{"uv":[9.75,3.875,11,4],"texture":"#3"},"west":{"uv":[10.25,4.875,10.625,5],"texture":"#3"},"up":{"uv":[9,1.5,7.75,1.125],"texture":"#3"},"down":{"uv":[9.25,6.625,8,7],"texture":"#3"}}},{"from":[16.43706,4.9,11.62119],"to":[19.63706,6.1,21.82119],"rotation":{"angle":-45,"axis":"y","origin":[18.26041,2.25,13.0052]},"faces":{"north":{"uv":[4.625,10.25,5,10.375],"texture":"#3"},"east":{"uv":[9.75,3.125,11,3.25],"texture":"#3"},"south":{"uv":[10.25,4.625,10.625,4.75],"texture":"#3"},"west":{"uv":[9.75,3.25,11,3.375],"texture":"#3"},"up":{"uv":[5.75,9.25,5.375,8],"texture":"#3"},"down":{"uv":[8.375,5.375,8,6.625],"texture":"#3"}}},{"from":[16.96107,4.89,2.89],"to":[20.18107,6.11,13.11],"rotation":{"angle":0,"axis":"y","origin":[18.23008,3.5,3.40901]},"faces":{"north":{"uv":[10.25,4.375,10.625,4.5],"texture":"#3"},"east":{"uv":[9.75,2.875,11,3],"texture":"#3"},"south":{"uv":[10.25,4.5,10.625,4.625],"texture":"#3"},"west":{"uv":[9.75,3,11,3.125],"texture":"#3"},"up":{"uv":[8.375,4.625,8,3.375],"texture":"#3"},"down":{"uv":[5.375,8,5,9.25],"texture":"#3"}}},{"from":[16.72107,4.9,-5.67843],"to":[19.92107,6.1,4.52157],"rotation":{"angle":45,"axis":"y","origin":[18.23008,3.5,3.40901]},"faces":{"north":{"uv":[4.25,10.25,4.625,10.375],"texture":"#3"},"east":{"uv":[0,9.75,1.25,9.875],"texture":"#3"},"south":{"uv":[10.25,4.25,10.625,4.375],"texture":"#3"},"west":{"uv":[9.75,2.75,11,2.875],"texture":"#3"},"up":{"uv":[2.75,9.25,2.375,8],"texture":"#3"},"down":{"uv":[3.125,8,2.75,9.25],"texture":"#3"}}}],"gui_light":"front"}