{"model":{"entries":[{"model":{"model":"modelengine:concussion/concussionring2","tints":[{"default":-1,"type":"minecraft:dye"}],"type":"minecraft:model"},"threshold":1},{"model":{"model":"modelengine:dragon_stone/stone_ball","tints":[{"default":-1,"type":"minecraft:dye"}],"type":"minecraft:model"},"threshold":2},{"model":{"model":"modelengine:aloc_the_demonic_mech_shrapnel/aloc_the_demonic_mech_shrapnel","tints":[{"default":-1,"type":"minecraft:dye"}],"type":"minecraft:model"},"threshold":3},{"model":{"model":"modelengine:aloc_the_demonic_mech_base/base","tints":[{"default":-1,"type":"minecraft:dye"}],"type":"minecraft:model"},"threshold":4},{"model":{"model":"modelengine:aloc_the_demonic_mech_blades/aloc_the_demonic_mech_blades","tints":[{"default":-1,"type":"minecraft:dye"}],"type":"minecraft:model"},"threshold":5},{"model":{"model":"modelengine:aloc_the_demonic_mech_normal_fireball/aloc_the_demonic_mech_fireball","tints":[{"default":-1,"type":"minecraft:dye"}],"type":"minecraft:model"},"threshold":6},{"model":{"model":"modelengine:concussion/concussionring3","tints":[{"default":-1,"type":"minecraft:dye"}],"type":"minecraft:model"},"threshold":7},{"model":{"model":"modelengine:dragon_spirit/body2","tints":[{"default":-1,"type":"minecraft:dye"}],"type":"minecraft:model"},"threshold":8},{"model":{"model":"modelengine:dragon_spirit/dragon_head","tints":[{"default":-1,"type":"minecraft:dye"}],"type":"minecraft:model"},"threshold":9},{"model":{"model":"modelengine:dragon_spirit/body3","tints":[{"default":-1,"type":"minecraft:dye"}],"type":"minecraft:model"},"threshold":10},{"model":{"model":"modelengine:dragon_spirit/jaw","tints":[{"default":-1,"type":"minecraft:dye"}],"type":"minecraft:model"},"threshold":11},{"model":{"model":"modelengine:dragon_spirit/body4","tints":[{"default":-1,"type":"minecraft:dye"}],"type":"minecraft:model"},"threshold":12},{"model":{"model":"modelengine:dragon_spirit/body5","tints":[{"default":-1,"type":"minecraft:dye"}],"type":"minecraft:model"},"threshold":13},{"model":{"model":"modelengine:dragon_spirit/body6","tints":[{"default":-1,"type":"minecraft:dye"}],"type":"minecraft:model"},"threshold":14},{"model":{"model":"modelengine:dragon_spirit/body7","tints":[{"default":-1,"type":"minecraft:dye"}],"type":"minecraft:model"},"threshold":15},{"model":{"model":"modelengine:dragon_spirit/tail","tints":[{"default":-1,"type":"minecraft:dye"}],"type":"minecraft:model"},"threshold":16},{"model":{"model":"modelengine:dragon_monk/left_leg","tints":[{"default":-1,"type":"minecraft:dye"}],"type":"minecraft:model"},"threshold":17},{"model":{"model":"modelengine:dragon_monk/upper_body","tints":[{"default":-1,"type":"minecraft:dye"}],"type":"minecraft:model"},"threshold":18},{"model":{"model":"modelengine:dragon_monk/right_leg","tints":[{"default":-1,"type":"minecraft:dye"}],"type":"minecraft:model"},"threshold":19},{"model":{"model":"modelengine:dragon_monk/left_ankle","tints":[{"default":-1,"type":"minecraft:dye"}],"type":"minecraft:model"},"threshold":20},{"model":{"model":"modelengine:dragon_monk/upper_body_mid","tints":[{"default":-1,"type":"minecraft:dye"}],"type":"minecraft:model"},"threshold":21},{"model":{"model":"modelengine:dragon_monk/right_string","tints":[{"default":-1,"type":"minecraft:dye"}],"type":"minecraft:model"},"threshold":22},{"model":{"model":"modelengine:dragon_monk/left_string","tints":[{"default":-1,"type":"minecraft:dye"}],"type":"minecraft:model"},"threshold":23},{"model":{"model":"modelengine:dragon_monk/right_ankle","tints":[{"default":-1,"type":"minecraft:dye"}],"type":"minecraft:model"},"threshold":24},{"model":{"model":"modelengine:dragon_monk/left_foot","tints":[{"default":-1,"type":"minecraft:dye"}],"type":"minecraft:model"},"threshold":25},{"model":{"model":"modelengine:dragon_monk/upper_body_up","tints":[{"default":-1,"type":"minecraft:dye"}],"type":"minecraft:model"},"threshold":26},{"model":{"model":"modelengine:dragon_monk/right_string_2","tints":[{"default":-1,"type":"minecraft:dye"}],"type":"minecraft:model"},"threshold":27},{"model":{"model":"modelengine:dragon_monk/left_string_2","tints":[{"default":-1,"type":"minecraft:dye"}],"type":"minecraft:model"},"threshold":28},{"model":{"model":"modelengine:dragon_monk/right_foot","tints":[{"default":-1,"type":"minecraft:dye"}],"type":"minecraft:model"},"threshold":29},{"model":{"model":"modelengine:dragon_monk/head","tints":[{"default":-1,"type":"minecraft:dye"}],"type":"minecraft:model"},"threshold":30},{"model":{"model":"modelengine:dragon_monk/left_arm","tints":[{"default":-1,"type":"minecraft:dye"}],"type":"minecraft:model"},"threshold":31},{"model":{"model":"modelengine:dragon_monk/right_arm","tints":[{"default":-1,"type":"minecraft:dye"}],"type":"minecraft:model"},"threshold":32},{"model":{"model":"modelengine:dragon_monk/left_eyebrow","tints":[{"default":-1,"type":"minecraft:dye"}],"type":"minecraft:model"},"threshold":33},{"model":{"model":"modelengine:dragon_monk/right_eyebrow","tints":[{"default":-1,"type":"minecraft:dye"}],"type":"minecraft:model"},"threshold":34},{"model":{"model":"modelengine:dragon_monk/left_wrist","tints":[{"default":-1,"type":"minecraft:dye"}],"type":"minecraft:model"},"threshold":35},{"model":{"model":"modelengine:dragon_monk/right_wrist","tints":[{"default":-1,"type":"minecraft:dye"}],"type":"minecraft:model"},"threshold":36},{"model":{"model":"modelengine:dragon_monk/left_hand","tints":[{"default":-1,"type":"minecraft:dye"}],"type":"minecraft:model"},"threshold":37},{"model":{"model":"modelengine:dragon_monk/right_hand","tints":[{"default":-1,"type":"minecraft:dye"}],"type":"minecraft:model"},"threshold":38},{"model":{"model":"modelengine:lr_yeti_icespikes/spike","tints":[{"default":-1,"type":"minecraft:dye"}],"type":"minecraft:model"},"threshold":39},{"model":{"model":"modelengine:lr_yeti_snowball/body","tints":[{"default":-1,"type":"minecraft:dye"}],"type":"minecraft:model"},"threshold":40},{"model":{"model":"modelengine:kobold_trap/base","tints":[{"default":-1,"type":"minecraft:dye"}],"type":"minecraft:model"},"threshold":41},{"model":{"model":"modelengine:kobold_trap/jaw1","tints":[{"default":-1,"type":"minecraft:dye"}],"type":"minecraft:model"},"threshold":42},{"model":{"model":"modelengine:kobold_trap/jaw2","tints":[{"default":-1,"type":"minecraft:dye"}],"type":"minecraft:model"},"threshold":43},{"model":{"model":"modelengine:yin_yang_fx/yinyang","tints":[{"default":-1,"type":"minecraft:dye"}],"type":"minecraft:model"},"threshold":44},{"model":{"model":"modelengine:lr_yeti_chest/base","tints":[{"default":-1,"type":"minecraft:dye"}],"type":"minecraft:model"},"threshold":45},{"model":{"model":"modelengine:lr_yeti_chest/lid","tints":[{"default":-1,"type":"minecraft:dye"}],"type":"minecraft:model"},"threshold":46},{"model":{"model":"modelengine:kobold_assassin_parts/right_swipe","tints":[{"default":-1,"type":"minecraft:dye"}],"type":"minecraft:model"},"threshold":47},{"model":{"model":"modelengine:kobold_assassin_parts/left_swipe","tints":[{"default":-1,"type":"minecraft:dye"}],"type":"minecraft:model"},"threshold":48},{"model":{"model":"modelengine:kobold_assassin_parts/hood2","tints":[{"default":-1,"type":"minecraft:dye"}],"type":"minecraft:model"},"threshold":49},{"model":{"model":"modelengine:kobold_assassin_parts/empty_right","tints":[{"default":-1,"type":"minecraft:dye"}],"type":"minecraft:model"},"threshold":50},{"model":{"model":"modelengine:kobold_assassin_parts/empty_left","tints":[{"default":-1,"type":"minecraft:dye"}],"type":"minecraft:model"},"threshold":51},{"model":{"model":"modelengine:kobold_assassin_parts/empty","tints":[{"default":-1,"type":"minecraft:dye"}],"type":"minecraft:model"},"threshold":52},{"model":{"model":"modelengine:kobold_assassin_parts/crossbow","tints":[{"default":-1,"type":"minecraft:dye"}],"type":"minecraft:model"},"threshold":53},{"model":{"model":"modelengine:dragon_monk_dragon/left_leg","tints":[{"default":-1,"type":"minecraft:dye"}],"type":"minecraft:model"},"threshold":54},{"model":{"model":"modelengine:dragon_monk_dragon/upper_body","tints":[{"default":-1,"type":"minecraft:dye"}],"type":"minecraft:model"},"threshold":55},{"model":{"model":"modelengine:dragon_monk_dragon/right_leg","tints":[{"default":-1,"type":"minecraft:dye"}],"type":"minecraft:model"},"threshold":56},{"model":{"model":"modelengine:dragon_monk_dragon/body2","tints":[{"default":-1,"type":"minecraft:dye"}],"type":"minecraft:model"},"threshold":57},{"model":{"model":"modelengine:dragon_monk_dragon/dragon_head","tints":[{"default":-1,"type":"minecraft:dye"}],"type":"minecraft:model"},"threshold":58},{"model":{"model":"modelengine:dragon_monk_dragon/left_ankle","tints":[{"default":-1,"type":"minecraft:dye"}],"type":"minecraft:model"},"threshold":59},{"model":{"model":"modelengine:dragon_monk_dragon/upper_body_mid","tints":[{"default":-1,"type":"minecraft:dye"}],"type":"minecraft:model"},"threshold":60},{"model":{"model":"modelengine:dragon_monk_dragon/right_string","tints":[{"default":-1,"type":"minecraft:dye"}],"type":"minecraft:model"},"threshold":61},{"model":{"model":"modelengine:dragon_monk_dragon/left_string","tints":[{"default":-1,"type":"minecraft:dye"}],"type":"minecraft:model"},"threshold":62},{"model":{"model":"modelengine:dragon_monk_dragon/right_ankle","tints":[{"default":-1,"type":"minecraft:dye"}],"type":"minecraft:model"},"threshold":63},{"model":{"model":"modelengine:dragon_monk_dragon/body3","tints":[{"default":-1,"type":"minecraft:dye"}],"type":"minecraft:model"},"threshold":64},{"model":{"model":"modelengine:dragon_monk_dragon/jaw","tints":[{"default":-1,"type":"minecraft:dye"}],"type":"minecraft:model"},"threshold":65},{"model":{"model":"modelengine:dragon_monk_dragon/left_foot","tints":[{"default":-1,"type":"minecraft:dye"}],"type":"minecraft:model"},"threshold":66},{"model":{"model":"modelengine:dragon_monk_dragon/upper_body_up","tints":[{"default":-1,"type":"minecraft:dye"}],"type":"minecraft:model"},"threshold":67},{"model":{"model":"modelengine:dragon_monk_dragon/right_string_2","tints":[{"default":-1,"type":"minecraft:dye"}],"type":"minecraft:model"},"threshold":68},{"model":{"model":"modelengine:dragon_monk_dragon/left_string_2","tints":[{"default":-1,"type":"minecraft:dye"}],"type":"minecraft:model"},"threshold":69},{"model":{"model":"modelengine:dragon_monk_dragon/right_foot","tints":[{"default":-1,"type":"minecraft:dye"}],"type":"minecraft:model"},"threshold":70},{"model":{"model":"modelengine:dragon_monk_dragon/body4","tints":[{"default":-1,"type":"minecraft:dye"}],"type":"minecraft:model"},"threshold":71},{"model":{"model":"modelengine:dragon_monk_dragon/head","tints":[{"default":-1,"type":"minecraft:dye"}],"type":"minecraft:model"},"threshold":72},{"model":{"model":"modelengine:dragon_monk_dragon/left_arm","tints":[{"default":-1,"type":"minecraft:dye"}],"type":"minecraft:model"},"threshold":73},{"model":{"model":"modelengine:dragon_monk_dragon/right_arm","tints":[{"default":-1,"type":"minecraft:dye"}],"type":"minecraft:model"},"threshold":74},{"model":{"model":"modelengine:dragon_monk_dragon/body5","tints":[{"default":-1,"type":"minecraft:dye"}],"type":"minecraft:model"},"threshold":75},{"model":{"model":"modelengine:dragon_monk_dragon/left_eyebrow","tints":[{"default":-1,"type":"minecraft:dye"}],"type":"minecraft:model"},"threshold":76},{"model":{"model":"modelengine:dragon_monk_dragon/right_eyebrow","tints":[{"default":-1,"type":"minecraft:dye"}],"type":"minecraft:model"},"threshold":77},{"model":{"model":"modelengine:dragon_monk_dragon/left_wrist","tints":[{"default":-1,"type":"minecraft:dye"}],"type":"minecraft:model"},"threshold":78},{"model":{"model":"modelengine:dragon_monk_dragon/right_wrist","tints":[{"default":-1,"type":"minecraft:dye"}],"type":"minecraft:model"},"threshold":79},{"model":{"model":"modelengine:dragon_monk_dragon/body6","tints":[{"default":-1,"type":"minecraft:dye"}],"type":"minecraft:model"},"threshold":80},{"model":{"model":"modelengine:dragon_monk_dragon/left_hand","tints":[{"default":-1,"type":"minecraft:dye"}],"type":"minecraft:model"},"threshold":81},{"model":{"model":"modelengine:dragon_monk_dragon/right_hand","tints":[{"default":-1,"type":"minecraft:dye"}],"type":"minecraft:model"},"threshold":82},{"model":{"model":"modelengine:dragon_monk_dragon/body7","tints":[{"default":-1,"type":"minecraft:dye"}],"type":"minecraft:model"},"threshold":83},{"model":{"model":"modelengine:dragon_monk_dragon/tail","tints":[{"default":-1,"type":"minecraft:dye"}],"type":"minecraft:model"},"threshold":84},{"model":{"model":"modelengine:lr_yeti_snowball_parts/swipe_snow","tints":[{"default":-1,"type":"minecraft:dye"}],"type":"minecraft:model"},"threshold":85},{"model":{"model":"modelengine:lr_yeti_snowball_parts/swipe_snow2","tints":[{"default":-1,"type":"minecraft:dye"}],"type":"minecraft:model"},"threshold":86},{"model":{"model":"modelengine:lr_yeti_snowball_parts/body_3","tints":[{"default":-1,"type":"minecraft:dye"}],"type":"minecraft:model"},"threshold":87},{"model":{"model":"modelengine:lr_yeti_snowball_parts/left_forearm_snow_damaged","tints":[{"default":-1,"type":"minecraft:dye"}],"type":"minecraft:model"},"threshold":88},{"model":{"model":"modelengine:lr_yeti_snowball_parts/body_4","tints":[{"default":-1,"type":"minecraft:dye"}],"type":"minecraft:model"},"threshold":89},{"model":{"model":"modelengine:lr_yeti_snowball_parts/body_5","tints":[{"default":-1,"type":"minecraft:dye"}],"type":"minecraft:model"},"threshold":90},{"model":{"model":"modelengine:lr_yeti_snowball_parts/left_forearm_snow","tints":[{"default":-1,"type":"minecraft:dye"}],"type":"minecraft:model"},"threshold":91},{"model":{"model":"modelengine:lr_yeti_snowball_parts/torso","tints":[{"default":-1,"type":"minecraft:dye"}],"type":"minecraft:model"},"threshold":92},{"model":{"model":"modelengine:lr_yeti_snowball_parts/right_arm","tints":[{"default":-1,"type":"minecraft:dye"}],"type":"minecraft:model"},"threshold":93},{"model":{"model":"modelengine:lr_yeti_snowball_parts/necklace","tints":[{"default":-1,"type":"minecraft:dye"}],"type":"minecraft:model"},"threshold":94},{"model":{"model":"modelengine:lr_yeti_snowball_parts/left_leg","tints":[{"default":-1,"type":"minecraft:dye"}],"type":"minecraft:model"},"threshold":95},{"model":{"model":"modelengine:lr_yeti_snowball_parts/head","tints":[{"default":-1,"type":"minecraft:dye"}],"type":"minecraft:model"},"threshold":96},{"model":{"model":"modelengine:lr_yeti_snowball_parts/left_arm","tints":[{"default":-1,"type":"minecraft:dye"}],"type":"minecraft:model"},"threshold":97},{"model":{"model":"modelengine:lr_yeti_snowball_parts/right_leg","tints":[{"default":-1,"type":"minecraft:dye"}],"type":"minecraft:model"},"threshold":98},{"model":{"model":"modelengine:lr_yeti_snowball_parts/right_forearm","tints":[{"default":-1,"type":"minecraft:dye"}],"type":"minecraft:model"},"threshold":99},{"model":{"model":"modelengine:lr_yeti_snowball_parts/left_shin","tints":[{"default":-1,"type":"minecraft:dye"}],"type":"minecraft:model"},"threshold":100},{"model":{"model":"modelengine:lr_yeti_snowball_parts/jaw","tints":[{"default":-1,"type":"minecraft:dye"}],"type":"minecraft:model"},"threshold":101},{"model":{"model":"modelengine:lr_yeti_snowball_parts/left_forearm","tints":[{"default":-1,"type":"minecraft:dye"}],"type":"minecraft:model"},"threshold":102},{"model":{"model":"modelengine:lr_yeti_snowball_parts/right_shin","tints":[{"default":-1,"type":"minecraft:dye"}],"type":"minecraft:model"},"threshold":103},{"model":{"model":"modelengine:lr_yeti_snowball_parts/left_foot","tints":[{"default":-1,"type":"minecraft:dye"}],"type":"minecraft:model"},"threshold":104},{"model":{"model":"modelengine:lr_yeti_snowball_parts/right_foot","tints":[{"default":-1,"type":"minecraft:dye"}],"type":"minecraft:model"},"threshold":105},{"model":{"model":"modelengine:aloc_the_demonic_mech/main","tints":[{"default":-1,"type":"minecraft:dye"}],"type":"minecraft:model"},"threshold":106},{"model":{"model":"modelengine:aloc_the_demonic_mech/sub_body3","tints":[{"default":-1,"type":"minecraft:dye"}],"type":"minecraft:model"},"threshold":107},{"model":{"model":"modelengine:aloc_the_demonic_mech/sub_body2","tints":[{"default":-1,"type":"minecraft:dye"}],"type":"minecraft:model"},"threshold":108},{"model":{"model":"modelengine:aloc_the_demonic_mech/sub_body1","tints":[{"default":-1,"type":"minecraft:dye"}],"type":"minecraft:model"},"threshold":109},{"model":{"model":"modelengine:aloc_the_demonic_mech/body_main","tints":[{"default":-1,"type":"minecraft:dye"}],"type":"minecraft:model"},"threshold":110},{"model":{"model":"modelengine:aloc_the_demonic_mech/head","tints":[{"default":-1,"type":"minecraft:dye"}],"type":"minecraft:model"},"threshold":111},{"model":{"model":"modelengine:aloc_the_demonic_mech/arm2","tints":[{"default":-1,"type":"minecraft:dye"}],"type":"minecraft:model"},"threshold":112},{"model":{"model":"modelengine:aloc_the_demonic_mech/arm1","tints":[{"default":-1,"type":"minecraft:dye"}],"type":"minecraft:model"},"threshold":113},{"model":{"model":"modelengine:aloc_the_demonic_mech/horn2","tints":[{"default":-1,"type":"minecraft:dye"}],"type":"minecraft:model"},"threshold":114},{"model":{"model":"modelengine:aloc_the_demonic_mech/horn1","tints":[{"default":-1,"type":"minecraft:dye"}],"type":"minecraft:model"},"threshold":115},{"model":{"model":"modelengine:aloc_the_demonic_mech/sub_arm2","tints":[{"default":-1,"type":"minecraft:dye"}],"type":"minecraft:model"},"threshold":116},{"model":{"model":"modelengine:aloc_the_demonic_mech/sub_arm1","tints":[{"default":-1,"type":"minecraft:dye"}],"type":"minecraft:model"},"threshold":117},{"model":{"model":"modelengine:aloc_the_demonic_mech/hand2","tints":[{"default":-1,"type":"minecraft:dye"}],"type":"minecraft:model"},"threshold":118},{"model":{"model":"modelengine:aloc_the_demonic_mech/hand1","tints":[{"default":-1,"type":"minecraft:dye"}],"type":"minecraft:model"},"threshold":119},{"model":{"model":"modelengine:lr_yeti/swipe_snow","tints":[{"default":-1,"type":"minecraft:dye"}],"type":"minecraft:model"},"threshold":120},{"model":{"model":"modelengine:lr_yeti/swipe_snow2","tints":[{"default":-1,"type":"minecraft:dye"}],"type":"minecraft:model"},"threshold":121},{"model":{"model":"modelengine:lr_yeti/torso","tints":[{"default":-1,"type":"minecraft:dye"}],"type":"minecraft:model"},"threshold":122},{"model":{"model":"modelengine:lr_yeti/right_arm","tints":[{"default":-1,"type":"minecraft:dye"}],"type":"minecraft:model"},"threshold":123},{"model":{"model":"modelengine:lr_yeti/necklace","tints":[{"default":-1,"type":"minecraft:dye"}],"type":"minecraft:model"},"threshold":124},{"model":{"model":"modelengine:lr_yeti/left_leg","tints":[{"default":-1,"type":"minecraft:dye"}],"type":"minecraft:model"},"threshold":125},{"model":{"model":"modelengine:lr_yeti/head","tints":[{"default":-1,"type":"minecraft:dye"}],"type":"minecraft:model"},"threshold":126},{"model":{"model":"modelengine:lr_yeti/left_arm","tints":[{"default":-1,"type":"minecraft:dye"}],"type":"minecraft:model"},"threshold":127},{"model":{"model":"modelengine:lr_yeti/right_leg","tints":[{"default":-1,"type":"minecraft:dye"}],"type":"minecraft:model"},"threshold":128},{"model":{"model":"modelengine:lr_yeti/right_forearm","tints":[{"default":-1,"type":"minecraft:dye"}],"type":"minecraft:model"},"threshold":129},{"model":{"model":"modelengine:lr_yeti/left_shin","tints":[{"default":-1,"type":"minecraft:dye"}],"type":"minecraft:model"},"threshold":130},{"model":{"model":"modelengine:lr_yeti/jaw","tints":[{"default":-1,"type":"minecraft:dye"}],"type":"minecraft:model"},"threshold":131},{"model":{"model":"modelengine:lr_yeti/left_forearm","tints":[{"default":-1,"type":"minecraft:dye"}],"type":"minecraft:model"},"threshold":132},{"model":{"model":"modelengine:lr_yeti/right_shin","tints":[{"default":-1,"type":"minecraft:dye"}],"type":"minecraft:model"},"threshold":133},{"model":{"model":"modelengine:lr_yeti/left_foot","tints":[{"default":-1,"type":"minecraft:dye"}],"type":"minecraft:model"},"threshold":134},{"model":{"model":"modelengine:lr_yeti/right_foot","tints":[{"default":-1,"type":"minecraft:dye"}],"type":"minecraft:model"},"threshold":135},{"model":{"model":"modelengine:kobold_assassin/body","tints":[{"default":-1,"type":"minecraft:dye"}],"type":"minecraft:model"},"threshold":136},{"model":{"model":"modelengine:kobold_assassin/right_arm","tints":[{"default":-1,"type":"minecraft:dye"}],"type":"minecraft:model"},"threshold":137},{"model":{"model":"modelengine:kobold_assassin/left_arm","tints":[{"default":-1,"type":"minecraft:dye"}],"type":"minecraft:model"},"threshold":138},{"model":{"model":"modelengine:kobold_assassin/tail1","tints":[{"default":-1,"type":"minecraft:dye"}],"type":"minecraft:model"},"threshold":139},{"model":{"model":"modelengine:kobold_assassin/hood","tints":[{"default":-1,"type":"minecraft:dye"}],"type":"minecraft:model"},"threshold":140},{"model":{"model":"modelengine:kobold_assassin/head","tints":[{"default":-1,"type":"minecraft:dye"}],"type":"minecraft:model"},"threshold":141},{"model":{"model":"modelengine:kobold_assassin/right_leg","tints":[{"default":-1,"type":"minecraft:dye"}],"type":"minecraft:model"},"threshold":142},{"model":{"model":"modelengine:kobold_assassin/left_leg","tints":[{"default":-1,"type":"minecraft:dye"}],"type":"minecraft:model"},"threshold":143},{"model":{"model":"modelengine:kobold_assassin/xbow","tints":[{"default":-1,"type":"minecraft:dye"}],"type":"minecraft:model"},"threshold":144},{"model":{"model":"modelengine:kobold_assassin/scarf1","tints":[{"default":-1,"type":"minecraft:dye"}],"type":"minecraft:model"},"threshold":145},{"model":{"model":"modelengine:kobold_assassin/right_forearm","tints":[{"default":-1,"type":"minecraft:dye"}],"type":"minecraft:model"},"threshold":146},{"model":{"model":"modelengine:kobold_assassin/left_forearm","tints":[{"default":-1,"type":"minecraft:dye"}],"type":"minecraft:model"},"threshold":147},{"model":{"model":"modelengine:kobold_assassin/tail2","tints":[{"default":-1,"type":"minecraft:dye"}],"type":"minecraft:model"},"threshold":148},{"model":{"model":"modelengine:kobold_assassin/left_horn","tints":[{"default":-1,"type":"minecraft:dye"}],"type":"minecraft:model"},"threshold":149},{"model":{"model":"modelengine:kobold_assassin/left_brow","tints":[{"default":-1,"type":"minecraft:dye"}],"type":"minecraft:model"},"threshold":150},{"model":{"model":"modelengine:kobold_assassin/right_brow","tints":[{"default":-1,"type":"minecraft:dye"}],"type":"minecraft:model"},"threshold":151},{"model":{"model":"modelengine:kobold_assassin/right_horn","tints":[{"default":-1,"type":"minecraft:dye"}],"type":"minecraft:model"},"threshold":152},{"model":{"model":"modelengine:kobold_assassin/left_ear","tints":[{"default":-1,"type":"minecraft:dye"}],"type":"minecraft:model"},"threshold":153},{"model":{"model":"modelengine:kobold_assassin/jaw","tints":[{"default":-1,"type":"minecraft:dye"}],"type":"minecraft:model"},"threshold":154},{"model":{"model":"modelengine:kobold_assassin/right_ear","tints":[{"default":-1,"type":"minecraft:dye"}],"type":"minecraft:model"},"threshold":155},{"model":{"model":"modelengine:kobold_assassin/right_shin","tints":[{"default":-1,"type":"minecraft:dye"}],"type":"minecraft:model"},"threshold":156},{"model":{"model":"modelengine:kobold_assassin/left_shin","tints":[{"default":-1,"type":"minecraft:dye"}],"type":"minecraft:model"},"threshold":157},{"model":{"model":"modelengine:kobold_assassin/scarf2","tints":[{"default":-1,"type":"minecraft:dye"}],"type":"minecraft:model"},"threshold":158},{"model":{"model":"modelengine:kobold_assassin/right_hand","tints":[{"default":-1,"type":"minecraft:dye"}],"type":"minecraft:model"},"threshold":159},{"model":{"model":"modelengine:kobold_assassin/left_hand","tints":[{"default":-1,"type":"minecraft:dye"}],"type":"minecraft:model"},"threshold":160},{"model":{"model":"modelengine:kobold_assassin/tail3","tints":[{"default":-1,"type":"minecraft:dye"}],"type":"minecraft:model"},"threshold":161},{"model":{"model":"modelengine:kobold_assassin/right_foot","tints":[{"default":-1,"type":"minecraft:dye"}],"type":"minecraft:model"},"threshold":162},{"model":{"model":"modelengine:kobold_assassin/left_foot","tints":[{"default":-1,"type":"minecraft:dye"}],"type":"minecraft:model"},"threshold":163},{"model":{"model":"modelengine:kobold_assassin/scarf3","tints":[{"default":-1,"type":"minecraft:dye"}],"type":"minecraft:model"},"threshold":164},{"model":{"model":"modelengine:kobold_assassin/tail4","tints":[{"default":-1,"type":"minecraft:dye"}],"type":"minecraft:model"},"threshold":165},{"model":{"model":"modelengine:kobold_assassin/scarf4","tints":[{"default":-1,"type":"minecraft:dye"}],"type":"minecraft:model"},"threshold":166},{"model":{"model":"modelengine:kobold_assassin/scarf5","tints":[{"default":-1,"type":"minecraft:dye"}],"type":"minecraft:model"},"threshold":167}],"fallback":{"model":"minecraft:item/leather_horse_armor","tints":[{"default":-6265536,"type":"minecraft:dye"}],"type":"minecraft:model"},"property":"minecraft:custom_model_data","type":"minecraft:range_dispatch"},"oversized_in_gui":true}