{"display":{"firstperson_lefthand":{"rotation":[18,4,0],"scale":[0.7,0.7,0.7],"translation":[0,1.25,0.5]},"firstperson_righthand":{"rotation":[18,4,0],"scale":[0.7,0.7,0.7],"translation":[0,1.25,0.5]},"fixed":{"rotation":[13,0,0],"scale":[4,4,4],"translation":[-1.25,-6.75,-15.75]},"ground":{"rotation":[15,10,33],"scale":[0.7,0.7,0.7],"translation":[0,4.5,0]},"gui":{"rotation":[0,135,10],"scale":[0.65,0.65,0.65],"translation":[-1,-2.75,0]},"head":{"rotation":[11,0,0],"scale":[1.84,1.84,1.84],"translation":[0,-1.25,-4.75]},"thirdperson_lefthand":{"rotation":[25,0,0],"scale":[0.8,0.8,0.8],"translation":[0,-2.5,-2.25]},"thirdperson_righthand":{"rotation":[25,0,0],"scale":[0.8,0.8,0.8],"translation":[0,-2.5,-2.25]}},"elements":[{"faces":{"down":{"texture":"#0","uv":[2.25,2,0,4]},"east":{"texture":"#0","uv":[2.25,3.5,4.25,5.25]},"north":{"texture":"#0","uv":[2.25,0,4.5,1.75]},"south":{"texture":"#0","uv":[2.25,1.75,4.5,3.5]},"up":{"texture":"#0","uv":[2.25,2,0,0]},"west":{"texture":"#0","uv":[0,4,2,5.75]}},"from":[3.5,8.03817,6.40067],"rotation":{"angle":-22.5,"axis":"x","origin":[8,11.53817,10.40067]},"to":[12.5,15.03817,14.40067]},{"faces":{"down":{"texture":"#0","uv":[0,0,0,1]},"east":{"texture":"#0","uv":[8,10,9,10.75]},"north":{"texture":"#0","uv":[0,0,0,0.75]},"south":{"texture":"#0","uv":[0,0,0,0.75]},"up":{"texture":"#0","uv":[0,1,0,0]},"west":{"texture":"#0","uv":[10.25,0,11.25,0.75]}},"from":[4.5,11.03817,7.40067],"rotation":{"angle":-22.5,"axis":"x","origin":[8,11.53817,10.40067]},"to":[4.5,14.03817,11.40067]},{"faces":{"down":{"texture":"#0","uv":[0.25,0,0,0]},"east":{"texture":"#0","uv":[0,0,0,0.75]},"north":{"texture":"#0","uv":[6.75,11.25,7,12]},"south":{"texture":"#0","uv":[11.25,6.75,11.5,7.5]},"up":{"texture":"#0","uv":[0.25,0,0,0]},"west":{"texture":"#0","uv":[0,0,0,0.75]}},"from":[3.5,11.03817,11.40067],"rotation":{"angle":-22.5,"axis":"x","origin":[8,11.53817,10.40067]},"to":[4.5,14.03817,11.40067]},{"faces":{"down":{"texture":"#0","uv":[11.5,1,11.25,2]},"east":{"texture":"#0","uv":[0,0,1,0]},"north":{"texture":"#0","uv":[0,0,0.25,0]},"south":{"texture":"#0","uv":[0,0,0.25,0]},"up":{"texture":"#0","uv":[1.25,12.25,1,11.25]},"west":{"texture":"#0","uv":[0,0,1,0]}},"from":[3.5,14.03817,7.40067],"rotation":{"angle":-22.5,"axis":"x","origin":[8,11.53817,10.40067]},"to":[4.5,14.03817,11.40067]},{"faces":{"down":{"texture":"#0","uv":[1.75,11.25,1.5,12.25]},"east":{"texture":"#0","uv":[0,0,1,0]},"north":{"texture":"#0","uv":[0,0,0.25,0]},"south":{"texture":"#0","uv":[0,0,0.25,0]},"up":{"texture":"#0","uv":[1.5,12.25,1.25,11.25]},"west":{"texture":"#0","uv":[0,0,1,0]}},"from":[3.5,11.03817,7.40067],"rotation":{"angle":-22.5,"axis":"x","origin":[8,11.53817,10.40067]},"to":[4.5,11.03817,11.40067]},{"faces":{"down":{"texture":"#0","uv":[0.25,0,0,0]},"east":{"texture":"#0","uv":[0,0,0,0.75]},"north":{"texture":"#0","uv":[6.25,11.25,6.5,12]},"south":{"texture":"#0","uv":[6.5,11.25,6.75,12]},"up":{"texture":"#0","uv":[0.25,0,0,0]},"west":{"texture":"#0","uv":[0,0,0,0.75]}},"from":[3.5,11.03817,7.40067],"rotation":{"angle":-22.5,"axis":"x","origin":[8,11.53817,10.40067]},"to":[4.5,14.03817,7.40067]},{"faces":{"down":{"texture":"#0","uv":[0,0,0,1]},"east":{"texture":"#0","uv":[10.25,0.75,11.25,1.5]},"north":{"texture":"#0","uv":[0,0,0,0.75]},"south":{"texture":"#0","uv":[0,0,0,0.75]},"up":{"texture":"#0","uv":[0,1,0,0]},"west":{"texture":"#0","uv":[10.25,1.5,11.25,2.25]}},"from":[11.5,11.03817,7.40067],"rotation":{"angle":-22.5,"axis":"x","origin":[8,11.53817,10.40067]},"to":[11.5,14.03817,11.40067]},{"faces":{"down":{"texture":"#0","uv":[0.25,0,0,0]},"east":{"texture":"#0","uv":[0,0,0,0.75]},"north":{"texture":"#0","uv":[7.5,11.25,7.75,12]},"south":{"texture":"#0","uv":[11.25,7.5,11.5,8.25]},"up":{"texture":"#0","uv":[0.25,0,0,0]},"west":{"texture":"#0","uv":[0,0,0,0.75]}},"from":[11.5,11.03817,11.40067],"rotation":{"angle":-22.5,"axis":"x","origin":[8,11.53817,10.40067]},"to":[12.5,14.03817,11.40067]},{"faces":{"down":{"texture":"#0","uv":[2.25,11.25,2,12.25]},"east":{"texture":"#0","uv":[0,0,1,0]},"north":{"texture":"#0","uv":[0,0,0.25,0]},"south":{"texture":"#0","uv":[0,0,0.25,0]},"up":{"texture":"#0","uv":[2,12.25,1.75,11.25]},"west":{"texture":"#0","uv":[0,0,1,0]}},"from":[11.5,11.03817,7.40067],"rotation":{"angle":-22.5,"axis":"x","origin":[8,11.53817,10.40067]},"to":[12.5,11.03817,11.40067]},{"faces":{"down":{"texture":"#0","uv":[0.25,0,0,0]},"east":{"texture":"#0","uv":[0,0,0,0.75]},"north":{"texture":"#0","uv":[7,11.25,7.25,12]},"south":{"texture":"#0","uv":[7.25,11.25,7.5,12]},"up":{"texture":"#0","uv":[0.25,0,0,0]},"west":{"texture":"#0","uv":[0,0,0,0.75]}},"from":[11.5,11.03817,7.40067],"rotation":{"angle":-22.5,"axis":"x","origin":[8,11.53817,10.40067]},"to":[12.5,14.03817,7.40067]},{"faces":{"down":{"texture":"#0","uv":[9.75,8.75,9,10]},"east":{"texture":"#0","uv":[6.75,1.75,8,3]},"north":{"texture":"#0","uv":[7.5,8.75,8.25,10]},"south":{"texture":"#0","uv":[8.25,8.75,9,10]},"up":{"texture":"#0","uv":[9.75,4.25,9,3]},"west":{"texture":"#0","uv":[3.75,6.75,5,8]}},"from":[10,2.15782,9.7798],"rotation":{"angle":-45,"axis":"x","origin":[8,5.62668,7.42218]},"to":[13,7.15782,14.7798]},{"faces":{"down":{"texture":"#0","uv":[8,10,7,10.75]},"east":{"texture":"#0","uv":[8.75,1,9.5,1.75]},"north":{"texture":"#0","uv":[0.5,10,1.5,10.75]},"south":{"texture":"#0","uv":[5,10,6,10.75]},"up":{"texture":"#0","uv":[7,10.75,6,10]},"west":{"texture":"#0","uv":[10.25,5.5,11,6.25]}},"from":[6,7.21848,10.51204],"rotation":{"angle":-45,"axis":"x","origin":[8,9.68734,12.89705]},"to":[10,10.21848,13.51204]},{"faces":{"down":{"texture":"#0","uv":[10.25,6.75,9.5,8]},"east":{"texture":"#0","uv":[5,6.75,6.25,8]},"north":{"texture":"#0","uv":[9.5,0,10.25,1.25]},"south":{"texture":"#0","uv":[9.5,1.25,10.25,2.5]},"up":{"texture":"#0","uv":[2.75,10.75,2,9.5]},"west":{"texture":"#0","uv":[6.25,6.75,7.5,8]}},"from":[3,2.15782,9.7798],"rotation":{"angle":-45,"axis":"x","origin":[8,5.62668,7.42218]},"to":[6,7.15782,14.7798]},{"faces":{"down":{"texture":"#0","uv":[3,8.5,2,9.5]},"east":{"texture":"#0","uv":[10.25,7.25,11.25,7.75]},"north":{"texture":"#0","uv":[10.25,6.75,11.25,7.25]},"south":{"texture":"#0","uv":[10.25,7.75,11.25,8.25]},"up":{"texture":"#0","uv":[9.5,1,8.5,0]},"west":{"texture":"#0","uv":[10.25,8.25,11.25,8.75]}},"from":[6,15.80354,7.55291],"rotation":{"angle":-45,"axis":"x","origin":[8,15.03817,11.40067]},"to":[10,17.80354,11.55291]},{"faces":{"down":{"texture":"#0","uv":[3,7.5,1.75,8.5]},"east":{"texture":"#0","uv":[10.25,8.75,11.25,9.25]},"north":{"texture":"#0","uv":[10,6.25,11.25,6.75]},"south":{"texture":"#0","uv":[3.5,10.25,4.75,10.75]},"up":{"texture":"#0","uv":[8.25,6.25,7,5.25]},"west":{"texture":"#0","uv":[10.25,9.25,11.25,9.75]}},"from":[5.5,15.03817,9.40067],"rotation":{"angle":-45,"axis":"x","origin":[8,15.03817,11.40067]},"to":[10.5,17.03817,13.40067]},{"faces":{"down":{"texture":"#0","uv":[9.5,7.75,8.5,8.75]},"east":{"texture":"#0","uv":[10.25,10.25,11.25,10.75]},"north":{"texture":"#0","uv":[10.25,9.75,11.25,10.25]},"south":{"texture":"#0","uv":[0.5,10.75,1.5,11.25]},"up":{"texture":"#0","uv":[9.5,7.75,8.5,6.75]},"west":{"texture":"#0","uv":[1.5,10.75,2.5,11.25]}},"from":[6,14.2728,11.24843],"rotation":{"angle":-45,"axis":"x","origin":[8,15.03817,11.40067]},"to":[10,16.2728,15.24843]},{"faces":{"down":{"texture":"#0","uv":[8.5,6.75,8,8.75]},"east":{"texture":"#0","uv":[8,2.5,10,3]},"north":{"texture":"#0","uv":[8.5,10.75,9,11.25]},"south":{"texture":"#0","uv":[10.25,10.75,10.75,11.25]},"up":{"texture":"#0","uv":[7,10,6.5,8]},"west":{"texture":"#0","uv":[8,6.25,10,6.75]}},"from":[4.5,12.03817,12.40067],"rotation":{"angle":-22.5,"axis":"y","origin":[7,13.30249,8.75]},"to":[6.5,14.03817,20.40067]},{"faces":{"down":{"texture":"#0","uv":[2.75,10.75,2.5,12]},"east":{"texture":"#0","uv":[9.75,4,11,4.5]},"north":{"texture":"#0","uv":[3.5,7.5,3.75,8]},"south":{"texture":"#0","uv":[4.75,10.25,5,10.75]},"up":{"texture":"#0","uv":[2.25,5.25,2,4]},"west":{"texture":"#0","uv":[10,2.5,11.25,3]}},"from":[12.14805,7.93817,13.17231],"rotation":{"angle":22.5,"axis":"x","origin":[8,9.93817,15.67231]},"to":[13.14805,9.93817,18.17231]},{"faces":{"down":{"texture":"#0","uv":[6,10.75,5.75,12]},"east":{"texture":"#0","uv":[10.25,4.5,11.5,5]},"north":{"texture":"#0","uv":[11.25,2.5,11.5,3]},"south":{"texture":"#0","uv":[7.75,11.25,8,11.75]},"up":{"texture":"#0","uv":[5.75,12,5.5,10.75]},"west":{"texture":"#0","uv":[10.25,5,11.5,5.5]}},"from":[2.85195,7.93817,13.17231],"rotation":{"angle":22.5,"axis":"x","origin":[8,9.93817,15.67231]},"to":[3.85195,9.93817,18.17231]},{"faces":{"down":{"texture":"#0","uv":[2,8.5,1.5,10.5]},"east":{"texture":"#0","uv":[8.25,5.25,10.25,5.75]},"north":{"texture":"#0","uv":[10.75,10.75,11.25,11.25]},"south":{"texture":"#0","uv":[11,4,11.5,4.5]},"up":{"texture":"#0","uv":[7.5,10,7,8]},"west":{"texture":"#0","uv":[8.25,5.75,10.25,6.25]}},"from":[9.5,12.03817,12.40067],"rotation":{"angle":22.5,"axis":"y","origin":[9,13.30249,8.75]},"to":[11.5,14.03817,20.40067]},{"faces":{"down":{"texture":"#0","uv":[10.25,8,9.75,9.75]},"east":{"texture":"#0","uv":[4.5,3,6.25,3.5]},"north":{"texture":"#0","uv":[6.5,10.75,7,11.25]},"south":{"texture":"#0","uv":[7,10.75,7.5,11.25]},"up":{"texture":"#0","uv":[3.25,11.5,2.75,9.75]},"west":{"texture":"#0","uv":[8.5,4.5,10.25,5]}},"from":[2.5,14.46857,4.10344],"rotation":{"angle":-22.5,"axis":"x","origin":[7.99,16.30461,11.24624]},"to":[4.5,16.46857,11.10344]},{"faces":{"down":{"texture":"#0","uv":[0.5,10,0,11.75]},"east":{"texture":"#0","uv":[9.75,3,11.5,3.5]},"north":{"texture":"#0","uv":[7.5,10.75,8,11.25]},"south":{"texture":"#0","uv":[8,10.75,8.5,11.25]},"up":{"texture":"#0","uv":[10.25,11.5,9.75,9.75]},"west":{"texture":"#0","uv":[9.75,3.5,11.5,4]}},"from":[11.5,14.46857,4.10344],"rotation":{"angle":-22.5,"axis":"x","origin":[7.99,16.30461,11.24624]},"to":[13.5,16.46857,11.10344]},{"faces":{"down":{"texture":"#0","uv":[11.75,0.5,11.25,1]},"east":{"texture":"#0","uv":[3.5,8,4,10.25]},"north":{"texture":"#0","uv":[1,7.75,1.5,10]},"south":{"texture":"#0","uv":[4,8,4.5,10.25]},"up":{"texture":"#0","uv":[1,11.75,0.5,11.25]},"west":{"texture":"#0","uv":[4.5,8,5,10.25]}},"from":[2.46,15.47006,10.84788],"rotation":{"angle":45,"axis":"x","origin":[7.99,16.30461,11.24624]},"to":[4.5,24.51006,12.88788]},{"faces":{"down":{"texture":"#0","uv":[11.75,0,11.25,0.5]},"east":{"texture":"#0","uv":[7.5,6.25,8,8.5]},"north":{"texture":"#0","uv":[3,7.5,3.5,9.75]},"south":{"texture":"#0","uv":[0,7.75,0.5,10]},"up":{"texture":"#0","uv":[11.5,6,11,5.5]},"west":{"texture":"#0","uv":[0.5,7.75,1,10]}},"from":[11.46,15.47006,10.84788],"rotation":{"angle":45,"axis":"x","origin":[7.99,16.30461,11.24624]},"to":[13.5,24.51006,12.88788]},{"faces":{"down":{"texture":"#0","uv":[6.5,0,4.5,1.75]},"east":{"texture":"#0","uv":[2,6.5,3.75,7.5]},"north":{"texture":"#0","uv":[0,5.75,2,6.75]},"south":{"texture":"#0","uv":[6.5,0,8.5,1]},"up":{"texture":"#0","uv":[6.25,5.25,4.25,3.5]},"west":{"texture":"#0","uv":[0,6.75,1.75,7.75]}},"from":[4,9.03817,0.90067],"rotation":{"angle":0,"axis":"y","origin":[8,10.80877,2.30395]},"to":[12,13.03817,7.90067]},{"faces":{"down":{"texture":"#0","uv":[11.75,2.5,11.5,3]},"east":{"texture":"#0","uv":[11.25,11,11.75,11.25]},"north":{"texture":"#0","uv":[11.5,6.25,11.75,6.5]},"south":{"texture":"#0","uv":[11.5,6.5,11.75,6.75]},"up":{"texture":"#0","uv":[11.75,1.75,11.5,1.25]},"west":{"texture":"#0","uv":[11.5,1,12,1.25]}},"from":[4,8.03817,2.90067],"rotation":{"angle":0,"axis":"y","origin":[8,10.80877,2.30395]},"to":[5,9.03817,4.90067]},{"faces":{"down":{"texture":"#0","uv":[3.75,11.5,3.5,12]},"east":{"texture":"#0","uv":[11.5,1.75,12,2]},"north":{"texture":"#0","uv":[11.5,6.75,11.75,7]},"south":{"texture":"#0","uv":[11.5,7,11.75,7.25]},"up":{"texture":"#0","uv":[11.75,3.5,11.5,3]},"west":{"texture":"#0","uv":[2.75,11.5,3.25,11.75]}},"from":[11,8.03817,2.90067],"rotation":{"angle":0,"axis":"y","origin":[8,10.80877,2.30395]},"to":[12,9.03817,4.90067]},{"faces":{"down":{"texture":"#0","uv":[5.25,11.5,5,12]},"east":{"texture":"#0","uv":[11.5,4.25,12,4.5]},"north":{"texture":"#0","uv":[11.5,7.75,11.75,8]},"south":{"texture":"#0","uv":[11.5,8,11.75,8.25]},"up":{"texture":"#0","uv":[11.75,5,11.5,4.5]},"west":{"texture":"#0","uv":[4.5,11.5,5,11.75]}},"from":[11,8.03817,5.90067],"rotation":{"angle":0,"axis":"y","origin":[8,10.80877,2.30395]},"to":[12,9.03817,7.90067]},{"faces":{"down":{"texture":"#0","uv":[4.5,11.5,4.25,12]},"east":{"texture":"#0","uv":[11.5,3.5,12,3.75]},"north":{"texture":"#0","uv":[11.5,7.25,11.75,7.5]},"south":{"texture":"#0","uv":[11.5,7.5,11.75,7.75]},"up":{"texture":"#0","uv":[11.75,4.25,11.5,3.75]},"west":{"texture":"#0","uv":[3.75,11.5,4.25,11.75]}},"from":[4,8.03817,5.90067],"rotation":{"angle":0,"axis":"y","origin":[8,10.80877,2.30395]},"to":[5,9.03817,7.90067]},{"faces":{"down":{"texture":"#0","uv":[11.75,2.25,10.25,2.5]},"east":{"texture":"#0","uv":[1.75,6.75,2,7.5]},"north":{"texture":"#0","uv":[8,1.75,9.5,2.5]},"south":{"texture":"#0","uv":[5,8,6.5,8.75]},"up":{"texture":"#0","uv":[10,5.25,8.5,5]},"west":{"texture":"#0","uv":[1.5,7.75,1.75,8.5]}},"from":[5,3.09553,3.06456],"rotation":{"angle":-45,"axis":"x","origin":[8,5.62668,7.42218]},"to":[11,6.09553,4.06456]},{"faces":{"down":{"texture":"#0","uv":[9.75,10,9.5,12.75]},"east":{"texture":"#0","uv":[6.25,3,9,3.75]},"north":{"texture":"#0","uv":[6,11.25,6.25,12]},"south":{"texture":"#0","uv":[11.25,6,11.5,6.75]},"up":{"texture":"#0","uv":[9.5,12.75,9.25,10]},"west":{"texture":"#0","uv":[6.25,3.75,9,4.5]}},"from":[11,3.09553,3.06456],"rotation":{"angle":-45,"axis":"x","origin":[8,5.62668,7.42218]},"to":[12,6.09553,14.06456]},{"faces":{"down":{"texture":"#0","uv":[9.25,10,9,12.75]},"east":{"texture":"#0","uv":[4.25,5.25,7,6]},"north":{"texture":"#0","uv":[9.5,8,9.75,8.75]},"south":{"texture":"#0","uv":[2.25,11.25,2.5,12]},"up":{"texture":"#0","uv":[3.5,12.5,3.25,9.75]},"west":{"texture":"#0","uv":[4.25,6,7,6.75]}},"from":[4,3.09553,3.06456],"rotation":{"angle":-45,"axis":"x","origin":[8,5.62668,7.42218]},"to":[5,6.09553,14.06456]},{"faces":{"down":{"texture":"#0","uv":[8.5,11.25,8.25,11.75]},"east":{"texture":"#0","uv":[3.75,6.5,4.25,6.75]},"north":{"texture":"#0","uv":[2.75,9.5,3,9.75]},"south":{"texture":"#0","uv":[9.5,4.25,9.75,4.5]},"up":{"texture":"#0","uv":[8.25,11.75,8,11.25]},"west":{"texture":"#0","uv":[7.5,8.5,8,8.75]}},"from":[4,6.09553,6.06456],"rotation":{"angle":-45,"axis":"x","origin":[8,5.62668,7.42218]},"to":[5,7.09553,8.06456]},{"faces":{"down":{"texture":"#0","uv":[8.75,11.25,8.5,11.75]},"east":{"texture":"#0","uv":[9,4.25,9.5,4.5]},"north":{"texture":"#0","uv":[10,5,10.25,5.25]},"south":{"texture":"#0","uv":[11,6,11.25,6.25]},"up":{"texture":"#0","uv":[11.5,8.75,11.25,8.25]},"west":{"texture":"#0","uv":[1.5,10.5,2,10.75]}},"from":[4,6.09553,3.06456],"rotation":{"angle":-45,"axis":"x","origin":[8,5.62668,7.42218]},"to":[5,7.09553,5.06456]},{"faces":{"down":{"texture":"#0","uv":[10.5,11.25,10.25,11.75]},"east":{"texture":"#0","uv":[11.25,9.5,11.75,9.75]},"north":{"texture":"#0","uv":[11.5,5.25,11.75,5.5]},"south":{"texture":"#0","uv":[11.5,5.5,11.75,5.75]},"up":{"texture":"#0","uv":[11.5,10.5,11.25,10]},"west":{"texture":"#0","uv":[11.25,9.75,11.75,10]}},"from":[11,6.09553,3.06456],"rotation":{"angle":-45,"axis":"x","origin":[8,5.62668,7.42218]},"to":[12,7.09553,5.06456]},{"faces":{"down":{"texture":"#0","uv":[11.5,11.25,11,11.5]},"east":{"texture":"#0","uv":[11.5,5.75,11.75,6]},"north":{"texture":"#0","uv":[10.5,11.25,11,11.5]},"south":{"texture":"#0","uv":[11.25,10.5,11.75,10.75]},"up":{"texture":"#0","uv":[11.75,11,11.25,10.75]},"west":{"texture":"#0","uv":[11.5,6,11.75,6.25]}},"from":[7,6.09553,3.06456],"rotation":{"angle":-45,"axis":"x","origin":[8,5.62668,7.42218]},"to":[9,7.09553,4.06456]},{"faces":{"down":{"texture":"#0","uv":[11.5,9,11.25,9.5]},"east":{"texture":"#0","uv":[11.25,2,11.75,2.25]},"north":{"texture":"#0","uv":[11.5,5,11.75,5.25]},"south":{"texture":"#0","uv":[5.25,11.5,5.5,11.75]},"up":{"texture":"#0","uv":[9,11.75,8.75,11.25]},"west":{"texture":"#0","uv":[11.25,8.75,11.75,9]}},"from":[11,6.09553,6.06456],"rotation":{"angle":-45,"axis":"x","origin":[8,5.62668,7.42218]},"to":[12,7.09553,8.06456]},{"faces":{"down":{"texture":"#0","uv":[8.75,1,6.5,1.75]},"east":{"texture":"#0","uv":[5,8.75,5.75,10]},"north":{"texture":"#0","uv":[4.5,1.75,6.75,3]},"south":{"texture":"#0","uv":[2,5.25,4.25,6.5]},"up":{"texture":"#0","uv":[8.5,5.25,6.25,4.5]},"west":{"texture":"#0","uv":[5.75,8.75,6.5,10]}},"from":[3.5,8.44773,-0.77477],"rotation":{"angle":22.5,"axis":"x","origin":[8,10.80877,2.30395]},"to":[12.5,13.44773,2.22523]},{"faces":{"down":{"texture":"#0","uv":[6.5,10.75,6,11.25]},"east":{"texture":"#0","uv":[4,10.75,4.5,11.5]},"north":{"texture":"#0","uv":[3.5,10.75,4,11.5]},"south":{"texture":"#0","uv":[4.5,10.75,5,11.5]},"up":{"texture":"#0","uv":[7.5,6.75,7,6.25]},"west":{"texture":"#0","uv":[5,10.75,5.5,11.5]}},"from":[3.5,9.44773,-0.77477],"rotation":{"angle":22.5,"axis":"x","origin":[8,10.80877,2.30395]},"to":[5.5,9.44773,1.22523]},{"faces":{"down":{"texture":"#0","uv":[6.5,10.75,6,11.25]},"east":{"texture":"#0","uv":[4,10.75,4.5,11.5]},"north":{"texture":"#0","uv":[3.5,10.75,4,11.5]},"south":{"texture":"#0","uv":[4.5,10.75,5,11.5]},"up":{"texture":"#0","uv":[7.5,6.75,7,6.25]},"west":{"texture":"#0","uv":[5,10.75,5.5,11.5]}},"from":[3.5,12.44773,-0.77477],"rotation":{"angle":22.5,"axis":"x","origin":[8,10.80877,2.30395]},"to":[5.5,12.44773,1.22523]},{"faces":{"down":{"texture":"#0","uv":[6.5,10.75,6,11.25]},"east":{"texture":"#0","uv":[4,10.75,4.5,11.5]},"north":{"texture":"#0","uv":[3.5,10.75,4,11.5]},"south":{"texture":"#0","uv":[4.5,10.75,5,11.5]},"up":{"texture":"#0","uv":[7.5,6.75,7,6.25]},"west":{"texture":"#0","uv":[5,10.75,5.5,11.5]}},"from":[3.5,9.44773,1.22523],"rotation":{"angle":22.5,"axis":"x","origin":[8,10.80877,2.30395]},"to":[5.5,12.44773,1.22523]},{"faces":{"down":{"texture":"#0","uv":[6.5,10.75,6,11.25]},"east":{"texture":"#0","uv":[4,10.75,4.5,11.5]},"north":{"texture":"#0","uv":[3.5,10.75,4,11.5]},"south":{"texture":"#0","uv":[4.5,10.75,5,11.5]},"up":{"texture":"#0","uv":[7.5,6.75,7,6.25]},"west":{"texture":"#0","uv":[5,10.75,5.5,11.5]}},"from":[5.5,9.44773,-0.77477],"rotation":{"angle":22.5,"axis":"x","origin":[8,10.80877,2.30395]},"to":[5.5,12.44773,1.22523]},{"faces":{"down":{"texture":"#0","uv":[6,10.75,6.5,11.25]},"east":{"texture":"#0","uv":[5.5,10.75,5,11.5]},"north":{"texture":"#0","uv":[4,10.75,3.5,11.5]},"south":{"texture":"#0","uv":[5,10.75,4.5,11.5]},"up":{"texture":"#0","uv":[7,6.75,7.5,6.25]},"west":{"texture":"#0","uv":[4.5,10.75,4,11.5]}},"from":[10.5,12.44773,-0.77477],"rotation":{"angle":22.5,"axis":"x","origin":[8,10.80877,2.30395]},"to":[12.5,12.44773,1.22523]},{"faces":{"down":{"texture":"#0","uv":[6,10.75,6.5,11.25]},"east":{"texture":"#0","uv":[5.5,10.75,5,11.5]},"north":{"texture":"#0","uv":[4,10.75,3.5,11.5]},"south":{"texture":"#0","uv":[5,10.75,4.5,11.5]},"up":{"texture":"#0","uv":[7,6.75,7.5,6.25]},"west":{"texture":"#0","uv":[4.5,10.75,4,11.5]}},"from":[10.5,9.44773,1.22523],"rotation":{"angle":22.5,"axis":"x","origin":[8,10.80877,2.30395]},"to":[12.5,12.44773,1.22523]},{"faces":{"down":{"texture":"#0","uv":[6,10.75,6.5,11.25]},"east":{"texture":"#0","uv":[5.5,10.75,5,11.5]},"north":{"texture":"#0","uv":[4,10.75,3.5,11.5]},"south":{"texture":"#0","uv":[5,10.75,4.5,11.5]},"up":{"texture":"#0","uv":[7,6.75,7.5,6.25]},"west":{"texture":"#0","uv":[4.5,10.75,4,11.5]}},"from":[10.5,9.44773,-0.77477],"rotation":{"angle":22.5,"axis":"x","origin":[8,10.80877,2.30395]},"to":[12.5,9.44773,1.22523]},{"faces":{"down":{"texture":"#0","uv":[6,10.75,6.5,11.25]},"east":{"texture":"#0","uv":[5.5,10.75,5,11.5]},"north":{"texture":"#0","uv":[4,10.75,3.5,11.5]},"south":{"texture":"#0","uv":[5,10.75,4.5,11.5]},"up":{"texture":"#0","uv":[7,6.75,7.5,6.25]},"west":{"texture":"#0","uv":[4.5,10.75,4,11.5]}},"from":[10.5,9.44773,-0.77477],"rotation":{"angle":22.5,"axis":"x","origin":[8,10.80877,2.30395]},"to":[10.5,12.44773,1.22523]}],"gui_light":"front","texture_size":[64,64],"textures":{"0":"civilization:item/tools/dragon_skull","particle":"civilization:item/tools/dragon_skull"}}