{"display":{"firstperson_lefthand":{"rotation":[17.5,90,0],"scale":[0.6,0.6,0.6],"translation":[1,2,0.75]},"firstperson_righthand":{"rotation":[17.5,90,0],"scale":[0.6,0.6,0.6],"translation":[1,2,0.75]},"fixed":{"rotation":[0,0,-45],"scale":[0.6,0.6,0.6],"translation":[-1,-1.25,0]},"ground":{"rotation":[72,22,0],"scale":[0.5,0.5,0.5]},"gui":{"rotation":[0,0,-45],"scale":[0.6,0.6,0.6],"translation":[-1,-1,0]},"head":{"scale":[1.3,1.3,1.3],"translation":[0,9.75,0]},"thirdperson_lefthand":{"rotation":[0,-90,0],"scale":[0.78,0.78,0.78],"translation":[0,3.5,0.75]},"thirdperson_righthand":{"rotation":[0,-90,0],"scale":[0.78,0.78,0.78],"translation":[0,3.5,0.75]}},"elements":[{"faces":{"down":{"texture":"#0","uv":[7.25,7.75,6.75,8.25]},"east":{"texture":"#0","uv":[1.75,5,2.25,7]},"north":{"texture":"#0","uv":[1.25,5,1.75,7]},"south":{"texture":"#0","uv":[2.25,5,2.75,7]},"up":{"texture":"#0","uv":[8.25,6.5,7.75,6]},"west":{"texture":"#0","uv":[2.75,5,3.25,7]}},"from":[7,-2.7,7],"rotation":{"angle":0,"axis":"y","origin":[8,6,8]},"to":[9,5.3,9]},{"faces":{"down":{"texture":"#0","uv":[1,8.25,0.5,8.75]},"east":{"texture":"#0","uv":[6,8,6.5,8.5]},"north":{"texture":"#0","uv":[3.25,8,3.75,8.5]},"south":{"texture":"#0","uv":[8,6.75,8.5,7.25]},"up":{"texture":"#0","uv":[0.5,8.75,0,8.25]},"west":{"texture":"#0","uv":[7.75,8,8.25,8.5]}},"from":[6.9,-4.4,6.9],"rotation":{"angle":0,"axis":"y","origin":[8,6,8]},"to":[9.1,-2.2,9.1]},{"faces":{"down":{"texture":"#0","uv":[8.25,7.25,7.75,7.75]},"east":{"texture":"#0","uv":[3.75,5,4.25,7]},"north":{"texture":"#0","uv":[3.25,5,3.75,7]},"south":{"texture":"#0","uv":[5,3.75,5.5,5.75]},"up":{"texture":"#0","uv":[7.75,8.25,7.25,7.75]},"west":{"texture":"#0","uv":[4.25,5,4.75,7]}},"from":[6.95,-3.05,6.95],"rotation":{"angle":0,"axis":"y","origin":[8,5,8]},"to":[9.05,5.05,9.05]},{"faces":{"down":{"texture":"#0","uv":[7,0.75,5.75,1.5]},"east":{"texture":"#0","uv":[5.5,3.75,6.25,5]},"north":{"texture":"#0","uv":[1.25,3.75,2.5,5]},"south":{"texture":"#0","uv":[2.5,3.75,3.75,5]},"up":{"texture":"#0","uv":[7,0.75,5.75,0]},"west":{"texture":"#0","uv":[5.5,5,6.25,6.25]}},"from":[0.70025,6.75,6.45],"rotation":{"angle":-45,"axis":"z","origin":[3.05025,2.5,8]},"to":[5.80025,11.85,9.55]},{"faces":{"down":{"texture":"#0","uv":[8.75,1.5,7.5,1.75]},"east":{"texture":"#0","uv":[4.75,5,5,8.75]},"north":{"texture":"#0","uv":[3,0,4.25,3.75]},"south":{"texture":"#0","uv":[0,3.75,1.25,7.5]},"up":{"texture":"#0","uv":[8.5,6,7.25,5.75]},"west":{"texture":"#0","uv":[5.5,0,5.75,3.75]}},"from":[5.5,8.9,7.5],"rotation":{"angle":0,"axis":"y","origin":[8,2.9,8]},"to":[10.5,23.9,8.5]},{"faces":{"down":{"texture":"#0","uv":[1.5,0,0,0]},"east":{"texture":"#0","uv":[0,0,0,3.75]},"north":{"texture":"#0","uv":[0,0,1.5,3.75]},"south":{"texture":"#0","uv":[1.5,0,3,3.75]},"up":{"texture":"#0","uv":[1.5,0,0,0]},"west":{"texture":"#0","uv":[0,0,0,3.75]}},"from":[5,8.9,8],"rotation":{"angle":0,"axis":"y","origin":[8,2.9,8]},"to":[11,23.9,8]},{"faces":{"down":{"texture":"#0","uv":[1,8,0,8.25]},"east":{"texture":"#0","uv":[3.75,7.5,4,7.75]},"north":{"texture":"#0","uv":[7.75,2.5,8.75,2.75]},"south":{"texture":"#0","uv":[7.75,6.5,8.75,6.75]},"up":{"texture":"#0","uv":[8.75,8,7.75,7.75]},"west":{"texture":"#0","uv":[4.25,7.75,4.5,8]}},"from":[6.97523,24.71074,7.47],"rotation":{"angle":-22.5,"axis":"z","origin":[7.50523,23.24074,8]},"to":[11.03523,25.77074,8.53]},{"faces":{"down":{"texture":"#0","uv":[9,0.75,8,1]},"east":{"texture":"#0","uv":[6,7.75,6.25,8]},"north":{"texture":"#0","uv":[8,0,9,0.25]},"south":{"texture":"#0","uv":[8,0.25,9,0.5]},"up":{"texture":"#0","uv":[9,0.75,8,0.5]},"west":{"texture":"#0","uv":[4.25,8,4.5,8.25]}},"from":[4.96477,24.71074,7.47],"rotation":{"angle":22.5,"axis":"z","origin":[8.49477,23.24074,8]},"to":[9.02477,25.77074,8.53]},{"faces":{"down":{"texture":"#0","uv":[1.25,0,0,0]},"east":{"texture":"#0","uv":[0,0,0,1.25]},"north":{"texture":"#0","uv":[4.25,1.25,5.5,2.5]},"south":{"texture":"#0","uv":[4.25,2.5,5.5,3.75]},"up":{"texture":"#0","uv":[1.25,0,0,0]},"west":{"texture":"#0","uv":[0,0,0,1.25]}},"from":[4.37745,21.44074,8],"rotation":{"angle":22.5,"axis":"z","origin":[8.87745,22.94074,8.5]},"to":[9.37745,26.44074,8]},{"faces":{"down":{"texture":"#0","uv":[1.25,0,0,0]},"east":{"texture":"#0","uv":[0,0,0,1.25]},"north":{"texture":"#0","uv":[3.75,3.75,5,5]},"south":{"texture":"#0","uv":[4.25,0,5.5,1.25]},"up":{"texture":"#0","uv":[1.25,0,0,0]},"west":{"texture":"#0","uv":[0,0,0,1.25]}},"from":[6.62255,21.44074,8],"rotation":{"angle":-22.5,"axis":"z","origin":[7.12255,22.94074,8.5]},"to":[11.62255,26.44074,8]},{"faces":{"down":{"texture":"#0","uv":[9,5,8,5.25]},"east":{"texture":"#0","uv":[5.75,8.25,6,8.5]},"north":{"texture":"#0","uv":[8,4.25,9,4.5]},"south":{"texture":"#0","uv":[8,4.5,9,4.75]},"up":{"texture":"#0","uv":[9,5,8,4.75]},"west":{"texture":"#0","uv":[3.25,8.5,3.5,8.75]}},"from":[4.97477,23.72074,7.48],"rotation":{"angle":22.5,"axis":"z","origin":[8.49477,23.24074,8]},"to":[9.01477,24.76074,8.52]},{"faces":{"down":{"texture":"#0","uv":[9,4,8,4.25]},"east":{"texture":"#0","uv":[6.5,8,6.75,8.25]},"north":{"texture":"#0","uv":[8,3.25,9,3.5]},"south":{"texture":"#0","uv":[8,3.5,9,3.75]},"up":{"texture":"#0","uv":[9,4,8,3.75]},"west":{"texture":"#0","uv":[4.5,8.25,4.75,8.5]}},"from":[6.98523,23.72074,7.48],"rotation":{"angle":-22.5,"axis":"z","origin":[7.50523,23.24074,8]},"to":[11.02523,24.76074,8.52]},{"faces":{"down":{"texture":"#0","uv":[7.25,8.25,6.5,8.5]},"east":{"texture":"#0","uv":[4,8.5,4.25,8.75]},"north":{"texture":"#0","uv":[8.25,5.5,9,5.75]},"south":{"texture":"#0","uv":[8.25,6,9,6.25]},"up":{"texture":"#0","uv":[9,6.5,8.25,6.25]},"west":{"texture":"#0","uv":[4.25,8.5,4.5,8.75]}},"from":[4.98477,22.73074,7.49],"rotation":{"angle":22.5,"axis":"z","origin":[8.49477,23.24074,8]},"to":[8.00477,23.75074,8.51]},{"faces":{"down":{"texture":"#0","uv":[9,5.25,8.25,5.5]},"east":{"texture":"#0","uv":[3.5,8.5,3.75,8.75]},"north":{"texture":"#0","uv":[8.25,3,9,3.25]},"south":{"texture":"#0","uv":[3.75,8.25,4.5,8.5]},"up":{"texture":"#0","uv":[5.75,8.5,5,8.25]},"west":{"texture":"#0","uv":[3.75,8.5,4,8.75]}},"from":[7.99523,22.73074,7.49],"rotation":{"angle":-22.5,"axis":"z","origin":[7.50523,23.24074,8]},"to":[11.01523,23.75074,8.51]},{"faces":{"down":{"texture":"#0","uv":[8,3.75,7,4.25]},"east":{"texture":"#0","uv":[5.75,2.75,6.25,3.5]},"north":{"texture":"#0","uv":[6.25,5.25,7.25,6]},"south":{"texture":"#0","uv":[5.75,6.25,6.75,7]},"up":{"texture":"#0","uv":[8,3.75,7,3.25]},"west":{"texture":"#0","uv":[4,7,4.5,7.75]}},"from":[7.9862,6.89458,7],"rotation":{"angle":22.5,"axis":"z","origin":[10.9862,6.39458,9]},"to":[11.9862,9.89458,9]},{"faces":{"down":{"texture":"#0","uv":[8,4.75,7,5.25]},"east":{"texture":"#0","uv":[7.5,0,8,0.75]},"north":{"texture":"#0","uv":[6.5,1.5,7.5,2.25]},"south":{"texture":"#0","uv":[6.75,6,7.75,6.75]},"up":{"texture":"#0","uv":[8,4.75,7,4.25]},"west":{"texture":"#0","uv":[7.5,0.75,8,1.5]}},"from":[4.0138,6.89458,7],"rotation":{"angle":-22.5,"axis":"z","origin":[5.0138,6.39458,9]},"to":[8.0138,9.89458,9]},{"faces":{"down":{"texture":"#0","uv":[8.75,7.25,8.25,7.5]},"east":{"texture":"#0","uv":[4.5,7,4.75,8.25]},"north":{"texture":"#0","uv":[7,0,7.5,1.25]},"south":{"texture":"#0","uv":[1.25,7,1.75,8.25]},"up":{"texture":"#0","uv":[7.75,8.5,7.25,8.25]},"west":{"texture":"#0","uv":[1,7.5,1.25,8.75]}},"from":[8.1038,8.98458,7.49],"rotation":{"angle":-22.5,"axis":"z","origin":[5.0138,7.19458,8.5]},"to":[10.1238,14.00458,8.51]},{"faces":{"down":{"texture":"#0","uv":[0.75,0,0,0]},"east":{"texture":"#0","uv":[0,0,0,1.25]},"north":{"texture":"#0","uv":[5.75,1.5,6.5,2.75]},"south":{"texture":"#0","uv":[6.25,2.75,7,4]},"up":{"texture":"#0","uv":[0.75,0,0,0]},"west":{"texture":"#0","uv":[0,0,0,1.25]}},"from":[7.6038,9.48458,7.99],"rotation":{"angle":-22.5,"axis":"z","origin":[5.0138,7.19458,8.5]},"to":[10.6238,14.50458,8.01]},{"faces":{"down":{"texture":"#0","uv":[8.75,8,8.25,8.25]},"east":{"texture":"#0","uv":[2.75,7.5,3,8.75]},"north":{"texture":"#0","uv":[1.75,7,2.25,8.25]},"south":{"texture":"#0","uv":[2.25,7,2.75,8.25]},"up":{"texture":"#0","uv":[8.75,7.75,8.25,7.5]},"west":{"texture":"#0","uv":[3,7.5,3.25,8.75]}},"from":[5.8762,8.98458,7.49],"rotation":{"angle":22.5,"axis":"z","origin":[10.9862,7.19458,8.5]},"to":[7.8962,14.00458,8.51]},{"faces":{"down":{"texture":"#0","uv":[0.75,0,0,0]},"east":{"texture":"#0","uv":[0,0,0,1.25]},"north":{"texture":"#0","uv":[6.25,4,7,5.25]},"south":{"texture":"#0","uv":[5,6.25,5.75,7.5]},"up":{"texture":"#0","uv":[0.75,0,0,0]},"west":{"texture":"#0","uv":[0,0,0,1.25]}},"from":[5.3762,9.48458,7.99],"rotation":{"angle":22.5,"axis":"z","origin":[10.9862,7.19458,8.5]},"to":[8.3962,14.50458,8.01]},{"faces":{"down":{"texture":"#0","uv":[8,6.75,6.75,7.25]},"east":{"texture":"#0","uv":[5.75,3.5,6.25,3.75]},"north":{"texture":"#0","uv":[7.5,1.75,8.75,2]},"south":{"texture":"#0","uv":[7.5,2,8.75,2.25]},"up":{"texture":"#0","uv":[7.75,2.75,6.5,2.25]},"west":{"texture":"#0","uv":[6.25,6,6.75,6.25]}},"from":[1.97266,6.18368,6.95],"rotation":{"angle":-22.5,"axis":"z","origin":[5.32266,5.83368,8]},"to":[7.07266,7.28368,9.05]},{"faces":{"down":{"texture":"#0","uv":[8.25,5.25,7.25,5.75]},"east":{"texture":"#0","uv":[7,1.25,7.5,1.5]},"north":{"texture":"#0","uv":[8,1,9,1.25]},"south":{"texture":"#0","uv":[8,1.25,9,1.5]},"up":{"texture":"#0","uv":[6.75,7.5,5.75,7]},"west":{"texture":"#0","uv":[2.25,8.25,2.75,8.5]}},"from":[3.02266,5.23368,7],"rotation":{"angle":-22.5,"axis":"z","origin":[5.32266,4.83368,8]},"to":[7.02266,6.23368,9]},{"faces":{"down":{"texture":"#0","uv":[1,7.5,0,8]},"east":{"texture":"#0","uv":[1.75,8.5,2.25,8.75]},"north":{"texture":"#0","uv":[1.25,8.25,2.25,8.5]},"south":{"texture":"#0","uv":[8.25,2.75,9.25,3]},"up":{"texture":"#0","uv":[7.75,7.75,6.75,7.25]},"west":{"texture":"#0","uv":[2.25,8.5,2.75,8.75]}},"from":[8.97734,5.23368,7],"rotation":{"angle":22.5,"axis":"z","origin":[10.67734,4.83368,8]},"to":[12.97734,6.23368,9]},{"faces":{"down":{"texture":"#0","uv":[8.25,2.75,7,3.25]},"east":{"texture":"#0","uv":[8.25,8.25,8.75,8.5]},"north":{"texture":"#0","uv":[5,7.5,6.25,7.75]},"south":{"texture":"#0","uv":[7.75,2.25,9,2.5]},"up":{"texture":"#0","uv":[4,7.5,2.75,7]},"west":{"texture":"#0","uv":[1.25,8.5,1.75,8.75]}},"from":[8.92734,6.18368,6.95],"rotation":{"angle":22.5,"axis":"z","origin":[10.67734,5.83368,8]},"to":[14.02734,7.28368,9.05]}],"gui_light":"front","texture_size":[64,64],"textures":{"0":"civilization:item/tools/emerald_sword","particle":"civilization:item/tools/emerald_sword"}}