{"display":{"firstperson_lefthand":{"translation":[1,0,0]},"firstperson_righthand":{"translation":[1,0,0]},"ground":{"rotation":[33,32,0],"scale":[0.6,0.6,0.6],"translation":[0,1,0]},"gui":{"rotation":[22.5,135,0],"translation":[0,-0.5,0]},"head":{"scale":[1.85,1.85,1.85],"translation":[0,3,0]}},"elements":[{"faces":{"down":{"texture":"#0","uv":[6,0,4,2]},"east":{"texture":"#0","uv":[0,2,2,4.5]},"north":{"texture":"#0","uv":[2,2,4,4.5]},"south":{"texture":"#0","uv":[6,2,8,4.5]},"up":{"texture":"#0","uv":[4,2,2,0]},"west":{"texture":"#0","uv":[4,2,6,4.5]}},"from":[4,4,4],"name":"head","rotation":{"angle":0,"axis":"y","origin":[8,0,8]},"to":[12,14,12]},{"faces":{"down":{"texture":"#0","uv":[14,0,12,2]},"east":{"texture":"#0","uv":[8,2,10,4.5]},"north":{"texture":"#0","uv":[10,2,12,4.5]},"south":{"texture":"#0","uv":[14,2,16,4.5]},"up":{"texture":"#0","uv":[12,2,10,0]},"west":{"texture":"#0","uv":[12,2,14,4.5]}},"from":[3.5,3,3.5],"name":"helmet","rotation":{"angle":0,"axis":"y","origin":[8,0,8]},"to":[12.5,14,12.5]},{"faces":{"down":{"texture":"#0","uv":[7.5,0,7,0.5]},"east":{"texture":"#0","uv":[6,0.5,6.5,1.5]},"north":{"texture":"#0","uv":[6.5,0.5,7,1.5]},"south":{"texture":"#0","uv":[7.5,0.5,8,1.5]},"up":{"texture":"#0","uv":[7,0.5,6.5,0]},"west":{"texture":"#0","uv":[7,0.5,7.5,1.5]}},"from":[7,3,2],"name":"nose","rotation":{"angle":0,"axis":"y","origin":[8,0,8]},"to":[9,7,4]}],"gui_light":"front","texture_size":[64,64],"textures":{"0":"civilization:item/tools/expert_evoker","particle":"civilization:item/tools/expert_evoker"}}