{"display":{"firstperson_lefthand":{"rotation":[0,19,0],"translation":[2,0,0]},"firstperson_righthand":{"rotation":[0,19,0],"translation":[2,0,0]},"fixed":{"translation":[0,0,-2.75]},"ground":{"rotation":[29,0,25],"scale":[0.5,0.5,0.5]},"gui":{"rotation":[22.5,135,0],"scale":[0.8,0.8,0.8],"translation":[-0.25,0,0]},"head":{"scale":[2,2,2],"translation":[0,9,-3.5]},"thirdperson_lefthand":{"translation":[0,2.25,0]},"thirdperson_righthand":{"translation":[0,2.25,0]}},"elements":[{"faces":{"down":{"texture":"#0","uv":[10.5,0,7,3.5]},"east":{"texture":"#0","uv":[0,3.5,3.5,10.5]},"north":{"texture":"#0","uv":[3.5,3.5,7,10.5]},"south":{"texture":"#0","uv":[10.5,3.5,14,10.5]},"up":{"texture":"#0","uv":[7,3.5,3.5,0]},"west":{"texture":"#0","uv":[7,3.5,10.5,10.5]}},"from":[4.5,0,6.75],"name":"head","rotation":{"angle":0,"axis":"y","origin":[8,10.25,17.5]},"to":[11.5,14,13.75]},{"faces":{"down":{"texture":"#0","uv":[8,10.5,5.5,13.5]},"east":{"texture":"#0","uv":[0,13.5,3,16]},"north":{"texture":"#0","uv":[3,13.5,5.5,16]},"south":{"texture":"#0","uv":[8.5,13.5,11,16]},"up":{"texture":"#0","uv":[5.5,13.5,3,10.5]},"west":{"texture":"#0","uv":[5.5,13.5,8.5,16]}},"from":[5.5,9,0.75],"name":"head","rotation":{"angle":0,"axis":"y","origin":[8,10.25,17.5]},"to":[10.5,14,6.75]},{"faces":{"down":{"texture":"#0","uv":[14.5,1.5,13,2.5]},"east":{"texture":"#0","uv":[10.5,2.5,11.5,3]},"north":{"texture":"#0","uv":[11.5,2.5,13,3]},"south":{"texture":"#0","uv":[14,2.5,15.5,3]},"up":{"texture":"#0","uv":[13,2.5,11.5,1.5]},"west":{"texture":"#0","uv":[13,2.5,14,3]}},"from":[2,12.9,10.25],"name":"left_ear","rotation":{"angle":0,"axis":"x","origin":[3.5,13.5,11.25]},"to":[5,13.9,12.25]},{"faces":{"down":{"texture":"#0","uv":[14.5,0,13,1]},"east":{"texture":"#0","uv":[10.5,1,11.5,1.5]},"north":{"texture":"#0","uv":[11.5,1,13,1.5]},"south":{"texture":"#0","uv":[14,1,15.5,1.5]},"up":{"texture":"#0","uv":[13,1,11.5,0]},"west":{"texture":"#0","uv":[13,1,14,1.5]}},"from":[11,12.9,10.25],"name":"right_ear","rotation":{"angle":0,"axis":"z","origin":[8,10.25,17.5]},"to":[14,13.9,12.25]}],"gui_light":"front","texture_size":[32,32],"textures":{"0":"civilization:item/tools/grumpy_humpy","particle":"civilization:item/tools/grumpy_humpy"}}