{"display":{"firstperson_lefthand":{"scale":[0.5,0.5,0.5],"translation":[0,4,0]},"firstperson_righthand":{"scale":[0.5,0.5,0.5],"translation":[0,4,0]},"ground":{"rotation":[30,30,0],"scale":[0.55,0.55,0.55],"translation":[0,4,0]},"gui":{"rotation":[22.5,135,0],"scale":[0.7,0.7,0.7],"translation":[-1.25,0,0]},"head":{"scale":[1.8,1.8,1.8],"translation":[0,8.5,-4.75]},"thirdperson_lefthand":{"rotation":[45,0,0],"scale":[0.7,0.7,0.7],"translation":[0,4,0]},"thirdperson_righthand":{"rotation":[45,0,0],"scale":[0.7,0.7,0.7],"translation":[0,4,0]}},"elements":[{"faces":{"down":{"texture":"#0","uv":[2,2,0,4]},"east":{"texture":"#0","uv":[9.125,4.75,11.125,4.875]},"north":{"texture":"#0","uv":[9.125,4.625,11.125,4.75]},"south":{"texture":"#0","uv":[9.25,0.625,11.25,0.75]},"up":{"texture":"#0","uv":[2,2,0,0]},"west":{"texture":"#0","uv":[9.25,0.75,11.25,0.875]}},"from":[0.003,7.501,2.497],"rotation":{"angle":0,"axis":"y","origin":[7.003,7.501,10.497]},"to":[16.003,8.501,18.497]},{"faces":{"down":{"texture":"#0","uv":[6,3.875,4.75,5.125]},"east":{"texture":"#0","uv":[9,1.375,10.25,1.75]},"north":{"texture":"#0","uv":[9,1,10.25,1.375]},"south":{"texture":"#0","uv":[9,7.875,10.25,8.25]},"up":{"texture":"#0","uv":[4.75,6,3.5,4.75]},"west":{"texture":"#0","uv":[9.125,4,10.375,4.375]}},"from":[3.003,8.501,5.497],"rotation":{"angle":0,"axis":"y","origin":[7.003,8.501,10.497]},"to":[13.003,11.501,15.497]},{"faces":{"down":{"texture":"#0","uv":[8.625,9.125,8,9.75]},"east":{"texture":"#0","uv":[2,8.75,2.625,9.625]},"north":{"texture":"#0","uv":[8.5,4,9.125,4.875]},"south":{"texture":"#0","uv":[3.5,8.75,4.125,9.625]},"up":{"texture":"#0","uv":[1.625,9.75,1,9.125]},"west":{"texture":"#0","uv":[4.125,8.75,4.75,9.625]}},"from":[5.502,10.251,8.998],"rotation":{"angle":22.5,"axis":"x","origin":[8.002,13.751,11.498]},"to":[10.502,17.251,13.998]},{"faces":{"down":{"texture":"#0","uv":[8,0,7,1]},"east":{"texture":"#0","uv":[0,5.5,1,6.75]},"north":{"texture":"#0","uv":[4.75,5.125,5.75,6.375]},"south":{"texture":"#0","uv":[5.5,1.5,6.5,2.75]},"up":{"texture":"#0","uv":[1,7.75,0,6.75]},"west":{"texture":"#0","uv":[5.75,5.125,6.75,6.375]}},"from":[4.002,0.5,6.498],"name":"helmet","rotation":{"angle":0,"axis":"y","origin":[8.002,-23.5,10.498]},"to":[12.002,10.5,14.498]},{"faces":{"down":{"texture":"#0","uv":[1.25,0,0,0]},"east":{"texture":"#0","uv":[0,0,0,0.25]},"north":{"texture":"#0","uv":[8.5,2.5,9.75,2.75]},"south":{"texture":"#0","uv":[9.125,4.375,10.375,4.625]},"up":{"texture":"#0","uv":[1.25,0,0,0]},"west":{"texture":"#0","uv":[0,0,0,0.25]}},"from":[3.002,3.5,6.348],"name":"helmet","rotation":{"angle":0,"axis":"y","origin":[8.002,-24.5,10.348]},"to":[13.002,5.5,6.348]},{"faces":{"down":{"texture":"#0","uv":[0.25,0,0,0]},"east":{"texture":"#0","uv":[0,0,0,0.25]},"north":{"texture":"#0","uv":[1,6,1.25,6.25]},"south":{"texture":"#0","uv":[4.5,6,4.75,6.25]},"up":{"texture":"#0","uv":[0.25,0,0,0]},"west":{"texture":"#0","uv":[0,0,0,0.25]}},"from":[5.002,3.5,6.448],"name":"eye","rotation":{"angle":0,"axis":"y","origin":[4.002,-24.5,10.448]},"to":[7.002,5.5,6.448]},{"faces":{"down":{"texture":"#0","uv":[0.25,0,0,0]},"east":{"texture":"#0","uv":[0,0,0,0.25]},"north":{"texture":"#0","uv":[7,1,7.25,1.25]},"south":{"texture":"#0","uv":[7,3.75,7.25,4]},"up":{"texture":"#0","uv":[0.25,0,0,0]},"west":{"texture":"#0","uv":[0,0,0,0.25]}},"from":[9.002,3.5,6.448],"name":"eye","rotation":{"angle":0,"axis":"y","origin":[8.002,-25,10.448]},"to":[11.002,5.5,6.448]},{"faces":{"down":{"texture":"#0","uv":[3,7.125,2,8.125]},"east":{"texture":"#0","uv":[6,2.75,7,4]},"north":{"texture":"#0","uv":[6,0,7,1.25]},"south":{"texture":"#0","uv":[3.5,6,4.5,7.25]},"up":{"texture":"#0","uv":[8,3.75,7,2.75]},"west":{"texture":"#0","uv":[1,6.375,2,7.625]}},"from":[3.501,-0.001,5.997],"name":"helmet","rotation":{"angle":0,"axis":"y","origin":[8.002,-23.5,10.498]},"to":[12.503,11.001,14.999]},{"faces":{"down":{"texture":"#0","uv":[8.25,1,7.25,2]},"east":{"texture":"#0","uv":[8,6.375,9,7]},"north":{"texture":"#0","uv":[8,5.75,9,6.375]},"south":{"texture":"#0","uv":[8,7.75,9,8.375]},"up":{"texture":"#0","uv":[7.5,8.125,6.5,7.125]},"west":{"texture":"#0","uv":[2,8.125,3,8.75]}},"from":[3.5,-6.002,5.998],"name":"hair_out","rotation":{"angle":0,"axis":"y","origin":[9.001,-3.001,12.499]},"to":[12.502,0,15]},{"faces":{"down":{"texture":"#0","uv":[5.75,6.375,4.5,7.375]},"east":{"texture":"#0","uv":[3.5,8.125,4.5,8.75]},"north":{"texture":"#0","uv":[6.75,5.75,8,6.375]},"south":{"texture":"#0","uv":[7.5,7.125,8.75,7.75]},"up":{"texture":"#0","uv":[7.25,5,6,4]},"west":{"texture":"#0","uv":[4.5,8.125,5.5,8.75]}},"from":[12.503,-6.001,5.999],"name":"hair","rotation":{"angle":0,"axis":"y","origin":[8.003,-3.001,10.499]},"to":[3.503,-0.001,14.999]},{"faces":{"down":{"texture":"#0","uv":[7.5,8.625,7.25,8.875]},"east":{"texture":"#0","uv":[5.5,7.375,5.75,7.875]},"north":{"texture":"#0","uv":[1,5.5,1.25,6]},"south":{"texture":"#0","uv":[7.25,8.125,7.5,8.625]},"up":{"texture":"#0","uv":[8.5,2,8.25,1.75]},"west":{"texture":"#0","uv":[5.25,8.75,5.5,9.25]}},"from":[7.002,-0.5,4.498],"name":"nose","rotation":{"angle":0,"axis":"y","origin":[8.002,-23.5,10.498]},"to":[9.002,3.5,6.498]},{"faces":{"down":{"texture":"#0","uv":[0.125,0,0,0]},"east":{"texture":"#0","uv":[0,0,0,0.125]},"north":{"texture":"#0","uv":[1,6.25,1.125,6.375]},"south":{"texture":"#0","uv":[1.125,6.25,1.25,6.375]},"up":{"texture":"#0","uv":[0.125,0,0,0]},"west":{"texture":"#0","uv":[0,0,0,0.125]}},"from":[8.252,1,4.248],"name":"nose","rotation":{"angle":0,"axis":"y","origin":[8.252,-24,10.498]},"to":[9.252,2,4.248]}],"gui_light":"front","textures":{"0":"civilization:item/tools/gruntilda","particle":"civilization:item/tools/gruntilda"}}