{"display":{"firstperson_lefthand":{"rotation":[-9,0,0],"scale":[0.6,0.6,0.6],"translation":[1,3,0]},"firstperson_righthand":{"rotation":[-9,0,0],"scale":[0.6,0.6,0.6],"translation":[1,3,0]},"fixed":{"rotation":[0,90,0],"scale":[0.1,1,1]},"ground":{"rotation":[31,59,26],"scale":[0.6,0.6,0.6]},"gui":{"rotation":[90,92,-90],"scale":[0.9,0.9,0.9]},"head":{"scale":[1.1,1.1,1.1],"translation":[0,2.5,0]},"thirdperson_lefthand":{"rotation":[-17,0,0],"scale":[0.9,0.9,0.9],"translation":[0,-0.75,-4]},"thirdperson_righthand":{"rotation":[-17,0,0],"scale":[0.9,0.9,0.9],"translation":[0,-0.75,-4]}},"elements":[{"faces":{"down":{"texture":"#0","uv":[1.75,1.75,0,3.5]},"east":{"texture":"#0","uv":[6.5,0.75,8.25,1.5]},"north":{"texture":"#0","uv":[6.5,0,8.25,0.75]},"south":{"texture":"#0","uv":[1,6.5,2.75,7.25]},"up":{"texture":"#0","uv":[1.75,1.75,0,0]},"west":{"texture":"#0","uv":[6.5,1.5,8.25,2.25]}},"from":[4.5,9,1.5],"rotation":{"angle":-22.5,"axis":"x","origin":[8,8.25,5]},"to":[11.5,12,8.5]},{"faces":{"down":{"texture":"#0","uv":[3.5,1.75,1.75,3.5]},"east":{"texture":"#0","uv":[2.75,6.5,4.5,7.25]},"north":{"texture":"#0","uv":[6.5,2.25,8.25,3]},"south":{"texture":"#0","uv":[7,3,8.75,3.75]},"up":{"texture":"#0","uv":[3.5,1.75,1.75,0]},"west":{"texture":"#0","uv":[7,3.75,8.75,4.5]}},"from":[4.5,6,1.5],"rotation":{"angle":-22.5,"axis":"x","origin":[8,8.25,5]},"to":[11.5,9,8.5]},{"faces":{"down":{"texture":"#0","uv":[1.25,0,0,0]},"east":{"texture":"#0","uv":[0,0,0,0.75]},"north":{"texture":"#0","uv":[5.25,8,6.5,8.75]},"south":{"texture":"#0","uv":[8,5.25,9.25,6]},"up":{"texture":"#0","uv":[1.25,0,0,0]},"west":{"texture":"#0","uv":[0,0,0,0.75]}},"from":[5.5,0.05709,4.78701],"rotation":{"angle":0,"axis":"y","origin":[8,1.55709,8.28701]},"to":[10.5,3.05709,4.78701]},{"faces":{"down":{"texture":"#0","uv":[1.25,0,0,0]},"east":{"texture":"#0","uv":[0,0,0,0.75]},"north":{"texture":"#0","uv":[6.5,8,7.75,8.75]},"south":{"texture":"#0","uv":[7.75,8,9,8.75]},"up":{"texture":"#0","uv":[1.25,0,0,0]},"west":{"texture":"#0","uv":[0,0,0,0.75]}},"from":[5.5,0.05709,9.78701],"rotation":{"angle":0,"axis":"y","origin":[8,1.55709,13.28701]},"to":[10.5,3.05709,9.78701]},{"faces":{"down":{"texture":"#0","uv":[0,0,0,1.25]},"east":{"texture":"#0","uv":[4,8,5.25,8.75]},"north":{"texture":"#0","uv":[0,0,0,0.75]},"south":{"texture":"#0","uv":[0,0,0,0.75]},"up":{"texture":"#0","uv":[0,1.25,0,0]},"west":{"texture":"#0","uv":[8,4.5,9.25,5.25]}},"from":[10.5,0.05709,4.78701],"rotation":{"angle":0,"axis":"y","origin":[8,1.55709,8.28701]},"to":[10.5,3.05709,9.78701]},{"faces":{"down":{"texture":"#0","uv":[0,0,0,1.25]},"east":{"texture":"#0","uv":[7.5,6.5,8.75,7.25]},"north":{"texture":"#0","uv":[0,0,0,0.75]},"south":{"texture":"#0","uv":[0,0,0,0.75]},"up":{"texture":"#0","uv":[0,1.25,0,0]},"west":{"texture":"#0","uv":[7.5,7.25,8.75,8]}},"from":[5.5,0.05709,4.78701],"rotation":{"angle":0,"axis":"y","origin":[8,1.55709,8.28701]},"to":[5.5,3.05709,9.78701]},{"faces":{"down":{"texture":"#0","uv":[0,0,0,1.25]},"east":{"texture":"#0","uv":[8.25,0,9.5,0.75]},"north":{"texture":"#0","uv":[0,0,0,0.75]},"south":{"texture":"#0","uv":[0,0,0,0.75]},"up":{"texture":"#0","uv":[0,1.25,0,0]},"west":{"texture":"#0","uv":[8.25,0.75,9.5,1.5]}},"from":[8,10.55709,11.21299],"rotation":{"angle":0,"axis":"y","origin":[10.5,12.05709,12.71299]},"to":[8,13.55709,16.21299]},{"faces":{"down":{"texture":"#0","uv":[6,3,4.5,4.5]},"east":{"texture":"#0","uv":[3.5,0,5,1.5]},"north":{"texture":"#0","uv":[0,3.5,1.5,5]},"south":{"texture":"#0","uv":[1.5,3.5,3,5]},"up":{"texture":"#0","uv":[4.5,5,3,3.5]},"west":{"texture":"#0","uv":[3.5,1.5,5,3]}},"from":[5,3,2],"rotation":{"angle":-22.5,"axis":"x","origin":[8,8.25,5]},"to":[11,9,8]},{"faces":{"down":{"texture":"#0","uv":[4.5,5,3,6.5]},"east":{"texture":"#0","uv":[0,5,1.5,6.5]},"north":{"texture":"#0","uv":[4.5,4.5,6,6]},"south":{"texture":"#0","uv":[5,0,6.5,1.5]},"up":{"texture":"#0","uv":[6.5,3,5,1.5]},"west":{"texture":"#0","uv":[1.5,5,3,6.5]}},"from":[5.01,2.26158,4.24745],"rotation":{"angle":0,"axis":"y","origin":[8,5.25158,7.23745]},"to":[10.99,8.24158,10.22745]},{"faces":{"down":{"texture":"#0","uv":[9,2.25,8.25,3]},"east":{"texture":"#0","uv":[1.75,7.25,2.5,8.5]},"north":{"texture":"#0","uv":[1,7.25,1.75,8.5]},"south":{"texture":"#0","uv":[2.5,7.25,3.25,8.5]},"up":{"texture":"#0","uv":[9,2.25,8.25,1.5]},"west":{"texture":"#0","uv":[3.25,7.25,4,8.5]}},"from":[6.5,8.87829,9.45639],"rotation":{"angle":-22.5,"axis":"x","origin":[8,11.37829,10.95639]},"to":[9.5,13.87829,12.45639]},{"faces":{"down":{"texture":"#0","uv":[6.5,7,5.5,8]},"east":{"texture":"#0","uv":[4.5,6,5.5,8]},"north":{"texture":"#0","uv":[6,3,7,5]},"south":{"texture":"#0","uv":[6,5,7,7]},"up":{"texture":"#0","uv":[8,5.5,7,4.5]},"west":{"texture":"#0","uv":[0,6.5,1,8.5]}},"from":[6,2.86575,8.14983],"rotation":{"angle":22.5,"axis":"x","origin":[8,7.36575,9.64983]},"to":[10,10.86575,12.14983]},{"faces":{"down":{"texture":"#0","uv":[0,0,0,0.5]},"east":{"texture":"#0","uv":[0,8.5,0.5,10.25]},"north":{"texture":"#0","uv":[0,0,0,1.75]},"south":{"texture":"#0","uv":[0,0,0,1.75]},"up":{"texture":"#0","uv":[0,0.5,0,0]},"west":{"texture":"#0","uv":[0.5,8.5,1,10.25]}},"from":[8,2.86575,12.14983],"rotation":{"angle":22.5,"axis":"x","origin":[8,7.36575,9.64983]},"to":[8,9.86575,14.14983]},{"faces":{"down":{"texture":"#0","uv":[7.5,7,6.5,8]},"east":{"texture":"#0","uv":[2.5,8.5,3.5,9]},"north":{"texture":"#0","uv":[1.5,8.5,2.5,9]},"south":{"texture":"#0","uv":[8.75,3,9.75,3.5]},"up":{"texture":"#0","uv":[8,6.5,7,5.5]},"west":{"texture":"#0","uv":[3.5,8.75,4.5,9.25]}},"from":[5.9,7.76575,8.04983],"rotation":{"angle":22.5,"axis":"x","origin":[8,7.36575,9.64983]},"to":[10.1,9.96575,12.24983]},{"faces":{"down":{"texture":"#0","uv":[1.5,8.5,1,9.5]},"east":{"texture":"#0","uv":[3.5,3,4.5,3.5]},"north":{"texture":"#0","uv":[7,6.5,7.5,7]},"south":{"texture":"#0","uv":[4,7.25,4.5,7.75]},"up":{"texture":"#0","uv":[6,7,5.5,6]},"west":{"texture":"#0","uv":[8,6,9,6.5]}},"from":[7,12.26202,11.3855],"rotation":{"angle":0,"axis":"y","origin":[8,13.26202,13.3855]},"to":[9,14.26202,15.3855]}],"gui_light":"front","texture_size":[64,64],"textures":{"0":"civilization:item/tools/horn_of_winter","particle":"civilization:item/tools/horn_of_winter"}}