{"display":{"firstperson_lefthand":{"scale":[0.9,0.9,0.9],"translation":[1,0,0]},"firstperson_righthand":{"scale":[0.9,0.9,0.9],"translation":[1,0,0]},"ground":{"rotation":[33,32,0],"scale":[0.6,0.6,0.6],"translation":[0,2,0]},"gui":{"rotation":[22.5,135,0],"translation":[0,-0.5,0]},"head":{"scale":[1.85,1.85,1.85],"translation":[0,0,1.5]}},"elements":[{"faces":{"down":{"texture":"#0","uv":[14.5,6.75,13.5,7.5]},"east":{"texture":"#0","uv":[13.5,7.5,14.25,8.25]},"north":{"texture":"#0","uv":[5.5,13.5,6.5,14.25]},"south":{"texture":"#0","uv":[13.5,6,14.5,6.75]},"up":{"texture":"#0","uv":[7.5,14.25,6.5,13.5]},"west":{"texture":"#0","uv":[13.5,8.25,14.25,9]}},"from":[6,-1.6,12.25],"name":"head","rotation":{"angle":0,"axis":"y","origin":[8,5.15,8]},"to":[10,1.4,15.25]},{"faces":{"down":{"texture":"#0","uv":[14.5,6.75,13.5,7.5]},"east":{"texture":"#0","uv":[14.25,8.25,13.5,9]},"north":{"texture":"#0","uv":[5.5,13.5,6.5,14.25]},"south":{"texture":"#0","uv":[14.5,6,13.5,6.75]},"up":{"texture":"#0","uv":[7.5,14.25,6.5,13.5]},"west":{"texture":"#0","uv":[13.5,7.5,14.25,8.25]}},"from":[10,-1.6,12.25],"name":"head","rotation":{"angle":0,"axis":"y","origin":[8,5.15,8]},"to":[6,1.4,15.25]},{"faces":{"down":{"texture":"#0","uv":[14.5,5.25,13.5,6]},"east":{"texture":"#0","uv":[1,11.5,1.75,14.25]},"north":{"texture":"#0","uv":[0,11.5,1,14.25]},"south":{"texture":"#0","uv":[11.5,0,12.5,2.75]},"up":{"texture":"#0","uv":[14.5,5.25,13.5,4.5]},"west":{"texture":"#0","uv":[1.75,11.5,2.5,14.25]}},"from":[5.995,1.395,12.245],"name":"head","rotation":{"angle":0,"axis":"y","origin":[8,5.15,8]},"to":[10.005,12.405,15.255]},{"faces":{"down":{"texture":"#0","uv":[14.25,11.25,13.5,12]},"east":{"texture":"#0","uv":[13.5,9.75,14.25,10.5]},"north":{"texture":"#0","uv":[13.5,9,14.25,9.75]},"south":{"texture":"#0","uv":[10,13.5,10.75,14.25]},"up":{"texture":"#0","uv":[11.5,14.25,10.75,13.5]},"west":{"texture":"#0","uv":[13.5,10.5,14.25,11.25]}},"from":[6.5,8.9,9.25],"name":"head","rotation":{"angle":0,"axis":"y","origin":[8,5.15,8]},"to":[9.5,11.9,12.25]},{"faces":{"down":{"texture":"#0","uv":[11.5,0,9.5,2]},"east":{"texture":"#0","uv":[5.5,2.5,7.5,5]},"north":{"texture":"#0","uv":[5.5,0,7.5,2.5]},"south":{"texture":"#0","uv":[5.5,5,7.5,7.5]},"up":{"texture":"#0","uv":[10.5,9.5,8.5,7.5]},"west":{"texture":"#0","uv":[7.5,0,9.5,2.5]}},"from":[4,4.4,3.25],"name":"helmet","rotation":{"angle":0,"axis":"y","origin":[8,5.15,8]},"to":[12,14.4,11.25]},{"faces":{"down":{"texture":"#0","uv":[2.5,0,0,0]},"east":{"texture":"#0","uv":[0,0,0,0.5]},"north":{"texture":"#0","uv":[12.5,2,15,2.5]},"south":{"texture":"#0","uv":[11.5,12.75,14,13.25]},"up":{"texture":"#0","uv":[2.5,0,0,0]},"west":{"texture":"#0","uv":[0,0,0,0.5]}},"from":[3,8.4,3.1],"name":"helmet","rotation":{"angle":0,"axis":"y","origin":[8,5.15,8]},"to":[13,10.4,3.1]},{"faces":{"down":{"texture":"#0","uv":[11.5,4,9.5,6]},"east":{"texture":"#0","uv":[7.5,2.5,9.5,5]},"north":{"texture":"#0","uv":[1.5,7.5,3.5,10]},"south":{"texture":"#0","uv":[3.5,7.5,5.5,10]},"up":{"texture":"#0","uv":[11.5,4,9.5,2]},"west":{"texture":"#0","uv":[7.5,5,9.5,7.5]}},"from":[3.499,3.899,2.749],"name":"helmet","rotation":{"angle":0,"axis":"y","origin":[8,5.15,8]},"to":[12.501,14.901,11.751]},{"faces":{"down":{"texture":"#0","uv":[11.5,4,9.5,6]},"east":{"texture":"#0","uv":[9.5,5,7.5,7.5]},"north":{"texture":"#0","uv":[1.5,7.5,3.5,10]},"south":{"texture":"#0","uv":[3.5,7.5,5.5,10]},"up":{"texture":"#0","uv":[11.5,4,9.5,2]},"west":{"texture":"#0","uv":[9.5,2.5,7.5,5]}},"from":[12.5,3.9,2.75],"name":"helmet","rotation":{"angle":0,"axis":"y","origin":[17,5.15,8]},"to":[3.5,14.9,11.75]},{"faces":{"down":{"texture":"#0","uv":[8.5,10.5,8,11]},"east":{"texture":"#0","uv":[10,11,10.5,12]},"north":{"texture":"#0","uv":[1,9,1.5,10]},"south":{"texture":"#0","uv":[3.5,11.5,4,12.5]},"up":{"texture":"#0","uv":[5.5,10.5,5,10]},"west":{"texture":"#0","uv":[10,12,10.5,13]}},"from":[7,3.4,1.25],"name":"nose","rotation":{"angle":0,"axis":"y","origin":[8,5.15,8]},"to":[9,7.4,3.25]}],"textures":{"0":"civilization:item/tools/kim_the_transmuter","particle":"civilization:item/tools/kim_the_transmuter"}}