{"display":{"firstperson_lefthand":{"scale":[0.6,0.6,0.6],"translation":[1.25,0.75,0]},"firstperson_righthand":{"scale":[0.6,0.6,0.6],"translation":[1.25,0.75,0]},"fixed":{"translation":[0,0,-8]},"ground":{"rotation":[14,0,39],"scale":[0.5,0.5,0.5],"translation":[0,3.75,0]},"gui":{"rotation":[22.5,135,0],"scale":[0.6,0.6,0.6],"translation":[-0.25,0,0]},"head":{"translation":[0,3,-1.25]},"thirdperson_lefthand":{"scale":[0.5,0.5,0.5],"translation":[0,0.5,0]},"thirdperson_righthand":{"scale":[0.5,0.5,0.5],"translation":[0,0.5,0]}},"elements":[{"faces":{"down":{"texture":"#1","uv":[4.625,0,3,1.375]},"east":{"texture":"#1","uv":[0,1.375,1.375,3.625]},"north":{"texture":"#1","uv":[1.375,1.375,3,3.625]},"south":{"texture":"#1","uv":[4.375,1.375,6,3.625]},"up":{"texture":"#1","uv":[3,1.375,1.375,0]},"west":{"texture":"#1","uv":[3,1.375,4.375,3.625]}},"from":[1.5,-3,7.5],"name":"head","rotation":{"angle":0,"axis":"y","origin":[8,0,27.5]},"to":[14.5,15,18.5]},{"faces":{"down":{"texture":"#1","uv":[7.875,0,6.25,1.375]},"east":{"texture":"#1","uv":[3.25,1.375,4.625,1.375]},"north":{"texture":"#1","uv":[4.625,1.375,6.25,1.375]},"south":{"texture":"#1","uv":[7.625,1.375,9.25,1.375]},"up":{"texture":"#1","uv":[6.25,1.375,4.625,0]},"west":{"texture":"#1","uv":[6.25,1.375,7.625,1.375]}},"from":[1.5,0,7.5],"name":"head","rotation":{"angle":0,"axis":"y","origin":[8,0,27.5]},"to":[14.5,0,18.5]},{"faces":{"down":{"texture":"#1","uv":[1.125,6.25,1,7.125]},"east":{"texture":"#1","uv":[0,7.125,0.875,9.5]},"north":{"texture":"#1","uv":[0.875,7.125,1,9.5]},"south":{"texture":"#1","uv":[1.875,7.125,2,9.5]},"up":{"texture":"#1","uv":[1,7.125,0.875,6.25]},"west":{"texture":"#1","uv":[1,7.125,1.875,9.5]}},"from":[0.6,-4,11.5],"name":"left_ear","rotation":{"angle":0,"axis":"z","origin":[1.1,11.5,11]},"to":[1.6,15,18.5]},{"faces":{"down":{"texture":"#1","uv":[5.75,5.375,5.625,6.25]},"east":{"texture":"#1","uv":[4.625,6.25,5.5,8.625]},"north":{"texture":"#1","uv":[5.5,6.25,5.625,8.625]},"south":{"texture":"#1","uv":[6.5,6.25,6.625,8.625]},"up":{"texture":"#1","uv":[5.625,6.25,5.5,5.375]},"west":{"texture":"#1","uv":[5.625,6.25,6.5,8.625]}},"from":[14.4,-4,11.5],"name":"right_ear","rotation":{"angle":0,"axis":"y","origin":[8,0,27.5]},"to":[15.4,15,18.5]},{"faces":{"down":{"texture":"#1","uv":[9.25,2.5,7.625,3.625]},"east":{"texture":"#1","uv":[4.875,3.625,6,3.875]},"north":{"texture":"#1","uv":[6,3.625,7.625,3.875]},"south":{"texture":"#1","uv":[8.75,3.625,10.375,3.875]},"up":{"texture":"#1","uv":[7.625,3.625,6,2.5]},"west":{"texture":"#1","uv":[7.625,3.625,8.75,3.875]}},"from":[1.5,12,-1.5],"name":"nose","rotation":{"angle":0,"axis":"y","origin":[8,0,27.5]},"to":[14.5,14,7.5]},{"faces":{"down":{"texture":"#1","uv":[4.375,3.625,2.75,4.75]},"east":{"texture":"#1","uv":[0,4.75,1.125,6.25]},"north":{"texture":"#1","uv":[1.125,4.75,2.75,6.25]},"south":{"texture":"#1","uv":[3.875,4.75,5.5,6.25]},"up":{"texture":"#1","uv":[2.75,4.75,1.125,3.625]},"west":{"texture":"#1","uv":[2.75,4.75,3.875,6.25]}},"from":[1.5,0,-1.5],"name":"lower_beak","rotation":{"angle":0,"axis":"y","origin":[8,0,27.5]},"to":[14.5,12,7.5]}],"gui_light":"front","texture_size":[128,128],"textures":{"1":"civilization:item/tools/legendary_sniffer","particle":"civilization:item/tools/legendary_sniffer"}}