{"display":{"firstperson_lefthand":{"rotation":[15,0,0],"scale":[0.6,0.6,0.6],"translation":[1.5,2,0.25]},"firstperson_righthand":{"rotation":[15,0,0],"scale":[0.6,0.6,0.6],"translation":[1.5,2,0.25]},"fixed":{"rotation":[0,90,0],"scale":[0.65,0.65,0.65],"translation":[0,-2.25,0]},"ground":{"rotation":[54,0,37],"scale":[0.65,0.65,0.65]},"gui":{"rotation":[90,-135,90],"scale":[0.65,0.65,0.65],"translation":[-1.75,-2,0]},"head":{"rotation":[0,90,0],"scale":[1.33,1.33,1.33],"translation":[0,8.5,0]},"thirdperson_lefthand":{"scale":[0.8,0.8,0.8],"translation":[0,2.5,1]},"thirdperson_righthand":{"scale":[0.8,0.8,0.8],"translation":[0,2.5,1]}},"elements":[{"faces":{"down":{"texture":"#0","uv":[3,12.5,2,13.5]},"east":{"texture":"#0","uv":[9,3,10,6]},"north":{"texture":"#0","uv":[9,0,10,3]},"south":{"texture":"#0","uv":[5,9,6,12]},"up":{"texture":"#0","uv":[13,9,12,8]},"west":{"texture":"#0","uv":[6,9,7,12]}},"from":[7,-0.3,7],"rotation":{"angle":0,"axis":"y","origin":[8,3,8]},"to":[9,5.7,9]},{"faces":{"down":{"texture":"#0","uv":[1,13.5,0,14.5]},"east":{"texture":"#0","uv":[2.5,9.5,3.5,12.5]},"north":{"texture":"#0","uv":[1.5,9.5,2.5,12.5]},"south":{"texture":"#0","uv":[3.5,9.5,4.5,12.5]},"up":{"texture":"#0","uv":[13.5,14,12.5,13]},"west":{"texture":"#0","uv":[10,0,11,3]}},"from":[6.95,-0.35,6.95],"rotation":{"angle":0,"axis":"y","origin":[8,3,8]},"to":[9.05,5.75,9.05]},{"faces":{"down":{"texture":"#0","uv":[14,1.5,13.5,3]},"east":{"texture":"#0","uv":[5,0,6.5,7]},"north":{"texture":"#0","uv":[8,0,8.5,7]},"south":{"texture":"#0","uv":[8.5,0,9,7]},"up":{"texture":"#0","uv":[14,1.5,13.5,0]},"west":{"texture":"#0","uv":[6.5,0,8,7]}},"from":[7.5,8,6.5],"rotation":{"angle":0,"axis":"y","origin":[8,22.5,7.5]},"to":[8.5,22,9.5]},{"faces":{"down":{"texture":"#0","uv":[14,3,13.5,4.5]},"east":{"texture":"#0","uv":[10.5,6,12,7.5]},"north":{"texture":"#0","uv":[2,13.5,2.5,15]},"south":{"texture":"#0","uv":[2.5,13.5,3,15]},"up":{"texture":"#0","uv":[3.5,15,3,13.5]},"west":{"texture":"#0","uv":[10.5,7.5,12,9]}},"from":[7.48,20.41934,4.62645],"rotation":{"angle":45,"axis":"x","origin":[8,19.93934,7.64645]},"to":[8.52,23.45934,7.66645]},{"faces":{"down":{"texture":"#0","uv":[0,0,0,2.5]},"east":{"texture":"#0","uv":[0,7,2.5,9.5]},"north":{"texture":"#0","uv":[0,0,0,2.5]},"south":{"texture":"#0","uv":[0,0,0,2.5]},"up":{"texture":"#0","uv":[0,2.5,0,0]},"west":{"texture":"#0","uv":[2.5,7,5,9.5]}},"from":[7.98,18.98,2.98],"rotation":{"angle":45,"axis":"x","origin":[7.5,19,8]},"to":[8.02,24.02,8.02]},{"faces":{"down":{"texture":"#0","uv":[0,0,0,2.5]},"east":{"texture":"#0","uv":[0,0,2.5,7]},"north":{"texture":"#0","uv":[0,0,0,7]},"south":{"texture":"#0","uv":[0,0,0,7]},"up":{"texture":"#0","uv":[0,2.5,0,0]},"west":{"texture":"#0","uv":[2.5,0,5,7]}},"from":[8,8,5.5],"rotation":{"angle":0,"axis":"y","origin":[7.5,14.5,8]},"to":[8,22,10.5]},{"faces":{"down":{"texture":"#0","uv":[1.5,9.5,0,11.5]},"east":{"texture":"#0","uv":[5,7,7,9]},"north":{"texture":"#0","uv":[9,6,10.5,8]},"south":{"texture":"#0","uv":[7,9,8.5,11]},"up":{"texture":"#0","uv":[10.5,10,9,8]},"west":{"texture":"#0","uv":[7,7,9,9]}},"from":[6.5,5,7],"rotation":{"angle":-45,"axis":"x","origin":[8,6,8]},"to":[9.5,9,11]},{"faces":{"down":{"texture":"#0","uv":[11.5,11,10,12.5]},"east":{"texture":"#0","uv":[11,1.5,12.5,3]},"north":{"texture":"#0","uv":[11,0,12.5,1.5]},"south":{"texture":"#0","uv":[7,11,8.5,12.5]},"up":{"texture":"#0","uv":[12.5,10.5,11,9]},"west":{"texture":"#0","uv":[8.5,11,10,12.5]}},"from":[6.5,0,2],"rotation":{"angle":-45,"axis":"x","origin":[8,6,8]},"to":[9.5,3,5]},{"faces":{"down":{"texture":"#0","uv":[5.5,12,4.5,14]},"east":{"texture":"#0","uv":[11.5,10.5,13.5,11.5]},"north":{"texture":"#0","uv":[8,12.5,9,13.5]},"south":{"texture":"#0","uv":[9,12.5,10,13.5]},"up":{"texture":"#0","uv":[1,13.5,0,11.5]},"west":{"texture":"#0","uv":[11.5,11.5,13.5,12.5]}},"from":[7,6,4],"rotation":{"angle":-22.5,"axis":"x","origin":[8,7,8]},"to":[9,8,8]},{"faces":{"down":{"texture":"#0","uv":[1.5,11.5,1,14]},"east":{"texture":"#0","uv":[10,3,12.5,4]},"north":{"texture":"#0","uv":[8.5,9,9,10]},"south":{"texture":"#0","uv":[10.5,9,11,10]},"up":{"texture":"#0","uv":[5,12,4.5,9.5]},"west":{"texture":"#0","uv":[10,4,12.5,5]}},"from":[7.45,7.03239,2.33687],"rotation":{"angle":22.5,"axis":"x","origin":[8,8.08239,5.38687]},"to":[8.55,9.13239,7.43687]},{"faces":{"down":{"texture":"#0","uv":[11.5,13,11,15]},"east":{"texture":"#0","uv":[12.5,10,14.5,10.5]},"north":{"texture":"#0","uv":[11,10.5,11.5,11]},"south":{"texture":"#0","uv":[13,12.5,13.5,13]},"up":{"texture":"#0","uv":[4.5,14.5,4,12.5]},"west":{"texture":"#0","uv":[11,12.5,13,13]}},"from":[7.5,6.08239,3.38687],"rotation":{"angle":22.5,"axis":"x","origin":[8,8.08239,5.38687]},"to":[8.5,7.08239,7.38687]},{"faces":{"down":{"texture":"#0","uv":[12.5,13,12,15]},"east":{"texture":"#0","uv":[13,8,15,8.5]},"north":{"texture":"#0","uv":[13.5,5.5,14,6]},"south":{"texture":"#0","uv":[7,13.5,7.5,14]},"up":{"texture":"#0","uv":[12,15,11.5,13]},"west":{"texture":"#0","uv":[13,8.5,15,9]}},"from":[7.5,6.08239,8.61313],"rotation":{"angle":-22.5,"axis":"x","origin":[8,8.08239,10.61313]},"to":[8.5,7.08239,12.61313]},{"faces":{"down":{"texture":"#0","uv":[2,12.5,1.5,15]},"east":{"texture":"#0","uv":[10,5,12.5,6]},"north":{"texture":"#0","uv":[3.5,13.5,4,14.5]},"south":{"texture":"#0","uv":[13.5,4.5,14,5.5]},"up":{"texture":"#0","uv":[7,14.5,6.5,12]},"west":{"texture":"#0","uv":[8.5,10,11,11]}},"from":[7.45,7.03239,8.56313],"rotation":{"angle":-22.5,"axis":"x","origin":[8,8.08239,10.61313]},"to":[8.55,9.13239,13.66313]},{"faces":{"down":{"texture":"#0","uv":[13.5,0,12.5,2]},"east":{"texture":"#0","uv":[12,6,14,7]},"north":{"texture":"#0","uv":[12.5,9,13.5,10]},"south":{"texture":"#0","uv":[10,12.5,11,13.5]},"up":{"texture":"#0","uv":[6.5,14,5.5,12]},"west":{"texture":"#0","uv":[12,7,14,8]}},"from":[7,6,8],"rotation":{"angle":22.5,"axis":"x","origin":[8,7,8]},"to":[9,8,12]},{"faces":{"down":{"texture":"#0","uv":[8,12.5,7,13.5]},"east":{"texture":"#0","uv":[3,12.5,4,13.5]},"north":{"texture":"#0","uv":[12.5,2,13.5,3]},"south":{"texture":"#0","uv":[12.5,3,13.5,4]},"up":{"texture":"#0","uv":[13.5,6,12.5,5]},"west":{"texture":"#0","uv":[12.5,4,13.5,5]}},"from":[7,-2.5,6.5],"rotation":{"angle":-45,"axis":"x","origin":[8,-1,8]},"to":[9,-0.5,8.5]}],"gui_light":"front","texture_size":[32,32],"textures":{"0":"civilization:item/tools/midas_sword","particle":"civilization:item/tools/midas_sword"}}