{"display":{"firstperson_lefthand":{"rotation":[180,0,-180],"scale":[0.75,0.75,0.75],"translation":[7,2,-4]},"firstperson_righthand":{"rotation":[180,0,-180],"scale":[0.75,0.75,0.75],"translation":[7,2,-4]},"fixed":{"rotation":[-90,65,90],"scale":[1.37,1.37,1.37],"translation":[-5.5,3,0.5]},"ground":{"rotation":[-25,0,0],"translation":[0,6.75,-4]},"gui":{"rotation":[90,-110,75],"scale":[1.16,1.16,1.16],"translation":[4.25,2.5,0]},"head":{"rotation":[0,180,0],"scale":[1.4,1.4,1.4],"translation":[0,4.5,0]},"thirdperson_lefthand":{"rotation":[19,-180,0],"scale":[0.84,0.84,0.84],"translation":[0.5,5.5,2.5]},"thirdperson_righthand":{"rotation":[19,-180,0],"scale":[0.84,0.84,0.84],"translation":[0.5,5.5,2.5]}},"elements":[{"faces":{"down":{"texture":"#0","uv":[9,9.5,7.5,11.5]},"east":{"texture":"#0","uv":[9,8,11,9.5]},"north":{"texture":"#0","uv":[9,9.5,10.5,11]},"south":{"texture":"#0","uv":[0,10,1.5,11.5]},"up":{"texture":"#0","uv":[7.5,11.5,6,9.5]},"west":{"texture":"#0","uv":[4,9.5,6,11]}},"from":[6.5,0.25,7],"rotation":{"angle":0,"axis":"y","origin":[7,0,7]},"to":[9.5,3.25,11]},{"faces":{"down":{"texture":"#0","uv":[4,10,3,11.5]},"east":{"texture":"#0","uv":[1.5,10,3,11]},"north":{"texture":"#0","uv":[10.5,1,11.5,2]},"south":{"texture":"#0","uv":[10.5,2,11.5,3]},"up":{"texture":"#0","uv":[5,9.5,4,8]},"west":{"texture":"#0","uv":[10.5,0,12,1]}},"from":[7,1.25,4],"rotation":{"angle":22.5,"axis":"x","origin":[7,0.5,6]},"to":[9,3.25,7]},{"faces":{"down":{"texture":"#0","uv":[11,9.5,10.5,10.5]},"east":{"texture":"#0","uv":[10.5,3,11.5,3.5]},"north":{"texture":"#0","uv":[10.5,10.5,11,11]},"south":{"texture":"#0","uv":[1.5,11,2,11.5]},"up":{"texture":"#0","uv":[11,5,10.5,4]},"west":{"texture":"#0","uv":[10.5,3.5,11.5,4]}},"from":[7.5,3.25237,2.3757],"rotation":{"angle":45,"axis":"x","origin":[6.5,2.25237,3.3757]},"to":[8.5,4.25237,4.3757]},{"faces":{"down":{"texture":"#0","uv":[4,8,2,10]},"east":{"texture":"#0","uv":[7,5.5,9,7.5]},"north":{"texture":"#0","uv":[5,5.5,7,7.5]},"south":{"texture":"#0","uv":[5,7.5,7,9.5]},"up":{"texture":"#0","uv":[2,10,0,8]},"west":{"texture":"#0","uv":[7,7.5,9,9.5]}},"from":[6,0,11],"rotation":{"angle":-22.5,"axis":"x","origin":[7,0,11]},"to":[10,4,15]},{"faces":{"down":{"texture":"#0","uv":[11.5,6.5,9,8]},"east":{"texture":"#0","uv":[9,0,10.5,2.5]},"north":{"texture":"#0","uv":[0,5.5,2.5,8]},"south":{"texture":"#0","uv":[2.5,5.5,5,8]},"up":{"texture":"#0","uv":[11.5,6.5,9,5]},"west":{"texture":"#0","uv":[9,2.5,10.5,5]}},"from":[5.5,0.39805,14.77164],"rotation":{"angle":-45,"axis":"x","origin":[7.5,0.89805,13.77164]},"to":[10.5,5.39805,17.77164]},{"faces":{"down":{"texture":"#0","uv":[0,0,0,4.5]},"east":{"texture":"#0","uv":[0,0,4.5,5.5]},"north":{"texture":"#0","uv":[0,0,0,5.5]},"south":{"texture":"#0","uv":[0,0,0,5.5]},"up":{"texture":"#0","uv":[0,4.5,0,0]},"west":{"texture":"#0","uv":[4.5,0,9,5.5]}},"from":[8,2.37369,4.0828],"name":"string","rotation":{"angle":0,"axis":"y","origin":[22.5,8.74738,15.16561]},"to":[8,13.37369,13.0828]}],"gui_light":"front","texture_size":[32,32],"textures":{"0":"civilization:item/tools/ravager_horn","particle":"civilization:item/tools/ravager_horn"}}