{"display":{"firstperson_lefthand":{"rotation":[-5,-90,0],"scale":[0.5,0.5,0.5],"translation":[0,4,3]},"firstperson_righthand":{"rotation":[-5,90,0],"scale":[0.5,0.5,0.5],"translation":[0,4,3]},"fixed":{"scale":[0.5,0.5,0.5],"translation":[0,0,-0.5]},"ground":{"rotation":[47,10,26],"scale":[0.5,0.5,0.5],"translation":[0,2,0]},"gui":{"rotation":[0,-180,45],"scale":[0.46,0.46,0.46],"translation":[0,-0.5,-0.5]},"head":{"translation":[0,13.75,0]},"thirdperson_lefthand":{"rotation":[0,-90,0],"scale":[0.8,0.8,0.8],"translation":[0,1.25,2.5]},"thirdperson_righthand":{"rotation":[0,90,0],"scale":[0.8,0.8,0.8],"translation":[0,1.25,2.5]}},"elements":[{"faces":{"down":{"texture":"#0","uv":[1.25,7.75,0.75,8.25]},"east":{"texture":"#0","uv":[0.5,2.5,1,5]},"north":{"texture":"#0","uv":[0,2.5,0.5,5]},"south":{"texture":"#0","uv":[2.75,0,3.25,2.5]},"up":{"texture":"#0","uv":[3,8,2.5,7.5]},"west":{"texture":"#0","uv":[2.75,2.5,3.25,5]}},"from":[7.125,8,7.025],"rotation":{"angle":0,"axis":"y","origin":[7,18,7]},"to":[8.95,18,8.975]},{"faces":{"down":{"texture":"#0","uv":[0.75,0,0,0]},"east":{"texture":"#0","uv":[0,0,0,2]},"north":{"texture":"#0","uv":[1.25,0,2,2]},"south":{"texture":"#0","uv":[2,0,2.75,2]},"up":{"texture":"#0","uv":[0.75,0,0,0]},"west":{"texture":"#0","uv":[0,0,0,2]}},"from":[4,12,8],"rotation":{"angle":22.5,"axis":"z","origin":[5.5,13.5,8]},"to":[7,20,8]},{"faces":{"down":{"texture":"#0","uv":[0.75,0,0,0]},"east":{"texture":"#0","uv":[0,0,0,2]},"north":{"texture":"#0","uv":[1.25,2,2,4]},"south":{"texture":"#0","uv":[2,2,2.75,4]},"up":{"texture":"#0","uv":[0.75,0,0,0]},"west":{"texture":"#0","uv":[0,0,0,2]}},"from":[9,7.5,8],"rotation":{"angle":0,"axis":"y","origin":[12.5,4,8]},"to":[12,15.5,8]},{"faces":{"down":{"texture":"#0","uv":[8.25,3,7.75,3.5]},"east":{"texture":"#0","uv":[3.25,2.5,3.75,5]},"north":{"texture":"#0","uv":[3.25,0,3.75,2.5]},"south":{"texture":"#0","uv":[3.75,0,4.25,2.5]},"up":{"texture":"#0","uv":[3.5,8.25,3,7.75]},"west":{"texture":"#0","uv":[3.75,2.5,4.25,5]}},"from":[8.77164,-5.85195,7],"rotation":{"angle":0,"axis":"y","origin":[9.77164,-0.85195,8]},"to":[10.77164,4.14805,9]},{"faces":{"down":{"texture":"#0","uv":[6.25,0,4.75,0.75]},"east":{"texture":"#0","uv":[6.75,6.75,7.5,7.5]},"north":{"texture":"#0","uv":[4.25,2.5,5.75,3.25]},"south":{"texture":"#0","uv":[4.25,3.25,5.75,4]},"up":{"texture":"#0","uv":[5.75,4.75,4.25,4]},"west":{"texture":"#0","uv":[3,7,3.75,7.75]}},"from":[6.80257,-6.19563,6.5],"rotation":{"angle":-22.5,"axis":"z","origin":[8.90257,-4.69563,8]},"to":[11.80257,-3.19563,9.5]},{"faces":{"down":{"texture":"#0","uv":[8.25,4.75,7.75,5.25]},"east":{"texture":"#0","uv":[3.75,5,4.25,6.5]},"north":{"texture":"#0","uv":[3.25,5,3.75,6.5]},"south":{"texture":"#0","uv":[5.75,3,6.25,4.5]},"up":{"texture":"#0","uv":[5.25,8.25,4.75,7.75]},"west":{"texture":"#0","uv":[4.25,5.75,4.75,7.25]}},"from":[7.29546,-12.23116,7],"rotation":{"angle":-22.5,"axis":"z","origin":[8.94546,-8.73116,8]},"to":[9.29546,-6.23116,9]},{"faces":{"down":{"texture":"#0","uv":[1,6,0.75,6.25]},"east":{"texture":"#0","uv":[4.5,7.25,4.75,8.75]},"north":{"texture":"#0","uv":[1,2.5,1.25,4]},"south":{"texture":"#0","uv":[6.25,7.25,6.5,8.75]},"up":{"texture":"#0","uv":[5.25,6,5,5.75]},"west":{"texture":"#0","uv":[6.5,7.25,6.75,8.75]}},"from":[6.29546,-11.23116,7.5],"rotation":{"angle":-22.5,"axis":"z","origin":[8.94546,-8.73116,8]},"to":[7.29546,-5.23116,8.5]},{"faces":{"down":{"texture":"#0","uv":[2.25,7.75,1.75,8.25]},"east":{"texture":"#0","uv":[0.5,6.25,1,7.5]},"north":{"texture":"#0","uv":[0,6.25,0.5,7.5]},"south":{"texture":"#0","uv":[2.5,6.25,3,7.5]},"up":{"texture":"#0","uv":[1.75,8.25,1.25,7.75]},"west":{"texture":"#0","uv":[6.25,3.5,6.75,4.75]}},"from":[9,3,7],"rotation":{"angle":22.5,"axis":"z","origin":[8,3,8]},"to":[11,8,9]},{"faces":{"down":{"texture":"#0","uv":[7.25,7.75,6.75,8.25]},"east":{"texture":"#0","uv":[1,6.5,1.5,7.75]},"north":{"texture":"#0","uv":[6.25,6,6.75,7.25]},"south":{"texture":"#0","uv":[1.5,6.5,2,7.75]},"up":{"texture":"#0","uv":[6.25,8.25,5.75,7.75]},"west":{"texture":"#0","uv":[2,6.5,2.5,7.75]}},"from":[8.93,2.93,6.93],"rotation":{"angle":22.5,"axis":"z","origin":[8,3,8]},"to":[11.07,8.07,9.07]},{"faces":{"down":{"texture":"#0","uv":[8.25,5.25,7.75,5.75]},"east":{"texture":"#0","uv":[1.5,4,2,6.5]},"north":{"texture":"#0","uv":[1,4,1.5,6.5]},"south":{"texture":"#0","uv":[2,4,2.5,6.5]},"up":{"texture":"#0","uv":[5.75,8.25,5.25,7.75]},"west":{"texture":"#0","uv":[4.25,0,4.75,2.5]}},"from":[8.7231,-6.02983,6.93],"rotation":{"angle":0,"axis":"y","origin":[9.7931,-0.95983,8]},"to":[10.8631,4.11017,9.07]},{"faces":{"down":{"texture":"#0","uv":[7.5,6,6.75,6.75]},"east":{"texture":"#0","uv":[3.75,7.25,4.5,7.75]},"north":{"texture":"#0","uv":[5.5,7,6.25,7.5]},"south":{"texture":"#0","uv":[0,7.5,0.75,8]},"up":{"texture":"#0","uv":[7.5,4.75,6.75,4]},"west":{"texture":"#0","uv":[7.5,0.5,8.25,1]}},"from":[6.5,13,6.5],"rotation":{"angle":0,"axis":"y","origin":[7,18,7]},"to":[9.5,15,9.5]},{"faces":{"down":{"texture":"#0","uv":[6.5,4.75,5.25,5.5]},"east":{"texture":"#0","uv":[0,5,0.75,6.25]},"north":{"texture":"#0","uv":[0,0,1.25,1.25]},"south":{"texture":"#0","uv":[1.25,0,0,1.25]},"up":{"texture":"#0","uv":[6,2.5,4.75,1.75]},"west":{"texture":"#0","uv":[2.5,5,3.25,6.25]}},"from":[5.5,16.5,6.5],"rotation":{"angle":45,"axis":"z","origin":[8,19,8]},"to":[10.5,21.5,9.5]},{"faces":{"down":{"texture":"#0","uv":[7.5,2.5,5.75,3]},"east":{"texture":"#0","uv":[3.5,7.75,4,8.25]},"north":{"texture":"#0","uv":[5.25,5.5,7,6]},"south":{"texture":"#0","uv":[5.75,0.75,7.5,1.25]},"up":{"texture":"#0","uv":[7.5,1.75,5.75,1.25]},"west":{"texture":"#0","uv":[4,7.75,4.5,8.25]}},"from":[1.83579,19.81066,7],"rotation":{"angle":-22.5,"axis":"z","origin":[6.58579,20.06066,8]},"to":[8.83579,21.81066,9]},{"faces":{"down":{"texture":"#0","uv":[9,1.25,7.5,1.5]},"east":{"texture":"#0","uv":[5.75,4.5,6,4.75]},"north":{"texture":"#0","uv":[6,2.25,7.5,2.5]},"south":{"texture":"#0","uv":[7,5.75,8.5,6]},"up":{"texture":"#0","uv":[9,1.25,7.5,1]},"west":{"texture":"#0","uv":[4.75,5.75,5,6]}},"from":[2.83579,18.81066,7.5],"rotation":{"angle":-22.5,"axis":"z","origin":[6.58579,20.06066,8]},"to":[8.83579,19.81066,8.5]},{"faces":{"down":{"texture":"#0","uv":[8.75,6.5,7.5,6.75]},"east":{"texture":"#0","uv":[0.75,8.25,1,8.5]},"north":{"texture":"#0","uv":[6.25,0.5,7.5,0.75]},"south":{"texture":"#0","uv":[7.5,6,8.75,6.25]},"up":{"texture":"#0","uv":[8.75,6.5,7.5,6.25]},"west":{"texture":"#0","uv":[1,8.25,1.25,8.5]}},"from":[8.33287,21.01343,7.49],"rotation":{"angle":0,"axis":"y","origin":[13.84287,20.27343,8]},"to":[15.35287,22.03343,8.51]},{"faces":{"down":{"texture":"#0","uv":[8.75,6.75,7.5,7]},"east":{"texture":"#0","uv":[6,6.5,6.25,7]},"north":{"texture":"#0","uv":[3,6.5,4.25,7]},"south":{"texture":"#0","uv":[4.75,6.5,6,7]},"up":{"texture":"#0","uv":[8,7.75,6.75,7.5]},"west":{"texture":"#0","uv":[8.25,0.5,8.5,1]}},"from":[8.34287,20.02343,7.5],"rotation":{"angle":0,"axis":"y","origin":[13.84287,20.27343,8]},"to":[15.34287,22.02343,8.5]},{"faces":{"down":{"texture":"#0","uv":[9,0.25,7.75,0.5]},"east":{"texture":"#0","uv":[1.25,8.25,1.5,8.5]},"north":{"texture":"#0","uv":[7.5,7,8.75,7.25]},"south":{"texture":"#0","uv":[7.5,7.25,8.75,7.5]},"up":{"texture":"#0","uv":[9,0.25,7.75,0]},"west":{"texture":"#0","uv":[1.5,8.25,1.75,8.5]}},"from":[8.55287,19.03343,7.535],"rotation":{"angle":0,"axis":"y","origin":[13.84287,20.27343,8]},"to":[15.53287,20.01343,8.515]},{"faces":{"down":{"texture":"#0","uv":[1.25,0,0,0]},"east":{"texture":"#0","uv":[0,0,0,0.5]},"north":{"texture":"#0","uv":[6.5,4.75,7.75,5.25]},"south":{"texture":"#0","uv":[6.75,3.5,8,4]},"up":{"texture":"#0","uv":[1.25,0,0,0]},"west":{"texture":"#0","uv":[0,0,0,0.5]}},"from":[8.34287,18.02343,7.95],"rotation":{"angle":0,"axis":"y","origin":[12.84287,20.27343,8]},"to":[15.34287,20.02343,7.95]},{"faces":{"down":{"texture":"#0","uv":[1.5,0,0,0]},"east":{"texture":"#0","uv":[0,0,0,0.5]},"north":{"texture":"#0","uv":[6.25,0,7.75,0.5]},"south":{"texture":"#0","uv":[6.25,3,7.75,3.5]},"up":{"texture":"#0","uv":[1.5,0,0,0]},"west":{"texture":"#0","uv":[0,0,0,0.5]}},"from":[14.37612,16.58268,8],"rotation":{"angle":-22.5,"axis":"z","origin":[18.48107,18.83268,8]},"to":[20.37612,18.58268,8]},{"faces":{"down":{"texture":"#0","uv":[9,2.25,7.5,2.5]},"east":{"texture":"#0","uv":[6,4.5,6.25,4.75]},"north":{"texture":"#0","uv":[7.5,1.5,9,1.75]},"south":{"texture":"#0","uv":[7.5,1.75,9,2]},"up":{"texture":"#0","uv":[9,2.25,7.5,2]},"west":{"texture":"#0","uv":[3,6.25,3.25,6.5]}},"from":[14.53612,17.59268,7.51],"rotation":{"angle":-22.5,"axis":"z","origin":[18.48107,18.83268,8]},"to":[20.51612,18.57268,8.49]},{"faces":{"down":{"texture":"#0","uv":[6.25,7.5,4.75,7.75]},"east":{"texture":"#0","uv":[0.75,5,1,5.5]},"north":{"texture":"#0","uv":[6,1.75,7.5,2.25]},"south":{"texture":"#0","uv":[4.75,6,6.25,6.5]},"up":{"texture":"#0","uv":[9,4.75,7.5,4.5]},"west":{"texture":"#0","uv":[0.75,5.5,1,6]}},"from":[14.32612,18.55768,7.475],"rotation":{"angle":-22.5,"axis":"z","origin":[18.48107,18.83268,8]},"to":[20.32612,20.55768,8.475]},{"faces":{"down":{"texture":"#0","uv":[9,4.25,7.5,4.5]},"east":{"texture":"#0","uv":[6.5,5.25,6.75,5.5]},"north":{"texture":"#0","uv":[7.5,2.5,9,2.75]},"south":{"texture":"#0","uv":[7.5,2.75,9,3]},"up":{"texture":"#0","uv":[9,4.25,7.5,4]},"west":{"texture":"#0","uv":[6.75,5.25,7,5.5]}},"from":[14.36612,19.57268,7.49],"rotation":{"angle":-22.5,"axis":"z","origin":[18.48107,18.83268,8]},"to":[20.38612,20.59268,8.51]},{"faces":{"down":{"rotation":90,"texture":"#0","uv":[0.75,7.5,1,7.75]},"east":{"rotation":90,"texture":"#0","uv":[8.75,8.25,8,8]},"north":{"rotation":270,"texture":"#0","uv":[8,7.5,8.75,7.75]},"south":{"rotation":90,"texture":"#0","uv":[8,7.75,8.75,8]},"up":{"rotation":90,"texture":"#0","uv":[2.25,7.75,2.5,8]},"west":{"rotation":90,"texture":"#0","uv":[0.75,8.25,0,8.5]}},"from":[20.59377,16.25627,7.465],"rotation":{"angle":22.5,"axis":"z","origin":[20.12448,17.74556,8]},"to":[21.61377,19.27627,8.485]},{"faces":{"down":{"rotation":90,"texture":"#0","uv":[2.5,4,2.75,4.5]},"east":{"rotation":90,"texture":"#0","uv":[8,8,7.25,7.75]},"north":{"rotation":270,"texture":"#0","uv":[4.75,7,5.5,7.5]},"south":{"rotation":90,"texture":"#0","uv":[7,5.25,7.75,5.75]},"up":{"rotation":90,"texture":"#0","uv":[2.5,4.5,2.75,5]},"west":{"rotation":90,"texture":"#0","uv":[0.75,8,0,8.25]}},"from":[19.65377,16.26627,7.5],"rotation":{"angle":22.5,"axis":"z","origin":[20.12448,17.74556,8]},"to":[21.65377,19.26627,8.5]},{"faces":{"down":{"rotation":90,"texture":"#0","uv":[3.75,7,4,7.25]},"east":{"rotation":90,"texture":"#0","uv":[8.75,4,8,3.75]},"north":{"rotation":270,"texture":"#0","uv":[2.25,8,3,8.25]},"south":{"rotation":90,"texture":"#0","uv":[8,3.5,8.75,3.75]},"up":{"rotation":90,"texture":"#0","uv":[4,7,4.25,7.25]},"west":{"rotation":90,"texture":"#0","uv":[8,8,7.25,8.25]}},"from":[18.74662,16.27627,7.51],"rotation":{"angle":22.5,"axis":"z","origin":[20.12448,17.74556,8]},"to":[19.72662,19.25627,8.49]},{"faces":{"down":{"rotation":90,"texture":"#0","uv":[0,0,0,1]},"east":{"rotation":90,"texture":"#0","uv":[1,0,0,0]},"north":{"rotation":270,"texture":"#0","uv":[4.75,0.75,5.75,1.75]},"south":{"rotation":90,"texture":"#0","uv":[4.25,4.75,5.25,5.75]},"up":{"rotation":90,"texture":"#0","uv":[0,0,0,1]},"west":{"rotation":90,"texture":"#0","uv":[1,0,0,0]}},"from":[17.60377,15.26627,7.975],"rotation":{"angle":22.5,"axis":"z","origin":[20.12448,17.74556,8]},"to":[21.60377,19.26627,7.975]}],"gui_light":"front","texture_size":[64,64],"textures":{"0":"civilization:item/tools/reaper_scythe","particle":"civilization:item/tools/reaper_scythe"}}