{"display":{"firstperson_lefthand":{"rotation":[40,0,-104],"scale":[0.6,0.6,0.6],"translation":[2,1.25,2]},"firstperson_righthand":{"rotation":[40,0,75],"scale":[0.6,0.6,0.6],"translation":[-3.5,2.5,4]},"fixed":{"rotation":[90,-45,-90],"scale":[0.9,0.9,0.9],"translation":[3.25,-2,-2.25]},"ground":{"rotation":[71,110,0],"scale":[0.5,0.5,0.5],"translation":[-1,2.5,1.25]},"gui":{"rotation":[-135,45,-90],"scale":[0.62,0.62,0.62],"translation":[1,-3.75,0]},"head":{"rotation":[90,0,-90],"scale":[1.5,1.5,1.5],"translation":[5.25,11,0]},"thirdperson_lefthand":{"rotation":[0,0,180],"scale":[0.75,0.75,0.75],"translation":[0,-4.75,2.5]},"thirdperson_righthand":{"scale":[0.75,0.75,0.75],"translation":[0,0.5,2.5]}},"elements":[{"faces":{"down":{"texture":"#1","uv":[10.75,6.5,9.5,7.5]},"east":{"texture":"#1","uv":[7,8.5,8,10.5]},"north":{"texture":"#1","uv":[4.5,8.5,5.75,10.5]},"south":{"texture":"#1","uv":[5.75,8.5,7,10.5]},"up":{"texture":"#1","uv":[10.75,6.5,9.5,5.5]},"west":{"texture":"#1","uv":[1.5,8.75,2.5,10.75]}},"from":[4.46946,0.502,0.24662],"rotation":{"angle":22.5,"axis":"y","origin":[6.96746,4.5,2.24462]},"to":[9.46546,8.498,4.24262]},{"faces":{"down":{"texture":"#1","uv":[9.75,3.5,9,5.5]},"east":{"texture":"#1","uv":[9,0,11,0.75]},"north":{"texture":"#1","uv":[9.5,9.5,10.25,10.25]},"south":{"texture":"#1","uv":[9.75,1.5,10.5,2.25]},"up":{"texture":"#1","uv":[9.75,3.5,9,1.5]},"west":{"texture":"#1","uv":[9,0.75,11,1.5]}},"from":[3.5,-1,0.5],"rotation":{"angle":0,"axis":"y","origin":[5,2,3.25]},"to":[6.5,2,8.5]},{"faces":{"down":{"texture":"#1","uv":[9.5,10,8.75,10.75]},"east":{"texture":"#1","uv":[9.75,3,10.5,3.75]},"north":{"texture":"#1","uv":[9.75,2.25,10.5,3]},"south":{"texture":"#1","uv":[9.75,3.75,10.5,4.5]},"up":{"texture":"#1","uv":[8.75,10.75,8,10]},"west":{"texture":"#1","uv":[9.75,4.5,10.5,5.25]}},"from":[3.5,2,0.5],"rotation":{"angle":0,"axis":"y","origin":[5,2,3.25]},"to":[6.5,5,3.5]},{"faces":{"down":{"texture":"#1","uv":[9.5,8,8,10]},"east":{"texture":"#1","uv":[0,0,2,2.25]},"north":{"texture":"#1","uv":[2,4.5,3.5,6.75]},"south":{"texture":"#1","uv":[6,0,7.5,2.25]},"up":{"texture":"#1","uv":[9.5,8,8,6]},"west":{"texture":"#1","uv":[2,0,4,2.25]}},"from":[4.998,-0.002,2.998],"rotation":{"angle":0,"axis":"y","origin":[6.75,2.75,5.5]},"to":[11.002,9.002,11.002]},{"faces":{"north":{"texture":"#0","uv":[16,16,0,6]},"south":{"texture":"#0","uv":[0,16,16,6]}},"from":[11.2552,-1.5,16.65165],"rotation":{"angle":-45,"axis":"y","origin":[15.05,4,16.82843]},"to":[27.2552,8.5,16.65165]},{"faces":{"down":{"rotation":90,"texture":"#0","uv":[9,4,13,3]},"east":{"texture":"#0","uv":[9,0,13,4]},"north":{"texture":"#0","uv":[12,0,13,4]},"south":{"texture":"#0","uv":[9,0,10,4]},"up":{"rotation":90,"texture":"#0","uv":[13,1,9,0]},"west":{"texture":"#0","uv":[9,0,13,4]}},"from":[11.55,2.5,12],"rotation":{"angle":0,"axis":"y","origin":[15.4,4,16.82843]},"to":[12.55,6.5,16]},{"faces":{"down":{"texture":"#0","uv":[2,0,1,3]},"east":{"rotation":270,"texture":"#0","uv":[2,0,0,3]},"north":{"rotation":90,"texture":"#0","uv":[0,2,2,3]},"south":{"rotation":90,"texture":"#0","uv":[0,0,2,1]},"up":{"texture":"#0","uv":[1,3,0,0]}},"from":[10.75,0.5,4.5],"rotation":{"angle":0,"axis":"y","origin":[6.5,2.75,6]},"to":[11.75,2.5,7.5]},{"faces":{"down":{"texture":"#0","uv":[5,0,4,3]},"east":{"rotation":270,"texture":"#0","uv":[5,0,3,3]},"north":{"rotation":90,"texture":"#0","uv":[3,2,5,3]},"south":{"rotation":90,"texture":"#0","uv":[3,0,5,1]},"up":{"texture":"#0","uv":[4,3,3,0]}},"from":[10.75,3.5,4.5],"rotation":{"angle":0,"axis":"y","origin":[6.5,5.75,6]},"to":[11.75,5.5,7.5]},{"faces":{"down":{"texture":"#0","uv":[8,0,7,3]},"east":{"rotation":270,"texture":"#0","uv":[8,0,6,3]},"north":{"rotation":90,"texture":"#0","uv":[6,3,8,2]},"south":{"rotation":90,"texture":"#0","uv":[6,0,8,1]},"up":{"texture":"#0","uv":[7,3,6,0]},"west":{"rotation":90,"texture":"#0","uv":[0,0,0,0]}},"from":[10.75,6.5,4.5],"rotation":{"angle":0,"axis":"y","origin":[6.5,8.75,6]},"to":[11.75,8.5,7.5]},{"faces":{"down":{"texture":"#1","uv":[1.5,8.5,0,10.5]},"east":{"texture":"#1","uv":[0,2.25,2,4.5]},"north":{"texture":"#1","uv":[6,2.25,7.5,4.5]},"south":{"texture":"#1","uv":[3.5,6,5,8.25]},"up":{"texture":"#1","uv":[4.5,10.25,3,8.25]},"west":{"texture":"#1","uv":[2,2.25,4,4.5]}},"from":[4.699,-0.301,2.699],"rotation":{"angle":0,"axis":"y","origin":[6.75,2.75,5.5]},"to":[11.301,9.301,11.301]},{"faces":{"down":{"texture":"#1","uv":[8,6.5,6.5,8.5]},"east":{"texture":"#1","uv":[4,0,6,2]},"north":{"texture":"#1","uv":[6,4.5,7.5,6.5]},"south":{"texture":"#1","uv":[0,6.5,1.5,8.5]},"up":{"texture":"#1","uv":[6.5,8.5,5,6.5]},"west":{"texture":"#1","uv":[4,2,6,4]}},"from":[5.199,0.199,10.699],"name":"out","rotation":{"angle":0,"axis":"y","origin":[8,4.5,15]},"to":[11.801,8.801,19.301]},{"faces":{"down":{"texture":"#1","uv":[9,4,7.5,6]},"east":{"texture":"#1","uv":[4,4,6,6]},"north":{"texture":"#1","uv":[1.5,6.75,3,8.75]},"south":{"texture":"#1","uv":[7.5,0,9,2]},"up":{"texture":"#1","uv":[9,4,7.5,2]},"west":{"texture":"#1","uv":[0,4.5,2,6.5]}},"from":[5.499,0.499,10.999],"name":"out","rotation":{"angle":0,"axis":"y","origin":[8,4.5,15]},"to":[11.501,8.501,19.001]},{"faces":{"down":{"texture":"#1","uv":[0,8.5,1.5,10.5]},"east":{"texture":"#1","uv":[4,2.25,2,4.5]},"north":{"texture":"#1","uv":[7.5,2.25,6,4.5]},"south":{"texture":"#1","uv":[5,6,3.5,8.25]},"up":{"texture":"#1","uv":[3,10.25,4.5,8.25]},"west":{"texture":"#1","uv":[2,2.25,0,4.5]}},"from":[11.3,-0.3,2.7],"rotation":{"angle":0,"axis":"y","origin":[-12.15,2.75,5.5]},"to":[4.9,9.3,11.3]},{"faces":{"down":{"texture":"#1","uv":[6.5,6.5,8,8.5]},"east":{"texture":"#1","uv":[6,2,4,4]},"north":{"texture":"#1","uv":[7.5,4.5,6,6.5]},"south":{"texture":"#1","uv":[1.5,6.5,0,8.5]},"up":{"texture":"#1","uv":[5,8.5,6.5,6.5]},"west":{"texture":"#1","uv":[6,0,4,2]}},"from":[11.8,0.2,10.7],"name":"out","rotation":{"angle":0,"axis":"y","origin":[-12.4,4.5,15]},"to":[5.4,8.8,19.3]},{"faces":{"down":{"texture":"#1","uv":[7.5,4,9,6]},"east":{"texture":"#1","uv":[2,4.5,0,6.5]},"north":{"texture":"#1","uv":[3,6.75,1.5,8.75]},"south":{"texture":"#1","uv":[9,0,7.5,2]},"up":{"texture":"#1","uv":[7.5,4,9,2]},"west":{"texture":"#1","uv":[6,4,4,6]}},"from":[11.5,0.5,11],"name":"out","rotation":{"angle":0,"axis":"y","origin":[-13.5,4.5,15]},"to":[5.5,8.5,19]}],"textures":{"0":"civilization:item/tools/soul_gauntlet/anim","1":"civilization:item/tools/soul_gauntlet/default","particle":"civilization:item/tools/soul_gauntlet/default"}}