{"display":{"firstperson_lefthand":{"scale":[0.8,0.8,0.8],"translation":[0,2.75,0]},"firstperson_righthand":{"scale":[0.8,0.8,0.8],"translation":[0,2.75,0]},"ground":{"rotation":[39,39,0],"scale":[0.6,0.6,0.6],"translation":[0,2.75,0]},"gui":{"rotation":[22.5,135,0],"scale":[0.9,0.9,0.9],"translation":[-1.5,1.5,0]},"head":{"scale":[1.8,1.8,1.8],"translation":[0,8.5,-4.75]},"thirdperson_lefthand":{"translation":[0,7.5,0]},"thirdperson_righthand":{"translation":[0,7.5,0]}},"elements":[{"faces":{"down":{"texture":"#0","uv":[6,4.5,4,6.5]},"east":{"texture":"#0","uv":[0,6.5,2,9]},"north":{"texture":"#0","uv":[2,6.5,4,9]},"south":{"texture":"#0","uv":[6,6.5,8,9]},"up":{"texture":"#0","uv":[4,6.5,2,4.5]},"west":{"texture":"#0","uv":[4,6.5,6,9]}},"from":[3.5,0,6],"name":"helmet","rotation":{"angle":0,"axis":"y","origin":[8,0,10.5]},"to":[12.5,11,15]},{"faces":{"down":{"texture":"#0","uv":[1.5,0,1,0.5]},"east":{"texture":"#0","uv":[0,0.5,0.5,1.5]},"north":{"texture":"#0","uv":[0.5,0.5,1,1.5]},"south":{"texture":"#0","uv":[1.5,0.5,2,1.5]},"up":{"texture":"#0","uv":[1,0.5,0.5,0]},"west":{"texture":"#0","uv":[1,0.5,1.5,1.5]}},"from":[7,-1,4.5],"name":"nose","rotation":{"angle":0,"axis":"y","origin":[8,0,10.5]},"to":[9,3,6.5]},{"faces":{"down":{"texture":"#0","uv":[6,0,4,2]},"east":{"texture":"#0","uv":[0,2,2,4.5]},"north":{"texture":"#0","uv":[2,2,4,4.5]},"south":{"texture":"#0","uv":[6,2,8,4.5]},"up":{"texture":"#0","uv":[4,2,2,0]},"west":{"texture":"#0","uv":[4,2,6,4.5]}},"from":[4,0,6.5],"name":"head","rotation":{"angle":0,"axis":"y","origin":[8,0,10.5]},"to":[12,10,14.5]}],"gui_light":"front","texture_size":[64,64],"textures":{"0":"civilization:item/tools/tim_the_enchanter","particle":"civilization:item/tools/tim_the_enchanter"}}