{"display":{"firstperson_lefthand":{"rotation":[-5,180,0],"scale":[0.6,0.6,0.6],"translation":[1,1.5,0]},"firstperson_righthand":{"rotation":[-5,113,0],"scale":[0.6,0.6,0.6],"translation":[1,1.5,0]},"fixed":{"rotation":[0,0,45],"scale":[1.42,1.42,1.42]},"ground":{"rotation":[70,0,0],"scale":[0.5,0.5,0.5],"translation":[0,2,-0.25]},"gui":{"rotation":[-23,180,45],"scale":[0.51,0.51,0.51],"translation":[-0.75,-0.5,0]},"head":{"scale":[0.9,0.9,0.9],"translation":[0,9,0]},"thirdperson_lefthand":{"rotation":[0,180,0],"scale":[0.9,0.9,0.9],"translation":[0,3.75,1.5]},"thirdperson_righthand":{"rotation":[0,90,0],"scale":[0.9,0.9,0.9],"translation":[0,3.75,1.5]}},"elements":[{"faces":{"down":{"texture":"#0","uv":[1.5,0,1,0.5]},"east":{"texture":"#0","uv":[0,0.5,0.5,5.25]},"north":{"texture":"#0","uv":[0.5,0.5,1,5.25]},"south":{"texture":"#0","uv":[1.5,0.5,2,5.25]},"up":{"texture":"#0","uv":[1,0.5,0.5,0]},"west":{"texture":"#0","uv":[1,0.5,1.5,5.25]}},"from":[7,-6,7],"rotation":{"angle":0,"axis":"y","origin":[8,0,8]},"to":[9,13,9]},{"faces":{"down":{"texture":"#0","uv":[6.75,5.25,6,6]},"east":{"texture":"#0","uv":[4.5,6,5.25,7]},"north":{"texture":"#0","uv":[5.25,6,6,7]},"south":{"texture":"#0","uv":[6.75,6,7.5,7]},"up":{"texture":"#0","uv":[6,6,5.25,5.25]},"west":{"texture":"#0","uv":[6,6,6.75,7]}},"from":[6.5,11,6.5],"rotation":{"angle":0,"axis":"y","origin":[8,0,8]},"to":[9.5,15,9.5]},{"faces":{"down":{"texture":"#0","uv":[5,0,4,1]},"east":{"texture":"#0","uv":[2,1,3,2.25]},"north":{"texture":"#0","uv":[3,1,4,2.25]},"south":{"texture":"#0","uv":[5,1,6,2.25]},"up":{"texture":"#0","uv":[4,1,3,0]},"west":{"texture":"#0","uv":[4,1,5,2.25]}},"from":[6,17,6],"rotation":{"angle":45,"axis":"y","origin":[8,0,8]},"to":[10,22,10]},{"faces":{"down":{"texture":"#0","uv":[3,2.25,2.75,2.75]},"east":{"texture":"#0","uv":[2,2.75,2.5,3.5]},"north":{"texture":"#0","uv":[2.5,2.75,2.75,3.5]},"south":{"texture":"#0","uv":[3.25,2.75,3.5,3.5]},"up":{"texture":"#0","uv":[2.75,2.75,2.5,2.25]},"west":{"texture":"#0","uv":[2.75,2.75,3.25,3.5]}},"from":[7.25,16.25,5.25],"rotation":{"angle":45,"axis":"y","origin":[8,0,8]},"to":[8.75,19.25,7.25]},{"faces":{"down":{"texture":"#0","uv":[8,2.25,6.5,2.75]},"east":{"texture":"#0","uv":[4.5,2.75,5,3.25]},"north":{"texture":"#0","uv":[5,2.75,6.5,3.25]},"south":{"texture":"#0","uv":[7,2.75,8.5,3.25]},"up":{"texture":"#0","uv":[6.5,2.75,5,2.25]},"west":{"texture":"#0","uv":[6.5,2.75,7,3.25]}},"from":[0.5,13,7],"rotation":{"angle":-22.5,"axis":"z","origin":[6.5,13,8]},"to":[6.5,15,9]},{"faces":{"down":{"texture":"#0","uv":[6.5,4.25,5,4.75]},"east":{"texture":"#0","uv":[3,4.75,3.5,5.25]},"north":{"texture":"#0","uv":[3.5,4.75,5,5.25]},"south":{"texture":"#0","uv":[5.5,4.75,7,5.25]},"up":{"texture":"#0","uv":[5,4.75,3.5,4.25]},"west":{"texture":"#0","uv":[5,4.75,5.5,5.25]}},"from":[0.95672,21.2961,7],"rotation":{"angle":22.5,"axis":"z","origin":[0.95672,23.2961,8]},"to":[6.95672,23.2961,9]},{"faces":{"down":{"texture":"#0","uv":[4,6.25,3.75,6.75]},"east":{"texture":"#0","uv":[3,6.75,3.5,8.75]},"north":{"texture":"#0","uv":[3.5,6.75,3.75,8.75]},"south":{"texture":"#0","uv":[4.25,6.75,4.5,8.75]},"up":{"texture":"#0","uv":[3.75,6.75,3.5,6.25]},"west":{"texture":"#0","uv":[3.75,6.75,4.25,8.75]}},"from":[0.95672,15.2961,7.001],"rotation":{"angle":0,"axis":"z","origin":[5.95672,13.2961,8]},"to":[1.95672,23.2961,8.991]},{"faces":{"down":{"texture":"#0","uv":[6.5,2.25,8,2.75]},"east":{"texture":"#0","uv":[7,2.75,6.5,3.25]},"north":{"texture":"#0","uv":[6.5,2.75,5,3.25]},"south":{"texture":"#0","uv":[8.5,2.75,7,3.25]},"up":{"texture":"#0","uv":[5,2.75,6.5,2.25]},"west":{"texture":"#0","uv":[5,2.75,4.5,3.25]}},"from":[9.5,13,7],"rotation":{"angle":22.5,"axis":"z","origin":[9.5,13,8]},"to":[15.5,15,9]},{"faces":{"down":{"texture":"#0","uv":[3.75,6.25,4,6.75]},"east":{"texture":"#0","uv":[4.25,6.75,3.75,8.75]},"north":{"texture":"#0","uv":[3.75,6.75,3.5,8.75]},"south":{"texture":"#0","uv":[4.5,6.75,4.25,8.75]},"up":{"texture":"#0","uv":[3.5,6.75,3.75,6.25]},"west":{"texture":"#0","uv":[3.5,6.75,3,8.75]}},"from":[14.04328,15.2961,7.001],"rotation":{"angle":0,"axis":"z","origin":[10.04328,13.2961,8]},"to":[15.04328,23.2961,8.991]},{"faces":{"down":{"texture":"#0","uv":[5,4.25,6.5,4.75]},"east":{"texture":"#0","uv":[5.5,4.75,5,5.25]},"north":{"texture":"#0","uv":[5,4.75,3.5,5.25]},"south":{"texture":"#0","uv":[7,4.75,5.5,5.25]},"up":{"texture":"#0","uv":[3.5,4.75,5,4.25]},"west":{"texture":"#0","uv":[3.5,4.75,3,5.25]}},"from":[9.04328,21.2961,7],"rotation":{"angle":-22.5,"axis":"z","origin":[15.04328,23.2961,8]},"to":[15.04328,23.2961,9]},{"faces":{"down":{"texture":"#0","uv":[4.5,2.25,4,3.75]},"east":{"texture":"#0","uv":[2,3.75,3.5,4.25]},"north":{"texture":"#0","uv":[3.5,3.75,4,4.25]},"south":{"texture":"#0","uv":[5.5,3.75,6,4.25]},"up":{"texture":"#0","uv":[4,3.75,3.5,2.25]},"west":{"texture":"#0","uv":[4,3.75,5.5,4.25]}},"from":[7,21.2961,1.45672],"rotation":{"angle":-22.5,"axis":"x","origin":[8,23.2961,1.45672]},"to":[9,23.2961,7.45672]},{"faces":{"down":{"texture":"#0","uv":[3,4.25,2.5,5.75]},"east":{"texture":"#0","uv":[0.5,5.75,2,6.25]},"north":{"texture":"#0","uv":[2,5.75,2.5,6.25]},"south":{"texture":"#0","uv":[4,5.75,4.5,6.25]},"up":{"texture":"#0","uv":[2.5,5.75,2,4.25]},"west":{"texture":"#0","uv":[2.5,5.75,4,6.25]}},"from":[7,13,1],"rotation":{"angle":22.5,"axis":"x","origin":[8,13,7]},"to":[9,15,7]},{"faces":{"down":{"texture":"#0","uv":[8.25,3.25,7.75,3.5]},"east":{"texture":"#0","uv":[7,3.5,7.25,5.5]},"north":{"texture":"#0","uv":[7.25,3.5,7.75,5.5]},"south":{"texture":"#0","uv":[8,3.5,8.5,5.5]},"up":{"texture":"#0","uv":[7.75,3.5,7.25,3.25]},"west":{"texture":"#0","uv":[7.75,3.5,8,5.5]}},"from":[7.001,15.2961,1.45672],"rotation":{"angle":0,"axis":"y","origin":[8,13.2961,6.45672]},"to":[8.991,23.2961,2.45672]},{"faces":{"down":{"texture":"#0","uv":[7.75,3.5,8.25,3.25]},"east":{"texture":"#0","uv":[7.75,3.5,8,5.5]},"north":{"texture":"#0","uv":[8,3.5,8.5,5.5]},"south":{"texture":"#0","uv":[7.25,3.5,7.75,5.5]},"up":{"texture":"#0","uv":[7.25,3.25,7.75,3.5]},"west":{"texture":"#0","uv":[7,3.5,7.25,5.5]}},"from":[7.001,15.2961,13.54328],"rotation":{"angle":0,"axis":"y","origin":[8,13.2961,9.54328]},"to":[8.991,23.2961,14.54328]},{"faces":{"down":{"texture":"#0","uv":[4,3.75,4.5,2.25]},"east":{"texture":"#0","uv":[4,3.75,5.5,4.25]},"north":{"texture":"#0","uv":[5.5,3.75,6,4.25]},"south":{"texture":"#0","uv":[3.5,3.75,4,4.25]},"up":{"texture":"#0","uv":[3.5,2.25,4,3.75]},"west":{"texture":"#0","uv":[2,3.75,3.5,4.25]}},"from":[7,21.2961,8.54328],"rotation":{"angle":22.5,"axis":"x","origin":[8,23.2961,14.54328]},"to":[9,23.2961,14.54328]},{"faces":{"down":{"texture":"#0","uv":[2.5,5.75,3,4.25]},"east":{"texture":"#0","uv":[2.5,5.75,4,6.25]},"north":{"texture":"#0","uv":[4,5.75,4.5,6.25]},"south":{"texture":"#0","uv":[2,5.75,2.5,6.25]},"up":{"texture":"#0","uv":[2,4.25,2.5,5.75]},"west":{"texture":"#0","uv":[0.5,5.75,2,6.25]}},"from":[7,13,9],"rotation":{"angle":-22.5,"axis":"x","origin":[8,13,9]},"to":[9,15,15]},{"faces":{"down":{"texture":"#0","uv":[2.25,6.25,1.5,7]},"east":{"texture":"#0","uv":[0,7,0.75,7.75]},"north":{"texture":"#0","uv":[0.75,7,1.5,7.75]},"south":{"texture":"#0","uv":[2.25,7,3,7.75]},"up":{"texture":"#0","uv":[1.5,7,0.75,6.25]},"west":{"texture":"#0","uv":[1.5,7,2.25,7.75]}},"from":[6.5,-9,6.5],"rotation":{"angle":0,"axis":"y","origin":[8,0,8]},"to":[9.5,-6,9.5]},{"faces":{"down":{"texture":"#0","uv":[7.25,6.25,5.25,6.25]},"east":{"texture":"#0","uv":[3.25,6.25,3.25,7]},"north":{"texture":"#0","uv":[1.25,9.25,3.25,10]},"south":{"texture":"#0","uv":[3.25,9.25,5.25,10]},"up":{"texture":"#0","uv":[5.25,6.25,3.25,6.25]},"west":{"texture":"#0","uv":[5.25,6.25,5.25,7]}},"from":[-0.7622,9.71104,8.001],"rotation":{"angle":22.5,"axis":"z","origin":[7.14597,12.76118,8]},"to":[7.2378,12.71104,8.001]},{"faces":{"down":{"rotation":270,"texture":"#0","uv":[5.25,6.25,5.25,7]},"east":{"rotation":270,"texture":"#0","uv":[7.25,6.25,5.25,6.25]},"north":{"rotation":90,"texture":"#0","uv":[1.25,10,3.25,10.75]},"south":{"rotation":270,"texture":"#0","uv":[3.25,10,5.25,10.75]},"up":{"rotation":270,"texture":"#0","uv":[3.25,6.25,3.25,7]},"west":{"rotation":270,"texture":"#0","uv":[5.25,6.25,3.25,6.25]}},"from":[7.19611,3.85301,8],"rotation":{"angle":-45,"axis":"z","origin":[7.14597,11.76118,8]},"to":[10.19611,11.85301,8]},{"faces":{"down":{"rotation":270,"texture":"#0","uv":[5.25,7,5.25,6.25]},"east":{"rotation":270,"texture":"#0","uv":[5.25,6.25,3.25,6.25]},"north":{"rotation":90,"texture":"#0","uv":[1.25,10.75,3.25,10]},"south":{"rotation":270,"texture":"#0","uv":[3.25,10.75,5.25,10]},"up":{"rotation":270,"texture":"#0","uv":[3.25,7,3.25,6.25]},"west":{"rotation":270,"texture":"#0","uv":[7.25,6.25,5.25,6.25]}},"from":[5.80389,3.85301,8],"rotation":{"angle":45,"axis":"z","origin":[8.85403,11.76118,8]},"to":[8.80389,11.85301,8]},{"faces":{"down":{"texture":"#0","uv":[5.25,6.25,7.25,6.25]},"east":{"texture":"#0","uv":[5.25,6.25,5.25,7]},"north":{"texture":"#0","uv":[3.25,9.25,1.25,10]},"south":{"texture":"#0","uv":[5.25,9.25,3.25,10]},"up":{"texture":"#0","uv":[3.25,6.25,5.25,6.25]},"west":{"texture":"#0","uv":[3.25,6.25,3.25,7]}},"from":[8.7622,9.71104,8.001],"rotation":{"angle":-22.5,"axis":"z","origin":[8.85403,12.76118,8]},"to":[16.7622,12.71104,8.001]}],"gui_light":"front","texture_size":[64,64],"textures":{"0":"civilization:item/tools/villager_wand","particle":"civilization:item/tools/villager_wand"}}