{"display":{"firstperson_lefthand":{"rotation":[28,0,0],"translation":[2.75,1.25,2]},"firstperson_righthand":{"rotation":[28,0,0],"translation":[2.75,1.25,2]},"fixed":{"scale":[2.13,2.13,2.13],"translation":[0,6.75,-8]},"ground":{"rotation":[50,0,0],"scale":[0.78,0.78,0.78],"translation":[0,3,2.25]},"gui":{"rotation":[-18,139,25],"scale":[0.71,0.71,0.71],"translation":[3.5,1.5,0]},"head":{"translation":[0,3.5,0]},"thirdperson_lefthand":{"translation":[0,1.5,1.75]},"thirdperson_righthand":{"translation":[0,1.5,1.75]}},"elements":[{"faces":{"down":{"texture":"#0","uv":[4.75,2.25,3.5,4.5]},"east":{"texture":"#0","uv":[0,4.5,2.25,5.75]},"north":{"texture":"#0","uv":[2.25,4.5,3.5,5.75]},"south":{"texture":"#0","uv":[5.75,4.5,7,5.75]},"up":{"texture":"#0","uv":[3.5,4.5,2.25,2.25]},"west":{"texture":"#0","uv":[3.5,4.5,5.75,5.75]}},"from":[5.5,2,3.5],"rotation":{"angle":0,"axis":"y","origin":[8.5,0,7.5]},"to":[10.5,7,12.5]},{"faces":{"down":{"texture":"#0","uv":[2.25,3.5,2.25,5.75]},"east":{"texture":"#0","uv":[0,5.75,2.25,8.5]},"north":{"texture":"#0","uv":[2.25,5.75,2.25,8.5]},"south":{"texture":"#0","uv":[4.5,5.75,4.5,8.5]},"up":{"texture":"#0","uv":[2.25,5.75,2.25,3.5]},"west":{"texture":"#0","uv":[2.25,5.75,4.5,8.5]}},"from":[8,-1,3.5],"rotation":{"angle":0,"axis":"y","origin":[8,0,8]},"to":[8,10,12.5]},{"faces":{"down":{"texture":"#0","uv":[8.25,0,5.25,2.25]},"east":{"texture":"#0","uv":[0,2.25,2.25,2.25]},"north":{"texture":"#0","uv":[2.25,2.25,5.25,2.25]},"south":{"texture":"#0","uv":[7.5,2.25,10.5,2.25]},"up":{"texture":"#0","uv":[5.25,2.25,2.25,0]},"west":{"texture":"#0","uv":[5.25,2.25,7.5,2.25]}},"from":[2,4.5,3.5],"rotation":{"angle":0,"axis":"y","origin":[8,0,8]},"to":[14,4.5,12.5]},{"faces":{"down":{"texture":"#0","uv":[9.25,7,8.5,7.75]},"east":{"texture":"#0","uv":[7,7.75,7.75,8.5]},"north":{"texture":"#0","uv":[7.75,7.75,8.5,8.5]},"south":{"texture":"#0","uv":[9.25,7.75,10,8.5]},"up":{"texture":"#0","uv":[8.5,7.75,7.75,7]},"west":{"texture":"#0","uv":[8.5,7.75,9.25,8.5]}},"from":[6.5,3,0.5],"rotation":{"angle":0,"axis":"y","origin":[8.5,0,7.5]},"to":[9.5,6,3.5]},{"faces":{"down":{"texture":"#0","uv":[9.75,14,9,14.75]},"east":{"texture":"#0","uv":[7.5,14.75,8.25,15.5]},"north":{"texture":"#0","uv":[8.25,14.75,9,15.5]},"south":{"texture":"#0","uv":[9.75,14.75,10.5,15.5]},"up":{"texture":"#0","uv":[9,14.75,8.25,14]},"west":{"texture":"#0","uv":[9,14.75,9.75,15.5]}},"from":[6.3,2.8,0.3],"rotation":{"angle":0,"axis":"y","origin":[8.5,0,7.5]},"to":[9.7,6.2,3.7]},{"faces":{"down":{"texture":"#0","uv":[7,7,5.75,7]},"east":{"texture":"#0","uv":[4.5,7,4.5,9.5]},"north":{"texture":"#0","uv":[4.5,7,5.75,9.5]},"south":{"texture":"#0","uv":[5.75,7,7,9.5]},"up":{"texture":"#0","uv":[5.75,7,4.5,7]},"west":{"texture":"#0","uv":[5.75,7,5.75,9.5]}},"from":[5.5,5,1.5],"rotation":{"angle":-22.5,"axis":"x","origin":[8.5,6,1.5]},"to":[10.5,15,1.5]},{"faces":{"down":{"rotation":270,"texture":"#0","uv":[5.75,7,5.75,9.5]},"east":{"rotation":270,"texture":"#0","uv":[7,7,5.75,7]},"north":{"rotation":90,"texture":"#0","uv":[4.5,7,5.75,9.5]},"south":{"rotation":270,"texture":"#0","uv":[5.75,7,7,9.5]},"up":{"rotation":270,"texture":"#0","uv":[4.5,7,4.5,9.5]},"west":{"rotation":270,"texture":"#0","uv":[5.75,7,4.5,7]}},"from":[-2.5,2,1.5],"rotation":{"angle":-22.5,"axis":"y","origin":[6.5,5,1.5]},"to":[7.5,7,1.5]},{"faces":{"down":{"rotation":270,"texture":"#0","uv":[5.75,9.5,5.75,7]},"east":{"rotation":270,"texture":"#0","uv":[5.75,7,4.5,7]},"north":{"rotation":90,"texture":"#0","uv":[4.5,9.5,5.75,7]},"south":{"rotation":270,"texture":"#0","uv":[5.75,9.5,7,7]},"up":{"rotation":270,"texture":"#0","uv":[4.5,9.5,4.5,7]},"west":{"rotation":270,"texture":"#0","uv":[7,7,5.75,7]}},"from":[8.5,2,1.5],"rotation":{"angle":22.5,"axis":"y","origin":[9.5,5,1.5]},"to":[18.5,7,1.5]},{"faces":{"down":{"texture":"#0","uv":[5.75,7,4.5,7]},"east":{"texture":"#0","uv":[4.5,9.5,4.5,7]},"north":{"texture":"#0","uv":[4.5,9.5,5.75,7]},"south":{"texture":"#0","uv":[5.75,9.5,7,7]},"up":{"texture":"#0","uv":[7,7,5.75,7]},"west":{"texture":"#0","uv":[5.75,9.5,5.75,7]}},"from":[5.5,-6,1.5],"rotation":{"angle":22.5,"axis":"x","origin":[8.5,3,1.5]},"to":[10.5,4,1.5]},{"faces":{"down":{"texture":"#0","uv":[9.75,2.25,7.25,2.25]},"east":{"texture":"#0","uv":[4.75,2.25,4.75,3.5]},"north":{"texture":"#0","uv":[4.75,2.25,7.25,3.5]},"south":{"texture":"#0","uv":[7.25,2.25,9.75,3.5]},"up":{"texture":"#0","uv":[7.25,2.25,4.75,2.25]},"west":{"texture":"#0","uv":[7.25,2.25,7.25,3.5]}},"from":[8.4999,1.9999,1.4999],"rotation":{"angle":45,"axis":"z","origin":[9.5,4,1.5]},"to":[18.5001,7.0001,1.5001]},{"faces":{"down":{"texture":"#0","uv":[7.25,2.25,9.75,2.25]},"east":{"texture":"#0","uv":[7.25,2.25,7.25,3.5]},"north":{"texture":"#0","uv":[7.25,2.25,4.75,3.5]},"south":{"texture":"#0","uv":[9.75,2.25,7.25,3.5]},"up":{"texture":"#0","uv":[4.75,2.25,7.25,2.25]},"west":{"texture":"#0","uv":[4.75,2.25,4.75,3.5]}},"from":[-2.5,2,1.5],"rotation":{"angle":-45,"axis":"z","origin":[6.5,4,1.5]},"to":[7.5,7,1.5]},{"faces":{"down":{"texture":"#0","uv":[4.75,2.25,7.25,2.25]},"east":{"texture":"#0","uv":[7.25,3.5,7.25,2.25]},"north":{"texture":"#0","uv":[7.25,3.5,4.75,2.25]},"south":{"texture":"#0","uv":[9.75,3.5,7.25,2.25]},"up":{"texture":"#0","uv":[7.25,2.25,9.75,2.25]},"west":{"texture":"#0","uv":[4.75,3.5,4.75,2.25]}},"from":[-2.5001,-1.0001,1.4999],"rotation":{"angle":45,"axis":"z","origin":[6.5,2,1.5]},"to":[7.5001,4.0001,1.5001]},{"faces":{"down":{"texture":"#0","uv":[7.25,2.25,4.75,2.25]},"east":{"texture":"#0","uv":[4.75,3.5,4.75,2.25]},"north":{"texture":"#0","uv":[4.75,3.5,7.25,2.25]},"south":{"texture":"#0","uv":[7.25,3.5,9.75,2.25]},"up":{"texture":"#0","uv":[9.75,2.25,7.25,2.25]},"west":{"texture":"#0","uv":[7.25,3.5,7.25,2.25]}},"from":[8.5,-1,1.5],"rotation":{"angle":-45,"axis":"z","origin":[9.5,2,1.5]},"to":[18.5,4,1.5]}],"gui_light":"front","texture_size":[64,64],"textures":{"0":"civilization:item/tools/void_blossom","particle":"civilization:item/tools/void_blossom"}}