{"display":{"firstperson_lefthand":{"rotation":[15,0,0],"scale":[0.6,0.6,0.6],"translation":[1.5,1,0.25]},"firstperson_righthand":{"rotation":[15,0,0],"scale":[0.6,0.6,0.6],"translation":[1.5,1,0.25]},"fixed":{"rotation":[90,-45,90],"scale":[0.9,0.9,0.9],"translation":[2,-1.75,-1]},"ground":{"rotation":[67,74,0],"scale":[0.54,0.54,0.54]},"gui":{"rotation":[90,45,-90],"scale":[0.7,0.7,0.7],"translation":[-1.75,-1.25,0]},"head":{"translation":[0,4.75,0]},"thirdperson_lefthand":{"scale":[0.85,0.85,0.85],"translation":[0,-1.5,1.5]},"thirdperson_righthand":{"scale":[0.85,0.85,0.85],"translation":[0,-1.5,1.5]}},"elements":[{"faces":{"down":{"texture":"#0","uv":[3.5,12.5,2.5,13.5]},"east":{"texture":"#0","uv":[1,0,2,7.5]},"north":{"texture":"#0","uv":[0,0,1,7.5]},"south":{"texture":"#0","uv":[2,0,3,7.5]},"up":{"texture":"#0","uv":[2.5,13.5,1.5,12.5]},"west":{"texture":"#0","uv":[3,0,4,7.5]}},"from":[7,1,7.5],"rotation":{"angle":0,"axis":"y","origin":[8,1,8]},"to":[9,16,9.5]},{"faces":{"down":{"texture":"#0","uv":[11.5,12.5,10.5,13.5]},"east":{"texture":"#0","uv":[1,9.5,2,12.5]},"north":{"texture":"#0","uv":[0,9.5,1,12.5]},"south":{"texture":"#0","uv":[2,9.5,3,12.5]},"up":{"texture":"#0","uv":[9.5,13.5,8.5,12.5]},"west":{"texture":"#0","uv":[3,9.5,4,12.5]}},"from":[6.99,4.99,7.49],"rotation":{"angle":0,"axis":"y","origin":[8,8.5,8.5]},"to":[9.01,11.01,9.51]},{"faces":{"down":{"texture":"#0","uv":[11.5,7,10,8.5]},"east":{"texture":"#0","uv":[11.5,7,13,8]},"north":{"texture":"#0","uv":[5,11.5,6.5,12.5]},"south":{"texture":"#0","uv":[11.5,8,13,9]},"up":{"texture":"#0","uv":[11.5,1.5,10,0]},"west":{"texture":"#0","uv":[11.5,9,13,10]}},"from":[6.5,3,7],"rotation":{"angle":0,"axis":"y","origin":[8,1,8]},"to":[9.5,5,10]},{"faces":{"down":{"texture":"#0","uv":[11.5,10,10,11.5]},"east":{"texture":"#0","uv":[10.5,11.5,12,12.5]},"north":{"texture":"#0","uv":[11.5,10,13,11]},"south":{"texture":"#0","uv":[12,5.5,13.5,6.5]},"up":{"texture":"#0","uv":[11.5,10,10,8.5]},"west":{"texture":"#0","uv":[12,11,13.5,12]}},"from":[6.5,10,7],"rotation":{"angle":0,"axis":"y","origin":[8,1,8]},"to":[9.5,12,10]},{"faces":{"down":{"texture":"#0","uv":[8.5,11,8,14]},"east":{"texture":"#0","uv":[11,4.5,14,5]},"north":{"texture":"#0","uv":[9.5,11,10,11.5]},"south":{"texture":"#0","uv":[11.5,11,12,11.5]},"up":{"texture":"#0","uv":[7,13.5,6.5,10.5]},"west":{"texture":"#0","uv":[11,5,14,5.5]}},"from":[7.52,15.02,2.52],"rotation":{"angle":-22.5,"axis":"x","origin":[8,15.65901,3.57322]},"to":[8.48,15.98,8.48]},{"faces":{"down":{"texture":"#0","uv":[12,5.5,11,6]},"east":{"texture":"#0","uv":[7.5,13,8,14.5]},"north":{"texture":"#0","uv":[8.5,11,9.5,12.5]},"south":{"texture":"#0","uv":[11.5,0,12.5,1.5]},"up":{"texture":"#0","uv":[11,2,10,1.5]},"west":{"texture":"#0","uv":[13,9,13.5,10.5]}},"from":[7,18,5],"rotation":{"angle":22.5,"axis":"x","origin":[8,19.5,5]},"to":[9,21,6]},{"faces":{"down":{"texture":"#0","uv":[14,2,13,2.5]},"east":{"texture":"#0","uv":[9.5,13,10,14.5]},"north":{"texture":"#0","uv":[7,11.5,8,13]},"south":{"texture":"#0","uv":[9.5,11.5,10.5,13]},"up":{"texture":"#0","uv":[13.5,4.5,12.5,4]},"west":{"texture":"#0","uv":[10,13,10.5,14.5]}},"from":[7,16,3.5],"rotation":{"angle":22.5,"axis":"x","origin":[8,19.5,5]},"to":[9,19,4.5]},{"faces":{"down":{"texture":"#0","uv":[13.5,10.5,13,11]},"east":{"texture":"#0","uv":[5,12.5,5.5,14.5]},"north":{"texture":"#0","uv":[4.5,12.5,5,14.5]},"south":{"texture":"#0","uv":[5.5,12.5,6,14.5]},"up":{"texture":"#0","uv":[13.5,3,13,2.5]},"west":{"texture":"#0","uv":[6,12.5,6.5,14.5]}},"from":[7.52,12.57546,3.17901],"rotation":{"angle":22.5,"axis":"x","origin":[8,15.65901,3.57322]},"to":[8.48,16.53546,4.13901]},{"faces":{"down":{"texture":"#0","uv":[13,0,12.5,3]},"east":{"texture":"#0","uv":[12,6.5,15,7]},"north":{"texture":"#0","uv":[13.5,2.5,14,3]},"south":{"texture":"#0","uv":[3,13.5,3.5,14]},"up":{"texture":"#0","uv":[0.5,15.5,0,12.5]},"west":{"texture":"#0","uv":[12,12,15,12.5]}},"from":[7.5,17,2.5],"rotation":{"angle":-22.5,"axis":"x","origin":[8,15.65901,3.57322]},"to":[8.5,18,8.5]},{"faces":{"down":{"texture":"#0","uv":[3,13.5,2.5,14]},"east":{"texture":"#0","uv":[12,12.5,12.5,14.5]},"north":{"texture":"#0","uv":[11.5,12.5,12,14.5]},"south":{"texture":"#0","uv":[12.5,12.5,13,14.5]},"up":{"texture":"#0","uv":[2.5,14,2,13.5]},"west":{"texture":"#0","uv":[13,0,13.5,2]}},"from":[7.5,12.55546,1.15901],"rotation":{"angle":22.5,"axis":"x","origin":[8,15.65901,3.57322]},"to":[8.5,16.55546,2.15901]},{"faces":{"down":{"texture":"#0","uv":[2,13.5,1.5,14.5]},"east":{"texture":"#0","uv":[7,9.5,8,11.5]},"north":{"texture":"#0","uv":[7,13,7.5,15]},"south":{"texture":"#0","uv":[13,7,13.5,9]},"up":{"texture":"#0","uv":[14,2,13.5,1]},"west":{"texture":"#0","uv":[4,10.5,5,12.5]}},"from":[7.51,12.56546,1.16901],"rotation":{"angle":22.5,"axis":"x","origin":[8,15.65901,3.57322]},"to":[8.49,16.54546,3.14901]},{"faces":{"down":{"texture":"#0","uv":[1.5,12.5,1,15.5]},"east":{"texture":"#0","uv":[9,6,12,7]},"north":{"texture":"#0","uv":[13,12.5,13.5,13.5]},"south":{"texture":"#0","uv":[13.5,0,14,1]},"up":{"texture":"#0","uv":[1,15.5,0.5,12.5]},"west":{"texture":"#0","uv":[4,9.5,7,10.5]}},"from":[7.51,16.01,2.51],"rotation":{"angle":-22.5,"axis":"x","origin":[8,15.65901,3.57322]},"to":[8.49,17.99,8.49]},{"faces":{"down":{"texture":"#0","uv":[0,0,0,3]},"east":{"texture":"#0","uv":[4,5,7,7]},"north":{"texture":"#0","uv":[0,0,0,2]},"south":{"texture":"#0","uv":[0,0,0,2]},"up":{"texture":"#0","uv":[0,3,0,0]},"west":{"texture":"#0","uv":[7,0,10,2]}},"from":[8,14,2.5],"rotation":{"angle":-22.5,"axis":"x","origin":[8,15.65901,3.57322]},"to":[8,18,8.5]},{"faces":{"down":{"texture":"#0","uv":[0,0,0,2]},"east":{"texture":"#0","uv":[7,4.5,9,7]},"north":{"texture":"#0","uv":[0,0,0,2.5]},"south":{"texture":"#0","uv":[0,0,0,2.5]},"up":{"texture":"#0","uv":[0,2,0,0]},"west":{"texture":"#0","uv":[6,7,8,9.5]}},"from":[8,11.55546,1.15901],"rotation":{"angle":22.5,"axis":"x","origin":[8,15.65901,3.57322]},"to":[8,16.55546,5.15901]},{"faces":{"down":{"texture":"#0","uv":[0,0,0,2]},"east":{"texture":"#0","uv":[7,2,9,4.5]},"north":{"texture":"#0","uv":[0,0,0,2.5]},"south":{"texture":"#0","uv":[0,0,0,2.5]},"up":{"texture":"#0","uv":[0,2,0,0]},"west":{"texture":"#0","uv":[4,7,6,9.5]}},"from":[8,-3,6.5],"rotation":{"angle":0,"axis":"y","origin":[7,13.10355,5.91421]},"to":[8,2,10.5]},{"faces":{"down":{"texture":"#0","uv":[10,9,8,11]},"east":{"texture":"#0","uv":[2,7.5,4,9.5]},"north":{"texture":"#0","uv":[0,7.5,2,9.5]},"south":{"texture":"#0","uv":[8,7,10,9]},"up":{"texture":"#0","uv":[11,6,9,4]},"west":{"texture":"#0","uv":[9,2,11,4]}},"from":[6,16,7],"rotation":{"angle":0,"axis":"y","origin":[8,16.63373,9.57769]},"to":[10,20,11]},{"faces":{"down":{"texture":"#0","uv":[0,0,0,3]},"east":{"texture":"#0","uv":[4,0,7,2.5]},"north":{"texture":"#0","uv":[0,0,0,2.5]},"south":{"texture":"#0","uv":[0,0,0,2.5]},"up":{"texture":"#0","uv":[0,3,0,0]},"west":{"texture":"#0","uv":[4,2.5,7,5]}},"from":[8,19,6],"rotation":{"angle":0,"axis":"y","origin":[8,16.63373,9.57769]},"to":[8,24,12]},{"faces":{"down":{"texture":"#0","uv":[12.5,3.5,11,4.5]},"east":{"texture":"#0","uv":[12.5,3,13.5,4]},"north":{"texture":"#0","uv":[5,10.5,6.5,11.5]},"south":{"texture":"#0","uv":[11,1.5,12.5,2.5]},"up":{"texture":"#0","uv":[12.5,3.5,11,2.5]},"west":{"texture":"#0","uv":[3.5,12.5,4.5,13.5]}},"from":[6.5,14.79253,8.63425],"rotation":{"angle":22.5,"axis":"x","origin":[8,16.63373,9.57769]},"to":[9.5,16.79253,10.63425]}],"gui_light":"front","texture_size":[32,32],"textures":{"0":"civilization:item/tools/wither_sickle","particle":"civilization:item/tools/wither_sickle"}}