{"textures":{"0":"modelengine:entity/kobold_assassin","particle":"#0"},"elements":[{"from":[6.5,8.0,2.4999995],"to":[6.5,9.0,7.5],"faces":{"east":{"uv":[2.5125,4.6375,3.2375,4.7375],"tintindex":0,"rotation":0,"texture":"#0"},"south":{"uv":[7.1375,6.8875,7.4875,6.9875],"tintindex":0,"rotation":0,"texture":"#0"},"north":{"uv":[4.2625,2.6375,4.6125,2.7375],"tintindex":0,"rotation":0,"texture":"#0"},"west":{"uv":[9.3875,1.5125,10.1125,1.6125],"tintindex":0,"rotation":0,"texture":"#0"},"up":{"uv":[5.4875,11.8625,5.1375,11.1375],"tintindex":0,"rotation":0,"texture":"#0"},"down":{"uv":[11.4875,7.3875,11.1375,8.1125],"tintindex":0,"rotation":0,"texture":"#0"}}},{"from":[6.5,8.0,2.4999995],"to":[9.5,9.0,2.4999995],"faces":{"east":{"uv":[2.5125,4.6375,3.2375,4.7375],"tintindex":0,"rotation":0,"texture":"#0"},"south":{"uv":[7.1375,6.8875,7.4875,6.9875],"tintindex":0,"rotation":0,"texture":"#0"},"north":{"uv":[4.2625,2.6375,4.6125,2.7375],"tintindex":0,"rotation":0,"texture":"#0"},"west":{"uv":[9.3875,1.5125,10.1125,1.6125],"tintindex":0,"rotation":0,"texture":"#0"},"up":{"uv":[5.4875,11.8625,5.1375,11.1375],"tintindex":0,"rotation":0,"texture":"#0"},"down":{"uv":[11.4875,7.3875,11.1375,8.1125],"tintindex":0,"rotation":0,"texture":"#0"}}},{"from":[5.5,6.0,1.9999995],"to":[10.5,8.0,9.0],"faces":{"east":{"uv":[2.7625,1.6375,3.6125,1.8625],"tintindex":0,"rotation":0,"texture":"#0"},"south":{"uv":[11.7625,4.8875,12.3625,5.1125],"tintindex":0,"rotation":0,"texture":"#0"},"north":{"uv":[4.3875,11.7625,4.9875,11.9875],"tintindex":0,"rotation":0,"texture":"#0"},"west":{"uv":[11.3875,10.7625,12.2375,10.9875],"tintindex":0,"rotation":0,"texture":"#0"},"up":{"uv":[6.9875,4.3625,6.3875,3.5125],"tintindex":0,"rotation":0,"texture":"#0"},"down":{"uv":[4.6125,9.2625,4.0125,10.1125],"tintindex":0,"rotation":0,"texture":"#0"}}},{"from":[6.0,5.0,3.9999995],"to":[10.0,7.0,11.0],"faces":{"east":{"uv":[11.3875,11.0125,12.2375,11.2375],"tintindex":0,"rotation":0,"texture":"#0"},"south":{"uv":[1.2625,11.8875,1.7375,12.1125],"tintindex":0,"rotation":0,"texture":"#0"},"north":{"uv":[11.8875,0.7625,12.3625,0.9875],"tintindex":0,"rotation":0,"texture":"#0"},"west":{"uv":[11.5125,1.0125,12.3625,1.2375],"tintindex":0,"rotation":0,"texture":"#0"},"up":{"uv":[10.4875,5.8625,10.0125,5.0125],"tintindex":0,"rotation":0,"texture":"#0"},"down":{"uv":[4.1125,10.1375,3.6375,10.9875],"tintindex":0,"rotation":0,"texture":"#0"}},"rotation":{"origin":[8.0,5.0,7.0],"angle":22.5,"axis":"x"}},{"from":[9.5,8.0,2.4999995],"to":[9.5,9.0,7.5],"faces":{"east":{"uv":[2.5125,4.6375,3.2375,4.7375],"tintindex":0,"rotation":0,"texture":"#0"},"south":{"uv":[7.1375,6.8875,7.4875,6.9875],"tintindex":0,"rotation":0,"texture":"#0"},"north":{"uv":[4.2625,2.6375,4.6125,2.7375],"tintindex":0,"rotation":0,"texture":"#0"},"west":{"uv":[9.3875,1.5125,10.1125,1.6125],"tintindex":0,"rotation":0,"texture":"#0"},"up":{"uv":[5.4875,11.8625,5.1375,11.1375],"tintindex":0,"rotation":0,"texture":"#0"},"down":{"uv":[11.4875,7.3875,11.1375,8.1125],"tintindex":0,"rotation":0,"texture":"#0"}}}],"display":{"head":{"rotation":[0.0,0.0,0.0]},"firstperson_righthand":{"rotation":[0.0,0.0,0.0]},"thirdperson_lefthand":{"rotation":[0.0,-0.0,-0.0]},"firstperson_lefthand":{"rotation":[0.0,-0.0,-0.0]},"fixed":{"rotation":[0.0,0.0,0.0]},"ground":{"rotation":[0.0,0.0,0.0]},"thirdperson_righthand":{"rotation":[0.0,0.0,0.0]},"gui":{"rotation":[-150.0,-45.0,180.0]}}}