{"textures":{"0":"modelengine:entity/kobold_assassin","particle":"#0"},"elements":[{"from":[8.0,4.5,8.0],"to":[8.0,11.5,25.0],"faces":{"east":{"uv":[4.2375,1.8875,2.1375,2.7375],"tintindex":0,"rotation":0,"texture":"#0"},"south":{"uv":[0.0125,0.0125,-0.025,0.8625],"tintindex":0,"rotation":0,"texture":"#0"},"north":{"uv":[0.0125,0.0125,-0.025,0.8625],"tintindex":0,"rotation":0,"texture":"#0"},"west":{"uv":[2.1375,1.8875,4.2375,2.7375],"tintindex":0,"rotation":0,"texture":"#0"},"up":{"uv":[0.0125,2.1125,-0.025,0.0125],"tintindex":0,"rotation":0,"texture":"#0"},"down":{"uv":[0.0125,0.0125,-0.025,2.1125],"tintindex":0,"rotation":0,"texture":"#0"}}}],"display":{"head":{"rotation":[0.0,0.0,0.0]},"firstperson_righthand":{"rotation":[0.0,0.0,0.0]},"thirdperson_lefthand":{"rotation":[0.0,-0.0,-0.0]},"firstperson_lefthand":{"rotation":[0.0,-0.0,-0.0]},"fixed":{"rotation":[0.0,0.0,0.0]},"ground":{"rotation":[0.0,0.0,0.0]},"thirdperson_righthand":{"rotation":[0.0,0.0,0.0]},"gui":{"rotation":[-150.0,-45.0,180.0]}}}