{"textures":{"0":"modelengine:entity/kobold_assassin","particle":"#0"},"elements":[{"from":[6.0,3.9025397,-6.8810177],"to":[10.0,7.9025393,5.1189823],"faces":{"east":{"uv":[9.2375,1.7625,7.7625,2.2375],"tintindex":0,"rotation":0,"texture":"#0"},"south":{"uv":[11.8625,5.7625,11.3875,6.2375],"tintindex":0,"rotation":0,"texture":"#0"},"north":{"uv":[5.9875,11.3875,5.5125,11.8625],"tintindex":0,"rotation":0,"texture":"#0"},"west":{"uv":[4.2375,1.1375,2.7625,1.6125],"tintindex":0,"rotation":0,"texture":"#0"},"up":{"uv":[7.8875,5.4875,8.3625,4.0125],"tintindex":0,"rotation":0,"texture":"#0"},"down":{"uv":[3.5125,8.0125,3.9875,9.4875],"tintindex":0,"rotation":0,"texture":"#0"}},"rotation":{"origin":[2.5,16.902538,2.6189818],"angle":-22.5,"axis":"x"}}],"display":{"head":{"rotation":[0.0,0.0,0.0]},"firstperson_righthand":{"rotation":[0.0,0.0,0.0]},"thirdperson_lefthand":{"rotation":[0.0,-0.0,-0.0]},"firstperson_lefthand":{"rotation":[0.0,-0.0,-0.0]},"fixed":{"rotation":[0.0,0.0,0.0]},"ground":{"rotation":[0.0,0.0,0.0]},"thirdperson_righthand":{"rotation":[0.0,0.0,0.0]},"gui":{"rotation":[-150.0,-45.0,180.0]}}}