{"textures":{"0":"modelengine:entity/kobold_assassin","particle":"#0"},"elements":[{"from":[5.0,5.0,8.0],"to":[11.0,11.0,15.0],"faces":{"east":{"uv":[2.3875,8.5125,3.2375,9.2375],"tintindex":0,"rotation":0,"texture":"#0"},"south":{"uv":[8.3875,9.1375,9.1125,9.8625],"tintindex":0,"rotation":0,"texture":"#0"},"north":{"uv":[5.5125,9.0125,6.2375,9.7375],"tintindex":0,"rotation":0,"texture":"#0"},"west":{"uv":[4.0125,8.5125,4.8625,9.2375],"tintindex":0,"rotation":0,"texture":"#0"},"up":{"uv":[0.7375,9.4875,0.0125,8.6375],"tintindex":0,"rotation":0,"texture":"#0"},"down":{"uv":[9.3625,0.0125,8.6375,0.8625],"tintindex":0,"rotation":0,"texture":"#0"}}}],"display":{"head":{"rotation":[0.0,0.0,0.0]},"firstperson_righthand":{"rotation":[0.0,0.0,0.0]},"thirdperson_lefthand":{"rotation":[0.0,-0.0,-0.0]},"firstperson_lefthand":{"rotation":[0.0,-0.0,-0.0]},"fixed":{"rotation":[0.0,0.0,0.0]},"ground":{"rotation":[0.0,0.0,0.0]},"thirdperson_righthand":{"rotation":[0.0,0.0,0.0]},"gui":{"rotation":[-150.0,-45.0,180.0]}}}