{"textures":{"0":"modelengine:entity/kobold_assassin","particle":"#0"},"elements":[{"from":[7.0,6.0,8.0],"to":[9.0,10.0,12.0],"faces":{"east":{"uv":[9.6375,11.1375,10.1125,11.6125],"tintindex":0,"rotation":0,"texture":"#0"},"south":{"uv":[11.8875,1.5125,12.1125,1.9875],"tintindex":0,"rotation":0,"texture":"#0"},"north":{"uv":[0.7625,11.8875,0.9875,12.3625],"tintindex":0,"rotation":0,"texture":"#0"},"west":{"uv":[2.0125,11.2625,2.4875,11.7375],"tintindex":0,"rotation":0,"texture":"#0"},"up":{"uv":[1.9875,12.3625,1.7625,11.8875],"tintindex":0,"rotation":0,"texture":"#0"},"down":{"uv":[2.6125,11.8875,2.3875,12.3625],"tintindex":0,"rotation":0,"texture":"#0"}}}],"display":{"head":{"rotation":[0.0,0.0,0.0]},"firstperson_righthand":{"rotation":[0.0,0.0,0.0]},"thirdperson_lefthand":{"rotation":[0.0,-0.0,-0.0]},"firstperson_lefthand":{"rotation":[0.0,-0.0,-0.0]},"fixed":{"rotation":[0.0,0.0,0.0]},"ground":{"rotation":[0.0,0.0,0.0]},"thirdperson_righthand":{"rotation":[0.0,0.0,0.0]},"gui":{"rotation":[-150.0,-45.0,180.0]}}}