{"textures":{"1":"modelengine:entity/kobold_xbow","particle":"#1"},"elements":[{"from":[9.752089,7.946705,-1.5749493],"to":[11.752089,9.946705,-1.0749493],"faces":{"east":{"uv":[5.225,11.275,5.025,12.225],"tintindex":0,"rotation":0,"texture":"#1"},"south":{"uv":[8.725,10.275,7.775,11.225],"tintindex":0,"rotation":0,"texture":"#1"},"north":{"uv":[6.225,10.275,5.275,11.225],"tintindex":0,"rotation":0,"texture":"#1"},"west":{"uv":[4.975,11.275,4.775,12.225],"tintindex":0,"rotation":0,"texture":"#1"},"up":{"uv":[11.025,8.475,11.975,8.275],"tintindex":0,"rotation":0,"texture":"#1"},"down":{"uv":[5.275,11.275,6.225,11.475],"tintindex":0,"rotation":0,"texture":"#1"}},"rotation":{"origin":[11.752089,8.946705,-1.3249493],"angle":-22.5,"axis":"y"}},{"from":[8.5,8.946705,0.17871428],"to":[9.5,10.446705,13.678715],"faces":{"east":{"uv":[0.025,0.025,6.725,0.725],"tintindex":0,"rotation":0,"texture":"#1"},"south":{"uv":[4.275,9.275,4.725,9.975],"tintindex":0,"rotation":0,"texture":"#1"},"north":{"uv":[6.275,9.025,6.725,9.725],"tintindex":0,"rotation":0,"texture":"#1"},"west":{"uv":[0.025,0.775,6.725,1.475],"tintindex":0,"rotation":0,"texture":"#1"},"up":{"uv":[0.475,9.725,0.025,3.025],"tintindex":0,"rotation":0,"texture":"#1"},"down":{"uv":[0.975,3.025,0.525,9.725],"tintindex":0,"rotation":0,"texture":"#1"}}},{"from":[7.5,6.946705,8.178715],"to":[8.5,7.946705,12.178715],"faces":{"east":{"uv":[6.775,2.525,8.725,2.975],"tintindex":0,"rotation":0,"texture":"#1"},"south":{"uv":[4.025,11.275,4.475,11.725],"tintindex":0,"rotation":0,"texture":"#1"},"north":{"uv":[3.525,11.275,3.975,11.725],"tintindex":0,"rotation":0,"texture":"#1"},"west":{"uv":[10.025,8.525,11.975,8.975],"tintindex":0,"rotation":0,"texture":"#1"},"up":{"uv":[6.725,5.975,6.275,4.025],"tintindex":0,"rotation":0,"texture":"#1"},"down":{"uv":[7.725,10.025,7.275,11.975],"tintindex":0,"rotation":0,"texture":"#1"}}},{"from":[7.0,7.946705,8.678715],"to":[9.0,8.946705,11.178715],"faces":{"east":{"uv":[11.025,1.775,12.225,2.225],"tintindex":0,"rotation":0,"texture":"#1"},"south":{"uv":[11.025,4.275,11.975,4.725],"tintindex":0,"rotation":0,"texture":"#1"},"north":{"uv":[11.025,3.775,11.975,4.225],"tintindex":0,"rotation":0,"texture":"#1"},"west":{"uv":[11.025,2.275,12.225,2.725],"tintindex":0,"rotation":0,"texture":"#1"},"up":{"uv":[10.975,3.725,10.025,2.525],"tintindex":0,"rotation":0,"texture":"#1"},"down":{"uv":[10.975,3.775,10.025,4.975],"tintindex":0,"rotation":0,"texture":"#1"}}},{"from":[0.6691756,8.946705,0.042887688],"to":[4.6691756,10.946705,2.0428877],"faces":{"east":{"uv":[6.275,10.025,7.225,10.975],"tintindex":0,"rotation":0,"texture":"#1"},"south":{"uv":[8.025,4.025,9.975,4.975],"tintindex":0,"rotation":0,"texture":"#1"},"north":{"uv":[6.775,1.525,8.725,2.475],"tintindex":0,"rotation":0,"texture":"#1"},"west":{"uv":[10.025,6.525,10.975,7.475],"tintindex":0,"rotation":0,"texture":"#1"},"up":{"uv":[9.975,5.975,8.025,5.025],"tintindex":0,"rotation":0,"texture":"#1"},"down":{"uv":[9.975,6.025,8.025,6.975],"tintindex":0,"rotation":0,"texture":"#1"}},"rotation":{"origin":[3.4191756,10.196705,1.5428877],"angle":22.5,"axis":"y"}},{"from":[4.2479115,7.946705,-1.5749493],"to":[6.247912,9.946705,-1.0749493],"faces":{"east":{"uv":[4.775,11.275,4.975,12.225],"tintindex":0,"rotation":0,"texture":"#1"},"south":{"uv":[7.775,10.275,8.725,11.225],"tintindex":0,"rotation":0,"texture":"#1"},"north":{"uv":[5.275,10.275,6.225,11.225],"tintindex":0,"rotation":0,"texture":"#1"},"west":{"uv":[5.025,11.275,5.225,12.225],"tintindex":0,"rotation":0,"texture":"#1"},"up":{"uv":[11.975,8.475,11.025,8.275],"tintindex":0,"rotation":0,"texture":"#1"},"down":{"uv":[6.225,11.275,5.275,11.475],"tintindex":0,"rotation":0,"texture":"#1"}},"rotation":{"origin":[4.2479115,8.946705,-1.3249493],"angle":22.5,"axis":"y"}},{"from":[9.0,8.946705,-1.8212852],"to":[9.5,9.946705,0.17871428],"faces":{"east":{"uv":[11.025,7.275,11.975,7.725],"tintindex":0,"rotation":0,"texture":"#1"},"south":{"uv":[8.275,11.275,8.475,11.725],"tintindex":0,"rotation":0,"texture":"#1"},"north":{"uv":[8.025,11.275,8.225,11.725],"tintindex":0,"rotation":0,"texture":"#1"},"west":{"uv":[11.025,7.775,11.975,8.225],"tintindex":0,"rotation":0,"texture":"#1"},"up":{"uv":[1.975,11.975,1.775,11.025],"tintindex":0,"rotation":0,"texture":"#1"},"down":{"uv":[4.725,11.275,4.525,12.225],"tintindex":0,"rotation":0,"texture":"#1"}}},{"from":[4.0,8.946705,-0.32128525],"to":[6.5,11.446705,2.1787143],"faces":{"east":{"uv":[8.775,2.775,9.975,3.975],"tintindex":0,"rotation":0,"texture":"#1"},"south":{"uv":[5.025,9.025,6.225,10.225],"tintindex":0,"rotation":0,"texture":"#1"},"north":{"uv":[8.775,1.525,9.975,2.725],"tintindex":0,"rotation":0,"texture":"#1"},"west":{"uv":[8.025,9.025,9.225,10.225],"tintindex":0,"rotation":0,"texture":"#1"},"up":{"uv":[4.225,10.475,3.025,9.275],"tintindex":0,"rotation":0,"texture":"#1"},"down":{"uv":[10.475,9.025,9.275,10.225],"tintindex":0,"rotation":0,"texture":"#1"}}},{"from":[-3.561635,9.446705,-0.05311489],"to":[-1.561635,10.446705,2.446885],"faces":{"east":{"uv":[0.025,11.025,1.225,11.475],"tintindex":0,"rotation":0,"texture":"#1"},"south":{"uv":[11.025,3.275,11.975,3.725],"tintindex":0,"rotation":0,"texture":"#1"},"north":{"uv":[11.025,2.775,11.975,3.225],"tintindex":0,"rotation":0,"texture":"#1"},"west":{"uv":[11.025,1.275,12.225,1.725],"tintindex":0,"rotation":0,"texture":"#1"},"up":{"uv":[1.975,10.975,1.025,9.775],"tintindex":0,"rotation":0,"texture":"#1"},"down":{"uv":[10.975,1.275,10.025,2.475],"tintindex":0,"rotation":0,"texture":"#1"}},"rotation":{"origin":[1.1883655,10.196705,2.446885],"angle":45.0,"axis":"y"}},{"from":[7.0,7.446705,2.6787143],"to":[9.0,8.946705,8.678715],"faces":{"east":{"uv":[6.775,0.025,9.725,0.725],"tintindex":0,"rotation":0,"texture":"#1"},"south":{"uv":[2.025,10.775,2.975,11.475],"tintindex":0,"rotation":0,"texture":"#1"},"north":{"uv":[10.775,0.525,11.725,1.225],"tintindex":0,"rotation":0,"texture":"#1"},"west":{"uv":[6.775,0.775,9.725,1.475],"tintindex":0,"rotation":0,"texture":"#1"},"up":{"uv":[5.975,8.975,5.025,6.025],"tintindex":0,"rotation":0,"texture":"#1"},"down":{"uv":[6.975,6.025,6.025,8.975],"tintindex":0,"rotation":0,"texture":"#1"}}},{"from":[6.5,8.946705,-1.8212852],"to":[7.0,9.946705,0.17871428],"faces":{"east":{"uv":[6.275,11.025,7.225,11.475],"tintindex":0,"rotation":0,"texture":"#1"},"south":{"uv":[7.775,11.275,7.975,11.725],"tintindex":0,"rotation":0,"texture":"#1"},"north":{"uv":[4.025,10.525,4.225,10.975],"tintindex":0,"rotation":0,"texture":"#1"},"west":{"uv":[11.025,6.775,11.975,7.225],"tintindex":0,"rotation":0,"texture":"#1"},"up":{"uv":[6.975,9.975,6.775,9.025],"tintindex":0,"rotation":0,"texture":"#1"},"down":{"uv":[4.975,9.275,4.775,10.225],"tintindex":0,"rotation":0,"texture":"#1"}}},{"from":[-2.561635,10.446705,2.446885],"to":[-2.061635,10.446705,14.446884],"faces":{"up":{"uv":[7.475,9.975,7.025,4.025],"tintindex":0,"rotation":0,"texture":"#1"},"down":{"uv":[7.975,4.025,7.525,9.975],"tintindex":0,"rotation":0,"texture":"#1"}},"rotation":{"origin":[1.1883655,10.696705,2.446885],"angle":45.0,"axis":"y"}},{"from":[1.1691756,9.946705,-4.4571114],"to":[4.1691756,9.946705,0.042887688],"faces":{"up":{"uv":[13.725,2.475,12.275,0.275],"tintindex":0,"rotation":0,"texture":"#1"},"down":{"uv":[13.725,0.275,12.275,2.475],"tintindex":0,"rotation":0,"texture":"#1"}},"rotation":{"origin":[3.4191756,10.196705,1.5428877],"angle":22.5,"axis":"y"}},{"from":[17.561634,9.446705,-0.05311489],"to":[19.561634,10.446705,2.446885],"faces":{"east":{"uv":[12.225,1.275,11.025,1.725],"tintindex":0,"rotation":0,"texture":"#1"},"south":{"uv":[11.975,3.275,11.025,3.725],"tintindex":0,"rotation":0,"texture":"#1"},"north":{"uv":[11.975,2.775,11.025,3.225],"tintindex":0,"rotation":0,"texture":"#1"},"west":{"uv":[1.225,11.025,0.025,11.475],"tintindex":0,"rotation":0,"texture":"#1"},"up":{"uv":[1.025,10.975,1.975,9.775],"tintindex":0,"rotation":0,"texture":"#1"},"down":{"uv":[10.025,1.275,10.975,2.475],"tintindex":0,"rotation":0,"texture":"#1"}},"rotation":{"origin":[14.811634,10.196705,2.446885],"angle":-45.0,"axis":"y"}},{"from":[9.5,8.946705,-0.32128525],"to":[12.0,11.446705,2.1787143],"faces":{"east":{"uv":[9.225,9.025,8.025,10.225],"tintindex":0,"rotation":0,"texture":"#1"},"south":{"uv":[6.225,9.025,5.025,10.225],"tintindex":0,"rotation":0,"texture":"#1"},"north":{"uv":[9.975,1.525,8.775,2.725],"tintindex":0,"rotation":0,"texture":"#1"},"west":{"uv":[9.975,2.775,8.775,3.975],"tintindex":0,"rotation":0,"texture":"#1"},"up":{"uv":[3.025,10.475,4.225,9.275],"tintindex":0,"rotation":0,"texture":"#1"},"down":{"uv":[9.275,9.025,10.475,10.225],"tintindex":0,"rotation":0,"texture":"#1"}}},{"from":[7.0,6.664403,10.62528],"to":[9.0,8.664404,17.12528],"faces":{"east":{"uv":[3.025,4.025,6.225,4.975],"tintindex":0,"rotation":0,"texture":"#1"},"south":{"uv":[4.275,10.275,5.225,11.225],"tintindex":0,"rotation":0,"texture":"#1"},"north":{"uv":[10.025,7.525,10.975,8.475],"tintindex":0,"rotation":0,"texture":"#1"},"west":{"uv":[3.025,5.025,6.225,5.975],"tintindex":0,"rotation":0,"texture":"#1"},"up":{"uv":[3.975,9.225,3.025,6.025],"tintindex":0,"rotation":0,"texture":"#1"},"down":{"uv":[4.975,6.025,4.025,9.225],"tintindex":0,"rotation":0,"texture":"#1"}},"rotation":{"origin":[8.0,7.914404,14.12528],"angle":22.5,"axis":"x"}},{"from":[7.5,8.946705,0.17871428],"to":[8.5,9.946705,13.678715],"faces":{"east":{"uv":[2.025,3.025,8.725,3.475],"tintindex":0,"rotation":0,"texture":"#1"},"south":{"uv":[3.025,11.275,3.475,11.725],"tintindex":0,"rotation":0,"texture":"#1"},"north":{"uv":[10.775,11.025,11.225,11.475],"tintindex":0,"rotation":0,"texture":"#1"},"west":{"uv":[2.025,3.525,8.725,3.975],"tintindex":0,"rotation":0,"texture":"#1"},"up":{"uv":[2.475,10.725,2.025,4.025],"tintindex":0,"rotation":0,"texture":"#1"},"down":{"uv":[2.975,4.025,2.525,10.725],"tintindex":0,"rotation":0,"texture":"#1"}}},{"from":[6.0,7.946705,-2.3212852],"to":[10.0,9.946705,-1.8212852],"faces":{"east":{"uv":[6.775,4.025,6.975,4.975],"tintindex":0,"rotation":0,"texture":"#1"},"south":{"uv":[8.025,8.025,9.975,8.975],"tintindex":0,"rotation":0,"texture":"#1"},"north":{"uv":[8.025,7.025,9.975,7.975],"tintindex":0,"rotation":0,"texture":"#1"},"west":{"uv":[6.775,5.025,6.975,5.975],"tintindex":0,"rotation":0,"texture":"#1"},"up":{"uv":[12.975,4.975,11.025,4.775],"tintindex":0,"rotation":0,"texture":"#1"},"down":{"uv":[12.975,6.525,11.025,6.725],"tintindex":0,"rotation":0,"texture":"#1"}}},{"from":[14.268742,9.446705,1.6539917],"to":[17.268742,10.446705,3.1539917],"faces":{"east":{"uv":[10.725,11.025,10.025,11.475],"tintindex":0,"rotation":0,"texture":"#1"},"south":{"uv":[12.225,0.025,10.775,0.475],"tintindex":0,"rotation":0,"texture":"#1"},"north":{"uv":[11.975,9.775,10.525,10.225],"tintindex":0,"rotation":0,"texture":"#1"},"west":{"uv":[9.975,11.025,9.275,11.475],"tintindex":0,"rotation":0,"texture":"#1"},"up":{"uv":[10.025,5.725,11.475,5.025],"tintindex":0,"rotation":0,"texture":"#1"},"down":{"uv":[10.025,5.775,11.475,6.475],"tintindex":0,"rotation":0,"texture":"#1"}},"rotation":{"origin":[15.518742,10.196705,3.1539917],"angle":-45.0,"axis":"y"}},{"from":[7.0,9.446705,12.178715],"to":[9.0,10.946705,14.678715],"faces":{"east":{"uv":[8.775,10.275,9.975,10.975],"tintindex":0,"rotation":0,"texture":"#1"},"south":{"uv":[10.525,9.025,11.475,9.725],"tintindex":0,"rotation":0,"texture":"#1"},"north":{"uv":[3.025,10.525,3.975,11.225],"tintindex":0,"rotation":0,"texture":"#1"},"west":{"uv":[10.025,10.275,11.225,10.975],"tintindex":0,"rotation":0,"texture":"#1"},"up":{"uv":[0.975,10.975,0.025,9.775],"tintindex":0,"rotation":0,"texture":"#1"},"down":{"uv":[10.725,0.025,9.775,1.225],"tintindex":0,"rotation":0,"texture":"#1"}}},{"from":[6.5,8.946705,0.17871428],"to":[7.5,10.446705,13.678715],"faces":{"east":{"uv":[0.025,1.525,6.725,2.225],"tintindex":0,"rotation":0,"texture":"#1"},"south":{"uv":[8.775,11.025,9.225,11.725],"tintindex":0,"rotation":0,"texture":"#1"},"north":{"uv":[1.275,11.025,1.725,11.725],"tintindex":0,"rotation":0,"texture":"#1"},"west":{"uv":[0.025,2.275,6.725,2.975],"tintindex":0,"rotation":0,"texture":"#1"},"up":{"uv":[1.475,9.725,1.025,3.025],"tintindex":0,"rotation":0,"texture":"#1"},"down":{"uv":[1.975,3.025,1.525,9.725],"tintindex":0,"rotation":0,"texture":"#1"}}},{"from":[11.830824,9.946705,-4.4571114],"to":[14.830824,9.946705,0.042887688],"faces":{"up":{"uv":[12.275,2.475,13.725,0.275],"tintindex":0,"rotation":0,"texture":"#1"},"down":{"uv":[12.275,0.275,13.725,2.475],"tintindex":0,"rotation":0,"texture":"#1"}},"rotation":{"origin":[12.580824,10.196705,1.5428877],"angle":-22.5,"axis":"y"}},{"from":[11.330824,8.946705,0.042887688],"to":[15.330824,10.946705,2.0428877],"faces":{"east":{"uv":[10.975,6.525,10.025,7.475],"tintindex":0,"rotation":0,"texture":"#1"},"south":{"uv":[9.975,4.025,8.025,4.975],"tintindex":0,"rotation":0,"texture":"#1"},"north":{"uv":[8.725,1.525,6.775,2.475],"tintindex":0,"rotation":0,"texture":"#1"},"west":{"uv":[7.225,10.025,6.275,10.975],"tintindex":0,"rotation":0,"texture":"#1"},"up":{"uv":[8.025,5.975,9.975,5.025],"tintindex":0,"rotation":0,"texture":"#1"},"down":{"uv":[8.025,6.025,9.975,6.975],"tintindex":0,"rotation":0,"texture":"#1"}},"rotation":{"origin":[12.580824,10.196705,1.5428877],"angle":-22.5,"axis":"y"}},{"from":[-1.2687416,9.446705,1.6539917],"to":[1.7312584,10.446705,3.1539917],"faces":{"east":{"uv":[9.275,11.025,9.975,11.475],"tintindex":0,"rotation":0,"texture":"#1"},"south":{"uv":[10.775,0.025,12.225,0.475],"tintindex":0,"rotation":0,"texture":"#1"},"north":{"uv":[10.525,9.775,11.975,10.225],"tintindex":0,"rotation":0,"texture":"#1"},"west":{"uv":[10.025,11.025,10.725,11.475],"tintindex":0,"rotation":0,"texture":"#1"},"up":{"uv":[11.475,5.725,10.025,5.025],"tintindex":0,"rotation":0,"texture":"#1"},"down":{"uv":[11.475,5.775,10.025,6.475],"tintindex":0,"rotation":0,"texture":"#1"}},"rotation":{"origin":[0.4812584,10.196705,3.1539917],"angle":45.0,"axis":"y"}},{"from":[18.061634,10.446705,2.446885],"to":[18.561634,10.446705,14.446884],"faces":{"up":{"uv":[7.025,9.975,7.475,4.025],"tintindex":0,"rotation":0,"texture":"#1"},"down":{"uv":[7.525,4.025,7.975,9.975],"tintindex":0,"rotation":0,"texture":"#1"}},"rotation":{"origin":[14.811634,10.696705,2.446885],"angle":-45.0,"axis":"y"}}],"display":{"head":{"rotation":[0.0,0.0,0.0]},"firstperson_righthand":{"rotation":[0.0,0.0,0.0]},"thirdperson_lefthand":{"rotation":[0.0,-0.0,-0.0]},"firstperson_lefthand":{"rotation":[0.0,-0.0,-0.0]},"fixed":{"rotation":[0.0,0.0,0.0]},"ground":{"rotation":[0.0,0.0,0.0]},"thirdperson_righthand":{"rotation":[0.0,0.0,0.0]},"gui":{"rotation":[-150.0,-45.0,180.0]}}}