{"display":{"firstperson_lefthand":{"rotation":[13,-9,-43],"scale":[0.6,0.6,0.6],"translation":[0.5,-0.5,-3]},"firstperson_righthand":{"rotation":[13,-10,47],"scale":[0.6,0.6,0.6],"translation":[3,-0.5,-2.75]},"fixed":{"rotation":[-90,-135,45],"scale":[0.6,0.6,0.6],"translation":[-0.5,1.5,0]},"ground":{"rotation":[11,0,19],"scale":[0.45,0.45,0.45],"translation":[0,4,-1.5]},"gui":{"rotation":[90,-45,45],"scale":[0.65,0.65,0.65],"translation":[2,0.5,0]},"head":{"rotation":[0,0,45],"translation":[0,-1.5,0]},"thirdperson_lefthand":{"rotation":[0,0,-44],"scale":[0.7,0.7,0.7],"translation":[-1.25,-0.5,-2.5]},"thirdperson_righthand":{"rotation":[0,0,44],"scale":[0.7,0.7,0.7],"translation":[1,-0.5,-2.5]}},"elements":[{"faces":{"down":{"texture":"#0","uv":[0,0,0,2]},"east":{"texture":"#0","uv":[7.5,0.25,9.5,0.5]},"north":{"texture":"#0","uv":[0,0,0,0.25]},"south":{"texture":"#0","uv":[0,0,0,0.25]},"up":{"texture":"#0","uv":[0,2,0,0]},"west":{"texture":"#0","uv":[7.5,6.75,9.5,7]}},"from":[8,7.64016,3.79161],"rotation":{"angle":-45,"axis":"x","origin":[8,10.3,11.95146]},"to":[8,8.64016,11.79161]},{"faces":{"down":{"texture":"#0","uv":[8.75,4.25,8,4.75]},"east":{"texture":"#0","uv":[8,1.5,8.5,2.25]},"north":{"texture":"#0","uv":[6.25,7.25,7,8]},"south":{"texture":"#0","uv":[7,7.25,7.75,8]},"up":{"texture":"#0","uv":[8.75,3.5,8,3]},"west":{"texture":"#0","uv":[8,2.25,8.5,3]}},"from":[6.25,8.65,12.75],"rotation":{"angle":45,"axis":"z","origin":[8,10.4,12.8]},"to":[9.75,12.15,15.25]},{"faces":{"down":{"texture":"#0","uv":[2.25,7.75,2,9.75]},"east":{"texture":"#0","uv":[0,0,2,0]},"north":{"texture":"#0","uv":[0,0,0.25,0]},"south":{"texture":"#0","uv":[0,0,0.25,0]},"up":{"texture":"#0","uv":[2,9.75,1.75,7.75]},"west":{"texture":"#0","uv":[0,0,2,0]}},"from":[13.67164,10.3,4.42597],"rotation":{"angle":-45,"axis":"y","origin":[10.77164,10.3,7.42597]},"to":[14.67164,10.3,12.42597]},{"faces":{"down":{"texture":"#0","uv":[0,0,0,2]},"east":{"texture":"#0","uv":[7.5,7,9.5,7.25]},"north":{"texture":"#0","uv":[0,0,0,0.25]},"south":{"texture":"#0","uv":[0,0,0,0.25]},"up":{"texture":"#0","uv":[0,2,0,0]},"west":{"texture":"#0","uv":[7.75,0.5,9.75,0.75]}},"from":[8,11.95984,3.79161],"rotation":{"angle":45,"axis":"x","origin":[8,10.3,11.95146]},"to":[8,12.95984,11.79161]},{"faces":{"down":{"texture":"#0","uv":[8,1.5,7.75,3.5]},"east":{"texture":"#0","uv":[0,0,2,0]},"north":{"texture":"#0","uv":[0,0,0.25,0]},"south":{"texture":"#0","uv":[0,0,0.25,0]},"up":{"texture":"#0","uv":[1.75,9.75,1.5,7.75]},"west":{"texture":"#0","uv":[0,0,2,0]}},"from":[1.32836,10.3,4.42597],"rotation":{"angle":45,"axis":"y","origin":[5.22836,10.3,7.42597]},"to":[2.32836,10.3,12.42597]},{"faces":{"down":{"texture":"#0","uv":[5,7,4.5,7.5]},"east":{"texture":"#0","uv":[2.25,6.5,2.75,7.75]},"north":{"texture":"#0","uv":[5,6.25,5.5,7.5]},"south":{"texture":"#0","uv":[2.75,6.5,3.25,7.75]},"up":{"texture":"#0","uv":[4,3.5,3.5,3]},"west":{"texture":"#0","uv":[3.25,6.5,3.75,7.75]}},"from":[7,11.56744,3.793],"rotation":{"angle":22.5,"axis":"x","origin":[7.999,12.37359,4.82552]},"to":[9,16.56744,5.793]},{"faces":{"down":{"texture":"#0","uv":[8.75,3.5,8.25,4]},"east":{"texture":"#0","uv":[7.25,8,7.75,8.5]},"north":{"texture":"#0","uv":[6.75,8,7.25,8.5]},"south":{"texture":"#0","uv":[7.75,8,8.25,8.5]},"up":{"texture":"#0","uv":[3.25,8.75,2.75,8.25]},"west":{"texture":"#0","uv":[2.25,8.25,2.75,8.75]}},"from":[6.75,10.76744,3.543],"rotation":{"angle":22.5,"axis":"x","origin":[7.999,12.37359,4.82552]},"to":[9.25,13.26744,6.043]},{"faces":{"down":{"texture":"#0","uv":[5.75,5.25,5,6.25]},"east":{"texture":"#0","uv":[5,3.5,6,4.25]},"north":{"texture":"#0","uv":[6.75,6.5,7.5,7.25]},"south":{"texture":"#0","uv":[7,0.5,7.75,1.25]},"up":{"texture":"#0","uv":[5.75,5.25,5,4.25]},"west":{"texture":"#0","uv":[4,5,5,5.75]}},"from":[6.5,13.12148,6.93312],"rotation":{"angle":-22.5,"axis":"x","origin":[7.999,12.37359,4.82552]},"to":[9.5,16.12148,10.93312]},{"faces":{"down":{"texture":"#0","uv":[6.25,2.25,5.5,2.75]},"east":{"texture":"#0","uv":[2.5,4.75,3,5.5]},"north":{"texture":"#0","uv":[1.5,7,2.25,7.75]},"south":{"texture":"#0","uv":[7,2,7.75,2.75]},"up":{"texture":"#0","uv":[2.75,3.5,2,3]},"west":{"texture":"#0","uv":[7.75,3.5,8.25,4.25]}},"from":[6.25,12.87148,8.68312],"rotation":{"angle":-22.5,"axis":"x","origin":[7.999,12.37359,4.82552]},"to":[9.75,16.37148,11.18312]},{"faces":{"down":{"texture":"#0","uv":[3,3.5,2,4.75]},"east":{"texture":"#0","uv":[0.75,3,2,4]},"north":{"texture":"#0","uv":[3,3.5,4,4.5]},"south":{"texture":"#0","uv":[0.75,4,1.75,5]},"up":{"texture":"#0","uv":[4.5,3,3.5,1.75]},"west":{"texture":"#0","uv":[3.5,0.75,4.75,1.75]}},"from":[6,12.62148,10.93312],"rotation":{"angle":-22.5,"axis":"x","origin":[7.999,12.37359,4.82552]},"to":[10,16.62148,15.93312]},{"faces":{"down":{"texture":"#1","uv":[3,0,0,6]},"east":{"rotation":270,"texture":"#1","uv":[7,0,4,6]},"north":{"texture":"#1","uv":[0,0,0,0]},"up":{"texture":"#1","uv":[3,6,0,0]},"west":{"rotation":90,"texture":"#1","uv":[7,0,4,6]}},"from":[6.498,13.11948,15.43112],"name":"out","rotation":{"angle":-22.5,"axis":"x","origin":[7.999,12.37359,4.82552]},"to":[9.502,16.12348,21.43512]},{"faces":{"down":{"texture":"#1","uv":[0,0,3,6]},"east":{"rotation":270,"texture":"#1","uv":[4,0,7,6]},"north":{"texture":"#1","uv":[0,0,0,0]},"up":{"texture":"#1","uv":[0,6,3,0]},"west":{"rotation":90,"texture":"#1","uv":[4,0,7,6]}},"from":[9.5,13.12148,15.43312],"name":"in","rotation":{"angle":-22.5,"axis":"x","origin":[7.999,12.37359,4.82552]},"to":[6.5,16.12148,21.43312]},{"faces":{"down":{"texture":"#1","uv":[3,0,0,0]},"east":{"rotation":270,"texture":"#1","uv":[7,0,4,0]},"north":{"texture":"#1","uv":[0,9,3,12]},"south":{"texture":"#1","uv":[0,9,3,12]},"up":{"texture":"#1","uv":[3,0,0,0]},"west":{"rotation":90,"texture":"#1","uv":[7,0,4,0]}},"from":[6.5,13.12148,16.43312],"rotation":{"angle":-22.5,"axis":"x","origin":[7.999,12.37359,4.82552]},"to":[9.5,16.12148,16.43312]},{"faces":{"down":{"rotation":270,"texture":"#0","uv":[3.25,6.5,3.75,7.75]},"east":{"rotation":270,"texture":"#0","uv":[5,7,4.5,7.5]},"north":{"rotation":90,"texture":"#0","uv":[5,6.25,5.5,7.5]},"south":{"rotation":270,"texture":"#0","uv":[2.75,6.5,3.25,7.75]},"up":{"rotation":270,"texture":"#0","uv":[2.25,6.5,2.75,7.75]},"west":{"rotation":270,"texture":"#0","uv":[4,3.5,3.5,3]}},"from":[1.80756,9.375,3.793],"rotation":{"angle":22.5,"axis":"y","origin":[5.999,10.37359,4.82552]},"to":[6.80756,11.375,5.793]},{"faces":{"down":{"rotation":270,"texture":"#0","uv":[2.25,8.25,2.75,8.75]},"east":{"rotation":270,"texture":"#0","uv":[8.75,3.5,8.25,4]},"north":{"rotation":90,"texture":"#0","uv":[6.75,8,7.25,8.5]},"south":{"rotation":270,"texture":"#0","uv":[7.75,8,8.25,8.5]},"up":{"rotation":270,"texture":"#0","uv":[7.25,8,7.75,8.5]},"west":{"rotation":270,"texture":"#0","uv":[3.25,8.75,2.75,8.25]}},"from":[5.10756,9.125,3.543],"rotation":{"angle":22.5,"axis":"y","origin":[5.999,10.37359,4.82552]},"to":[7.60756,11.625,6.043]},{"faces":{"down":{"rotation":270,"texture":"#0","uv":[4,5,5,5.75]},"east":{"rotation":270,"texture":"#0","uv":[5.75,5.25,5,6.25]},"north":{"rotation":90,"texture":"#0","uv":[6.75,6.5,7.5,7.25]},"south":{"rotation":270,"texture":"#0","uv":[7,0.5,7.75,1.25]},"up":{"rotation":270,"texture":"#0","uv":[5,3.5,6,4.25]},"west":{"rotation":270,"texture":"#0","uv":[5.75,5.25,5,4.25]}},"from":[2.25281,8.875,6.93141],"rotation":{"angle":-22.5,"axis":"y","origin":[5.999,10.37359,4.82552]},"to":[5.25281,11.875,10.93141]},{"faces":{"down":{"rotation":270,"texture":"#0","uv":[7.75,3.5,8.25,4.25]},"east":{"rotation":270,"texture":"#0","uv":[6.25,2.25,5.5,2.75]},"north":{"rotation":90,"texture":"#0","uv":[1.5,7,2.25,7.75]},"south":{"rotation":270,"texture":"#0","uv":[7,2,7.75,2.75]},"up":{"rotation":270,"texture":"#0","uv":[2.5,4.75,3,5.5]},"west":{"rotation":270,"texture":"#0","uv":[2.75,3.5,2,3]}},"from":[2.00281,8.625,8.68141],"rotation":{"angle":-22.5,"axis":"y","origin":[5.999,10.37359,4.82552]},"to":[5.50281,12.125,11.18141]},{"faces":{"down":{"rotation":270,"texture":"#0","uv":[3.5,0.75,4.75,1.75]},"east":{"rotation":270,"texture":"#0","uv":[3,3.5,2,4.75]},"north":{"rotation":90,"texture":"#0","uv":[3,3.5,4,4.5]},"south":{"rotation":270,"texture":"#0","uv":[0.75,4,1.75,5]},"up":{"rotation":270,"texture":"#0","uv":[0.75,3,2,4]},"west":{"rotation":270,"texture":"#0","uv":[4.5,3,3.5,1.75]}},"from":[1.75281,8.375,10.93141],"rotation":{"angle":-22.5,"axis":"y","origin":[5.999,10.37359,4.82552]},"to":[5.75281,12.375,15.93141]},{"faces":{"down":{"texture":"#1","uv":[7,0,4,6]},"east":{"rotation":270,"texture":"#1","uv":[3,0,0,6]},"north":{"rotation":90,"texture":"#1","uv":[0,0,0,0]},"up":{"rotation":180,"texture":"#1","uv":[7,0,4,6]},"west":{"rotation":270,"texture":"#1","uv":[3,6,0,0]}},"from":[2.2491,8.87259,15.43112],"name":"out","rotation":{"angle":-22.5,"axis":"y","origin":[5.999,10.37359,4.82552]},"to":[5.2531,11.87659,21.43512]},{"faces":{"down":{"texture":"#1","uv":[4,0,7,6]},"east":{"rotation":270,"texture":"#1","uv":[0,0,3,6]},"north":{"rotation":90,"texture":"#1","uv":[0,0,0,0]},"up":{"rotation":180,"texture":"#1","uv":[4,0,7,6]},"west":{"rotation":270,"texture":"#1","uv":[0,6,3,0]}},"from":[2.2511,11.87459,15.43312],"name":"in","rotation":{"angle":-22.5,"axis":"y","origin":[5.999,10.37359,4.82552]},"to":[5.2511,8.87459,21.43312]},{"faces":{"down":{"texture":"#1","uv":[7,0,4,0]},"east":{"rotation":270,"texture":"#1","uv":[3,0,0,0]},"north":{"rotation":90,"texture":"#1","uv":[0,9,3,12]},"south":{"rotation":270,"texture":"#1","uv":[0,9,3,12]},"up":{"rotation":180,"texture":"#1","uv":[7,0,4,0]},"west":{"rotation":270,"texture":"#1","uv":[3,0,0,0]}},"from":[2.2511,8.87459,16.43312],"rotation":{"angle":-22.5,"axis":"y","origin":[5.999,10.37359,4.82552]},"to":[5.2511,11.87459,16.43312]},{"faces":{"down":{"texture":"#0","uv":[4,3,3.5,3.5]},"east":{"texture":"#0","uv":[2.25,7.75,2.75,6.5]},"north":{"texture":"#0","uv":[5,7.5,5.5,6.25]},"south":{"texture":"#0","uv":[2.75,7.75,3.25,6.5]},"up":{"texture":"#0","uv":[5,7.5,4.5,7]},"west":{"texture":"#0","uv":[3.25,7.75,3.75,6.5]}},"from":[7,4.18256,3.793],"rotation":{"angle":-22.5,"axis":"x","origin":[7.999,8.37359,4.82552]},"to":[9,9.18256,5.793]},{"faces":{"down":{"texture":"#0","uv":[3.25,8.25,2.75,8.75]},"east":{"texture":"#0","uv":[7.25,8.5,7.75,8]},"north":{"texture":"#0","uv":[6.75,8.5,7.25,8]},"south":{"texture":"#0","uv":[7.75,8.5,8.25,8]},"up":{"texture":"#0","uv":[8.75,4,8.25,3.5]},"west":{"texture":"#0","uv":[2.25,8.75,2.75,8.25]}},"from":[6.75,7.48256,3.543],"rotation":{"angle":-22.5,"axis":"x","origin":[7.999,8.37359,4.82552]},"to":[9.25,9.98256,6.043]},{"faces":{"down":{"texture":"#0","uv":[5.75,4.25,5,5.25]},"east":{"texture":"#0","uv":[5,4.25,6,3.5]},"north":{"texture":"#0","uv":[6.75,7.25,7.5,6.5]},"south":{"texture":"#0","uv":[7,1.25,7.75,0.5]},"up":{"texture":"#0","uv":[5.75,6.25,5,5.25]},"west":{"texture":"#0","uv":[4,5.75,5,5]}},"from":[6.5,4.62769,6.93112],"rotation":{"angle":22.5,"axis":"x","origin":[7.999,8.37359,4.82552]},"to":[9.5,7.62769,10.93112]},{"faces":{"down":{"texture":"#0","uv":[2.75,3,2,3.5]},"east":{"texture":"#0","uv":[2.5,5.5,3,4.75]},"north":{"texture":"#0","uv":[1.5,7.75,2.25,7]},"south":{"texture":"#0","uv":[7,2.75,7.75,2]},"up":{"texture":"#0","uv":[6.25,2.75,5.5,2.25]},"west":{"texture":"#0","uv":[7.75,4.25,8.25,3.5]}},"from":[6.25,4.37769,8.68112],"rotation":{"angle":22.5,"axis":"x","origin":[7.999,8.37359,4.82552]},"to":[9.75,7.87769,11.18112]},{"faces":{"down":{"texture":"#0","uv":[4.5,1.75,3.5,3]},"east":{"texture":"#0","uv":[0.75,4,2,3]},"north":{"texture":"#0","uv":[3,4.5,4,3.5]},"south":{"texture":"#0","uv":[0.75,5,1.75,4]},"up":{"texture":"#0","uv":[3,4.75,2,3.5]},"west":{"texture":"#0","uv":[3.5,1.75,4.75,0.75]}},"from":[6,4.12769,10.93112],"rotation":{"angle":22.5,"axis":"x","origin":[7.999,8.37359,4.82552]},"to":[10,8.12769,15.93112]},{"faces":{"down":{"texture":"#1","uv":[3,0,0,6]},"east":{"rotation":270,"texture":"#1","uv":[4,0,7,6]},"north":{"texture":"#1","uv":[0,0,0,0]},"up":{"texture":"#1","uv":[3,6,0,0]},"west":{"rotation":90,"texture":"#1","uv":[4,0,7,6]}},"from":[6.496,4.62369,15.43112],"name":"out","rotation":{"angle":22.5,"axis":"x","origin":[7.999,8.37359,4.82552]},"to":[9.5,7.62769,21.43512]},{"faces":{"down":{"texture":"#1","uv":[0,0,3,6]},"east":{"rotation":270,"texture":"#1","uv":[7,0,4,6]},"north":{"texture":"#1","uv":[0,0,0,0]},"up":{"texture":"#1","uv":[0,6,3,0]},"west":{"rotation":90,"texture":"#1","uv":[7,0,4,6]}},"from":[9.498,4.62569,15.43312],"name":"in","rotation":{"angle":22.5,"axis":"x","origin":[7.999,8.37359,4.82552]},"to":[6.498,7.62569,21.43312]},{"faces":{"down":{"texture":"#1","uv":[3,0,0,0]},"east":{"rotation":270,"texture":"#1","uv":[4,0,7,0]},"north":{"texture":"#1","uv":[0,12,3,9]},"south":{"texture":"#1","uv":[0,12,3,9]},"up":{"texture":"#1","uv":[3,0,0,0]},"west":{"rotation":90,"texture":"#1","uv":[4,0,7,0]}},"from":[6.498,4.62569,16.43312],"rotation":{"angle":22.5,"axis":"x","origin":[7.999,8.37359,4.82552]},"to":[9.498,7.62569,16.43312]},{"faces":{"down":{"rotation":270,"texture":"#0","uv":[3.25,7.75,3.75,6.5]},"east":{"rotation":270,"texture":"#0","uv":[4,3,3.5,3.5]},"north":{"rotation":90,"texture":"#0","uv":[5,7.5,5.5,6.25]},"south":{"rotation":270,"texture":"#0","uv":[2.75,7.75,3.25,6.5]},"up":{"rotation":270,"texture":"#0","uv":[2.25,7.75,2.75,6.5]},"west":{"rotation":270,"texture":"#0","uv":[5,7.5,4.5,7]}},"from":[9.19244,9.375,3.793],"rotation":{"angle":-22.5,"axis":"y","origin":[9.999,10.37359,4.82552]},"to":[14.19244,11.375,5.793]},{"faces":{"down":{"rotation":270,"texture":"#0","uv":[2.25,8.75,2.75,8.25]},"east":{"rotation":270,"texture":"#0","uv":[3.25,8.25,2.75,8.75]},"north":{"rotation":90,"texture":"#0","uv":[6.75,8.5,7.25,8]},"south":{"rotation":270,"texture":"#0","uv":[7.75,8.5,8.25,8]},"up":{"rotation":270,"texture":"#0","uv":[7.25,8.5,7.75,8]},"west":{"rotation":270,"texture":"#0","uv":[8.75,4,8.25,3.5]}},"from":[8.39244,9.125,3.543],"rotation":{"angle":-22.5,"axis":"y","origin":[9.999,10.37359,4.82552]},"to":[10.89244,11.625,6.043]},{"faces":{"down":{"rotation":270,"texture":"#0","uv":[4,5.75,5,5]},"east":{"rotation":270,"texture":"#0","uv":[5.75,4.25,5,5.25]},"north":{"rotation":90,"texture":"#0","uv":[6.75,7.25,7.5,6.5]},"south":{"rotation":270,"texture":"#0","uv":[7,1.25,7.75,0.5]},"up":{"rotation":270,"texture":"#0","uv":[5,4.25,6,3.5]},"west":{"rotation":270,"texture":"#0","uv":[5.75,6.25,5,5.25]}},"from":[10.7466,8.875,6.93283],"rotation":{"angle":22.5,"axis":"y","origin":[9.999,10.37359,4.82552]},"to":[13.7466,11.875,10.93283]},{"faces":{"down":{"rotation":270,"texture":"#0","uv":[7.75,4.25,8.25,3.5]},"east":{"rotation":270,"texture":"#0","uv":[2.75,3,2,3.5]},"north":{"rotation":90,"texture":"#0","uv":[1.5,7.75,2.25,7]},"south":{"rotation":270,"texture":"#0","uv":[7,2.75,7.75,2]},"up":{"rotation":270,"texture":"#0","uv":[2.5,5.5,3,4.75]},"west":{"rotation":270,"texture":"#0","uv":[6.25,2.75,5.5,2.25]}},"from":[10.4966,8.625,8.68283],"rotation":{"angle":22.5,"axis":"y","origin":[9.999,10.37359,4.82552]},"to":[13.9966,12.125,11.18283]},{"faces":{"down":{"rotation":270,"texture":"#0","uv":[3.5,1.75,4.75,0.75]},"east":{"rotation":270,"texture":"#0","uv":[4.5,1.75,3.5,3]},"north":{"rotation":90,"texture":"#0","uv":[3,4.5,4,3.5]},"south":{"rotation":270,"texture":"#0","uv":[0.75,5,1.75,4]},"up":{"rotation":270,"texture":"#0","uv":[0.75,4,2,3]},"west":{"rotation":270,"texture":"#0","uv":[3,4.75,2,3.5]}},"from":[10.2466,8.375,10.93283],"rotation":{"angle":22.5,"axis":"y","origin":[9.999,10.37359,4.82552]},"to":[14.2466,12.375,15.93283]},{"faces":{"down":{"texture":"#1","uv":[4,0,7,6]},"east":{"rotation":270,"texture":"#1","uv":[3,0,0,6]},"north":{"rotation":90,"texture":"#1","uv":[0,0,0,0]},"up":{"rotation":180,"texture":"#1","uv":[4,0,7,6]},"west":{"rotation":270,"texture":"#1","uv":[3,6,0,0]}},"from":[10.7449,8.87059,15.43112],"name":"out","rotation":{"angle":22.5,"axis":"y","origin":[9.999,10.37359,4.82552]},"to":[13.7489,11.87459,21.43512]},{"faces":{"down":{"texture":"#1","uv":[7,0,4,6]},"east":{"rotation":270,"texture":"#1","uv":[0,0,3,6]},"north":{"rotation":90,"texture":"#1","uv":[0,0,0,0]},"up":{"rotation":180,"texture":"#1","uv":[7,0,4,6]},"west":{"rotation":270,"texture":"#1","uv":[0,6,3,0]}},"from":[10.7469,11.87259,15.43312],"name":"in","rotation":{"angle":22.5,"axis":"y","origin":[9.999,10.37359,4.82552]},"to":[13.7469,8.87259,21.43312]},{"faces":{"down":{"texture":"#1","uv":[4,0,7,0]},"east":{"rotation":270,"texture":"#1","uv":[3,0,0,0]},"north":{"rotation":90,"texture":"#1","uv":[0,12,3,9]},"south":{"rotation":270,"texture":"#1","uv":[0,12,3,9]},"up":{"rotation":180,"texture":"#1","uv":[4,0,7,0]},"west":{"rotation":270,"texture":"#1","uv":[3,0,0,0]}},"from":[10.7469,8.87259,16.43312],"rotation":{"angle":22.5,"axis":"y","origin":[9.999,10.37359,4.82552]},"to":[13.7469,11.87259,16.43312]},{"faces":{"down":{"texture":"#0","uv":[2.25,6,1.5,7]},"east":{"texture":"#0","uv":[5.75,5,6.75,5.75]},"north":{"texture":"#0","uv":[3.75,7,4.5,7.75]},"south":{"texture":"#0","uv":[5.5,7,6.25,7.75]},"up":{"texture":"#0","uv":[0.75,6.75,0,5.75]},"west":{"texture":"#0","uv":[5.75,5.75,6.75,6.5]}},"from":[6.5,8.9,2.3],"rotation":{"angle":0,"axis":"y","origin":[7,12,7.8]},"to":[9.5,11.9,6.3]},{"faces":{"down":{"texture":"#0","uv":[0.75,3,0,5.75]},"east":{"texture":"#0","uv":[0,2.25,2.75,3]},"north":{"texture":"#0","uv":[0.5,7.25,1.25,8]},"south":{"texture":"#0","uv":[7.25,5.25,8,6]},"up":{"texture":"#0","uv":[3.5,3.5,2.75,0.75]},"west":{"texture":"#0","uv":[2.5,0,5.25,0.75]}},"from":[6.495,8.895,6.495],"rotation":{"angle":45,"axis":"z","origin":[8,10.4,11.5]},"to":[9.505,11.905,17.505]},{"faces":{"down":{"texture":"#0","uv":[6.75,6.5,5.5,7]},"east":{"texture":"#0","uv":[7.25,8.5,7.75,9]},"north":{"texture":"#0","uv":[6.25,0,7.5,0.5]},"south":{"texture":"#0","uv":[6.5,1.5,7.75,2]},"up":{"texture":"#0","uv":[5,7,3.75,6.5]},"west":{"texture":"#0","uv":[7.75,8.5,8.25,9]}},"from":[1.5,9.4,12.5],"rotation":{"angle":45,"axis":"z","origin":[8,10.4,11.5]},"to":[6.5,11.4,14.5]},{"faces":{"down":{"texture":"#0","uv":[6.75,8,6.5,9.25]},"east":{"texture":"#0","uv":[4.75,0.75,6,1.5]},"north":{"texture":"#0","uv":[8.75,3,9,3.75]},"south":{"texture":"#0","uv":[3.25,8.75,3.5,9.5]},"up":{"texture":"#0","uv":[6.5,9.25,6.25,8]},"west":{"texture":"#0","uv":[5,2.75,6.25,3.5]}},"from":[0.5,8.9,10.5],"rotation":{"angle":45,"axis":"z","origin":[8,10.4,11.5]},"to":[1.5,11.9,15.5]},{"faces":{"down":{"texture":"#0","uv":[7.75,9,7.5,9.5]},"east":{"texture":"#0","uv":[8.75,2,9.25,2.5]},"north":{"texture":"#0","uv":[6,9,6.25,9.5]},"south":{"texture":"#0","uv":[7.25,9,7.5,9.5]},"up":{"texture":"#0","uv":[9.25,7.75,9,7.25]},"west":{"texture":"#0","uv":[2.25,8.75,2.75,9.25]}},"from":[5.25,9.15,12.25],"rotation":{"angle":45,"axis":"z","origin":[8,10.4,11.5]},"to":[6.75,11.65,14.75]},{"faces":{"down":{"texture":"#0","uv":[5,4,4,5]},"east":{"texture":"#0","uv":[8.25,4,9.25,4.25]},"north":{"texture":"#0","uv":[8,5.75,9,6]},"south":{"texture":"#0","uv":[8.25,6,9.25,6.25]},"up":{"texture":"#0","uv":[5,4,4,3]},"west":{"texture":"#0","uv":[8.25,6.25,9.25,6.5]}},"from":[7.61432,8.77168,6.493],"rotation":{"angle":22.5,"axis":"z","origin":[10.12132,8.27868,12.5]},"to":[11.62832,9.78568,10.507]},{"faces":{"down":{"texture":"#0","uv":[8.75,7.25,8.25,7.75]},"east":{"texture":"#0","uv":[3.5,9,4,9.25]},"north":{"texture":"#0","uv":[9,3.25,9.5,3.5]},"south":{"texture":"#0","uv":[9,3.5,9.5,3.75]},"up":{"texture":"#0","uv":[5,8.75,4.5,8.25]},"west":{"texture":"#0","uv":[9,4.25,9.5,4.5]}},"from":[3.8,7.28284,7.25],"rotation":{"angle":45,"axis":"z","origin":[8,10.68284,11.7]},"to":[6.3,8.78284,9.75]},{"faces":{"down":{"texture":"#0","uv":[8.75,8.25,8.25,8.75]},"east":{"texture":"#0","uv":[9,4.75,9.5,5]},"north":{"texture":"#0","uv":[9,4.5,9.5,4.75]},"south":{"texture":"#0","uv":[9,5,9.5,5.25]},"up":{"texture":"#0","uv":[8.75,8.25,8.25,7.75]},"west":{"texture":"#0","uv":[9,5.25,9.5,5.5]}},"from":[3.8,11.78284,7.25],"rotation":{"angle":45,"axis":"z","origin":[8,10.68284,11.7]},"to":[6.3,13.28284,9.75]},{"faces":{"down":{"texture":"#0","uv":[1,9.25,0.75,9.5]},"east":{"texture":"#0","uv":[4.25,7.75,4.5,9]},"north":{"texture":"#0","uv":[2.5,0.75,2.75,2]},"south":{"texture":"#0","uv":[6,7.75,6.25,9]},"up":{"texture":"#0","uv":[0.75,9.5,0.5,9.25]},"west":{"texture":"#0","uv":[1,8,1.25,9.25]}},"from":[8.745,7.895,7.995],"rotation":{"angle":45,"axis":"z","origin":[8,10.4,11]},"to":[9.755,12.905,9.005]},{"faces":{"down":{"texture":"#0","uv":[5.75,8.5,5.5,9.5]},"east":{"texture":"#0","uv":[4.5,1.75,5.5,2.75]},"north":{"texture":"#0","uv":[1.5,5,1.75,6]},"south":{"texture":"#0","uv":[5,8.25,5.25,9.25]},"up":{"texture":"#0","uv":[8.75,2.5,8.5,1.5]},"west":{"texture":"#0","uv":[3,4.5,4,5.5]}},"from":[6.37168,10.01432,6.493],"rotation":{"angle":-22.5,"axis":"z","origin":[5.87868,12.52132,12.5]},"to":[7.38568,14.02832,10.507]},{"faces":{"down":{"texture":"#0","uv":[1,0,0,0]},"east":{"texture":"#0","uv":[0,0,0,0.75]},"north":{"texture":"#0","uv":[4,5.75,5,6.5]},"south":{"texture":"#0","uv":[5.75,4.25,6.75,5]},"up":{"texture":"#0","uv":[1,0,0,0]},"west":{"texture":"#0","uv":[0,0,0,0.75]}},"from":[9.745,8.895,8.495],"rotation":{"angle":45,"axis":"z","origin":[8,10.4,11.5]},"to":[13.755,11.905,8.505]},{"faces":{"down":{"texture":"#0","uv":[7.25,8.5,6.75,9]},"east":{"texture":"#0","uv":[7.75,7.25,8.25,8]},"north":{"texture":"#0","uv":[5.5,7.75,6,8.5]},"south":{"texture":"#0","uv":[0,8,0.5,8.75]},"up":{"texture":"#0","uv":[9,3,8.5,2.5]},"west":{"texture":"#0","uv":[0.5,8,1,8.75]}},"from":[4.25,8.7,7.5],"rotation":{"angle":45,"axis":"z","origin":[8,10.4,11.5]},"to":[6.25,11.7,9.5]},{"faces":{"down":{"texture":"#0","uv":[8,4.75,6.75,5.25]},"east":{"texture":"#0","uv":[0,0,0.5,0]},"north":{"texture":"#0","uv":[0,0,1.25,0]},"south":{"texture":"#0","uv":[0,0,1.25,0]},"up":{"texture":"#0","uv":[8,4.75,6.75,4.25]},"west":{"texture":"#0","uv":[0,0,0.5,0]}},"from":[1.5,10.4,10.5],"rotation":{"angle":45,"axis":"z","origin":[8,10.4,11.5]},"to":[6.5,10.4,12.5]},{"faces":{"down":{"texture":"#0","uv":[4.25,7.75,3.75,8.75]},"east":{"texture":"#0","uv":[7.75,0.75,8.75,1.25]},"north":{"texture":"#0","uv":[0,8.75,0.5,9.25]},"south":{"texture":"#0","uv":[0.5,8.75,1,9.25]},"up":{"texture":"#0","uv":[3.75,8.75,3.25,7.75]},"west":{"texture":"#0","uv":[2.25,7.75,3.25,8.25]}},"from":[5.62319,9.55901,17.505],"rotation":{"angle":-45,"axis":"z","origin":[7.12319,8.80901,19.005]},"to":[7.62319,11.55901,21.505]},{"faces":{"down":{"texture":"#0","uv":[8.75,5.25,8,5.75]},"east":{"texture":"#0","uv":[0,6.75,0.5,8]},"north":{"texture":"#0","uv":[1.75,4.75,2.5,6]},"south":{"texture":"#0","uv":[0.75,5,1.5,6.25]},"up":{"texture":"#0","uv":[8.75,5.25,8,4.75]},"west":{"texture":"#0","uv":[6.75,5.25,7.25,6.5]}},"from":[5.08579,7.48579,21.25],"rotation":{"angle":-45,"axis":"z","origin":[6.58579,8.98579,22.75]},"to":[8.08579,12.48579,23.25]},{"faces":{"down":{"texture":"#0","uv":[7,2.25,6.25,3.25]},"east":{"texture":"#0","uv":[6,0.75,7,1.5]},"north":{"texture":"#0","uv":[4.5,7.5,5.25,8.25]},"south":{"texture":"#0","uv":[7.5,6,8.25,6.75]},"up":{"texture":"#0","uv":[1.5,7.25,0.75,6.25]},"west":{"texture":"#0","uv":[6,3.5,7,4.25]}},"from":[6.25,8.65,2.05],"rotation":{"angle":0,"axis":"y","origin":[7,12,7.8]},"to":[9.75,12.15,6.55]},{"faces":{"down":{"texture":"#0","uv":[0.75,6.75,0.5,7.25]},"east":{"texture":"#0","uv":[4.5,2.75,5,3]},"north":{"texture":"#0","uv":[2.5,2,2.75,2.25]},"south":{"texture":"#0","uv":[5.5,6.25,5.75,6.5]},"up":{"texture":"#0","uv":[2.5,6.5,2.25,6]},"west":{"texture":"#0","uv":[6.5,2,7,2.25]}},"from":[7.05,9.73284,-4.05],"rotation":{"angle":45,"axis":"z","origin":[8,10.68284,16.4]},"to":[8.55,11.23284,-1.55]},{"faces":{"down":{"texture":"#0","uv":[4.25,8.75,4,9.25]},"east":{"texture":"#0","uv":[6.25,7,6.75,7.25]},"north":{"texture":"#0","uv":[7.75,9,8,9.25]},"south":{"texture":"#0","uv":[9,7.75,9.25,8]},"up":{"texture":"#0","uv":[7.5,6.5,7.25,6]},"west":{"texture":"#0","uv":[3.5,8.75,4,9]}},"from":[7.4,9.8,-0.6],"rotation":{"angle":45,"axis":"z","origin":[8,10.4,16.5]},"to":[8.6,11,1.6]},{"faces":{"down":{"texture":"#0","uv":[5.5,7.5,5.25,9.5]},"east":{"texture":"#0","uv":[7,1.25,9,1.5]},"north":{"texture":"#0","uv":[8,9,8.25,9.25]},"south":{"texture":"#0","uv":[9,8,9.25,8.25]},"up":{"texture":"#0","uv":[1.5,9.25,1.25,7.25]},"west":{"texture":"#0","uv":[7.5,0,9.5,0.25]}},"from":[7.5,9.9,-1.5],"rotation":{"angle":45,"axis":"z","origin":[8,10.4,16.5]},"to":[8.5,10.9,6.5]},{"faces":{"down":{"texture":"#0","uv":[2.5,0,1.25,2.25]},"east":{"texture":"#0","uv":[0,0,2.25,0]},"north":{"texture":"#0","uv":[0,0,1.25,0]},"south":{"texture":"#0","uv":[0,0,1.25,0]},"up":{"texture":"#0","uv":[1.25,2.25,0,0]},"west":{"texture":"#0","uv":[0,0,2.25,0]}},"from":[3.5,10.4,-0.35],"rotation":{"angle":45,"axis":"z","origin":[8,10.4,17.15]},"to":[8.5,10.4,8.65]},{"faces":{"down":{"texture":"#0","uv":[0.5,9.25,0.25,9.5]},"east":{"texture":"#0","uv":[8.75,9,9,9.25]},"north":{"texture":"#0","uv":[8.5,9,8.75,9.25]},"south":{"texture":"#0","uv":[9,8.75,9.25,9]},"up":{"texture":"#0","uv":[0.25,9.5,0,9.25]},"west":{"texture":"#0","uv":[9,9,9.25,9.25]}},"from":[7.4,9.8,2.4],"rotation":{"angle":45,"axis":"z","origin":[8,10.4,16.5]},"to":[8.6,11,3.6]},{"faces":{"down":{"texture":"#0","uv":[0.25,0,0,0]},"east":{"texture":"#0","uv":[0,0,0,0.5]},"north":{"texture":"#0","uv":[8.75,4.25,9,4.75]},"south":{"texture":"#0","uv":[4.5,8.75,4.75,9.25]},"up":{"texture":"#0","uv":[0.25,0,0,0]},"west":{"texture":"#0","uv":[0,0,0,0.5]}},"from":[7.5,13.9,3.6],"rotation":{"angle":-45,"axis":"x","origin":[8,10.4,3.5]},"to":[8.5,15.9,3.6]},{"faces":{"down":{"texture":"#0","uv":[6,8.5,5.75,9.25]},"east":{"texture":"#0","uv":[0,0,0.75,0]},"north":{"texture":"#0","uv":[0,0,0.25,0]},"south":{"texture":"#0","uv":[0,0,0.25,0]},"up":{"texture":"#0","uv":[2,4.75,1.75,4]},"west":{"texture":"#0","uv":[0,0,0.75,0]}},"from":[7.5,15.9,0.6],"rotation":{"angle":-45,"axis":"x","origin":[8,10.4,3.5]},"to":[8.5,15.9,3.6]},{"faces":{"down":{"texture":"#0","uv":[0.25,0,0,0]},"east":{"texture":"#0","uv":[0,0,0,0.5]},"north":{"texture":"#0","uv":[4.75,8.75,5,9.25]},"south":{"texture":"#0","uv":[8.75,4.75,9,5.25]},"up":{"texture":"#0","uv":[0.25,0,0,0]},"west":{"texture":"#0","uv":[0,0,0,0.5]}},"from":[7.5,13.9,0.6],"rotation":{"angle":-45,"axis":"x","origin":[8,10.4,3.5]},"to":[8.5,15.9,0.6]},{"faces":{"down":{"texture":"#0","uv":[0.25,0,0,0]},"east":{"texture":"#0","uv":[0,0,0,0.5]},"north":{"texture":"#0","uv":[8.75,5.25,9,5.75]},"south":{"texture":"#0","uv":[8.75,7.25,9,7.75]},"up":{"texture":"#0","uv":[0.25,0,0,0]},"west":{"texture":"#0","uv":[0,0,0,0.5]}},"from":[7.5,-0.20122,1.54975],"rotation":{"angle":45,"axis":"x","origin":[8,5.29878,8.44975]},"to":[8.5,1.79878,1.54975]},{"faces":{"down":{"texture":"#0","uv":[3.25,8.75,3,9.5]},"east":{"texture":"#0","uv":[0,0,0.75,0]},"north":{"texture":"#0","uv":[0,0,0.25,0]},"south":{"texture":"#0","uv":[0,0,0.25,0]},"up":{"texture":"#0","uv":[3,9.5,2.75,8.75]},"west":{"texture":"#0","uv":[0,0,0.75,0]}},"from":[7.5,-0.20122,-1.45025],"rotation":{"angle":45,"axis":"x","origin":[8,5.29878,8.44975]},"to":[8.5,-0.20122,1.54975]},{"faces":{"down":{"texture":"#0","uv":[0.25,0,0,0]},"east":{"texture":"#0","uv":[0,0,0,0.5]},"north":{"texture":"#0","uv":[8.75,7.75,9,8.25]},"south":{"texture":"#0","uv":[8.25,8.75,8.5,9.25]},"up":{"texture":"#0","uv":[0.25,0,0,0]},"west":{"texture":"#0","uv":[0,0,0,0.5]}},"from":[7.5,-0.20122,-1.45025],"rotation":{"angle":45,"axis":"x","origin":[8,5.29878,8.44975]},"to":[8.5,1.79878,-1.45025]},{"faces":{"down":{"texture":"#0","uv":[0.5,0,0,0]},"east":{"texture":"#0","uv":[0,0,0,0.25]},"north":{"texture":"#0","uv":[8.75,3.75,9.25,4]},"south":{"texture":"#0","uv":[8.75,8.25,9.25,8.5]},"up":{"texture":"#0","uv":[0.5,0,0,0]},"west":{"texture":"#0","uv":[0,0,0,0.25]}},"from":[9.26777,9.82426,-2.17193],"rotation":{"angle":45,"axis":"y","origin":[10.26777,10.32426,-0.67193]},"to":[11.26777,10.82426,-2.17193]},{"faces":{"down":{"texture":"#0","uv":[0,0,0,0.75]},"east":{"texture":"#0","uv":[4.75,1.5,5.5,1.75]},"north":{"texture":"#0","uv":[0,0,0,0.25]},"south":{"texture":"#0","uv":[0,0,0,0.25]},"up":{"texture":"#0","uv":[0,0.75,0,0]},"west":{"texture":"#0","uv":[6.25,0.5,7,0.75]}},"from":[11.26777,9.82426,-2.17193],"rotation":{"angle":45,"axis":"y","origin":[10.26777,10.32426,-0.67193]},"to":[11.26777,10.82426,0.82807]},{"faces":{"down":{"texture":"#0","uv":[0.5,0,0,0]},"east":{"texture":"#0","uv":[0,0,0,0.25]},"north":{"texture":"#0","uv":[8.5,8.75,9,9]},"south":{"texture":"#0","uv":[8.75,8.5,9.25,8.75]},"up":{"texture":"#0","uv":[0.5,0,0,0]},"west":{"texture":"#0","uv":[0,0,0,0.25]}},"from":[9.26777,9.82426,0.82807],"rotation":{"angle":45,"axis":"y","origin":[10.26777,10.32426,-0.67193]},"to":[11.26777,10.82426,0.82807]},{"faces":{"down":{"texture":"#0","uv":[0.5,0,0,0]},"east":{"texture":"#0","uv":[0,0,0,0.25]},"north":{"texture":"#0","uv":[9,1.25,9.5,1.5]},"south":{"texture":"#0","uv":[9,2.5,9.5,2.75]},"up":{"texture":"#0","uv":[0.5,0,0,0]},"west":{"texture":"#0","uv":[0,0,0,0.25]}},"from":[4.73223,9.82426,-2.17193],"rotation":{"angle":-45,"axis":"y","origin":[5.73223,10.32426,-0.67193]},"to":[6.73223,10.82426,-2.17193]},{"faces":{"down":{"texture":"#0","uv":[0,0,0,0.75]},"east":{"texture":"#0","uv":[6.25,3.25,7,3.5]},"north":{"texture":"#0","uv":[0,0,0,0.25]},"south":{"texture":"#0","uv":[0,0,0,0.25]},"up":{"texture":"#0","uv":[0,0.75,0,0]},"west":{"texture":"#0","uv":[8.25,6.5,9,6.75]}},"from":[4.73223,9.82426,-2.17193],"rotation":{"angle":-45,"axis":"y","origin":[5.73223,10.32426,-0.67193]},"to":[4.73223,10.82426,0.82807]},{"faces":{"down":{"texture":"#0","uv":[0.5,0,0,0]},"east":{"texture":"#0","uv":[0,0,0,0.25]},"north":{"texture":"#0","uv":[9,2.75,9.5,3]},"south":{"texture":"#0","uv":[9,3,9.5,3.25]},"up":{"texture":"#0","uv":[0.5,0,0,0]},"west":{"texture":"#0","uv":[0,0,0,0.25]}},"from":[4.73223,9.82426,0.82807],"rotation":{"angle":-45,"axis":"y","origin":[5.73223,10.32426,-0.67193]},"to":[6.73223,10.82426,0.82807]}],"textures":{"0":"civilization:item/tools/harpoon_launcher/horn/default","1":"civilization:item/tools/harpoon_launcher/horn/anim","particle":"civilization:item/tools/harpoon_launcher/horn/default"}}