{"display":{"firstperson_lefthand":{"rotation":[13,-9,-43],"scale":[0.6,0.6,0.6],"translation":[0.5,-0.5,-3]},"firstperson_righthand":{"rotation":[13,-10,47],"scale":[0.6,0.6,0.6],"translation":[3,-0.5,-2.75]},"fixed":{"rotation":[-90,-135,45],"scale":[0.6,0.6,0.6],"translation":[-0.5,1.5,0]},"ground":{"rotation":[11,0,19],"scale":[0.45,0.45,0.45],"translation":[0,4,-1.5]},"gui":{"rotation":[90,-45,45],"scale":[0.65,0.65,0.65],"translation":[2,0.5,0]},"head":{"rotation":[0,0,45],"translation":[0,-1.5,0]},"thirdperson_lefthand":{"rotation":[0,0,-44],"scale":[0.8,0.8,0.8],"translation":[-1.25,-0.25,-4]},"thirdperson_righthand":{"rotation":[0,0,44],"scale":[0.8,0.8,0.8],"translation":[1,-0.25,-4]}},"elements":[{"faces":{"down":{"texture":"#0","uv":[8.75,4.25,8,4.75]},"east":{"texture":"#0","uv":[8,1.5,8.5,2.25]},"north":{"texture":"#0","uv":[6.25,7.25,7,8]},"south":{"texture":"#0","uv":[7,7.25,7.75,8]},"up":{"texture":"#0","uv":[8.75,3.5,8,3]},"west":{"texture":"#0","uv":[8,2.25,8.5,3]}},"from":[6.32071,8.62071,13.75],"rotation":{"angle":45,"axis":"z","origin":[8,10.3,13.26862]},"to":[9.82071,12.12071,16.25]},{"faces":{"down":{"texture":"#0","uv":[0,0,0,2]},"east":{"texture":"#0","uv":[7.5,0.25,9.5,0.5]},"north":{"texture":"#0","uv":[0,0,0,0.25]},"south":{"texture":"#0","uv":[0,0,0,0.25]},"up":{"texture":"#0","uv":[0,2,0,0]},"west":{"texture":"#0","uv":[7.5,6.75,9.5,7]}},"from":[8,7.86443,6.8845],"rotation":{"angle":-22.5,"axis":"x","origin":[8,10.3,15.26862]},"to":[8,8.86443,14.8845]},{"faces":{"down":{"texture":"#0","uv":[2.25,7.75,2,9.75]},"east":{"texture":"#0","uv":[0,0,2,0]},"north":{"texture":"#0","uv":[0,0,0.25,0]},"south":{"texture":"#0","uv":[0,0,0.25,0]},"up":{"texture":"#0","uv":[2,9.75,1.75,7.75]},"west":{"texture":"#0","uv":[0,0,2,0]}},"from":[9.43558,10.3,6.8845],"rotation":{"angle":-22.5,"axis":"y","origin":[8,10.3,15.26862]},"to":[10.43558,10.3,14.8845]},{"faces":{"down":{"texture":"#0","uv":[0,0,0,2]},"east":{"texture":"#0","uv":[7.5,7,9.5,7.25]},"north":{"texture":"#0","uv":[0,0,0,0.25]},"south":{"texture":"#0","uv":[0,0,0,0.25]},"up":{"texture":"#0","uv":[0,2,0,0]},"west":{"texture":"#0","uv":[7.75,0.5,9.75,0.75]}},"from":[8,11.73557,6.8845],"rotation":{"angle":22.5,"axis":"x","origin":[8,10.3,15.26862]},"to":[8,12.73557,14.8845]},{"faces":{"down":{"texture":"#0","uv":[8,1.5,7.75,3.5]},"east":{"texture":"#0","uv":[0,0,2,0]},"north":{"texture":"#0","uv":[0,0,0.25,0]},"south":{"texture":"#0","uv":[0,0,0.25,0]},"up":{"texture":"#0","uv":[1.75,9.75,1.5,7.75]},"west":{"texture":"#0","uv":[0,0,2,0]}},"from":[5.56442,10.3,6.8845],"rotation":{"angle":22.5,"axis":"y","origin":[8,10.3,15.26862]},"to":[6.56442,10.3,14.8845]},{"faces":{"down":{"texture":"#0","uv":[5,7,4.5,7.5]},"east":{"texture":"#0","uv":[2.25,6.5,2.75,7.75]},"north":{"texture":"#0","uv":[5,6.25,5.5,7.5]},"south":{"texture":"#0","uv":[2.75,6.5,3.25,7.75]},"up":{"texture":"#0","uv":[4,3.5,3.5,3]},"west":{"texture":"#0","uv":[3.25,6.5,3.75,7.75]}},"from":[7,11.56744,3.793],"rotation":{"angle":22.5,"axis":"x","origin":[7.999,12.37359,4.82552]},"to":[9,16.56744,5.793]},{"faces":{"down":{"texture":"#0","uv":[8.75,3.5,8.25,4]},"east":{"texture":"#0","uv":[7.25,8,7.75,8.5]},"north":{"texture":"#0","uv":[6.75,8,7.25,8.5]},"south":{"texture":"#0","uv":[7.75,8,8.25,8.5]},"up":{"texture":"#0","uv":[3.25,8.75,2.75,8.25]},"west":{"texture":"#0","uv":[2.25,8.25,2.75,8.75]}},"from":[6.75,10.76744,3.543],"rotation":{"angle":22.5,"axis":"x","origin":[7.999,12.37359,4.82552]},"to":[9.25,13.26744,6.043]},{"faces":{"down":{"rotation":180,"texture":"#0","uv":[5.75,6.25,5,5.25]},"east":{"rotation":180,"texture":"#0","uv":[4,5.75,5,5]},"north":{"rotation":180,"texture":"#0","uv":[6.75,7.25,7.5,6.5]},"south":{"rotation":180,"texture":"#0","uv":[7,1.25,7.75,0.5]},"up":{"rotation":180,"texture":"#0","uv":[5.75,4.25,5,5.25]},"west":{"rotation":180,"texture":"#0","uv":[5,4.25,6,3.5]}},"from":[6.49879,15.06443,5.48974],"rotation":{"angle":0,"axis":"y","origin":[8,10.37379,12.23989]},"to":[9.49879,18.06443,9.48974]},{"faces":{"down":{"rotation":180,"texture":"#0","uv":[6.25,2.75,5.5,2.25]},"east":{"rotation":180,"texture":"#0","uv":[7.75,4.25,8.25,3.5]},"north":{"rotation":180,"texture":"#0","uv":[1.5,7.75,2.25,7]},"south":{"rotation":180,"texture":"#0","uv":[7,2.75,7.75,2]},"up":{"rotation":180,"texture":"#0","uv":[2.75,3,2,3.5]},"west":{"rotation":180,"texture":"#0","uv":[2.5,5.5,3,4.75]}},"from":[6.24879,14.81443,7.23974],"rotation":{"angle":0,"axis":"y","origin":[8,10.37379,12.23989]},"to":[9.74879,18.31443,9.73974]},{"faces":{"down":{"rotation":180,"texture":"#0","uv":[3,4.75,2,3.5]},"east":{"rotation":180,"texture":"#0","uv":[3.5,1.75,4.75,0.75]},"north":{"rotation":180,"texture":"#0","uv":[3,4.5,4,3.5]},"south":{"rotation":180,"texture":"#0","uv":[0.75,5,1.75,4]},"up":{"rotation":180,"texture":"#0","uv":[4.5,1.75,3.5,3]},"west":{"rotation":180,"texture":"#0","uv":[0.75,4,2,3]}},"from":[5.99879,14.56443,9.48974],"rotation":{"angle":0,"axis":"y","origin":[8,10.37379,12.23989]},"to":[9.99879,18.56443,14.48974]},{"faces":{"down":{"rotation":180,"texture":"#1","uv":[3,6,0,0]},"east":{"rotation":270,"texture":"#1","uv":[4,0,7,6]},"north":{"rotation":180,"texture":"#1","uv":[0,0,0,0]},"up":{"rotation":180,"texture":"#1","uv":[3,0,0,6]},"west":{"rotation":90,"texture":"#1","uv":[4,0,7,6]}},"from":[6.49921,15.06273,13.98804],"name":"out","rotation":{"angle":0,"axis":"y","origin":[8,10.37379,12.23989]},"to":[9.50321,18.06673,19.99204]},{"faces":{"down":{"rotation":180,"texture":"#1","uv":[0,6,3,0]},"east":{"rotation":270,"texture":"#1","uv":[7,0,4,6]},"north":{"rotation":180,"texture":"#1","uv":[0,0,0,0]},"up":{"rotation":180,"texture":"#1","uv":[0,0,3,6]},"west":{"rotation":90,"texture":"#1","uv":[7,0,4,6]}},"from":[9.50121,15.06473,13.99004],"name":"in","rotation":{"angle":0,"axis":"y","origin":[8,10.37379,12.23989]},"to":[6.50121,18.06473,19.99004]},{"faces":{"down":{"rotation":180,"texture":"#1","uv":[3,0,0,0]},"east":{"rotation":270,"texture":"#1","uv":[4,0,7,0]},"north":{"rotation":180,"texture":"#1","uv":[0,12,3,9]},"south":{"rotation":180,"texture":"#1","uv":[0,12,3,9]},"up":{"rotation":180,"texture":"#1","uv":[3,0,0,0]},"west":{"rotation":90,"texture":"#1","uv":[4,0,7,0]}},"from":[6.50121,15.06473,14.99004],"rotation":{"angle":0,"axis":"y","origin":[8,10.37379,12.23989]},"to":[9.50121,18.06473,14.99004]},{"faces":{"down":{"rotation":270,"texture":"#0","uv":[3.25,6.5,3.75,7.75]},"east":{"rotation":270,"texture":"#0","uv":[5,7,4.5,7.5]},"north":{"rotation":90,"texture":"#0","uv":[5,6.25,5.5,7.5]},"south":{"rotation":270,"texture":"#0","uv":[2.75,6.5,3.25,7.75]},"up":{"rotation":270,"texture":"#0","uv":[2.25,6.5,2.75,7.75]},"west":{"rotation":270,"texture":"#0","uv":[4,3.5,3.5,3]}},"from":[1.80756,9.375,3.793],"rotation":{"angle":22.5,"axis":"y","origin":[5.999,10.37359,4.82552]},"to":[6.80756,11.375,5.793]},{"faces":{"down":{"rotation":270,"texture":"#0","uv":[2.25,8.25,2.75,8.75]},"east":{"rotation":270,"texture":"#0","uv":[8.75,3.5,8.25,4]},"north":{"rotation":90,"texture":"#0","uv":[6.75,8,7.25,8.5]},"south":{"rotation":270,"texture":"#0","uv":[7.75,8,8.25,8.5]},"up":{"rotation":270,"texture":"#0","uv":[7.25,8,7.75,8.5]},"west":{"rotation":270,"texture":"#0","uv":[3.25,8.75,2.75,8.25]}},"from":[5.10756,9.125,3.543],"rotation":{"angle":22.5,"axis":"y","origin":[5.999,10.37359,4.82552]},"to":[7.60756,11.625,6.043]},{"faces":{"down":{"rotation":270,"texture":"#0","uv":[4,5,5,5.75]},"east":{"rotation":270,"texture":"#0","uv":[5.75,5.25,5,6.25]},"north":{"rotation":90,"texture":"#0","uv":[6.75,6.5,7.5,7.25]},"south":{"rotation":270,"texture":"#0","uv":[7,0.5,7.75,1.25]},"up":{"rotation":270,"texture":"#0","uv":[5,3.5,6,4.25]},"west":{"rotation":270,"texture":"#0","uv":[5.75,5.25,5,4.25]}},"from":[0.30936,8.875,5.48974],"rotation":{"angle":0,"axis":"y","origin":[2.28475,10.37379,5.54856]},"to":[3.30936,11.875,9.48974]},{"faces":{"down":{"rotation":270,"texture":"#0","uv":[7.75,3.5,8.25,4.25]},"east":{"rotation":270,"texture":"#0","uv":[6.25,2.25,5.5,2.75]},"north":{"rotation":90,"texture":"#0","uv":[1.5,7,2.25,7.75]},"south":{"rotation":270,"texture":"#0","uv":[7,2,7.75,2.75]},"up":{"rotation":270,"texture":"#0","uv":[2.5,4.75,3,5.5]},"west":{"rotation":270,"texture":"#0","uv":[2.75,3.5,2,3]}},"from":[0.05936,8.625,7.23974],"rotation":{"angle":0,"axis":"y","origin":[2.28475,10.37379,5.54856]},"to":[3.55936,12.125,9.73974]},{"faces":{"down":{"rotation":270,"texture":"#0","uv":[3.5,0.75,4.75,1.75]},"east":{"rotation":270,"texture":"#0","uv":[3,3.5,2,4.75]},"north":{"rotation":90,"texture":"#0","uv":[3,3.5,4,4.5]},"south":{"rotation":270,"texture":"#0","uv":[0.75,4,1.75,5]},"up":{"rotation":270,"texture":"#0","uv":[0.75,3,2,4]},"west":{"rotation":270,"texture":"#0","uv":[4.5,3,3.5,1.75]}},"from":[-0.19064,8.375,9.48974],"rotation":{"angle":0,"axis":"y","origin":[2.28475,10.37379,5.54856]},"to":[3.80936,12.375,14.48974]},{"faces":{"down":{"texture":"#1","uv":[7,0,4,6]},"east":{"rotation":270,"texture":"#1","uv":[3,0,0,6]},"north":{"rotation":90,"texture":"#1","uv":[0,0,0,0]},"up":{"rotation":180,"texture":"#1","uv":[7,0,4,6]},"west":{"rotation":270,"texture":"#1","uv":[3,6,0,0]}},"from":[0.30707,8.87059,13.98804],"name":"out","rotation":{"angle":0,"axis":"y","origin":[2.28475,10.37379,5.54856]},"to":[3.31107,11.87459,19.99204]},{"faces":{"down":{"texture":"#1","uv":[4,0,7,6]},"east":{"rotation":270,"texture":"#1","uv":[0,0,3,6]},"north":{"rotation":90,"texture":"#1","uv":[0,0,0,0]},"up":{"rotation":180,"texture":"#1","uv":[4,0,7,6]},"west":{"rotation":270,"texture":"#1","uv":[0,6,3,0]}},"from":[0.30907,11.87259,13.99004],"name":"in","rotation":{"angle":0,"axis":"y","origin":[2.28475,10.37379,5.54856]},"to":[3.30907,8.87259,19.99004]},{"faces":{"down":{"texture":"#1","uv":[7,0,4,0]},"east":{"rotation":270,"texture":"#1","uv":[3,0,0,0]},"north":{"rotation":90,"texture":"#1","uv":[0,9,3,12]},"south":{"rotation":270,"texture":"#1","uv":[0,9,3,12]},"up":{"rotation":180,"texture":"#1","uv":[7,0,4,0]},"west":{"rotation":270,"texture":"#1","uv":[3,0,0,0]}},"from":[0.30907,8.87259,14.99004],"rotation":{"angle":0,"axis":"y","origin":[2.28475,10.37379,5.54856]},"to":[3.30907,11.87259,14.99004]},{"faces":{"down":{"texture":"#0","uv":[4,3,3.5,3.5]},"east":{"texture":"#0","uv":[2.25,7.75,2.75,6.5]},"north":{"texture":"#0","uv":[5,7.5,5.5,6.25]},"south":{"texture":"#0","uv":[2.75,7.75,3.25,6.5]},"up":{"texture":"#0","uv":[5,7.5,4.5,7]},"west":{"texture":"#0","uv":[3.25,7.75,3.75,6.5]}},"from":[7,4.18256,3.793],"rotation":{"angle":-22.5,"axis":"x","origin":[7.999,8.37359,4.82552]},"to":[9,9.18256,5.793]},{"faces":{"down":{"texture":"#0","uv":[3.25,8.25,2.75,8.75]},"east":{"texture":"#0","uv":[7.25,8.5,7.75,8]},"north":{"texture":"#0","uv":[6.75,8.5,7.25,8]},"south":{"texture":"#0","uv":[7.75,8.5,8.25,8]},"up":{"texture":"#0","uv":[8.75,4,8.25,3.5]},"west":{"texture":"#0","uv":[2.25,8.75,2.75,8.25]}},"from":[6.75,7.48256,3.543],"rotation":{"angle":-22.5,"axis":"x","origin":[7.999,8.37359,4.82552]},"to":[9.25,9.98256,6.043]},{"faces":{"down":{"rotation":180,"texture":"#0","uv":[5.75,5.25,5,4.25]},"east":{"rotation":180,"texture":"#0","uv":[4,5,5,5.75]},"north":{"rotation":180,"texture":"#0","uv":[6.75,6.5,7.5,7.25]},"south":{"rotation":180,"texture":"#0","uv":[7,0.5,7.75,1.25]},"up":{"rotation":180,"texture":"#0","uv":[5.75,5.25,5,6.25]},"west":{"rotation":180,"texture":"#0","uv":[5,3.5,6,4.25]}},"from":[6.49879,2.68315,5.48974],"rotation":{"angle":0,"axis":"y","origin":[8,10.37379,12.23989]},"to":[9.49879,5.68315,9.48974]},{"faces":{"down":{"rotation":180,"texture":"#0","uv":[2.75,3.5,2,3]},"east":{"rotation":180,"texture":"#0","uv":[7.75,3.5,8.25,4.25]},"north":{"rotation":180,"texture":"#0","uv":[1.5,7,2.25,7.75]},"south":{"rotation":180,"texture":"#0","uv":[7,2,7.75,2.75]},"up":{"rotation":180,"texture":"#0","uv":[6.25,2.25,5.5,2.75]},"west":{"rotation":180,"texture":"#0","uv":[2.5,4.75,3,5.5]}},"from":[6.24879,2.43315,7.23974],"rotation":{"angle":0,"axis":"y","origin":[8,10.37379,12.23989]},"to":[9.74879,5.93315,9.73974]},{"faces":{"down":{"rotation":180,"texture":"#0","uv":[4.5,3,3.5,1.75]},"east":{"rotation":180,"texture":"#0","uv":[3.5,0.75,4.75,1.75]},"north":{"rotation":180,"texture":"#0","uv":[3,3.5,4,4.5]},"south":{"rotation":180,"texture":"#0","uv":[0.75,4,1.75,5]},"up":{"rotation":180,"texture":"#0","uv":[3,3.5,2,4.75]},"west":{"rotation":180,"texture":"#0","uv":[0.75,3,2,4]}},"from":[5.99879,2.18315,9.48974],"rotation":{"angle":0,"axis":"y","origin":[8,10.37379,12.23989]},"to":[9.99879,6.18315,14.48974]},{"faces":{"down":{"rotation":180,"texture":"#1","uv":[3,6,0,0]},"east":{"rotation":270,"texture":"#1","uv":[7,0,4,6]},"north":{"rotation":180,"texture":"#1","uv":[0,0,0,0]},"up":{"rotation":180,"texture":"#1","uv":[3,0,0,6]},"west":{"rotation":90,"texture":"#1","uv":[7,0,4,6]}},"from":[6.49921,2.68086,13.98804],"name":"out","rotation":{"angle":0,"axis":"y","origin":[8,10.37379,12.23989]},"to":[9.50321,5.68486,19.99204]},{"faces":{"down":{"rotation":180,"texture":"#1","uv":[0,6,3,0]},"east":{"rotation":270,"texture":"#1","uv":[4,0,7,6]},"north":{"rotation":180,"texture":"#1","uv":[0,0,0,0]},"up":{"rotation":180,"texture":"#1","uv":[0,0,3,6]},"west":{"rotation":90,"texture":"#1","uv":[4,0,7,6]}},"from":[9.50121,2.68286,13.99004],"name":"in","rotation":{"angle":0,"axis":"y","origin":[8,10.37379,12.23989]},"to":[6.50121,5.68286,19.99004]},{"faces":{"down":{"rotation":180,"texture":"#1","uv":[3,0,0,0]},"east":{"rotation":270,"texture":"#1","uv":[7,0,4,0]},"north":{"rotation":180,"texture":"#1","uv":[0,9,3,12]},"south":{"rotation":180,"texture":"#1","uv":[0,9,3,12]},"up":{"rotation":180,"texture":"#1","uv":[3,0,0,0]},"west":{"rotation":90,"texture":"#1","uv":[7,0,4,0]}},"from":[6.50121,2.68286,14.99004],"rotation":{"angle":0,"axis":"y","origin":[8,10.37379,12.23989]},"to":[9.50121,5.68286,14.99004]},{"faces":{"down":{"rotation":270,"texture":"#0","uv":[3.25,7.75,3.75,6.5]},"east":{"rotation":270,"texture":"#0","uv":[4,3,3.5,3.5]},"north":{"rotation":90,"texture":"#0","uv":[5,7.5,5.5,6.25]},"south":{"rotation":270,"texture":"#0","uv":[2.75,7.75,3.25,6.5]},"up":{"rotation":270,"texture":"#0","uv":[2.25,7.75,2.75,6.5]},"west":{"rotation":270,"texture":"#0","uv":[5,7.5,4.5,7]}},"from":[9.19244,9.375,3.793],"rotation":{"angle":-22.5,"axis":"y","origin":[9.999,10.37359,4.82552]},"to":[14.19244,11.375,5.793]},{"faces":{"down":{"rotation":270,"texture":"#0","uv":[2.25,8.75,2.75,8.25]},"east":{"rotation":270,"texture":"#0","uv":[3.25,8.25,2.75,8.75]},"north":{"rotation":90,"texture":"#0","uv":[6.75,8.5,7.25,8]},"south":{"rotation":270,"texture":"#0","uv":[7.75,8.5,8.25,8]},"up":{"rotation":270,"texture":"#0","uv":[7.25,8.5,7.75,8]},"west":{"rotation":270,"texture":"#0","uv":[8.75,4,8.25,3.5]}},"from":[8.39244,9.125,3.543],"rotation":{"angle":-22.5,"axis":"y","origin":[9.999,10.37359,4.82552]},"to":[10.89244,11.625,6.043]},{"faces":{"down":{"rotation":270,"texture":"#0","uv":[4,5.75,5,5]},"east":{"rotation":270,"texture":"#0","uv":[5.75,4.25,5,5.25]},"north":{"rotation":90,"texture":"#0","uv":[6.75,7.25,7.5,6.5]},"south":{"rotation":270,"texture":"#0","uv":[7,1.25,7.75,0.5]},"up":{"rotation":270,"texture":"#0","uv":[5,4.25,6,3.5]},"west":{"rotation":270,"texture":"#0","uv":[5.75,6.25,5,5.25]}},"from":[12.69064,8.875,5.48974],"rotation":{"angle":0,"axis":"y","origin":[13.71525,10.37379,5.54856]},"to":[15.69064,11.875,9.48974]},{"faces":{"down":{"rotation":270,"texture":"#0","uv":[7.75,4.25,8.25,3.5]},"east":{"rotation":270,"texture":"#0","uv":[2.75,3,2,3.5]},"north":{"rotation":90,"texture":"#0","uv":[1.5,7.75,2.25,7]},"south":{"rotation":270,"texture":"#0","uv":[7,2.75,7.75,2]},"up":{"rotation":270,"texture":"#0","uv":[2.5,5.5,3,4.75]},"west":{"rotation":270,"texture":"#0","uv":[6.25,2.75,5.5,2.25]}},"from":[12.44064,8.625,7.23974],"rotation":{"angle":0,"axis":"y","origin":[13.71525,10.37379,5.54856]},"to":[15.94064,12.125,9.73974]},{"faces":{"down":{"rotation":270,"texture":"#0","uv":[3.5,1.75,4.75,0.75]},"east":{"rotation":270,"texture":"#0","uv":[4.5,1.75,3.5,3]},"north":{"rotation":90,"texture":"#0","uv":[3,4.5,4,3.5]},"south":{"rotation":270,"texture":"#0","uv":[0.75,5,1.75,4]},"up":{"rotation":270,"texture":"#0","uv":[0.75,4,2,3]},"west":{"rotation":270,"texture":"#0","uv":[3,4.75,2,3.5]}},"from":[12.19064,8.375,9.48974],"rotation":{"angle":0,"axis":"y","origin":[13.71525,10.37379,5.54856]},"to":[16.19064,12.375,14.48974]},{"faces":{"down":{"texture":"#1","uv":[4,0,7,6]},"east":{"rotation":270,"texture":"#1","uv":[3,0,0,6]},"north":{"rotation":90,"texture":"#1","uv":[0,0,0,0]},"up":{"rotation":180,"texture":"#1","uv":[4,0,7,6]},"west":{"rotation":270,"texture":"#1","uv":[3,6,0,0]}},"from":[12.68893,8.87059,13.98804],"name":"out","rotation":{"angle":0,"axis":"y","origin":[13.71525,10.37379,5.54856]},"to":[15.69293,11.87459,19.99204]},{"faces":{"down":{"texture":"#1","uv":[7,0,4,6]},"east":{"rotation":270,"texture":"#1","uv":[0,0,3,6]},"north":{"rotation":90,"texture":"#1","uv":[0,0,0,0]},"up":{"rotation":180,"texture":"#1","uv":[7,0,4,6]},"west":{"rotation":270,"texture":"#1","uv":[0,6,3,0]}},"from":[12.69093,11.87259,13.99004],"name":"in","rotation":{"angle":0,"axis":"y","origin":[13.71525,10.37379,5.54856]},"to":[15.69093,8.87259,19.99004]},{"faces":{"down":{"texture":"#1","uv":[4,0,7,0]},"east":{"rotation":270,"texture":"#1","uv":[3,0,0,0]},"north":{"rotation":90,"texture":"#1","uv":[0,12,3,9]},"south":{"rotation":270,"texture":"#1","uv":[0,12,3,9]},"up":{"rotation":180,"texture":"#1","uv":[4,0,7,0]},"west":{"rotation":270,"texture":"#1","uv":[3,0,0,0]}},"from":[12.69093,8.87259,14.99004],"rotation":{"angle":0,"axis":"y","origin":[13.71525,10.37379,5.54856]},"to":[15.69093,11.87259,14.99004]},{"faces":{"down":{"texture":"#0","uv":[2.25,6,1.5,7]},"east":{"texture":"#0","uv":[5.75,5,6.75,5.75]},"north":{"texture":"#0","uv":[3.75,7,4.5,7.75]},"south":{"texture":"#0","uv":[5.5,7,6.25,7.75]},"up":{"texture":"#0","uv":[0.75,6.75,0,5.75]},"west":{"texture":"#0","uv":[5.75,5.75,6.75,6.5]}},"from":[6.5,8.9,2.3],"rotation":{"angle":0,"axis":"y","origin":[7,12,7.8]},"to":[9.5,11.9,6.3]},{"faces":{"down":{"texture":"#0","uv":[0.75,3,0,5.75]},"east":{"texture":"#0","uv":[0,2.25,2.75,3]},"north":{"texture":"#0","uv":[0.5,7.25,1.25,8]},"south":{"texture":"#0","uv":[7.25,5.25,8,6]},"up":{"texture":"#0","uv":[3.5,3.5,2.75,0.75]},"west":{"texture":"#0","uv":[2.5,0,5.25,0.75]}},"from":[6.495,8.895,6.495],"rotation":{"angle":45,"axis":"z","origin":[8,10.4,11.5]},"to":[9.505,11.905,17.505]},{"faces":{"down":{"texture":"#0","uv":[6.75,6.5,5.5,7]},"east":{"texture":"#0","uv":[7.25,8.5,7.75,9]},"north":{"texture":"#0","uv":[6.25,0,7.5,0.5]},"south":{"texture":"#0","uv":[6.5,1.5,7.75,2]},"up":{"texture":"#0","uv":[5,7,3.75,6.5]},"west":{"texture":"#0","uv":[7.75,8.5,8.25,9]}},"from":[1.5,9.4,12.5],"rotation":{"angle":45,"axis":"z","origin":[8,10.4,11.5]},"to":[6.5,11.4,14.5]},{"faces":{"down":{"texture":"#0","uv":[6.75,8,6.5,9.25]},"east":{"texture":"#0","uv":[4.75,0.75,6,1.5]},"north":{"texture":"#0","uv":[8.75,3,9,3.75]},"south":{"texture":"#0","uv":[3.25,8.75,3.5,9.5]},"up":{"texture":"#0","uv":[6.5,9.25,6.25,8]},"west":{"texture":"#0","uv":[5,2.75,6.25,3.5]}},"from":[0.5,8.9,10.5],"rotation":{"angle":45,"axis":"z","origin":[8,10.4,11.5]},"to":[1.5,11.9,15.5]},{"faces":{"down":{"texture":"#0","uv":[7.75,9,7.5,9.5]},"east":{"texture":"#0","uv":[8.75,2,9.25,2.5]},"north":{"texture":"#0","uv":[6,9,6.25,9.5]},"south":{"texture":"#0","uv":[7.25,9,7.5,9.5]},"up":{"texture":"#0","uv":[9.25,7.75,9,7.25]},"west":{"texture":"#0","uv":[2.25,8.75,2.75,9.25]}},"from":[5.25,9.15,12.25],"rotation":{"angle":45,"axis":"z","origin":[8,10.4,11.5]},"to":[6.75,11.65,14.75]},{"faces":{"down":{"texture":"#0","uv":[5,4,4,5]},"east":{"texture":"#0","uv":[8.25,4,9.25,4.25]},"north":{"texture":"#0","uv":[8,5.75,9,6]},"south":{"texture":"#0","uv":[8.25,6,9.25,6.25]},"up":{"texture":"#0","uv":[5,4,4,3]},"west":{"texture":"#0","uv":[8.25,6.25,9.25,6.5]}},"from":[7.61432,8.77168,6.493],"rotation":{"angle":22.5,"axis":"z","origin":[10.12132,8.27868,12.5]},"to":[11.62832,9.78568,10.507]},{"faces":{"down":{"texture":"#0","uv":[8.75,7.25,8.25,7.75]},"east":{"texture":"#0","uv":[3.5,9,4,9.25]},"north":{"texture":"#0","uv":[9,3.25,9.5,3.5]},"south":{"texture":"#0","uv":[9,3.5,9.5,3.75]},"up":{"texture":"#0","uv":[5,8.75,4.5,8.25]},"west":{"texture":"#0","uv":[9,4.25,9.5,4.5]}},"from":[3.8,7.28284,7.25],"rotation":{"angle":45,"axis":"z","origin":[8,10.68284,11.7]},"to":[6.3,8.78284,9.75]},{"faces":{"down":{"texture":"#0","uv":[8.75,8.25,8.25,8.75]},"east":{"texture":"#0","uv":[9,4.75,9.5,5]},"north":{"texture":"#0","uv":[9,4.5,9.5,4.75]},"south":{"texture":"#0","uv":[9,5,9.5,5.25]},"up":{"texture":"#0","uv":[8.75,8.25,8.25,7.75]},"west":{"texture":"#0","uv":[9,5.25,9.5,5.5]}},"from":[3.8,11.78284,7.25],"rotation":{"angle":45,"axis":"z","origin":[8,10.68284,11.7]},"to":[6.3,13.28284,9.75]},{"faces":{"down":{"texture":"#0","uv":[1,9.25,0.75,9.5]},"east":{"texture":"#0","uv":[4.25,7.75,4.5,9]},"north":{"texture":"#0","uv":[2.5,0.75,2.75,2]},"south":{"texture":"#0","uv":[6,7.75,6.25,9]},"up":{"texture":"#0","uv":[0.75,9.5,0.5,9.25]},"west":{"texture":"#0","uv":[1,8,1.25,9.25]}},"from":[8.745,7.895,7.995],"rotation":{"angle":45,"axis":"z","origin":[8,10.4,11]},"to":[9.755,12.905,9.005]},{"faces":{"down":{"texture":"#0","uv":[5.75,8.5,5.5,9.5]},"east":{"texture":"#0","uv":[4.5,1.75,5.5,2.75]},"north":{"texture":"#0","uv":[1.5,5,1.75,6]},"south":{"texture":"#0","uv":[5,8.25,5.25,9.25]},"up":{"texture":"#0","uv":[8.75,2.5,8.5,1.5]},"west":{"texture":"#0","uv":[3,4.5,4,5.5]}},"from":[6.37168,10.01432,6.493],"rotation":{"angle":-22.5,"axis":"z","origin":[5.87868,12.52132,12.5]},"to":[7.38568,14.02832,10.507]},{"faces":{"down":{"texture":"#0","uv":[1,0,0,0]},"east":{"texture":"#0","uv":[0,0,0,0.75]},"north":{"texture":"#0","uv":[4,5.75,5,6.5]},"south":{"texture":"#0","uv":[5.75,4.25,6.75,5]},"up":{"texture":"#0","uv":[1,0,0,0]},"west":{"texture":"#0","uv":[0,0,0,0.75]}},"from":[9.745,8.895,8.495],"rotation":{"angle":45,"axis":"z","origin":[8,10.4,11.5]},"to":[13.755,11.905,8.505]},{"faces":{"down":{"texture":"#0","uv":[7.25,8.5,6.75,9]},"east":{"texture":"#0","uv":[7.75,7.25,8.25,8]},"north":{"texture":"#0","uv":[5.5,7.75,6,8.5]},"south":{"texture":"#0","uv":[0,8,0.5,8.75]},"up":{"texture":"#0","uv":[9,3,8.5,2.5]},"west":{"texture":"#0","uv":[0.5,8,1,8.75]}},"from":[4.25,8.7,7.5],"rotation":{"angle":45,"axis":"z","origin":[8,10.4,11.5]},"to":[6.25,11.7,9.5]},{"faces":{"down":{"texture":"#0","uv":[8,4.75,6.75,5.25]},"east":{"texture":"#0","uv":[0,0,0.5,0]},"north":{"texture":"#0","uv":[0,0,1.25,0]},"south":{"texture":"#0","uv":[0,0,1.25,0]},"up":{"texture":"#0","uv":[8,4.75,6.75,4.25]},"west":{"texture":"#0","uv":[0,0,0.5,0]}},"from":[1.5,10.4,10.5],"rotation":{"angle":45,"axis":"z","origin":[8,10.4,11.5]},"to":[6.5,10.4,12.5]},{"faces":{"down":{"texture":"#0","uv":[4.25,7.75,3.75,8.75]},"east":{"texture":"#0","uv":[7.75,0.75,8.75,1.25]},"north":{"texture":"#0","uv":[0,8.75,0.5,9.25]},"south":{"texture":"#0","uv":[0.5,8.75,1,9.25]},"up":{"texture":"#0","uv":[3.75,8.75,3.25,7.75]},"west":{"texture":"#0","uv":[2.25,7.75,3.25,8.25]}},"from":[5.62319,9.55901,17.505],"rotation":{"angle":-45,"axis":"z","origin":[7.12319,8.80901,19.005]},"to":[7.62319,11.55901,21.505]},{"faces":{"down":{"texture":"#0","uv":[8.75,5.25,8,5.75]},"east":{"texture":"#0","uv":[0,6.75,0.5,8]},"north":{"texture":"#0","uv":[1.75,4.75,2.5,6]},"south":{"texture":"#0","uv":[0.75,5,1.5,6.25]},"up":{"texture":"#0","uv":[8.75,5.25,8,4.75]},"west":{"texture":"#0","uv":[6.75,5.25,7.25,6.5]}},"from":[5.08579,7.48579,21.25],"rotation":{"angle":-45,"axis":"z","origin":[6.58579,8.98579,22.75]},"to":[8.08579,12.48579,23.25]},{"faces":{"down":{"texture":"#0","uv":[7,2.25,6.25,3.25]},"east":{"texture":"#0","uv":[6,0.75,7,1.5]},"north":{"texture":"#0","uv":[4.5,7.5,5.25,8.25]},"south":{"texture":"#0","uv":[7.5,6,8.25,6.75]},"up":{"texture":"#0","uv":[1.5,7.25,0.75,6.25]},"west":{"texture":"#0","uv":[6,3.5,7,4.25]}},"from":[6.25,8.65,2.05],"rotation":{"angle":0,"axis":"y","origin":[7,12,7.8]},"to":[9.75,12.15,6.55]},{"faces":{"down":{"texture":"#0","uv":[0.5,9.25,0.25,9.5]},"east":{"texture":"#0","uv":[8.75,9,9,9.25]},"north":{"texture":"#0","uv":[8.5,9,8.75,9.25]},"south":{"texture":"#0","uv":[9,8.75,9.25,9]},"up":{"texture":"#0","uv":[0.25,9.5,0,9.25]},"west":{"texture":"#0","uv":[9,9,9.25,9.25]}},"from":[7.4,9.8,3.4],"rotation":{"angle":45,"axis":"z","origin":[8,10.4,17.5]},"to":[8.6,11,4.6]},{"faces":{"down":{"texture":"#0","uv":[0.75,6.75,0.5,7.25]},"east":{"texture":"#0","uv":[4.5,2.75,5,3]},"north":{"texture":"#0","uv":[2.5,2,2.75,2.25]},"south":{"texture":"#0","uv":[5.5,6.25,5.75,6.5]},"up":{"texture":"#0","uv":[2.5,6.5,2.25,6]},"west":{"texture":"#0","uv":[6.5,2,7,2.25]}},"from":[7.05,9.73284,-3.05],"rotation":{"angle":45,"axis":"z","origin":[8,10.68284,17.4]},"to":[8.55,11.23284,-0.55]},{"faces":{"down":{"texture":"#0","uv":[4.25,8.75,4,9.25]},"east":{"texture":"#0","uv":[6.25,7,6.75,7.25]},"north":{"texture":"#0","uv":[7.75,9,8,9.25]},"south":{"texture":"#0","uv":[9,7.75,9.25,8]},"up":{"texture":"#0","uv":[7.5,6.5,7.25,6]},"west":{"texture":"#0","uv":[3.5,8.75,4,9]}},"from":[7.4,9.8,0.4],"rotation":{"angle":45,"axis":"z","origin":[8,10.4,17.5]},"to":[8.6,11,2.6]},{"faces":{"down":{"texture":"#0","uv":[5.5,7.5,5.25,9.5]},"east":{"texture":"#0","uv":[7,1.25,9,1.5]},"north":{"texture":"#0","uv":[8,9,8.25,9.25]},"south":{"texture":"#0","uv":[9,8,9.25,8.25]},"up":{"texture":"#0","uv":[1.5,9.25,1.25,7.25]},"west":{"texture":"#0","uv":[7.5,0,9.5,0.25]}},"from":[7.5,9.9,-0.5],"rotation":{"angle":45,"axis":"z","origin":[8,10.4,17.5]},"to":[8.5,10.9,7.5]},{"faces":{"down":{"texture":"#0","uv":[2.5,0,1.25,2.25]},"east":{"texture":"#0","uv":[0,0,2.25,0]},"north":{"texture":"#0","uv":[0,0,1.25,0]},"south":{"texture":"#0","uv":[0,0,1.25,0]},"up":{"texture":"#0","uv":[1.25,2.25,0,0]},"west":{"texture":"#0","uv":[0,0,2.25,0]}},"from":[3.5,10.4,0.65],"rotation":{"angle":45,"axis":"z","origin":[8,10.4,18.15]},"to":[8.5,10.4,9.65]},{"faces":{"down":{"rotation":180,"texture":"#0","uv":[0,0,0.25,0]},"east":{"rotation":90,"texture":"#0","uv":[0,0,0.75,0]},"north":{"rotation":180,"texture":"#0","uv":[2,4.75,1.75,4]},"south":{"texture":"#0","uv":[6,8.5,5.75,9.25]},"up":{"texture":"#0","uv":[0,0,0.25,0]},"west":{"rotation":270,"texture":"#0","uv":[0,0,0.75,0]}},"from":[7.5,10.42782,-2.27548],"rotation":{"angle":22.5,"axis":"x","origin":[8,10.32426,0.32807]},"to":[8.5,13.42782,-2.27548]},{"faces":{"down":{"rotation":180,"texture":"#0","uv":[4.75,8.75,5,9.25]},"east":{"rotation":90,"texture":"#0","uv":[0,0,0,0.5]},"north":{"rotation":180,"texture":"#0","uv":[0.25,0,0,0]},"south":{"texture":"#0","uv":[0.25,0,0,0]},"up":{"texture":"#0","uv":[8.75,4.75,9,5.25]},"west":{"rotation":270,"texture":"#0","uv":[0,0,0,0.5]}},"from":[7.5,10.42782,-2.27548],"rotation":{"angle":22.5,"axis":"x","origin":[8,10.32426,0.32807]},"to":[8.5,10.42782,-0.27548]},{"faces":{"down":{"rotation":180,"texture":"#0","uv":[8.75,4.25,9,4.75]},"east":{"rotation":90,"texture":"#0","uv":[0,0,0,0.5]},"north":{"rotation":180,"texture":"#0","uv":[0.25,0,0,0]},"south":{"texture":"#0","uv":[0.25,0,0,0]},"up":{"texture":"#0","uv":[4.5,8.75,4.75,9.25]},"west":{"rotation":270,"texture":"#0","uv":[0,0,0,0.5]}},"from":[7.5,13.42782,-2.27548],"rotation":{"angle":22.5,"axis":"x","origin":[8,10.32426,0.32807]},"to":[8.5,13.42782,-0.27548]},{"faces":{"down":{"rotation":90,"texture":"#0","uv":[0,0,0,0.75]},"east":{"texture":"#0","uv":[0,0,0,0.25]},"north":{"texture":"#0","uv":[4.75,1.5,5.5,1.75]},"south":{"texture":"#0","uv":[6.25,0.5,7,0.75]},"up":{"rotation":270,"texture":"#0","uv":[0,0.75,0,0]},"west":{"texture":"#0","uv":[0,0,0,0.25]}},"from":[8.10355,9.82426,-2.27549],"rotation":{"angle":-22.5,"axis":"y","origin":[8,10.32426,0.32807]},"to":[11.10355,10.82426,-2.27549]},{"faces":{"down":{"rotation":90,"texture":"#0","uv":[0.5,0,0,0]},"east":{"texture":"#0","uv":[8.75,8.25,9.25,8.5]},"north":{"texture":"#0","uv":[0,0,0,0.25]},"south":{"texture":"#0","uv":[0,0,0,0.25]},"up":{"rotation":270,"texture":"#0","uv":[0.5,0,0,0]},"west":{"texture":"#0","uv":[8.75,3.75,9.25,4]}},"from":[8.10355,9.82426,-2.27549],"rotation":{"angle":-22.5,"axis":"y","origin":[8,10.32426,0.32807]},"to":[8.10355,10.82426,-0.27549]},{"faces":{"down":{"rotation":90,"texture":"#0","uv":[0.5,0,0,0]},"east":{"texture":"#0","uv":[8.75,8.5,9.25,8.75]},"north":{"texture":"#0","uv":[0,0,0,0.25]},"south":{"texture":"#0","uv":[0,0,0,0.25]},"up":{"rotation":270,"texture":"#0","uv":[0.5,0,0,0]},"west":{"texture":"#0","uv":[8.5,8.75,9,9]}},"from":[11.10355,9.82426,-2.27549],"rotation":{"angle":-22.5,"axis":"y","origin":[8,10.32426,0.32807]},"to":[11.10355,10.82426,-0.27549]},{"faces":{"down":{"texture":"#0","uv":[8.75,7.25,9,7.75]},"east":{"rotation":270,"texture":"#0","uv":[0,0,0,0.5]},"north":{"rotation":180,"texture":"#0","uv":[0.25,0,0,0]},"south":{"texture":"#0","uv":[0.25,0,0,0]},"up":{"rotation":180,"texture":"#0","uv":[8.75,5.25,9,5.75]},"west":{"rotation":90,"texture":"#0","uv":[0,0,0,0.5]}},"from":[7.5,7.22071,-2.27548],"rotation":{"angle":-22.5,"axis":"x","origin":[8,10.32426,0.32807]},"to":[8.5,7.22071,-0.27548]},{"faces":{"down":{"texture":"#0","uv":[0,0,0.25,0]},"east":{"rotation":270,"texture":"#0","uv":[0,0,0.75,0]},"north":{"rotation":180,"texture":"#0","uv":[3.25,8.75,3,9.5]},"south":{"texture":"#0","uv":[3,9.5,2.75,8.75]},"up":{"rotation":180,"texture":"#0","uv":[0,0,0.25,0]},"west":{"rotation":90,"texture":"#0","uv":[0,0,0.75,0]}},"from":[7.5,7.22071,-2.27548],"rotation":{"angle":-22.5,"axis":"x","origin":[8,10.32426,0.32807]},"to":[8.5,10.22071,-2.27548]},{"faces":{"down":{"texture":"#0","uv":[8.25,8.75,8.5,9.25]},"east":{"rotation":270,"texture":"#0","uv":[0,0,0,0.5]},"north":{"rotation":180,"texture":"#0","uv":[0.25,0,0,0]},"south":{"texture":"#0","uv":[0.25,0,0,0]},"up":{"rotation":180,"texture":"#0","uv":[8.75,7.75,9,8.25]},"west":{"rotation":90,"texture":"#0","uv":[0,0,0,0.5]}},"from":[7.5,10.22071,-2.27548],"rotation":{"angle":-22.5,"axis":"x","origin":[8,10.32426,0.32807]},"to":[8.5,10.22071,-0.27548]},{"faces":{"down":{"rotation":270,"texture":"#0","uv":[0.5,0,0,0]},"east":{"texture":"#0","uv":[9,1.25,9.5,1.5]},"north":{"texture":"#0","uv":[0,0,0,0.25]},"south":{"texture":"#0","uv":[0,0,0,0.25]},"up":{"rotation":90,"texture":"#0","uv":[0.5,0,0,0]},"west":{"texture":"#0","uv":[9,2.5,9.5,2.75]}},"from":[7.89645,9.82426,-2.27549],"rotation":{"angle":22.5,"axis":"y","origin":[8,10.32426,0.32807]},"to":[7.89645,10.82426,-0.27549]},{"faces":{"down":{"rotation":270,"texture":"#0","uv":[0,0,0,0.75]},"east":{"texture":"#0","uv":[0,0,0,0.25]},"north":{"texture":"#0","uv":[8.25,6.5,9,6.75]},"south":{"texture":"#0","uv":[6.25,3.25,7,3.5]},"up":{"rotation":90,"texture":"#0","uv":[0,0.75,0,0]},"west":{"texture":"#0","uv":[0,0,0,0.25]}},"from":[4.89645,9.82426,-2.27549],"rotation":{"angle":22.5,"axis":"y","origin":[8,10.32426,0.32807]},"to":[7.89645,10.82426,-2.27549]},{"faces":{"down":{"rotation":270,"texture":"#0","uv":[0.5,0,0,0]},"east":{"texture":"#0","uv":[9,2.75,9.5,3]},"north":{"texture":"#0","uv":[0,0,0,0.25]},"south":{"texture":"#0","uv":[0,0,0,0.25]},"up":{"rotation":90,"texture":"#0","uv":[0.5,0,0,0]},"west":{"texture":"#0","uv":[9,3,9.5,3.25]}},"from":[4.89645,9.82426,-2.27549],"rotation":{"angle":22.5,"axis":"y","origin":[8,10.32426,0.32807]},"to":[4.89645,10.82426,-0.27549]}],"textures":{"0":"civilization:item/tools/harpoon_launcher/horn/default","1":"civilization:item/tools/harpoon_launcher/horn/anim","particle":"civilization:item/tools/harpoon_launcher/horn/default"}}