{"textures":{"0":"modelengine:entity/kobold_trap","particle":"#0"},"elements":[{"from":[6.0,6.375,-0.75],"to":[10.0,7.375,15.25],"faces":{"east":{"uv":[5.0,0.0,9.0,0.25],"tintindex":0,"rotation":0,"texture":"#0"},"south":{"uv":[5.5,2.25,6.5,2.5],"tintindex":0,"rotation":0,"texture":"#0"},"north":{"uv":[5.5,2.0,6.5,2.25],"tintindex":0,"rotation":0,"texture":"#0"},"west":{"uv":[5.0,0.25,9.0,0.5],"tintindex":0,"rotation":0,"texture":"#0"},"up":{"uv":[1.0,4.0,0.0,0.0],"tintindex":0,"rotation":0,"texture":"#0"},"down":{"uv":[2.0,0.0,1.0,4.0],"tintindex":0,"rotation":0,"texture":"#0"}}},{"from":[6.0,7.375,10.25],"to":[10.0,9.375,12.25],"faces":{"east":{"uv":[7.25,1.0,7.75,1.5],"tintindex":0,"rotation":0,"texture":"#0"},"south":{"uv":[6.5,2.25,7.5,2.75],"tintindex":0,"rotation":0,"texture":"#0"},"north":{"uv":[6.5,2.0,7.5,2.5],"tintindex":0,"rotation":0,"texture":"#0"},"west":{"uv":[7.25,1.25,7.75,1.75],"tintindex":0,"rotation":0,"texture":"#0"},"up":{"uv":[7.25,1.5,6.25,1.0],"tintindex":0,"rotation":0,"texture":"#0"},"down":{"uv":[7.25,1.5,6.25,2.0],"tintindex":0,"rotation":0,"texture":"#0"}}},{"from":[7.0,7.375,5.75],"to":[9.0,8.375,7.75],"faces":{"east":{"uv":[5.5,5.25,6.0,5.5],"tintindex":0,"rotation":0,"texture":"#0"},"south":{"uv":[5.75,1.0,6.25,1.25],"tintindex":0,"rotation":0,"texture":"#0"},"north":{"uv":[5.5,5.0,6.0,5.25],"tintindex":0,"rotation":0,"texture":"#0"},"west":{"uv":[5.75,1.25,6.25,1.5],"tintindex":0,"rotation":0,"texture":"#0"},"up":{"uv":[6.0,3.0,5.5,2.5],"tintindex":0,"rotation":0,"texture":"#0"},"down":{"uv":[6.0,3.0,5.5,3.5],"tintindex":0,"rotation":0,"texture":"#0"}}},{"from":[5.0,8.375,3.75],"to":[11.0,9.375,9.75],"faces":{"east":{"uv":[5.0,3.75,6.5,4.0],"tintindex":0,"rotation":0,"texture":"#0"},"south":{"uv":[5.0,4.0,6.5,4.25],"tintindex":0,"rotation":0,"texture":"#0"},"north":{"uv":[5.0,3.5,6.5,3.75],"tintindex":0,"rotation":0,"texture":"#0"},"west":{"uv":[5.0,4.25,6.5,4.5],"tintindex":0,"rotation":0,"texture":"#0"},"up":{"uv":[5.0,1.5,3.5,0.0],"tintindex":0,"rotation":0,"texture":"#0"},"down":{"uv":[5.0,1.5,3.5,3.0],"tintindex":0,"rotation":0,"texture":"#0"}}}],"display":{"head":{"rotation":[0.0,0.0,0.0]},"firstperson_righthand":{"rotation":[0.0,0.0,0.0]},"thirdperson_lefthand":{"rotation":[0.0,-0.0,-0.0]},"firstperson_lefthand":{"rotation":[0.0,-0.0,-0.0]},"fixed":{"rotation":[0.0,0.0,0.0]},"ground":{"rotation":[0.0,0.0,0.0]},"thirdperson_righthand":{"rotation":[0.0,0.0,0.0]},"gui":{"rotation":[-150.0,-45.0,180.0]}}}