{"display":{"firstperson_lefthand":{"rotation":[15,90,0],"scale":[0.48,0.48,0.48],"translation":[1.5,1.5,0.25]},"firstperson_righthand":{"rotation":[15,90,0],"scale":[0.48,0.48,0.48],"translation":[1.5,1.5,0.25]},"fixed":{"scale":[0.6,0.6,0.6],"translation":[0,-4.75,0]},"ground":{"rotation":[44,0,63],"scale":[0.5,0.5,0.5],"translation":[0,1,0]},"gui":{"rotation":[0,0,-45],"scale":[0.59,0.59,0.59],"translation":[-3,-3,0]},"head":{"scale":[0.85,0.85,0.85],"translation":[0,3.25,0]},"thirdperson_lefthand":{"rotation":[0,90,0],"scale":[0.8,0.8,0.8],"translation":[0,1.5,1.5]},"thirdperson_righthand":{"rotation":[0,90,0],"scale":[0.8,0.8,0.8],"translation":[0,1.5,1.5]}},"elements":[{"faces":{"down":{"texture":"#0","uv":[3.75,7,3.25,7.5]},"east":{"texture":"#0","uv":[4.75,7.5,5.25,9.25]},"north":{"texture":"#0","uv":[6.5,7.25,7,9]},"south":{"texture":"#0","uv":[7.75,1.25,8.25,3]},"up":{"texture":"#0","uv":[5.75,1.75,5.25,1.25]},"west":{"texture":"#0","uv":[7.75,4.5,8.25,6.25]}},"from":[7,0.8,7],"rotation":{"angle":0,"axis":"y","origin":[8,8.8,8]},"to":[9,7.8,9]},{"faces":{"down":{"texture":"#0","uv":[1.5,10,1,10.5]},"east":{"texture":"#0","uv":[5.25,8,5.75,9.75]},"north":{"texture":"#0","uv":[7.75,6.25,8.25,8]},"south":{"texture":"#0","uv":[5.75,8,6.25,9.75]},"up":{"texture":"#0","uv":[10.25,9.5,9.75,9]},"west":{"texture":"#0","uv":[7.75,8,8.25,9.75]}},"from":[6.9,-0.3,6.9],"rotation":{"angle":0,"axis":"y","origin":[8,5.8,8]},"to":[9.1,6.9,9.1]},{"faces":{"down":{"texture":"#0","uv":[9.75,8.5,9,9]},"east":{"texture":"#0","uv":[8.25,2.75,8.75,3]},"north":{"texture":"#0","uv":[5.75,4.5,6.5,4.75]},"south":{"texture":"#0","uv":[9.75,6.25,10.5,6.5]},"up":{"texture":"#0","uv":[9.75,8.5,9,8]},"west":{"texture":"#0","uv":[9.25,2.5,9.75,2.75]}},"from":[6.49,6.21311,7.10804],"rotation":{"angle":22.5,"axis":"x","origin":[8,5.12311,8.21804]},"to":[9.51,7.23311,9.62804]},{"faces":{"down":{"texture":"#0","uv":[11,0,10.25,0.25]},"east":{"texture":"#0","uv":[9.25,10.25,9.5,10.75]},"north":{"texture":"#0","uv":[1,9.5,1.75,10]},"south":{"texture":"#0","uv":[8.25,9.5,9,10]},"up":{"texture":"#0","uv":[0.75,10.5,0,10.25]},"west":{"texture":"#0","uv":[9.5,10.25,9.75,10.75]}},"from":[6.4,5.12311,8.51804],"rotation":{"angle":22.5,"axis":"x","origin":[8,5.12311,8.21804]},"to":[9.6,7.32311,9.71804]},{"faces":{"down":{"texture":"#0","uv":[10.5,4,9.75,4.5]},"east":{"texture":"#0","uv":[5.5,10.5,6,10.75]},"north":{"texture":"#0","uv":[10.25,8,11,8.25]},"south":{"texture":"#0","uv":[10.25,8.25,11,8.5]},"up":{"texture":"#0","uv":[10.5,4,9.75,3.5]},"west":{"texture":"#0","uv":[10.5,5.5,11,5.75]}},"from":[6.5,5.22311,7.11804],"rotation":{"angle":22.5,"axis":"x","origin":[8,5.12311,8.21804]},"to":[9.5,6.22311,9.61804]},{"faces":{"down":{"texture":"#0","uv":[9.75,9,9,8.5]},"east":{"texture":"#0","uv":[8.75,2.75,8.25,3]},"north":{"texture":"#0","uv":[10.5,6.25,9.75,6.5]},"south":{"texture":"#0","uv":[6.5,4.5,5.75,4.75]},"up":{"texture":"#0","uv":[9.75,8,9,8.5]},"west":{"texture":"#0","uv":[9.75,2.5,9.25,2.75]}},"from":[6.49,6.21311,6.37196],"rotation":{"angle":-22.5,"axis":"x","origin":[8,5.12311,7.78196]},"to":[9.51,7.23311,8.89196]},{"faces":{"down":{"texture":"#0","uv":[10.5,4.5,9.75,4]},"east":{"texture":"#0","uv":[6,10.5,5.5,10.75]},"north":{"texture":"#0","uv":[11,8.25,10.25,8.5]},"south":{"texture":"#0","uv":[11,8,10.25,8.25]},"up":{"texture":"#0","uv":[10.5,3.5,9.75,4]},"west":{"texture":"#0","uv":[11,5.5,10.5,5.75]}},"from":[6.5,5.22311,6.38196],"rotation":{"angle":-22.5,"axis":"x","origin":[8,5.12311,7.78196]},"to":[9.5,6.22311,8.88196]},{"faces":{"down":{"texture":"#0","uv":[11,0.25,10.25,0]},"east":{"texture":"#0","uv":[9.5,10.25,9.25,10.75]},"north":{"texture":"#0","uv":[9,9.5,8.25,10]},"south":{"texture":"#0","uv":[1.75,9.5,1,10]},"up":{"texture":"#0","uv":[0.75,10.25,0,10.5]},"west":{"texture":"#0","uv":[9.75,10.25,9.5,10.75]}},"from":[6.4,5.12311,6.28196],"rotation":{"angle":-22.5,"axis":"x","origin":[8,5.12311,7.78196]},"to":[9.6,7.32311,7.48196]},{"faces":{"down":{"texture":"#0","uv":[9.75,5.75,9,6.5]},"east":{"texture":"#0","uv":[9,0.75,9.75,1.5]},"north":{"texture":"#0","uv":[8.25,8.75,9,9.5]},"south":{"texture":"#0","uv":[9,3.5,9.75,4.25]},"up":{"texture":"#0","uv":[9.75,5.75,9,5]},"west":{"texture":"#0","uv":[9,4.25,9.75,5]}},"from":[6.5,-2.01543,6.5],"rotation":{"angle":0,"axis":"y","origin":[8,0.48457,8]},"to":[9.5,0.98457,9.5]},{"faces":{"down":{"texture":"#0","uv":[10.5,2,10,2.5]},"east":{"texture":"#0","uv":[10.25,10.25,10.75,10.5]},"north":{"texture":"#0","uv":[9.75,10.25,10.25,10.5]},"south":{"texture":"#0","uv":[0,10.5,0.5,10.75]},"up":{"texture":"#0","uv":[10.5,2,10,1.5]},"west":{"texture":"#0","uv":[10.5,0.75,11,1]}},"from":[7,-2.71543,7.1],"rotation":{"angle":22.5,"axis":"x","origin":[8,-2.51543,8.5]},"to":[9,-1.71543,9.1]},{"faces":{"down":{"texture":"#0","uv":[10.75,9.5,10,9.75]},"east":{"texture":"#0","uv":[5.25,6.25,5.5,7.25]},"north":{"texture":"#0","uv":[8.25,3.75,9,4.75]},"south":{"texture":"#0","uv":[8.25,1,9,2]},"up":{"texture":"#0","uv":[9,10.25,8.25,10]},"west":{"texture":"#0","uv":[2.25,7.25,2.5,8.25]}},"from":[4.9325,13.48755,7.5],"rotation":{"angle":-22.5,"axis":"z","origin":[5.9325,15.48755,8]},"to":[7.9325,17.48755,8.5]},{"faces":{"down":{"texture":"#0","uv":[10.75,10,10,10.25]},"east":{"texture":"#0","uv":[5.25,9.75,5.5,10.75]},"north":{"texture":"#0","uv":[8.25,1,9,2]},"south":{"texture":"#0","uv":[8.25,3.75,9,4.75]},"up":{"texture":"#0","uv":[10.75,10,10,9.75]},"west":{"texture":"#0","uv":[9.75,5.25,10,6.25]}},"from":[8.0675,13.48755,7.5],"rotation":{"angle":22.5,"axis":"z","origin":[10.0675,15.48755,8]},"to":[11.0675,17.48755,8.5]},{"faces":{"down":{"texture":"#0","uv":[10.75,7.25,10,7.5]},"east":{"texture":"#0","uv":[7.5,4.5,7.75,5.75]},"north":{"texture":"#0","uv":[7,1.25,7.75,2.5]},"south":{"texture":"#0","uv":[6.5,0,7.25,1.25]},"up":{"texture":"#0","uv":[10.75,7.25,10,7]},"west":{"texture":"#0","uv":[5,9.25,5.25,10.5]}},"from":[7.90421,9.7768,7.49],"rotation":{"angle":-22.5,"axis":"z","origin":[9.41421,12.2868,8]},"to":[10.92421,14.7968,8.51]},{"faces":{"down":{"texture":"#0","uv":[10.75,7.75,10,8]},"east":{"texture":"#0","uv":[7.5,9.25,7.75,10.5]},"north":{"texture":"#0","uv":[6.5,0,7.25,1.25]},"south":{"texture":"#0","uv":[7,1.25,7.75,2.5]},"up":{"texture":"#0","uv":[10.75,7.75,10,7.5]},"west":{"texture":"#0","uv":[4.25,9.75,4.5,11]}},"from":[5.07579,9.7768,7.49],"rotation":{"angle":22.5,"axis":"z","origin":[6.58579,12.2868,8]},"to":[8.09579,14.7968,8.51]},{"faces":{"down":{"texture":"#0","uv":[10.5,8.5,10.25,9]},"east":{"texture":"#0","uv":[6.5,10.25,7,10.5]},"north":{"texture":"#0","uv":[6.5,4.5,6.75,4.75]},"south":{"texture":"#0","uv":[6.75,5.75,7,6]},"up":{"texture":"#0","uv":[1,10.75,0.75,10.25]},"west":{"texture":"#0","uv":[8.5,10.25,9,10.5]}},"from":[12.50429,10.24785,7],"rotation":{"angle":-22.5,"axis":"z","origin":[11.70429,11.09785,8]},"to":[13.50429,11.24785,9]},{"faces":{"down":{"texture":"#0","uv":[4.25,10,3.75,10.5]},"east":{"texture":"#0","uv":[10.5,1,11,1.25]},"north":{"texture":"#0","uv":[1,10.5,1.5,10.75]},"south":{"texture":"#0","uv":[10.5,1.5,11,1.75]},"up":{"texture":"#0","uv":[3.75,10.5,3.25,10]},"west":{"texture":"#0","uv":[1.75,10.5,2.25,10.75]}},"from":[11.84539,12.06546,7],"rotation":{"angle":-22.5,"axis":"z","origin":[12.69894,12.10835,8]},"to":[13.84539,13.06546,9]},{"faces":{"down":{"texture":"#0","uv":[10.5,9,10.25,9.5]},"east":{"texture":"#0","uv":[0,9.5,0.5,10.25]},"north":{"texture":"#0","uv":[6,9.75,6.25,10.5]},"south":{"texture":"#0","uv":[1.5,10,1.75,10.75]},"up":{"texture":"#0","uv":[9.25,10.75,9,10.25]},"west":{"texture":"#0","uv":[0.5,9.5,1,10.25]}},"from":[11.77216,10.38868,7],"rotation":{"angle":22.5,"axis":"z","origin":[12.69894,12.10835,8]},"to":[12.77216,13.38868,9]},{"faces":{"down":{"texture":"#0","uv":[10,6.5,9,7]},"east":{"texture":"#0","uv":[6.5,9,7,9.75]},"north":{"texture":"#0","uv":[7.75,3,8.75,3.75]},"south":{"texture":"#0","uv":[8.25,2,9.25,2.75]},"up":{"texture":"#0","uv":[10,2,9,1.5]},"west":{"texture":"#0","uv":[7,9.25,7.5,10]}},"from":[8.50429,8.24785,7],"rotation":{"angle":-22.5,"axis":"z","origin":[11.70429,11.09785,8]},"to":[12.50429,11.24785,9]},{"faces":{"down":{"texture":"#0","uv":[10,7.5,9,8]},"east":{"texture":"#0","uv":[9.5,9.5,10,10.25]},"north":{"texture":"#0","uv":[8.75,0,9.75,0.75]},"south":{"texture":"#0","uv":[8.75,2.75,9.75,3.5]},"up":{"texture":"#0","uv":[10,7.5,9,7]},"west":{"texture":"#0","uv":[9.75,0,10.25,0.75]}},"from":[3.49571,8.24785,7],"rotation":{"angle":22.5,"axis":"z","origin":[4.29571,11.09785,8]},"to":[7.49571,11.24785,9]},{"faces":{"down":{"texture":"#0","uv":[10.75,3.25,10.5,3.75]},"east":{"texture":"#0","uv":[10.5,3,11,3.25]},"north":{"texture":"#0","uv":[7.75,10.5,8,10.75]},"south":{"texture":"#0","uv":[8,10.5,8.25,10.75]},"up":{"texture":"#0","uv":[3,11,2.75,10.5]},"west":{"texture":"#0","uv":[3.25,10.5,3.75,10.75]}},"from":[2.49571,10.24785,7],"rotation":{"angle":22.5,"axis":"z","origin":[4.29571,11.09785,8]},"to":[3.49571,11.24785,9]},{"faces":{"down":{"texture":"#0","uv":[10.75,2.5,10.5,3]},"east":{"texture":"#0","uv":[1.75,9.5,2.25,10.25]},"north":{"texture":"#0","uv":[7,10,7.25,10.75]},"south":{"texture":"#0","uv":[7.25,10,7.5,10.75]},"up":{"texture":"#0","uv":[0.75,11,0.5,10.5]},"west":{"texture":"#0","uv":[9,9.5,9.5,10.25]}},"from":[2.91685,9.93113,7],"rotation":{"angle":-22.5,"axis":"z","origin":[4.29571,11.09785,8]},"to":[3.91685,12.93113,9]},{"faces":{"down":{"texture":"#0","uv":[10.5,5.75,10,6.25]},"east":{"texture":"#0","uv":[10.5,2,11,2.25]},"north":{"texture":"#0","uv":[10.5,1.75,11,2]},"south":{"texture":"#0","uv":[2.25,10.5,2.75,10.75]},"up":{"texture":"#0","uv":[10.5,5.75,10,5.25]},"west":{"texture":"#0","uv":[10.5,2.25,11,2.5]}},"from":[2.64551,12.38332,7],"rotation":{"angle":22.5,"axis":"z","origin":[4.34551,11.03332,8]},"to":[4.64551,13.38332,9]},{"faces":{"down":{"texture":"#0","uv":[3.75,6.25,2.5,7]},"east":{"texture":"#0","uv":[3.5,1.75,4.25,3]},"north":{"texture":"#0","uv":[5.25,0,6.5,1.25]},"south":{"texture":"#0","uv":[5.5,4.75,6.75,6]},"up":{"texture":"#0","uv":[7,4.5,5.75,3.75]},"west":{"texture":"#0","uv":[5.5,6,6.25,7.25]}},"from":[5.9,6.95562,6.5],"rotation":{"angle":45,"axis":"z","origin":[8,9.05562,8]},"to":[10.9,11.95562,9.5]},{"faces":{"down":{"texture":"#0","uv":[6.5,7.25,5.25,8]},"east":{"texture":"#0","uv":[0.75,7.25,1.5,8.5]},"north":{"texture":"#0","uv":[0,6,1.25,7.25]},"south":{"texture":"#0","uv":[1.25,6,2.5,7.25]},"up":{"texture":"#0","uv":[8.25,4.5,7,3.75]},"west":{"texture":"#0","uv":[1.5,7.25,2.25,8.5]}},"from":[5.8,6.85562,6.4],"rotation":{"angle":45,"axis":"z","origin":[8,9.05562,8]},"to":[11,12.05562,9.6]},{"faces":{"down":{"texture":"#0","uv":[5,9.25,4.25,9.75]},"east":{"texture":"#0","uv":[3.25,8.75,3.75,10]},"north":{"texture":"#0","uv":[3.75,6.25,4.5,7.5]},"south":{"texture":"#0","uv":[4.5,6.25,5.25,7.5]},"up":{"texture":"#0","uv":[3,9.75,2.25,9.25]},"west":{"texture":"#0","uv":[3.75,8.75,4.25,10]}},"from":[6.5,11.55562,7],"rotation":{"angle":0,"axis":"y","origin":[8,6.83238,6.53621]},"to":[9.5,16.55562,9]},{"faces":{"down":{"texture":"#0","uv":[10.25,8.5,9.75,9]},"east":{"texture":"#0","uv":[5.5,9.75,6,10.25]},"north":{"texture":"#0","uv":[4.25,8.75,4.75,9.25]},"south":{"texture":"#0","uv":[6.5,9.75,7,10.25]},"up":{"texture":"#0","uv":[10.25,8.5,9.75,8]},"west":{"texture":"#0","uv":[7.75,9.75,8.25,10.25]}},"from":[8.67787,14.64562,6.99],"rotation":{"angle":45,"axis":"z","origin":[7.78787,14.05562,7.5]},"to":[10.69787,16.66562,9.01]},{"faces":{"down":{"texture":"#0","uv":[11,4.5,9.75,4.75]},"east":{"texture":"#0","uv":[6.25,8,6.5,11]},"north":{"texture":"#0","uv":[0,3,1.25,6]},"south":{"texture":"#0","uv":[1.25,3,2.5,6]},"up":{"texture":"#0","uv":[11,1.5,9.75,1.25]},"west":{"texture":"#0","uv":[3,8.25,3.25,11.25]}},"from":[5.51,16.56562,7.51],"rotation":{"angle":0,"axis":"y","origin":[7,6.83238,7.03621]},"to":[10.49,28.54562,8.49]},{"faces":{"down":{"texture":"#0","uv":[10.75,5.75,10.5,6]},"east":{"texture":"#0","uv":[8.75,0.75,9,1]},"north":{"texture":"#0","uv":[8,1,8.25,1.25]},"south":{"texture":"#0","uv":[8.75,3.5,9,3.75]},"up":{"texture":"#0","uv":[5.25,10.75,5,10.5]},"west":{"texture":"#0","uv":[4,10.5,4.25,10.75]}},"from":[10.57879,22.34633,7.52],"rotation":{"angle":-45,"axis":"z","origin":[12.05879,24.12633,7.5]},"to":[11.53879,23.30633,8.48]},{"faces":{"down":{"texture":"#0","uv":[7.75,10.5,7.5,10.75]},"east":{"texture":"#0","uv":[10.5,6,10.75,6.25]},"north":{"texture":"#0","uv":[6,10.5,6.25,10.75]},"south":{"texture":"#0","uv":[10.5,6.25,10.75,6.5]},"up":{"texture":"#0","uv":[7,10.75,6.75,10.5]},"west":{"texture":"#0","uv":[6.5,10.5,6.75,10.75]}},"from":[10.57879,18.40369,7.52],"rotation":{"angle":-45,"axis":"z","origin":[12.05879,20.18369,7.5]},"to":[11.53879,19.36369,8.48]},{"faces":{"down":{"texture":"#0","uv":[0.25,10.75,0,11]},"east":{"texture":"#0","uv":[9.75,10.5,10,10.75]},"north":{"texture":"#0","uv":[10.5,9.25,10.75,9.5]},"south":{"texture":"#0","uv":[10,10.5,10.25,10.75]},"up":{"texture":"#0","uv":[10.75,10.75,10.5,10.5]},"west":{"texture":"#0","uv":[10.25,10.5,10.5,10.75]}},"from":[4.46121,18.40369,7.52],"rotation":{"angle":45,"axis":"z","origin":[3.94121,20.18369,7.5]},"to":[5.42121,19.36369,8.48]},{"faces":{"down":{"texture":"#0","uv":[10.75,9,10.5,9.25]},"east":{"texture":"#0","uv":[8.5,10.5,8.75,10.75]},"north":{"texture":"#0","uv":[8.25,10.5,8.5,10.75]},"south":{"texture":"#0","uv":[10.5,8.5,10.75,8.75]},"up":{"texture":"#0","uv":[10.75,9,10.5,8.75]},"west":{"texture":"#0","uv":[8.75,10.5,9,10.75]}},"from":[4.46121,22.34633,7.52],"rotation":{"angle":45,"axis":"z","origin":[3.94121,24.12633,7.5]},"to":[5.42121,23.30633,8.48]},{"faces":{"down":{"texture":"#0","uv":[11,5,9.75,5.25]},"east":{"texture":"#0","uv":[4.5,9.75,4.75,11]},"north":{"texture":"#0","uv":[5.75,1.25,7,2.5]},"south":{"texture":"#0","uv":[5.75,2.5,7,3.75]},"up":{"texture":"#0","uv":[11,5,9.75,4.75]},"west":{"texture":"#0","uv":[4.75,9.75,5,11]}},"from":[8.65147,24.35562,7.5],"rotation":{"angle":45,"axis":"z","origin":[7.15147,24.05562,8]},"to":[13.65147,29.35562,8.5]},{"faces":{"down":{"texture":"#0","uv":[0.75,0,0,0]},"east":{"texture":"#0","uv":[0,0,0,1.25]},"north":{"texture":"#0","uv":[7,5.75,7.75,7]},"south":{"texture":"#0","uv":[7,7,7.75,8.25]},"up":{"texture":"#0","uv":[0.75,0,0,0]},"west":{"texture":"#0","uv":[0,0,0,1.25]}},"from":[8.92183,9.82506,8],"rotation":{"angle":-22.5,"axis":"z","origin":[10.32183,12.32506,7.5]},"to":[11.92183,14.82506,8]},{"faces":{"down":{"texture":"#0","uv":[0.75,0,0,0]},"east":{"texture":"#0","uv":[0,0,0,1.25]},"north":{"texture":"#0","uv":[3.25,7.5,4,8.75]},"south":{"texture":"#0","uv":[4,7.5,4.75,8.75]},"up":{"texture":"#0","uv":[0.75,0,0,0]},"west":{"texture":"#0","uv":[0,0,0,1.25]}},"from":[4.07817,9.82506,8],"rotation":{"angle":22.5,"axis":"z","origin":[5.67817,12.32506,7.5]},"to":[7.07817,14.82506,8]},{"faces":{"down":{"texture":"#0","uv":[0.75,0,0,0]},"east":{"texture":"#0","uv":[0,0,0,1]},"north":{"texture":"#0","uv":[8.25,6.75,9,7.75]},"south":{"texture":"#0","uv":[7,8.25,7.75,9.25]},"up":{"texture":"#0","uv":[0.75,0,0,0]},"west":{"texture":"#0","uv":[0,0,0,1]}},"from":[9.0675,13.48755,8],"rotation":{"angle":22.5,"axis":"z","origin":[11.0675,15.48755,7.5]},"to":[12.0675,17.48755,8]},{"faces":{"down":{"texture":"#0","uv":[1.75,0,0,0]},"east":{"texture":"#0","uv":[0,0,0,3]},"north":{"texture":"#0","uv":[1.75,0,3.5,3]},"south":{"texture":"#0","uv":[1.75,0,3.5,3]},"up":{"texture":"#0","uv":[1.75,0,0,0]},"west":{"texture":"#0","uv":[0,0,0,3]}},"from":[4.5,16.55562,8],"rotation":{"angle":0,"axis":"y","origin":[9,6.83238,6.53621]},"to":[11.5,28.55562,8]},{"faces":{"down":{"texture":"#0","uv":[0.75,0,0,0]},"east":{"texture":"#0","uv":[0,0,0,1]},"north":{"texture":"#0","uv":[8.25,4.75,9,5.75]},"south":{"texture":"#0","uv":[8.25,5.75,9,6.75]},"up":{"texture":"#0","uv":[0.75,0,0,0]},"west":{"texture":"#0","uv":[0,0,0,1]}},"from":[5.9325,13.48755,8],"rotation":{"angle":-22.5,"axis":"z","origin":[6.9325,15.48755,7.5]},"to":[8.9325,17.48755,8]},{"faces":{"down":{"texture":"#0","uv":[0.75,0,0,0]},"east":{"texture":"#0","uv":[0,0,0,1.25]},"north":{"texture":"#0","uv":[2.5,7,3.25,8.25]},"south":{"texture":"#0","uv":[7,2.5,7.75,3.75]},"up":{"texture":"#0","uv":[0.75,0,0,0]},"west":{"texture":"#0","uv":[0,0,0,1.25]}},"from":[6.08579,9.7868,8],"rotation":{"angle":22.5,"axis":"z","origin":[7.58579,12.2868,7.5]},"to":[9.08579,14.7868,8]},{"faces":{"down":{"texture":"#0","uv":[1.75,0,0,0]},"east":{"texture":"#0","uv":[0,0,0,1.75]},"north":{"texture":"#0","uv":[5.25,0,3.5,1.75]},"south":{"texture":"#0","uv":[3.5,0,5.25,1.75]},"up":{"texture":"#0","uv":[1.75,0,0,0]},"west":{"texture":"#0","uv":[0,0,0,1.75]}},"from":[8.06569,24.35562,8],"rotation":{"angle":45,"axis":"z","origin":[8.56569,24.05562,7.5]},"to":[15.06569,31.35562,8]},{"faces":{"down":{"texture":"#0","uv":[1.5,0,0,0]},"east":{"texture":"#0","uv":[0,0,0,1.5]},"north":{"texture":"#0","uv":[5.75,3.25,4.25,4.75]},"south":{"texture":"#0","uv":[4.25,3.25,5.75,4.75]},"up":{"texture":"#0","uv":[1.5,0,0,0]},"west":{"texture":"#0","uv":[0,0,0,1.5]}},"from":[5.05569,21.34562,7.99],"rotation":{"angle":45,"axis":"z","origin":[8.56569,24.05562,7.5]},"to":[11.07569,27.36562,8.01]},{"faces":{"down":{"texture":"#0","uv":[1.5,0,0,0]},"east":{"texture":"#0","uv":[0,0,0,1.5]},"north":{"texture":"#0","uv":[5.75,3.25,4.25,4.75]},"south":{"texture":"#0","uv":[4,4.75,5.5,6.25]},"up":{"texture":"#0","uv":[1.5,0,0,0]},"west":{"texture":"#0","uv":[0,0,0,1.5]}},"from":[2.05569,18.64562,7.99],"rotation":{"angle":45,"axis":"z","origin":[8.56569,24.35562,7.5]},"to":[8.07569,24.66562,8.01]},{"faces":{"down":{"texture":"#0","uv":[0.75,0,0,0]},"east":{"texture":"#0","uv":[0,0,0,1.25]},"north":{"texture":"#0","uv":[0,7.25,0.75,8.5]},"south":{"texture":"#0","uv":[7.25,0,8,1.25]},"up":{"texture":"#0","uv":[0.75,0,0,0]},"west":{"texture":"#0","uv":[0,0,0,1.25]}},"from":[6.91421,9.7868,8],"rotation":{"angle":-22.5,"axis":"z","origin":[8.41421,12.2868,7.5]},"to":[9.91421,14.7868,8]},{"faces":{"down":{"texture":"#0","uv":[0.75,0,0,0]},"east":{"texture":"#0","uv":[0,0,0,1]},"north":{"texture":"#0","uv":[0.75,8.5,1.5,9.5]},"south":{"texture":"#0","uv":[1.5,8.5,2.25,9.5]},"up":{"texture":"#0","uv":[0.75,0,0,0]},"west":{"texture":"#0","uv":[0,0,0,1]}},"from":[7.0675,13.48755,8],"rotation":{"angle":22.5,"axis":"z","origin":[9.0675,15.48755,7.5]},"to":[10.0675,17.48755,8]},{"faces":{"down":{"texture":"#0","uv":[0.75,0,0,0]},"east":{"texture":"#0","uv":[0,0,0,1]},"north":{"texture":"#0","uv":[8.25,7.75,9,8.75]},"south":{"texture":"#0","uv":[0,8.5,0.75,9.5]},"up":{"texture":"#0","uv":[0.75,0,0,0]},"west":{"texture":"#0","uv":[0,0,0,1]}},"from":[3.9325,13.48755,8],"rotation":{"angle":-22.5,"axis":"z","origin":[4.9325,15.48755,7.5]},"to":[6.9325,17.48755,8]}],"gui_light":"front","texture_size":[64,64],"textures":{"0":"civilization:item/tools/shadow_blade/normal/default","particle":"civilization:item/tools/shadow_blade/normal/default"}}