{"textures":{"0":"modelengine:entity/lr_yeti_chest","particle":"#0"},"elements":[{"from":[19.0,4.0,11.0],"to":[21.0,14.0,13.0],"faces":{"east":{"uv":[9.25,0.0,9.5,1.25],"tintindex":0,"rotation":0,"texture":"#0"},"south":{"uv":[9.0,0.0,9.25,1.25],"tintindex":0,"rotation":0,"texture":"#0"},"north":{"uv":[9.5,0.0,9.75,1.25],"tintindex":0,"rotation":0,"texture":"#0"},"west":{"uv":[8.75,0.0,9.0,1.25],"tintindex":0,"rotation":0,"texture":"#0"},"up":{"uv":[8.5,0.0,8.75,0.25],"tintindex":0,"rotation":0,"texture":"#0"},"down":{"uv":[9.75,0.125,10.0,0.375],"tintindex":0,"rotation":0,"texture":"#0"}}},{"from":[-5.0,4.0,4.0],"to":[-3.0,14.0,6.0],"faces":{"east":{"uv":[9.0,0.0,8.75,1.25],"tintindex":0,"rotation":0,"texture":"#0"},"south":{"uv":[9.25,0.0,9.0,1.25],"tintindex":0,"rotation":0,"texture":"#0"},"north":{"uv":[9.75,0.0,9.5,1.25],"tintindex":0,"rotation":0,"texture":"#0"},"west":{"uv":[9.5,0.0,9.25,1.25],"tintindex":0,"rotation":0,"texture":"#0"},"up":{"uv":[8.75,0.0,8.5,0.25],"tintindex":0,"rotation":0,"texture":"#0"},"down":{"uv":[10.0,0.125,9.75,0.375],"tintindex":0,"rotation":0,"texture":"#0"}}},{"from":[3.0,4.0,-1.0],"to":[5.0,14.0,0.0],"faces":{"east":{"uv":[7.0,6.125,6.875,7.375],"tintindex":0,"rotation":0,"texture":"#0"},"south":{"uv":[3.0,6.5,2.75,7.75],"tintindex":0,"rotation":0,"texture":"#0"},"north":{"uv":[2.75,6.5,2.5,7.75],"tintindex":0,"rotation":0,"texture":"#0"},"west":{"uv":[7.0,4.875,6.875,6.125],"tintindex":0,"rotation":0,"texture":"#0"},"up":{"uv":[6.5,5.25,6.75,5.125],"tintindex":0,"rotation":0,"texture":"#0"},"down":{"uv":[7.0,6.375,7.25,6.5],"tintindex":0,"rotation":0,"texture":"#0"}}},{"from":[19.0,4.0,4.0],"to":[21.0,14.0,6.0],"faces":{"east":{"uv":[9.25,0.0,9.5,1.25],"tintindex":0,"rotation":0,"texture":"#0"},"south":{"uv":[9.0,0.0,9.25,1.25],"tintindex":0,"rotation":0,"texture":"#0"},"north":{"uv":[9.5,0.0,9.75,1.25],"tintindex":0,"rotation":0,"texture":"#0"},"west":{"uv":[8.75,0.0,9.0,1.25],"tintindex":0,"rotation":0,"texture":"#0"},"up":{"uv":[8.5,0.0,8.75,0.25],"tintindex":0,"rotation":0,"texture":"#0"},"down":{"uv":[9.75,0.125,10.0,0.375],"tintindex":0,"rotation":0,"texture":"#0"}}},{"from":[15.0,4.0,-1.0],"to":[17.0,14.0,0.0],"faces":{"east":{"uv":[6.75,4.875,6.875,6.125],"tintindex":0,"rotation":0,"texture":"#0"},"south":{"uv":[2.25,6.5,2.5,7.75],"tintindex":0,"rotation":0,"texture":"#0"},"north":{"uv":[2.0,6.5,2.25,7.75],"tintindex":0,"rotation":0,"texture":"#0"},"west":{"uv":[6.75,6.125,6.875,7.375],"tintindex":0,"rotation":0,"texture":"#0"},"up":{"uv":[6.75,5.0,6.5,4.875],"tintindex":0,"rotation":0,"texture":"#0"},"down":{"uv":[6.75,5.0,6.5,5.125],"tintindex":0,"rotation":0,"texture":"#0"}}},{"from":[-3.0,4.0,0.0],"to":[19.0,14.0,16.0],"faces":{"east":{"uv":[0.0,5.25,2.0,6.5],"tintindex":0,"rotation":0,"texture":"#0"},"south":{"uv":[2.75,4.0,5.5,5.25],"tintindex":0,"rotation":0,"texture":"#0"},"north":{"uv":[0.0,4.0,2.75,5.25],"tintindex":0,"rotation":0,"texture":"#0"},"west":{"uv":[2.0,5.25,4.0,6.5],"tintindex":0,"rotation":0,"texture":"#0"},"up":{"uv":[2.75,2.0,0.0,0.0],"tintindex":0,"rotation":0,"texture":"#0"},"down":{"uv":[2.75,2.0,0.0,4.0],"tintindex":0,"rotation":0,"texture":"#0"}}},{"from":[11.0,4.0,-1.0],"to":[13.0,14.0,0.0],"faces":{"east":{"uv":[6.875,4.875,7.0,6.125],"tintindex":0,"rotation":0,"texture":"#0"},"south":{"uv":[2.75,6.5,3.0,7.75],"tintindex":0,"rotation":0,"texture":"#0"},"north":{"uv":[2.5,6.5,2.75,7.75],"tintindex":0,"rotation":0,"texture":"#0"},"west":{"uv":[6.875,6.125,7.0,7.375],"tintindex":0,"rotation":0,"texture":"#0"},"up":{"uv":[6.75,5.25,6.5,5.125],"tintindex":0,"rotation":0,"texture":"#0"},"down":{"uv":[7.25,6.375,7.0,6.5],"tintindex":0,"rotation":0,"texture":"#0"}}},{"from":[-1.0,4.0,-1.0],"to":[1.0,14.0,0.0],"faces":{"east":{"uv":[6.875,6.125,6.75,7.375],"tintindex":0,"rotation":0,"texture":"#0"},"south":{"uv":[2.5,6.5,2.25,7.75],"tintindex":0,"rotation":0,"texture":"#0"},"north":{"uv":[2.25,6.5,2.0,7.75],"tintindex":0,"rotation":0,"texture":"#0"},"west":{"uv":[6.875,4.875,6.75,6.125],"tintindex":0,"rotation":0,"texture":"#0"},"up":{"uv":[6.5,5.0,6.75,4.875],"tintindex":0,"rotation":0,"texture":"#0"},"down":{"uv":[6.5,5.0,6.75,5.125],"tintindex":0,"rotation":0,"texture":"#0"}}},{"from":[-5.0,4.0,11.0],"to":[-3.0,14.0,13.0],"faces":{"east":{"uv":[9.0,0.0,8.75,1.25],"tintindex":0,"rotation":0,"texture":"#0"},"south":{"uv":[9.25,0.0,9.0,1.25],"tintindex":0,"rotation":0,"texture":"#0"},"north":{"uv":[9.75,0.0,9.5,1.25],"tintindex":0,"rotation":0,"texture":"#0"},"west":{"uv":[9.5,0.0,9.25,1.25],"tintindex":0,"rotation":0,"texture":"#0"},"up":{"uv":[8.75,0.0,8.5,0.25],"tintindex":0,"rotation":0,"texture":"#0"},"down":{"uv":[10.0,0.125,9.75,0.375],"tintindex":0,"rotation":0,"texture":"#0"}}}],"display":{"head":{"rotation":[0.0,0.0,0.0]},"firstperson_righthand":{"rotation":[0.0,0.0,0.0]},"thirdperson_lefthand":{"rotation":[0.0,-0.0,-0.0]},"firstperson_lefthand":{"rotation":[0.0,-0.0,-0.0]},"fixed":{"rotation":[0.0,0.0,0.0]},"ground":{"rotation":[0.0,0.0,0.0]},"thirdperson_righthand":{"rotation":[0.0,0.0,0.0]},"gui":{"rotation":[-150.0,-45.0,180.0]}}}