{"textures":{"0":"modelengine:entity/lr_yeti_chest","particle":"#0"},"elements":[{"from":[-2.0,7.0,8.0],"to":[6.0,8.0,9.0],"faces":{"east":{"uv":[7.125,6.5,7.0,6.625],"tintindex":0,"rotation":0,"texture":"#0"},"south":{"uv":[6.5,5.0,5.5,5.125],"tintindex":0,"rotation":0,"texture":"#0"},"north":{"uv":[6.5,4.875,5.5,5.0],"tintindex":0,"rotation":0,"texture":"#0"},"west":{"uv":[6.0,7.0,5.875,7.125],"tintindex":0,"rotation":0,"texture":"#0"},"up":{"uv":[5.5,5.25,6.5,5.125],"tintindex":0,"rotation":0,"texture":"#0"},"down":{"uv":[7.0,4.875,8.0,5.0],"tintindex":0,"rotation":0,"texture":"#0"}}},{"from":[-1.0,8.0,-5.0],"to":[1.0,14.0,9.0],"faces":{"east":{"uv":[7.25,2.875,5.5,3.625],"tintindex":0,"rotation":0,"texture":"#0"},"south":{"uv":[6.75,6.625,6.5,7.375],"tintindex":0,"rotation":0,"texture":"#0"},"north":{"uv":[6.75,5.875,6.5,6.625],"tintindex":0,"rotation":0,"texture":"#0"},"west":{"uv":[7.25,2.125,5.5,2.875],"tintindex":0,"rotation":0,"texture":"#0"},"up":{"uv":[0.0,8.25,0.25,6.5],"tintindex":0,"rotation":0,"texture":"#0"},"down":{"uv":[0.25,6.5,0.5,8.25],"tintindex":0,"rotation":0,"texture":"#0"}}},{"from":[3.0,8.0,-5.0],"to":[5.0,14.0,9.0],"faces":{"east":{"uv":[7.25,1.375,5.5,2.125],"tintindex":0,"rotation":0,"texture":"#0"},"south":{"uv":[4.0,6.5,3.75,7.25],"tintindex":0,"rotation":0,"texture":"#0"},"north":{"uv":[3.75,6.5,3.5,7.25],"tintindex":0,"rotation":0,"texture":"#0"},"west":{"uv":[7.25,0.625,5.5,1.375],"tintindex":0,"rotation":0,"texture":"#0"},"up":{"uv":[6.0,7.625,6.25,5.875],"tintindex":0,"rotation":0,"texture":"#0"},"down":{"uv":[6.25,5.875,6.5,7.625],"tintindex":0,"rotation":0,"texture":"#0"}}},{"from":[11.0,8.0,-9.0],"to":[13.0,17.0,-5.0],"faces":{"east":{"uv":[5.0,5.875,5.5,7.0],"tintindex":0,"rotation":0,"texture":"#0"},"south":{"uv":[3.25,6.5,3.5,7.625],"tintindex":0,"rotation":0,"texture":"#0"},"north":{"uv":[3.0,6.5,3.25,7.625],"tintindex":0,"rotation":0,"texture":"#0"},"west":{"uv":[5.5,5.875,6.0,7.0],"tintindex":0,"rotation":0,"texture":"#0"},"up":{"uv":[5.25,7.5,5.0,7.0],"tintindex":0,"rotation":0,"texture":"#0"},"down":{"uv":[7.25,5.0,7.0,5.5],"tintindex":0,"rotation":0,"texture":"#0"}}},{"from":[10.0,7.0,8.0],"to":[18.0,8.0,9.0],"faces":{"east":{"uv":[5.875,7.0,6.0,7.125],"tintindex":0,"rotation":0,"texture":"#0"},"south":{"uv":[5.5,5.0,6.5,5.125],"tintindex":0,"rotation":0,"texture":"#0"},"north":{"uv":[5.5,4.875,6.5,5.0],"tintindex":0,"rotation":0,"texture":"#0"},"west":{"uv":[7.0,6.5,7.125,6.625],"tintindex":0,"rotation":0,"texture":"#0"},"up":{"uv":[6.5,5.25,5.5,5.125],"tintindex":0,"rotation":0,"texture":"#0"},"down":{"uv":[8.0,4.875,7.0,5.0],"tintindex":0,"rotation":0,"texture":"#0"}}},{"from":[3.0,8.0,-9.0],"to":[5.0,17.0,-5.0],"faces":{"east":{"uv":[6.0,5.875,5.5,7.0],"tintindex":0,"rotation":0,"texture":"#0"},"south":{"uv":[3.5,6.5,3.25,7.625],"tintindex":0,"rotation":0,"texture":"#0"},"north":{"uv":[3.25,6.5,3.0,7.625],"tintindex":0,"rotation":0,"texture":"#0"},"west":{"uv":[5.5,5.875,5.0,7.0],"tintindex":0,"rotation":0,"texture":"#0"},"up":{"uv":[5.0,7.5,5.25,7.0],"tintindex":0,"rotation":0,"texture":"#0"},"down":{"uv":[7.0,5.0,7.25,5.5],"tintindex":0,"rotation":0,"texture":"#0"}}},{"from":[-1.0,8.0,-9.0],"to":[1.0,20.0,-5.0],"faces":{"east":{"uv":[5.0,5.875,4.5,7.375],"tintindex":0,"rotation":0,"texture":"#0"},"south":{"uv":[1.0,6.5,0.75,8.0],"tintindex":0,"rotation":0,"texture":"#0"},"north":{"uv":[0.75,6.5,0.5,8.0],"tintindex":0,"rotation":0,"texture":"#0"},"west":{"uv":[4.5,5.875,4.0,7.375],"tintindex":0,"rotation":0,"texture":"#0"},"up":{"uv":[5.25,7.5,5.5,7.0],"tintindex":0,"rotation":0,"texture":"#0"},"down":{"uv":[5.5,7.0,5.75,7.5],"tintindex":0,"rotation":0,"texture":"#0"}}},{"from":[-3.0,8.0,-8.0],"to":[19.0,13.0,8.0],"faces":{"east":{"uv":[5.5,3.625,7.5,4.25],"tintindex":0,"rotation":0,"texture":"#0"},"south":{"uv":[5.5,0.0,8.25,0.625],"tintindex":0,"rotation":0,"texture":"#0"},"north":{"uv":[4.0,5.25,6.75,5.875],"tintindex":0,"rotation":0,"texture":"#0"},"west":{"uv":[5.5,4.25,7.5,4.875],"tintindex":0,"rotation":0,"texture":"#0"},"up":{"uv":[5.5,2.0,2.75,0.0],"tintindex":0,"rotation":0,"texture":"#0"},"down":{"uv":[5.5,2.0,2.75,4.0],"tintindex":0,"rotation":0,"texture":"#0"}}},{"from":[15.0,8.0,-5.0],"to":[17.0,14.0,9.0],"faces":{"east":{"uv":[5.5,2.125,7.25,2.875],"tintindex":0,"rotation":0,"texture":"#0"},"south":{"uv":[6.5,6.625,6.75,7.375],"tintindex":0,"rotation":0,"texture":"#0"},"north":{"uv":[6.5,5.875,6.75,6.625],"tintindex":0,"rotation":0,"texture":"#0"},"west":{"uv":[5.5,2.875,7.25,3.625],"tintindex":0,"rotation":0,"texture":"#0"},"up":{"uv":[0.25,8.25,0.0,6.5],"tintindex":0,"rotation":0,"texture":"#0"},"down":{"uv":[0.5,6.5,0.25,8.25],"tintindex":0,"rotation":0,"texture":"#0"}}},{"from":[11.0,8.0,-5.0],"to":[13.0,14.0,9.0],"faces":{"east":{"uv":[5.5,0.625,7.25,1.375],"tintindex":0,"rotation":0,"texture":"#0"},"south":{"uv":[3.75,6.5,4.0,7.25],"tintindex":0,"rotation":0,"texture":"#0"},"north":{"uv":[3.5,6.5,3.75,7.25],"tintindex":0,"rotation":0,"texture":"#0"},"west":{"uv":[5.5,1.375,7.25,2.125],"tintindex":0,"rotation":0,"texture":"#0"},"up":{"uv":[6.25,7.625,6.0,5.875],"tintindex":0,"rotation":0,"texture":"#0"},"down":{"uv":[6.5,5.875,6.25,7.625],"tintindex":0,"rotation":0,"texture":"#0"}}},{"from":[15.0,8.0,-9.0],"to":[17.0,20.0,-5.0],"faces":{"east":{"uv":[4.0,5.875,4.5,7.375],"tintindex":0,"rotation":0,"texture":"#0"},"south":{"uv":[0.75,6.5,1.0,8.0],"tintindex":0,"rotation":0,"texture":"#0"},"north":{"uv":[0.5,6.5,0.75,8.0],"tintindex":0,"rotation":0,"texture":"#0"},"west":{"uv":[4.5,5.875,5.0,7.375],"tintindex":0,"rotation":0,"texture":"#0"},"up":{"uv":[5.5,7.5,5.25,7.0],"tintindex":0,"rotation":0,"texture":"#0"},"down":{"uv":[5.75,7.0,5.5,7.5],"tintindex":0,"rotation":0,"texture":"#0"}}},{"from":[6.0,6.0,-9.0],"to":[10.0,11.0,-8.0],"faces":{"east":{"uv":[7.0,5.5,7.125,6.125],"tintindex":0,"rotation":0,"texture":"#0"},"south":{"uv":[1.5,6.5,2.0,7.125],"tintindex":0,"rotation":0,"texture":"#0"},"north":{"uv":[1.0,6.5,1.5,7.125],"tintindex":0,"rotation":0,"texture":"#0"},"west":{"uv":[5.75,7.0,5.875,7.625],"tintindex":0,"rotation":0,"texture":"#0"},"up":{"uv":[7.5,6.25,7.0,6.125],"tintindex":0,"rotation":0,"texture":"#0"},"down":{"uv":[7.5,6.25,7.0,6.375],"tintindex":0,"rotation":0,"texture":"#0"}}}],"display":{"head":{"rotation":[0.0,0.0,0.0]},"firstperson_righthand":{"rotation":[0.0,0.0,0.0]},"thirdperson_lefthand":{"rotation":[0.0,-0.0,-0.0]},"firstperson_lefthand":{"rotation":[0.0,-0.0,-0.0]},"fixed":{"rotation":[0.0,0.0,0.0]},"ground":{"rotation":[0.0,0.0,0.0]},"thirdperson_righthand":{"rotation":[0.0,0.0,0.0]},"gui":{"rotation":[-150.0,-45.0,180.0]}}}