{"display":{"firstperson_lefthand":{"translation":[6,-1.25,-0.75]},"firstperson_righthand":{"translation":[6,-1.25,-0.75]},"fixed":{"rotation":[90,-45,90],"scale":[0.6,0.6,0.6],"translation":[-2.25,0.25,-0.5]},"ground":{"rotation":[45,0,0],"scale":[0.25,0.25,0.25],"translation":[0,4.75,0.75]},"gui":{"rotation":[30,135,0],"scale":[0.55,0.55,0.55],"translation":[1.25,1.5,0]},"thirdperson_lefthand":{"translation":[0,7.5,8.75]},"thirdperson_righthand":{"translation":[0,7.5,8.75]}},"elements":[{"faces":{"down":{"texture":"#0","uv":[11,10,9,10.5]},"east":{"texture":"#0","uv":[5.75,9.75,6.25,10.25]},"north":{"texture":"#0","uv":[2,4.25,4,4.75]},"south":{"texture":"#0","uv":[9.75,3.5,11.75,4]},"up":{"texture":"#0","uv":[11.75,4.5,9.75,4]},"west":{"texture":"#0","uv":[12,5,12.5,5.5]}},"from":[4,1,-6],"name":"body","rotation":{"angle":0,"axis":"y","origin":[8,0,-1]},"to":[12,3,-4]},{"faces":{"down":{"texture":"#0","uv":[13.25,10,12.75,10.5]},"east":{"texture":"#0","uv":[0.75,10.75,1.25,12.25]},"north":{"texture":"#0","uv":[6.5,9.75,7,11.25]},"south":{"texture":"#0","uv":[10.75,4.5,11.25,6]},"up":{"texture":"#0","uv":[10.25,13.25,9.75,12.75]},"west":{"texture":"#0","uv":[5.75,10.75,6.25,12.25]}},"from":[4,3,-6],"name":"body","rotation":{"angle":0,"axis":"y","origin":[8,0,-1]},"to":[6,9,-4]},{"faces":{"down":{"texture":"#0","uv":[13.25,12.25,12.75,12.75]},"east":{"texture":"#0","uv":[8.25,10.75,8.75,12.25]},"north":{"texture":"#0","uv":[7.75,10.75,8.25,12.25]},"south":{"texture":"#0","uv":[11,2,11.5,3.5]},"up":{"texture":"#0","uv":[13.25,11,12.75,10.5]},"west":{"texture":"#0","uv":[11,9.75,11.5,11.25]}},"from":[10,3,-6],"name":"body","rotation":{"angle":0,"axis":"y","origin":[8,0,-1]},"to":[12,9,-4]},{"faces":{"down":{"texture":"#0","uv":[12.5,0,10.5,0.5]},"east":{"texture":"#0","uv":[12.5,11.75,13,12.25]},"north":{"texture":"#0","uv":[4.5,10.25,6.5,10.75]},"south":{"texture":"#0","uv":[10.25,8.75,12.25,9.25]},"up":{"texture":"#0","uv":[12.25,9.75,10.25,9.25]},"west":{"texture":"#0","uv":[12.75,9.5,13.25,10]}},"from":[4,9,-6],"name":"body","rotation":{"angle":0,"axis":"y","origin":[8,0,-1]},"to":[12,11,-4]},{"faces":{"down":{"texture":"#0","uv":[0.5,13.25,0,13.75]},"east":{"texture":"#0","uv":[8,12.25,8.5,13.25]},"north":{"texture":"#0","uv":[7.5,12.25,8,13.25]},"south":{"texture":"#0","uv":[12.25,8.25,12.75,9.25]},"up":{"texture":"#0","uv":[13.5,12,13,11.5]},"west":{"texture":"#0","uv":[11.75,12.25,12.25,13.25]}},"from":[10.65,0.25,0],"name":"body","rotation":{"angle":22.5,"axis":"z","origin":[11.65,0.75,1]},"to":[12.65,4.25,2]},{"faces":{"down":{"texture":"#0","uv":[11.75,13,11.25,13.5]},"east":{"texture":"#0","uv":[6,12.25,6.5,13.25]},"north":{"texture":"#0","uv":[5.5,12.25,6,13.25]},"south":{"texture":"#0","uv":[6.5,12.25,7,13.25]},"up":{"texture":"#0","uv":[13.5,11.5,13,11]},"west":{"texture":"#0","uv":[12.25,7.25,12.75,8.25]}},"from":[10.65,-1.75,-3],"name":"body","rotation":{"angle":22.5,"axis":"z","origin":[11.65,0.75,-2]},"to":[12.65,2.25,-1]},{"faces":{"down":{"texture":"#0","uv":[11.25,13,10.75,13.5]},"east":{"texture":"#0","uv":[3.5,12.25,4,13.25]},"north":{"texture":"#0","uv":[3,12.25,3.5,13.25]},"south":{"texture":"#0","uv":[4,12.25,4.5,13.25]},"up":{"texture":"#0","uv":[10.75,13.5,10.25,13]},"west":{"texture":"#0","uv":[4.5,12.25,5,13.25]}},"from":[3.35,0.25,0],"name":"body","rotation":{"angle":-22.5,"axis":"z","origin":[4.35,0.75,1]},"to":[5.35,4.25,2]},{"faces":{"down":{"texture":"#0","uv":[13.5,8.25,13,8.75]},"east":{"texture":"#0","uv":[1.5,12.25,2,13.25]},"north":{"texture":"#0","uv":[1,12.25,1.5,13.25]},"south":{"texture":"#0","uv":[2,12.25,2.5,13.25]},"up":{"texture":"#0","uv":[13.5,8.25,13,7.75]},"west":{"texture":"#0","uv":[2.5,12.25,3,13.25]}},"from":[3.35,-1.75,-3],"name":"body","rotation":{"angle":-22.5,"axis":"z","origin":[4.35,0.75,-2]},"to":[5.35,2.25,-1]},{"faces":{"down":{"texture":"#0","uv":[8,0,6,2]},"east":{"texture":"#0","uv":[0,3,2,5.5]},"north":{"texture":"#0","uv":[2,1.75,4,4.25]},"south":{"texture":"#0","uv":[4,0,6,2.5]},"up":{"texture":"#0","uv":[2,7.5,0,5.5]},"west":{"texture":"#0","uv":[4,2.5,6,5]}},"from":[4,1,-4],"name":"body","rotation":{"angle":0,"axis":"y","origin":[8,0,-1.5]},"to":[12,11,4]},{"faces":{"down":{"texture":"#0","uv":[13.25,1,12.75,1.75]},"east":{"texture":"#0","uv":[10.75,6,11.5,7]},"north":{"texture":"#0","uv":[10.75,12,11.25,13]},"south":{"texture":"#0","uv":[11.25,12,11.75,13]},"up":{"texture":"#0","uv":[13,11.75,12.5,11]},"west":{"texture":"#0","uv":[1.25,11.25,2,12.25]}},"from":[2,5,-3],"name":"body","rotation":{"angle":0,"axis":"y","origin":[8,0,-1.5]},"to":[4,9,0]},{"faces":{"down":{"texture":"#0","uv":[3.25,4.75,2,5]},"east":{"texture":"#0","uv":[12.5,2.75,12.75,4.25]},"north":{"texture":"#0","uv":[2.5,0,3.75,1.5]},"south":{"texture":"#0","uv":[7.25,3.25,8.5,4.75]},"up":{"texture":"#0","uv":[3.75,1.75,2.5,1.5]},"west":{"texture":"#0","uv":[7,12.75,7.25,14.25]}},"from":[1,11.25,-2],"name":"body","rotation":{"angle":22.5,"axis":"x","origin":[8,14.25,-3]},"to":[6,17.25,-1]},{"faces":{"down":{"texture":"#0","uv":[9,10.75,8.75,11.25]},"east":{"texture":"#0","uv":[9,4.75,9.5,5]},"north":{"texture":"#0","uv":[10,4.5,10.25,4.75]},"south":{"texture":"#0","uv":[10,7.25,10.25,7.5]},"up":{"texture":"#0","uv":[6.5,11.25,6.25,10.75]},"west":{"texture":"#0","uv":[9.5,7.25,10,7.5]}},"from":[3,13.75,-4],"name":"body","rotation":{"angle":22.5,"axis":"x","origin":[8,14.25,-3]},"to":[4,14.75,-2]},{"faces":{"down":{"texture":"#0","uv":[13.5,7.25,13,7.75]},"east":{"texture":"#0","uv":[13,5.25,13.5,5.75]},"north":{"texture":"#0","uv":[13,4.75,13.5,5.25]},"south":{"texture":"#0","uv":[13,5.75,13.5,6.25]},"up":{"texture":"#0","uv":[13.5,7.25,13,6.75]},"west":{"texture":"#0","uv":[13,6.25,13.5,6.75]}},"from":[2.5,13.25,-6],"name":"body","rotation":{"angle":22.5,"axis":"x","origin":[8,14.25,-3]},"to":[4.5,15.25,-4]},{"faces":{"down":{"texture":"#0","uv":[13.5,4.25,13,4.75]},"east":{"texture":"#0","uv":[13,2.25,13.5,2.75]},"north":{"texture":"#0","uv":[13,1.75,13.5,2.25]},"south":{"texture":"#0","uv":[13,2.75,13.5,3.25]},"up":{"texture":"#0","uv":[13.5,4.25,13,3.75]},"west":{"texture":"#0","uv":[13,3.25,13.5,3.75]}},"from":[11.5,13.25,-6],"name":"body","rotation":{"angle":22.5,"axis":"x","origin":[8,14.25,-3]},"to":[13.5,15.25,-4]},{"faces":{"down":{"texture":"#0","uv":[10.5,7.25,10.25,7.5]},"east":{"texture":"#0","uv":[9.5,12,9.75,13.75]},"north":{"texture":"#0","uv":[3.75,0,4,1.75]},"south":{"texture":"#0","uv":[8.5,12.25,8.75,14]},"up":{"texture":"#0","uv":[10.5,4.75,10.25,4.5]},"west":{"texture":"#0","uv":[12.5,9.25,12.75,11]}},"from":[3,7,-2],"name":"body","rotation":{"angle":0,"axis":"y","origin":[8,15,-3]},"to":[4,14,-1]},{"faces":{"down":{"texture":"#0","uv":[10.75,4.5,10.5,4.75]},"east":{"texture":"#0","uv":[12.75,4.5,13,6.25]},"north":{"texture":"#0","uv":[12.75,2.75,13,4.5]},"south":{"texture":"#0","uv":[5,12.75,5.25,14.5]},"up":{"texture":"#0","uv":[10.5,10,10.25,9.75]},"west":{"texture":"#0","uv":[5.25,12.75,5.5,14.5]}},"from":[12,7,-2],"name":"body","rotation":{"angle":0,"axis":"y","origin":[17,15,-3]},"to":[13,14,-1]},{"faces":{"down":{"texture":"#0","uv":[11,2,10.75,2.5]},"east":{"texture":"#0","uv":[3.25,4.75,3.75,5]},"north":{"texture":"#0","uv":[3.75,4.75,4,5]},"south":{"texture":"#0","uv":[9.75,4.5,10,4.75]},"up":{"texture":"#0","uv":[6.5,10.25,6.25,9.75]},"west":{"texture":"#0","uv":[8.5,4.75,9,5]}},"from":[12,13.75,-4],"name":"body","rotation":{"angle":22.5,"axis":"x","origin":[8,14.25,-3]},"to":[13,14.75,-2]},{"faces":{"down":{"texture":"#0","uv":[13.75,0,12.5,0.25]},"east":{"texture":"#0","uv":[7.25,12.75,7.5,14.25]},"north":{"texture":"#0","uv":[8.5,3.25,9.75,4.75]},"south":{"texture":"#0","uv":[4.5,8.75,5.75,10.25]},"up":{"texture":"#0","uv":[8.5,5,7.25,4.75]},"west":{"texture":"#0","uv":[12.75,7.25,13,8.75]}},"from":[10,11.25,-2],"name":"body","rotation":{"angle":22.5,"axis":"x","origin":[8,14.25,-3]},"to":[15,17.25,-1]},{"faces":{"down":{"texture":"#0","uv":[13.25,8.75,12.75,9.5]},"east":{"texture":"#0","uv":[11.25,4.5,12,5.5]},"north":{"texture":"#0","uv":[12,11.25,12.5,12.25]},"south":{"texture":"#0","uv":[0.5,12.25,1,13.25]},"up":{"texture":"#0","uv":[9.25,13.5,8.75,12.75]},"west":{"texture":"#0","uv":[6.25,11.25,7,12.25]}},"from":[12,5,-3],"name":"body","rotation":{"angle":0,"axis":"y","origin":[18,0,-1.5]},"to":[14,9,0]},{"faces":{"down":{"texture":"#0","uv":[13.5,0.25,13,0.75]},"east":{"texture":"#0","uv":[11.75,7.25,12.25,8.5]},"north":{"texture":"#0","uv":[5,11.5,5.5,12.75]},"south":{"texture":"#0","uv":[10.25,11.75,10.75,13]},"up":{"texture":"#0","uv":[13.25,13.25,12.75,12.75]},"west":{"texture":"#0","uv":[0,12,0.5,13.25]}},"from":[7,-4,0],"name":"body","rotation":{"angle":0,"axis":"y","origin":[8,-4,1]},"to":[9,1,2]},{"faces":{"down":{"texture":"#0","uv":[0,0,0,1.5]},"east":{"texture":"#0","uv":[8,6.25,9.5,7.5]},"north":{"texture":"#0","uv":[0,0,0,1.25]},"south":{"texture":"#0","uv":[0,0,0,1.25]},"up":{"texture":"#0","uv":[0,1.5,0,0]},"west":{"texture":"#0","uv":[9,7.5,10.5,8.75]}},"from":[8,-4,-6],"name":"body","rotation":{"angle":0,"axis":"y","origin":[8,-4,-1]},"to":[8,1,0]},{"faces":{"down":{"texture":"#0","uv":[12.75,5,12.5,6]},"east":{"texture":"#0","uv":[11.5,9.75,12.5,10.5]},"north":{"texture":"#0","uv":[9.25,1.25,9.5,2]},"south":{"texture":"#0","uv":[9.5,2.5,9.75,3.25]},"up":{"texture":"#0","uv":[7.75,12.25,7.5,11.25]},"west":{"texture":"#0","uv":[11.5,10.5,12.5,11.25]}},"from":[7.5,0,2],"name":"body","rotation":{"angle":0,"axis":"y","origin":[8.5,-4,8]},"to":[8.5,3,6]},{"faces":{"down":{"texture":"#0","uv":[9.25,0,8,2]},"east":{"texture":"#0","uv":[0,0,2,0]},"north":{"texture":"#0","uv":[0,0,1.25,0]},"south":{"texture":"#0","uv":[0,0,1.25,0]},"up":{"texture":"#0","uv":[9,9.5,7.75,7.5]},"west":{"texture":"#0","uv":[0,0,2,0]}},"from":[3.79219,10.2064,4],"name":"body","rotation":{"angle":-45,"axis":"z","origin":[5.79219,10.2064,6.5]},"to":[8.79219,10.2064,12]},{"faces":{"down":{"texture":"#0","uv":[4.5,8.75,3.25,10.75]},"east":{"texture":"#0","uv":[0,0,2,0]},"north":{"texture":"#0","uv":[0,0,1.25,0]},"south":{"texture":"#0","uv":[0,0,1.25,0]},"up":{"texture":"#0","uv":[3.25,10.75,2,8.75]},"west":{"texture":"#0","uv":[0,0,2,0]}},"from":[7.20781,10.2064,4],"name":"body","rotation":{"angle":45,"axis":"z","origin":[10.20781,10.2064,6.5]},"to":[12.20781,10.2064,12]},{"faces":{"down":{"texture":"#0","uv":[5.75,6.25,4.5,8.75]},"east":{"texture":"#0","uv":[0,0,2.5,0]},"north":{"texture":"#0","uv":[0,0,1.25,0]},"south":{"texture":"#0","uv":[0,0,1.25,0]},"up":{"texture":"#0","uv":[4.5,8.75,3.25,6.25]},"west":{"texture":"#0","uv":[0,0,2.5,0]}},"from":[7.20781,1.7936,4],"name":"body","rotation":{"angle":-45,"axis":"z","origin":[10.20781,1.7936,6.5]},"to":[12.20781,1.7936,14]},{"faces":{"down":{"texture":"#0","uv":[3.25,6.25,2,8.75]},"east":{"texture":"#0","uv":[0,0,2.5,0]},"north":{"texture":"#0","uv":[0,0,1.25,0]},"south":{"texture":"#0","uv":[0,0,1.25,0]},"up":{"texture":"#0","uv":[7.25,4.5,6,2]},"west":{"texture":"#0","uv":[0,0,2.5,0]}},"from":[3.79219,1.7936,4],"name":"body","rotation":{"angle":45,"axis":"z","origin":[5.79219,1.7936,6.5]},"to":[8.79219,1.7936,14]},{"faces":{"down":{"texture":"#0","uv":[9,9.5,7.75,10.75]},"east":{"texture":"#0","uv":[2,10.75,3.25,11.5]},"north":{"texture":"#0","uv":[10.75,1.25,12,2]},"south":{"texture":"#0","uv":[3.25,10.75,4.5,11.5]},"up":{"texture":"#0","uv":[10.75,7.25,9.5,6]},"west":{"texture":"#0","uv":[4.5,10.75,5.75,11.5]}},"from":[5.5,6.5,4],"name":"body","rotation":{"angle":0,"axis":"y","origin":[10.5,1.5,10]},"to":[10.5,9.5,9]},{"faces":{"down":{"texture":"#0","uv":[10.5,0,9.25,1.25]},"east":{"texture":"#0","uv":[10.5,7.25,11.75,8]},"north":{"texture":"#0","uv":[10.5,0.5,11.75,1.25]},"south":{"texture":"#0","uv":[10.5,8,11.75,8.75]},"up":{"texture":"#0","uv":[10.25,10,9,8.75]},"west":{"texture":"#0","uv":[9,10.5,10.25,11.25]}},"from":[5.5,2.5,4],"name":"body","rotation":{"angle":0,"axis":"y","origin":[10.5,-1.5,10]},"to":[10.5,5.5,9]},{"faces":{"down":{"texture":"#0","uv":[12.5,2,11.5,2.75]},"east":{"texture":"#0","uv":[11.75,3.5,12.5,4.25]},"north":{"texture":"#0","uv":[8.75,11.25,9.75,12]},"south":{"texture":"#0","uv":[11,11.25,12,12]},"up":{"texture":"#0","uv":[3,12.25,2,11.5]},"west":{"texture":"#0","uv":[12,1,12.75,1.75]}},"from":[2.5,4.5,5],"name":"body","rotation":{"angle":0,"axis":"y","origin":[8.5,0.5,9]},"to":[6.5,7.5,8]},{"faces":{"down":{"texture":"#0","uv":[12.5,5.5,11.5,6.25]},"east":{"texture":"#0","uv":[12,4.25,12.75,5]},"north":{"texture":"#0","uv":[11.5,2.75,12.5,3.5]},"south":{"texture":"#0","uv":[3,11.5,4,12.25]},"up":{"texture":"#0","uv":[5,12.25,4,11.5]},"west":{"texture":"#0","uv":[8.75,12,9.5,12.75]}},"from":[9.5,4.5,5],"name":"body","rotation":{"angle":0,"axis":"y","origin":[7.5,0.5,9]},"to":[13.5,7.5,8]},{"faces":{"down":{"texture":"#0","uv":[10.25,11.25,9.75,12.75]},"east":{"texture":"#0","uv":[11.5,6.25,13,6.75]},"north":{"texture":"#0","uv":[0.5,13.25,1,13.75]},"south":{"texture":"#0","uv":[13.25,0.75,13.75,1.25]},"up":{"texture":"#0","uv":[7.5,12.75,7,11.25]},"west":{"texture":"#0","uv":[11.5,6.75,13,7.25]}},"from":[7,2,10.5],"name":"body","rotation":{"angle":0,"axis":"y","origin":[9,-6,5.5]},"to":[9,4,16.5]},{"faces":{"down":{"texture":"#0","uv":[13,0.5,11.75,1]},"east":{"texture":"#0","uv":[12.25,12.25,12.75,13.25]},"north":{"texture":"#0","uv":[0,9.75,1.25,10.75]},"south":{"texture":"#0","uv":[9.75,2.5,11,3.5]},"up":{"texture":"#0","uv":[7.25,5,6,4.5]},"west":{"texture":"#0","uv":[12.5,1.75,13,2.75]}},"from":[5.497,0.997,16.497],"name":"body","rotation":{"angle":0,"axis":"y","origin":[9.5,-6,7.5]},"to":[10.503,5.003,18.503]},{"faces":{"down":{"texture":"#0","uv":[7,7.5,5.75,9.75]},"east":{"texture":"#0","uv":[5.75,6.25,8,7.5]},"north":{"texture":"#0","uv":[9.5,1.25,10.75,2.5]},"south":{"texture":"#0","uv":[9.5,4.75,10.75,6]},"up":{"texture":"#0","uv":[1.25,9.75,0,7.5]},"west":{"texture":"#0","uv":[7.25,2,9.5,3.25]}},"from":[5.497,4.997,9.497],"name":"body","rotation":{"angle":0,"axis":"y","origin":[9.5,0,7.5]},"to":[10.503,10.003,18.503]},{"faces":{"down":{"texture":"#0","uv":[7.75,7.5,7,11.25]},"east":{"texture":"#0","uv":[2,5,5.75,6.25]},"north":{"texture":"#0","uv":[10.25,10.5,11,11.75]},"south":{"texture":"#0","uv":[0,10.75,0.75,12]},"up":{"texture":"#0","uv":[2,11.25,1.25,7.5]},"west":{"texture":"#0","uv":[5.75,5,9.5,6.25]}},"from":[6.5,3.5,3.5],"name":"body","rotation":{"angle":0,"axis":"y","origin":[10.5,-1.5,9.5]},"to":[9.5,8.5,18.5]},{"faces":{"down":{"texture":"#0","uv":[1,1.75,0.5,1.75]},"east":{"texture":"#0","uv":[0,1.75,0,3]},"north":{"texture":"#0","uv":[0,1.75,0.5,3]},"south":{"texture":"#0","uv":[0.5,1.75,1,3]},"up":{"texture":"#0","uv":[0.5,1.75,0,1.75]},"west":{"texture":"#0","uv":[0.5,1.75,0.5,3]}},"from":[9.42388,4.92595,-1.44483],"name":"right_ear","rotation":{"angle":22.5,"axis":"y","origin":[10.42388,7.42595,-1.44483]},"to":[11.42388,9.92595,-1.44483]},{"faces":{"down":{"texture":"#0","uv":[2,1.75,1.5,1.75]},"east":{"texture":"#0","uv":[1,1.75,1,3]},"north":{"texture":"#0","uv":[1,1.75,1.5,3]},"south":{"texture":"#0","uv":[1.5,1.75,2,3]},"up":{"texture":"#0","uv":[1.5,1.75,1,1.75]},"west":{"texture":"#0","uv":[1.5,1.75,1.5,3]}},"from":[4.57612,4.92595,-1.44483],"name":"left_ear","rotation":{"angle":-22.5,"axis":"y","origin":[5.57612,7.42595,-1.44483]},"to":[6.57612,9.92595,-1.44483]},{"faces":{"down":{"texture":"#0","uv":[2,0,1.25,0.5]},"east":{"texture":"#0","uv":[0,0.5,0.5,1.75]},"north":{"texture":"#0","uv":[0.5,0.5,1.25,1.75]},"south":{"texture":"#0","uv":[1.75,0.5,2.5,1.75]},"up":{"texture":"#0","uv":[1.25,0.5,0.5,0]},"west":{"texture":"#0","uv":[1.25,0.5,1.75,1.75]}},"from":[6.5,2.31489,-1.33579],"name":"head","rotation":{"angle":45,"axis":"x","origin":[8,6.02007,-1.1]},"to":[9.5,7.31489,0.66421]}],"texture_size":[64,64],"textures":{"0":"civilization:item/tools/armadillo_detonator/armadillo_detonator","particle":"civilization:item/tools/armadillo_detonator/armadillo_detonator"}}