{"display":{"firstperson_lefthand":{"rotation":[0,-8,0],"scale":[0.6,0.6,0.6],"translation":[-0.5,2,1.75]},"firstperson_righthand":{"rotation":[0,-8,0],"scale":[0.6,0.6,0.6],"translation":[-0.5,2,1.75]},"fixed":{"translation":[0,-1,5]},"ground":{"rotation":[14,23,28],"scale":[0.5,0.5,0.5],"translation":[-1,2,-2.25]},"gui":{"rotation":[22.5,135,0],"scale":[0.5,0.5,0.5],"translation":[-1.75,-1.25,0]},"head":{"scale":[1.2,1.2,1.2],"translation":[0,2.25,-4]},"thirdperson_lefthand":{"rotation":[0,0,-3],"scale":[0.8,0.8,0.8],"translation":[0.75,1.5,0]},"thirdperson_righthand":{"rotation":[0,0,-3],"scale":[0.8,0.8,0.8],"translation":[0.75,1.5,0]}},"elements":[{"faces":{"down":{"texture":"#0","uv":[0.875,0,0,0]},"east":{"texture":"#0","uv":[0,0,0,0.875]},"north":{"texture":"#0","uv":[0.625,6.125,1.5,7]},"south":{"texture":"#0","uv":[1.5,6.125,2.375,7]},"up":{"texture":"#0","uv":[0.875,0,0,0]},"west":{"texture":"#0","uv":[0,0,0,0.875]}},"from":[4.5,5.5,-2.1],"rotation":{"angle":0,"axis":"y","origin":[8,9.5,-1.6]},"to":[11.5,12.5,-2.1]},{"faces":{"down":{"texture":"#0","uv":[0.875,0,0,0]},"east":{"texture":"#0","uv":[0,0,0,0.875]},"north":{"texture":"#0","uv":[2.375,6.125,3.25,7]},"south":{"texture":"#0","uv":[5,6.125,5.875,7]},"up":{"texture":"#0","uv":[0.875,0,0,0]},"west":{"texture":"#0","uv":[0,0,0,0.875]}},"from":[4.5,5.7,-3.6],"rotation":{"angle":0,"axis":"y","origin":[8,9.5,-1.6]},"to":[11.5,12.7,-3.6]},{"faces":{"down":{"texture":"#0","uv":[0.875,0,0,0]},"east":{"texture":"#0","uv":[0,0,0,0.875]},"north":{"texture":"#0","uv":[5.875,6.125,6.75,7]},"south":{"texture":"#0","uv":[6.25,0.625,7.125,1.5]},"up":{"texture":"#0","uv":[0.875,0,0,0]},"west":{"texture":"#0","uv":[0,0,0,0.875]}},"from":[4.5,5.8,-0.6],"rotation":{"angle":0,"axis":"y","origin":[8,9.5,-1.6]},"to":[11.5,12.8,-0.6]},{"faces":{"down":{"texture":"#0","uv":[6.125,8.5,5.5,9.125]},"east":{"texture":"#0","uv":[0.5,8.5,1.125,9.125]},"north":{"texture":"#0","uv":[3,8.375,3.625,9]},"south":{"texture":"#0","uv":[8.5,3.875,9.125,4.5]},"up":{"texture":"#0","uv":[9.125,5.75,8.5,5.125]},"west":{"texture":"#0","uv":[8.5,4.5,9.125,5.125]}},"from":[5.5,7,-4.6],"rotation":{"angle":0,"axis":"y","origin":[6.5,-12,-11.6]},"to":[10.5,12,0.4]},{"faces":{"down":{"texture":"#0","uv":[8.25,9.875,8.125,10.125]},"east":{"texture":"#0","uv":[3.75,9.875,4,10.125]},"north":{"texture":"#0","uv":[7.75,9.875,7.875,10.125]},"south":{"texture":"#0","uv":[7.875,9.875,8,10.125]},"up":{"texture":"#0","uv":[8.125,10.125,8,9.875]},"west":{"texture":"#0","uv":[9.875,3.875,10.125,4.125]}},"from":[5.01449,7.51351,-3.1],"rotation":{"angle":0,"axis":"y","origin":[6.01449,7.51351,-1.6]},"to":[6.01449,9.51351,-1.1]},{"faces":{"down":{"texture":"#0","uv":[10,4.125,9.875,4.375]},"east":{"texture":"#0","uv":[2.125,9.875,2.375,10.125]},"north":{"texture":"#0","uv":[1,9.125,1.125,9.375]},"south":{"texture":"#0","uv":[6.625,9.125,6.75,9.375]},"up":{"texture":"#0","uv":[2.5,10.125,2.375,9.875]},"west":{"texture":"#0","uv":[3.5,9.875,3.75,10.125]}},"from":[10.01449,7.51351,-3.1],"rotation":{"angle":0,"axis":"y","origin":[11.01449,7.51351,-1.6]},"to":[11.01449,9.51351,-1.1]},{"faces":{"down":{"texture":"#0","uv":[0,0,0,0.5]},"east":{"texture":"#0","uv":[4.75,3.75,5.25,4.125]},"north":{"texture":"#0","uv":[0,0,0,0.375]},"south":{"texture":"#0","uv":[0,0,0,0.375]},"up":{"texture":"#0","uv":[0,0.5,0,0]},"west":{"texture":"#0","uv":[5.75,0.625,6.25,1]}},"from":[8.01449,7.31351,-1.1],"rotation":{"angle":0,"axis":"y","origin":[8.01449,8.41351,1.9]},"to":[8.01449,10.31351,2.9]},{"faces":{"down":{"texture":"#0","uv":[2.75,2,1.875,3.875]},"east":{"texture":"#0","uv":[7.25,8.125,9.125,8.375]},"north":{"texture":"#0","uv":[9.125,8,10,8.25]},"south":{"texture":"#0","uv":[4,9.375,4.875,9.625]},"up":{"texture":"#0","uv":[1.875,3.875,1,2]},"west":{"texture":"#0","uv":[8.125,7.5,10,7.75]}},"from":[4.5,5.5,1.5],"rotation":{"angle":0,"axis":"y","origin":[8,4.5,8]},"to":[11.5,7.5,16.5]},{"faces":{"down":{"texture":"#0","uv":[7.875,1.25,7.25,2.375]},"east":{"texture":"#0","uv":[7.125,0,8.25,0.625]},"north":{"texture":"#0","uv":[3.625,8.75,4.25,9.375]},"south":{"texture":"#0","uv":[4.25,8.75,4.875,9.375]},"up":{"texture":"#0","uv":[3.25,8.125,2.625,7]},"west":{"texture":"#0","uv":[7.125,0.625,8.25,1.25]}},"from":[5.5,13.5,17.5],"rotation":{"angle":0,"axis":"y","origin":[8,12.5,8]},"to":[10.5,18.5,26.5]},{"faces":{"down":{"texture":"#0","uv":[8.5,4,7.875,5]},"east":{"texture":"#0","uv":[0.5,7.875,1.5,8.5]},"north":{"texture":"#0","uv":[4.875,8.75,5.5,9.375]},"south":{"texture":"#0","uv":[6.75,8.75,7.375,9.375]},"up":{"texture":"#0","uv":[2.125,8.875,1.5,7.875]},"west":{"texture":"#0","uv":[7.875,1.25,8.875,1.875]}},"from":[5.25,13.25,17.75],"rotation":{"angle":0,"axis":"y","origin":[8,12.5,8.5]},"to":[10.75,18.75,26.25]},{"faces":{"down":{"texture":"#0","uv":[3.875,0,3,1.875]},"east":{"texture":"#0","uv":[8.125,7.75,10,8]},"north":{"texture":"#0","uv":[9.375,4.375,10.25,4.625]},"south":{"texture":"#0","uv":[9.375,4.625,10.25,4.875]},"up":{"texture":"#0","uv":[3.625,3.875,2.75,2]},"west":{"texture":"#0","uv":[8.25,0,10.125,0.25]}},"from":[4.5,11.5,1.5],"rotation":{"angle":0,"axis":"y","origin":[8,11.5,8]},"to":[11.5,13.5,16.5]},{"faces":{"down":{"texture":"#0","uv":[9.625,8.75,9.25,9.625]},"east":{"texture":"#0","uv":[9.5,3,10.375,3.25]},"north":{"texture":"#0","uv":[0.625,5,1,5.25]},"south":{"texture":"#0","uv":[6.625,4.625,7,4.875]},"up":{"texture":"#0","uv":[6.625,10,6.25,9.125]},"west":{"texture":"#0","uv":[9.5,3.25,10.375,3.5]}},"from":[6.5,11.5,18.5],"rotation":{"angle":0,"axis":"y","origin":[8,11.5,16]},"to":[9.5,13.5,25.5]},{"faces":{"down":{"texture":"#0","uv":[9.625,1.75,8.875,2.25]},"east":{"texture":"#0","uv":[7,5.875,7.5,6.125]},"north":{"texture":"#0","uv":[9.625,1,10.375,1.25]},"south":{"texture":"#0","uv":[9.625,1.25,10.375,1.5]},"up":{"texture":"#0","uv":[9.625,1.75,8.875,1.25]},"west":{"texture":"#0","uv":[2.125,7.875,2.625,8.125]}},"from":[5,10.5,20],"rotation":{"angle":0,"axis":"y","origin":[6.5,15,9.5]},"to":[11,12.5,24]},{"faces":{"down":{"texture":"#0","uv":[9.625,5.75,8.875,6.25]},"east":{"texture":"#0","uv":[6.75,8.5,7.25,8.75]},"north":{"texture":"#0","uv":[9.625,1.5,10.375,1.75]},"south":{"texture":"#0","uv":[9.625,1.75,10.375,2]},"up":{"texture":"#0","uv":[9.625,2.75,8.875,2.25]},"west":{"texture":"#0","uv":[9.625,2.5,10.125,2.75]}},"from":[5,6.5,20],"rotation":{"angle":0,"axis":"y","origin":[6.5,1,9.5]},"to":[11,8.5,24]},{"faces":{"down":{"texture":"#0","uv":[7.25,7.875,6.375,8.5]},"east":{"texture":"#0","uv":[4.875,7.875,5.5,8.75]},"north":{"texture":"#0","uv":[6.375,1.5,7.25,2.375]},"south":{"texture":"#0","uv":[6.375,2.375,7.25,3.25]},"up":{"texture":"#0","uv":[6.375,8.5,5.5,7.875]},"west":{"texture":"#0","uv":[7.875,5,8.5,5.875]}},"from":[4.5,6,25.5],"rotation":{"angle":0,"axis":"y","origin":[6.5,1,9.5]},"to":[11.5,13,30.5]},{"faces":{"down":{"texture":"#0","uv":[4.75,3,3.625,4.125]},"east":{"texture":"#0","uv":[8.375,3.5,9.5,3.875]},"north":{"texture":"#0","uv":[8.375,3.125,9.5,3.5]},"south":{"texture":"#0","uv":[7.25,8.375,8.375,8.75]},"up":{"texture":"#0","uv":[4.75,3,3.625,1.875]},"west":{"texture":"#0","uv":[8.375,8.375,9.5,8.75]}},"from":[3.5,11,5],"rotation":{"angle":0,"axis":"y","origin":[7,11.5,9.5]},"to":[12.5,14,14]},{"faces":{"down":{"texture":"#0","uv":[7.875,4.125,7,5]},"east":{"texture":"#0","uv":[8.25,0.25,9.125,0.75]},"north":{"texture":"#0","uv":[3.875,1.375,4.75,1.875]},"south":{"texture":"#0","uv":[8.25,0.75,9.125,1.25]},"up":{"texture":"#0","uv":[2.625,7.875,1.75,7]},"west":{"texture":"#0","uv":[4,8.25,4.875,8.75]}},"from":[11.5,14.25,6],"rotation":{"angle":0,"axis":"y","origin":[13,16.75,10.5]},"to":[4.5,18.25,13]},{"faces":{"down":{"texture":"#0","uv":[4.625,4.125,3.625,5.125]},"east":{"texture":"#0","uv":[4.625,5.125,5.625,6]},"north":{"texture":"#0","uv":[3.625,5.125,4.625,6]},"south":{"texture":"#0","uv":[0.625,5.25,1.625,6.125]},"up":{"texture":"#0","uv":[1,5,0,4]},"west":{"texture":"#0","uv":[1.625,5.25,2.625,6.125]}},"from":[4,14,5.5],"rotation":{"angle":0,"axis":"y","origin":[6.5,16.5,10]},"to":[12,21,13.5]},{"faces":{"down":{"texture":"#0","uv":[5.75,0,4.75,1]},"east":{"texture":"#0","uv":[5.375,2.25,6.375,3.125]},"north":{"texture":"#0","uv":[2.625,5.25,3.625,6.125]},"south":{"texture":"#0","uv":[5.375,3.125,6.375,4]},"up":{"texture":"#0","uv":[5.625,5.125,4.625,4.125]},"west":{"texture":"#0","uv":[5.625,4,6.625,4.875]}},"from":[12,14,5.5],"rotation":{"angle":0,"axis":"y","origin":[14.5,16.5,10]},"to":[4,21,13.5]},{"faces":{"down":{"texture":"#0","uv":[5.125,9.375,4.875,10.25]},"east":{"texture":"#0","uv":[3.875,0,4.75,1.375]},"north":{"texture":"#0","uv":[2.75,8.75,3,10.125]},"south":{"texture":"#0","uv":[1.75,8.875,2,10.25]},"up":{"texture":"#0","uv":[2.75,10.25,2.5,9.375]},"west":{"texture":"#0","uv":[1,3.875,1.875,5.25]}},"from":[2.5,4,-2.5],"rotation":{"angle":0,"axis":"y","origin":[6.5,1,11.5]},"to":[4.5,15,4.5]},{"faces":{"down":{"rotation":90,"texture":"#0","uv":[3.25,6.125,3.625,6.625]},"east":{"rotation":90,"texture":"#0","uv":[5.375,4.125,5.25,3.75]},"north":{"rotation":270,"texture":"#0","uv":[0.5,6.5,0.625,7]},"south":{"rotation":90,"texture":"#0","uv":[7.875,1.875,8,2.375]},"up":{"rotation":90,"texture":"#0","uv":[6.625,4.125,7,4.625]},"west":{"rotation":90,"texture":"#0","uv":[5,7.5,4.875,7.875]}},"from":[-1,9,-0.5],"rotation":{"angle":22.5,"axis":"z","origin":[2.5,9.5,1]},"to":[3,10,2.5]},{"faces":{"down":{"rotation":270,"texture":"#0","uv":[9.625,2,10,2.5]},"east":{"rotation":270,"texture":"#0","uv":[3.625,9,3.5,9.375]},"north":{"rotation":90,"texture":"#0","uv":[2,8.875,2.125,9.375]},"south":{"rotation":270,"texture":"#0","uv":[2,9.875,2.125,10.375]},"up":{"rotation":270,"texture":"#0","uv":[1.25,9.5,1.625,10]},"west":{"rotation":270,"texture":"#0","uv":[1.5,8.875,1.375,8.5]}},"from":[12.75,8.75,-0.5],"rotation":{"angle":-22.5,"axis":"z","origin":[13.5,9.25,1]},"to":[16.75,9.75,2.5]},{"faces":{"down":{"texture":"#0","uv":[7.5,3.25,6.625,4.125]},"east":{"texture":"#0","uv":[6.625,9.375,7.5,9.625]},"north":{"texture":"#0","uv":[9.375,4.875,10.25,5.125]},"south":{"texture":"#0","uv":[7.5,9.375,8.375,9.625]},"up":{"texture":"#0","uv":[4.125,7.5,3.25,6.625]},"west":{"texture":"#0","uv":[8.375,9.375,9.25,9.625]}},"from":[4.5,4,-2.5],"rotation":{"angle":0,"axis":"y","origin":[6.5,1,8.5]},"to":[11.5,6,4.5]},{"faces":{"down":{"texture":"#0","uv":[1.25,9.5,1,10.375]},"east":{"texture":"#0","uv":[1.875,3.875,2.75,5.25]},"north":{"texture":"#0","uv":[3,9,3.25,10.375]},"south":{"texture":"#0","uv":[3.25,9,3.5,10.375]},"up":{"texture":"#0","uv":[5.375,10.25,5.125,9.375]},"west":{"texture":"#0","uv":[2.75,3.875,3.625,5.25]}},"from":[11.5,4,-2.5],"rotation":{"angle":0,"axis":"y","origin":[6.5,1,8.5]},"to":[13.5,15,4.5]},{"faces":{"down":{"texture":"#0","uv":[4.875,7.5,4,8.25]},"east":{"texture":"#0","uv":[7.25,2.375,8,3.25]},"north":{"texture":"#0","uv":[4.125,6.625,5,7.5]},"south":{"texture":"#0","uv":[6.75,6.125,7.625,7]},"up":{"texture":"#0","uv":[8.375,4,7.5,3.25]},"west":{"texture":"#0","uv":[3.25,7.5,4,8.375]}},"from":[4.5,6,-1.5],"rotation":{"angle":0,"axis":"y","origin":[6.5,1,8.5]},"to":[11.5,13,4.5]},{"faces":{"down":{"texture":"#0","uv":[7.875,5,7,5.875]},"east":{"texture":"#0","uv":[9.5,8.25,10.375,8.5]},"north":{"texture":"#0","uv":[9.5,3.5,10.375,3.75]},"south":{"texture":"#0","uv":[9.5,8.5,10.375,8.75]},"up":{"texture":"#0","uv":[5.875,7.875,5,7]},"west":{"texture":"#0","uv":[9.625,0.75,10.5,1]}},"from":[4.5,13,-2.5],"rotation":{"angle":0,"axis":"y","origin":[6.5,1,8.5]},"to":[11.5,15,4.5]},{"faces":{"down":{"texture":"#0","uv":[0.125,0,0,0]},"east":{"texture":"#0","uv":[0,0,0,0.125]},"north":{"texture":"#0","uv":[3,1.875,3.125,2]},"south":{"texture":"#0","uv":[3.125,1.875,3.25,2]},"up":{"texture":"#0","uv":[0.125,0,0,0]},"west":{"texture":"#0","uv":[0,0,0,0.125]}},"from":[2.25,13.1,-2.6],"rotation":{"angle":0,"axis":"y","origin":[6.75,0.75,11.5]},"to":[3.5,14.35,-2.6]},{"faces":{"down":{"texture":"#0","uv":[0.125,0,0,0]},"east":{"texture":"#0","uv":[0,0,0,0.125]},"north":{"texture":"#0","uv":[3.25,1.875,3.375,2]},"south":{"texture":"#0","uv":[3.375,1.875,3.5,2]},"up":{"texture":"#0","uv":[0.125,0,0,0]},"west":{"texture":"#0","uv":[0,0,0,0.125]}},"from":[12.5,13.1,-2.6],"rotation":{"angle":0,"axis":"y","origin":[12.25,12.85,-2.6]},"to":[13.75,14.35,-2.6]},{"faces":{"down":{"texture":"#0","uv":[0.25,0,0,0]},"east":{"texture":"#0","uv":[0,0,0,1.375]},"north":{"texture":"#0","uv":[0,9.125,0.25,10.5]},"south":{"texture":"#0","uv":[0.25,9.125,0.5,10.5]},"up":{"texture":"#0","uv":[0.25,0,0,0]},"west":{"texture":"#0","uv":[0,0,0,1.375]}},"from":[2.49269,4,-2.99058],"rotation":{"angle":22.5,"axis":"y","origin":[8,9.5,0.5]},"to":[4.49269,15,-2.99058]},{"faces":{"down":{"texture":"#0","uv":[0.25,0,0,0]},"east":{"texture":"#0","uv":[0,0,0,1.375]},"north":{"texture":"#0","uv":[0.5,9.125,0.75,10.5]},"south":{"texture":"#0","uv":[0.75,9.125,1,10.5]},"up":{"texture":"#0","uv":[0.25,0,0,0]},"west":{"texture":"#0","uv":[0,0,0,1.375]}},"from":[1.34464,4,0.78106],"rotation":{"angle":22.5,"axis":"y","origin":[8,9.5,1.5]},"to":[3.34464,15,0.78106]},{"faces":{"down":{"texture":"#0","uv":[1.375,0,0,0]},"east":{"texture":"#0","uv":[0,0,0,0.25]},"north":{"texture":"#0","uv":[8.875,2.75,10.25,3]},"south":{"texture":"#0","uv":[8.875,6.25,10.25,6.5]},"up":{"texture":"#0","uv":[1.375,0,0,0]},"west":{"texture":"#0","uv":[0,0,0,0.25]}},"from":[2.5,13.00731,-2.49058],"rotation":{"angle":22.5,"axis":"x","origin":[8,9.5,1]},"to":[13.5,15.00731,-2.49058]},{"faces":{"down":{"texture":"#0","uv":[1.375,0,0,0]},"east":{"texture":"#0","uv":[0,0,0,0.25]},"north":{"texture":"#0","uv":[8.875,6.5,10.25,6.75]},"south":{"texture":"#0","uv":[9,6.75,10.375,7]},"up":{"texture":"#0","uv":[1.375,0,0,0]},"west":{"texture":"#0","uv":[0,0,0,0.25]}},"from":[2.5,14.15536,0.28106],"rotation":{"angle":22.5,"axis":"x","origin":[8,9.5,1]},"to":[13.5,16.15536,0.28106]},{"faces":{"down":{"texture":"#0","uv":[1.375,0,0,0]},"east":{"texture":"#0","uv":[0,0,0,0.25]},"north":{"texture":"#0","uv":[9,7,10.375,7.25]},"south":{"texture":"#0","uv":[9,7.25,10.375,7.5]},"up":{"texture":"#0","uv":[1.375,0,0,0]},"west":{"texture":"#0","uv":[0,0,0,0.25]}},"from":[2.5,3.99269,-2.49058],"rotation":{"angle":-22.5,"axis":"x","origin":[8,9.5,1]},"to":[13.5,5.99269,-2.49058]},{"faces":{"down":{"texture":"#0","uv":[0.25,0,0,0]},"east":{"texture":"#0","uv":[0,0,0,1.375]},"north":{"texture":"#0","uv":[9.125,3.875,9.375,5.25]},"south":{"texture":"#0","uv":[5.5,9.125,5.75,10.5]},"up":{"texture":"#0","uv":[0.25,0,0,0]},"west":{"texture":"#0","uv":[0,0,0,1.375]}},"from":[12.65536,4,0.78106],"rotation":{"angle":-22.5,"axis":"y","origin":[8,9.5,1.5]},"to":[14.65536,15,0.78106]},{"faces":{"down":{"texture":"#0","uv":[1.375,0,0,0]},"east":{"texture":"#0","uv":[0,0,0,0.25]},"north":{"texture":"#0","uv":[9.125,0.25,10.5,0.5]},"south":{"texture":"#0","uv":[9.125,0.5,10.5,0.75]},"up":{"texture":"#0","uv":[1.375,0,0,0]},"west":{"texture":"#0","uv":[0,0,0,0.25]}},"from":[2.5,2.84464,0.28106],"rotation":{"angle":-22.5,"axis":"x","origin":[8,9.5,1]},"to":[13.5,4.84464,0.28106]},{"faces":{"down":{"texture":"#0","uv":[0.25,0,0,0]},"east":{"texture":"#0","uv":[0,0,0,1.375]},"north":{"texture":"#0","uv":[5.75,9.125,6,10.5]},"south":{"texture":"#0","uv":[6,9.125,6.25,10.5]},"up":{"texture":"#0","uv":[0.25,0,0,0]},"west":{"texture":"#0","uv":[0,0,0,1.375]}},"from":[11.50731,4,-2.99058],"rotation":{"angle":-22.5,"axis":"y","origin":[8,9.5,0.5]},"to":[13.50731,15,-2.99058]},{"faces":{"down":{"texture":"#0","uv":[0,0,0,0.5]},"east":{"texture":"#0","uv":[0,6.5,0.5,7]},"north":{"texture":"#0","uv":[0,0,0,0.5]},"south":{"texture":"#0","uv":[0,0,0,0.5]},"up":{"texture":"#0","uv":[0,0.5,0,0]},"west":{"texture":"#0","uv":[9.125,0.75,9.625,1.25]}},"from":[8,2.5,4.5],"rotation":{"angle":0,"axis":"y","origin":[6.5,1,8.5]},"to":[8,6.5,8.5]},{"faces":{"down":{"texture":"#0","uv":[1.375,8.5,1.125,8.75]},"east":{"texture":"#0","uv":[7,9.625,7.25,10.25]},"north":{"texture":"#0","uv":[6.375,3.25,6.625,3.875]},"south":{"texture":"#0","uv":[7.25,9.625,7.5,10.25]},"up":{"texture":"#0","uv":[3.25,8.375,3,8.125]},"west":{"texture":"#0","uv":[7.5,9.625,7.75,10.25]}},"from":[7,1,8.5],"rotation":{"angle":0,"axis":"y","origin":[6.5,1,8.5]},"to":[9,6,10.5]},{"faces":{"down":{"texture":"#0","uv":[7,9.625,6.625,10.125]},"east":{"texture":"#0","uv":[8.75,9.625,9.25,9.875]},"north":{"texture":"#0","uv":[7.25,7.875,7.625,8.125]},"south":{"texture":"#0","uv":[3.625,8.375,4,8.625]},"up":{"texture":"#0","uv":[4.875,10.125,4.5,9.625]},"west":{"texture":"#0","uv":[9.625,8.75,10.125,9]}},"from":[6.5,-1,7.5],"rotation":{"angle":0,"axis":"y","origin":[7,1,8.5]},"to":[9.5,1,11.5]},{"faces":{"down":{"texture":"#0","uv":[0.5,7.875,0,9.125]},"east":{"texture":"#0","uv":[7.625,5.875,8.875,6.375]},"north":{"texture":"#0","uv":[9.125,5.25,9.625,5.75]},"south":{"texture":"#0","uv":[2,9.375,2.5,9.875]},"up":{"texture":"#0","uv":[8.125,8.125,7.625,6.875]},"west":{"texture":"#0","uv":[7.625,6.375,8.875,6.875]}},"from":[10,7.85,4.75],"rotation":{"angle":0,"axis":"y","origin":[11,0.85,9]},"to":[6,11.85,14.25]},{"faces":{"down":{"texture":"#0","uv":[0,0,0,1.375]},"east":{"texture":"#0","uv":[5.625,4.875,7,5.5]},"north":{"texture":"#0","uv":[0,0,0,0.625]},"south":{"texture":"#0","uv":[0,0,0,0.625]},"up":{"texture":"#0","uv":[0,1.375,0,0]},"west":{"texture":"#0","uv":[5.625,5.5,7,6.125]}},"from":[10.5,7,3.5],"rotation":{"angle":0,"axis":"y","origin":[-10,1,9.5]},"to":[10.5,12,14.5]},{"faces":{"down":{"texture":"#0","uv":[0,0,0,1.375]},"east":{"texture":"#0","uv":[5.75,0,7.125,0.625]},"north":{"texture":"#0","uv":[0,0,0,0.625]},"south":{"texture":"#0","uv":[0,0,0,0.625]},"up":{"texture":"#0","uv":[0,1.375,0,0]},"west":{"texture":"#0","uv":[3.625,6,5,6.625]}},"from":[5.5,7,3.5],"rotation":{"angle":0,"axis":"y","origin":[-15,1,9.5]},"to":[5.5,12,14.5]},{"faces":{"down":{"texture":"#0","uv":[0.625,5,0,6.5]},"east":{"texture":"#0","uv":[4.75,1,6.25,1.625]},"north":{"texture":"#0","uv":[6.125,8.5,6.75,9.125]},"south":{"texture":"#0","uv":[2.125,8.75,2.75,9.375]},"up":{"texture":"#0","uv":[5.375,3.75,4.75,2.25]},"west":{"texture":"#0","uv":[4.75,1.625,6.25,2.25]}},"from":[5.5,7,14.5],"rotation":{"angle":0,"axis":"y","origin":[6.5,1,9.5]},"to":[10.5,12,26.5]},{"faces":{"down":{"rotation":180,"texture":"#1","uv":[0,6,7,7]},"east":{"texture":"#1","uv":[0,0,0.5,0]},"north":{"texture":"#1","uv":[0,0,0.875,0]},"south":{"texture":"#1","uv":[0,0,0.875,0]},"up":{"texture":"#1","uv":[7,6,0,7]},"west":{"texture":"#1","uv":[0,0,0.5,0]}},"from":[4.5,12.9,-2.5],"rotation":{"angle":0,"axis":"y","origin":[8,12.9,3.5]},"to":[11.5,12.9,-1.5]},{"faces":{"down":{"rotation":180,"texture":"#1","uv":[0,6,7,7]},"east":{"texture":"#1","uv":[0,0,0.5,0]},"north":{"texture":"#1","uv":[0,0,0.875,0]},"south":{"texture":"#1","uv":[0,0,0.875,0]},"up":{"texture":"#1","uv":[7,6,0,7]},"west":{"texture":"#1","uv":[0,0,0.5,0]}},"from":[4.5,6.09992,-2.50038],"rotation":{"angle":0,"axis":"y","origin":[8,6.09992,3.49962]},"to":[11.5,6.09992,-1.50038]},{"faces":{"down":{"rotation":270,"texture":"#1","uv":[0,0,0.5,0]},"east":{"rotation":90,"texture":"#1","uv":[0,6,7,7]},"north":{"rotation":90,"texture":"#1","uv":[0,0,0.875,0]},"south":{"rotation":270,"texture":"#1","uv":[0,0,0.875,0]},"up":{"rotation":270,"texture":"#1","uv":[0,0,0.5,0]},"west":{"rotation":270,"texture":"#1","uv":[7,6,0,7]}},"from":[11.4,6,-2.5],"rotation":{"angle":0,"axis":"y","origin":[11.4,9.5,3.5]},"to":[11.4,13,-1.5]},{"faces":{"down":{"rotation":270,"texture":"#1","uv":[0,0,0.5,0]},"east":{"rotation":90,"texture":"#1","uv":[0,6,7,7]},"north":{"rotation":90,"texture":"#1","uv":[0,0,0.875,0]},"south":{"rotation":270,"texture":"#1","uv":[0,0,0.875,0]},"up":{"rotation":270,"texture":"#1","uv":[0,0,0.5,0]},"west":{"rotation":270,"texture":"#1","uv":[7,6,0,7]}},"from":[4.59992,6,-2.49962],"rotation":{"angle":0,"axis":"y","origin":[4.59992,9.5,3.50038]},"to":[4.59992,13,-1.49962]},{"faces":{"down":{"texture":"#1","uv":[0,6,7,0]},"east":{"texture":"#1","uv":[0,0,0.5,0]},"north":{"texture":"#1","uv":[0,0,0.875,0]},"south":{"texture":"#1","uv":[0,0,0.875,0]},"up":{"rotation":180,"texture":"#1","uv":[7,6,0,0]},"west":{"texture":"#1","uv":[0,0,0.5,0]}},"from":[4.5,6.1,-8.5],"rotation":{"angle":-22.5,"axis":"x","origin":[8,6.1,-2.5]},"to":[11.5,6.1,-2.5]},{"faces":{"down":{"rotation":180,"texture":"#1","uv":[0,0,7,6]},"east":{"texture":"#1","uv":[0,0,0.5,0]},"north":{"texture":"#1","uv":[0,0,0.875,0]},"south":{"texture":"#1","uv":[0,0,0.875,0]},"up":{"texture":"#1","uv":[7,0,0,6]},"west":{"texture":"#1","uv":[0,0,0.5,0]}},"from":[4.5,12.9,-8.5],"rotation":{"angle":22.5,"axis":"x","origin":[8,12.9,-2.5]},"to":[11.5,12.9,-2.5]},{"faces":{"down":{"rotation":270,"texture":"#1","uv":[0,0,0.5,0]},"east":{"rotation":270,"texture":"#1","uv":[0,6,7,0]},"north":{"rotation":90,"texture":"#1","uv":[0,0,0.875,0]},"south":{"rotation":270,"texture":"#1","uv":[0,0,0.875,0]},"up":{"rotation":270,"texture":"#1","uv":[0,0,0.5,0]},"west":{"rotation":90,"texture":"#1","uv":[7,6,0,0]}},"from":[11.4,6,-8.5],"rotation":{"angle":-22.5,"axis":"y","origin":[11.4,9.5,-2.5]},"to":[11.4,13,-2.5]},{"faces":{"down":{"rotation":270,"texture":"#1","uv":[0,0,0.5,0]},"east":{"rotation":90,"texture":"#1","uv":[0,0,7,6]},"north":{"rotation":90,"texture":"#1","uv":[0,0,0.875,0]},"south":{"rotation":270,"texture":"#1","uv":[0,0,0.875,0]},"up":{"rotation":270,"texture":"#1","uv":[0,0,0.5,0]},"west":{"rotation":270,"texture":"#1","uv":[7,0,0,6]}},"from":[4.6,6,-8.5],"rotation":{"angle":22.5,"axis":"y","origin":[4.6,9.5,-2.5]},"to":[4.6,13,-2.5]},{"faces":{"down":{"rotation":90,"texture":"#1","uv":[0,0,0,0]},"east":{"texture":"#1","uv":[0,0,0,0]},"north":{"texture":"#1","uv":[0,11,8,16]},"south":{"texture":"#1","uv":[8,11,0,16]},"up":{"rotation":270,"texture":"#1","uv":[0,0,0,0]},"west":{"texture":"#1","uv":[0,0,0,0]}},"from":[4,13.75,9.5],"name":"vfx","rotation":{"angle":45,"axis":"y","origin":[8,16.25,9.5]},"to":[12,18.75,9.5]},{"faces":{"down":{"texture":"#1","uv":[0,0,0,0]},"east":{"texture":"#1","uv":[16,11,8,16]},"north":{"texture":"#1","uv":[0,0,0,0]},"south":{"texture":"#1","uv":[0,0,0,0]},"up":{"texture":"#1","uv":[0,0,0,0]},"west":{"texture":"#1","uv":[8,11,16,16]}},"from":[8,13.75,5.5],"name":"vfx","rotation":{"angle":45,"axis":"y","origin":[8,17.25,9.5]},"to":[8,18.75,13.5]},{"faces":{"down":{"texture":"#1","uv":[0,0,0,0]},"east":{"texture":"#1","uv":[16,11,8,16]},"north":{"texture":"#1","uv":[0,0,0,0]},"south":{"texture":"#1","uv":[0,0,0,0]},"up":{"texture":"#1","uv":[0,0,0,0]},"west":{"texture":"#1","uv":[8,11,16,16]}},"from":[8,7.75,7.5],"name":"vfx","rotation":{"angle":22.5,"axis":"y","origin":[8,10.25,11.5]},"to":[8,12.75,15.5]},{"faces":{"down":{"rotation":180,"texture":"#1","uv":[0,0,0,0]},"east":{"texture":"#1","uv":[0,11,8,16]},"north":{"texture":"#1","uv":[0,0,0,0]},"south":{"texture":"#1","uv":[0,0,0,0]},"up":{"rotation":180,"texture":"#1","uv":[0,0,0,0]},"west":{"texture":"#1","uv":[8,11,0,16]}},"from":[8,7.75,5.5],"name":"vfx","rotation":{"angle":-22.5,"axis":"y","origin":[8,10.25,9.5]},"to":[8,12.75,13.5]},{"faces":{"down":{"texture":"#2","uv":[8,0,0,16]},"east":{"texture":"#2","uv":[0,0,2,0]},"north":{"texture":"#2","uv":[0,0,1,0]},"south":{"texture":"#2","uv":[0,0,1,0]},"up":{"texture":"#2","uv":[8,16,0,0]},"west":{"texture":"#2","uv":[0,0,2,0]}},"from":[-1.47487,14.47487,7.5],"rotation":{"angle":-45,"axis":"z","origin":[2.02513,14.47487,17]},"to":[6.52513,14.47487,23.5]},{"faces":{"down":{"texture":"#2","uv":[0,0,8,16]},"east":{"texture":"#2","uv":[0,0,2,0]},"north":{"texture":"#2","uv":[0,0,1,0]},"south":{"texture":"#2","uv":[0,0,1,0]},"up":{"texture":"#2","uv":[0,16,8,0]},"west":{"texture":"#2","uv":[0,0,2,0]}},"from":[9.47487,14.47487,7.5],"rotation":{"angle":45,"axis":"z","origin":[13.97487,14.47487,17]},"to":[17.47487,14.47487,23.5]}],"gui_light":"front","textures":{"0":"civilization:item/tools/pufferfish_cannon/fishflop/default","1":"civilization:item/tools/pufferfish_cannon/fishflop/anim","2":"civilization:item/tools/pufferfish_cannon/fishflop/anim_2","particle":"civilization:item/tools/pufferfish_cannon/fishflop/default"}}