{"display":{"firstperson_lefthand":{"rotation":[0,90,-25],"scale":[0.68,0.68,0.68],"translation":[1.13,3.2,1.13]},"firstperson_righthand":{"rotation":[0,-90,25],"scale":[0.68,0.68,0.68],"translation":[1.13,3.2,1.13]},"thirdperson_lefthand":{"rotation":[-80,-280,40],"scale":[0.9,0.9,0.9],"translation":[-1,-2,2.5]},"thirdperson_righthand":{"rotation":[-80,260,-40],"scale":[0.9,0.9,0.9],"translation":[-1,-2,2.5]}},"overrides":[{"model":"civilization:item/tools/shortbow/pulling/1","predicate":{"pulling":1}},{"model":"civilization:item/tools/shortbow/pulling/2","predicate":{"pull":0.65,"pulling":1}},{"model":"civilization:item/tools/shortbow/pulling/3","predicate":{"pull":0.9,"pulling":1}}],"parent":"minecraft:item/generated","textures":{"layer0":"civilization:item/tools/shortbow/default"}}