{"display":{"firstperson_lefthand":{"scale":[0.6,0.6,0.6],"translation":[-1,4,3]},"firstperson_righthand":{"scale":[0.6,0.6,0.6],"translation":[-1,4,3]},"fixed":{"rotation":[0,90,0],"scale":[0.6,0.6,0.6],"translation":[-0.5,-0.75,-0.25]},"ground":{"rotation":[48,0,0],"scale":[0.5,0.5,0.5],"translation":[0,8.75,0]},"gui":{"rotation":[90,45,-90],"scale":[0.6,0.6,0.6],"translation":[-1.75,1.75,0]},"thirdperson_lefthand":{"translation":[0,-1.75,4.75]},"thirdperson_righthand":{"translation":[0,-1.75,4.75]}},"elements":[{"faces":{"down":{"texture":"#0","uv":[7.5,1.25,7.25,1.5]},"east":{"texture":"#0","uv":[5.5,5.25,5.75,6.75]},"north":{"texture":"#0","uv":[5.5,2.25,5.75,3.75]},"south":{"texture":"#0","uv":[5.5,2.25,5.75,3.75]},"up":{"texture":"#0","uv":[1.5,7.5,1.25,7.25]},"west":{"texture":"#0","uv":[6,1.75,6.25,3.25]}},"from":[7.5,5,4],"rotation":{"angle":0,"axis":"y","origin":[7,7,4]},"to":[8.5,11,5]},{"faces":{"down":{"texture":"#2","uv":[0,9,2,7]},"east":{"texture":"#2","uv":[6,6,8,0]},"north":{"texture":"#2","uv":[0,6,2,0]},"south":{"texture":"#2","uv":[0,6,2,0]},"up":{"texture":"#2","uv":[3,7,5,9]},"west":{"texture":"#2","uv":[3,6,5,0]}},"from":[8.75,11,5.25],"name":"cube inverted","rotation":{"angle":0,"axis":"y","origin":[7,7,4]},"to":[7.25,5,3.75]},{"faces":{"down":{"texture":"#0","uv":[7,0,6.5,0.75]},"east":{"texture":"#0","uv":[6,3.5,6.75,4]},"north":{"texture":"#0","uv":[6.5,1,7,1.5]},"south":{"texture":"#0","uv":[6.5,1.75,7,2.25]},"up":{"texture":"#0","uv":[6.5,6.75,6,6]},"west":{"texture":"#0","uv":[6,5.25,6.75,5.75]}},"from":[7,4,4],"rotation":{"angle":-22.5,"axis":"x","origin":[8,4,5.5]},"to":[9,6,7]},{"faces":{"down":{"texture":"#0","uv":[7,2.5,6.5,3]},"east":{"texture":"#0","uv":[7,3.75,7.5,4]},"north":{"texture":"#0","uv":[7,3.25,7.5,3.5]},"south":{"texture":"#0","uv":[7,5.25,7.5,5.5]},"up":{"texture":"#0","uv":[3,7,2.5,6.5]},"west":{"texture":"#0","uv":[0.5,7.25,1,7.5]}},"from":[7,3,4],"rotation":{"angle":-22.5,"axis":"x","origin":[8,4,5.5]},"to":[9,4,6]},{"faces":{"down":{"texture":"#0","uv":[7.5,2.75,7.5,3]},"east":{"texture":"#0","uv":[5,5.25,5.25,7.25]},"north":{"texture":"#0","uv":[5.25,7.5,5.25,9.5]},"south":{"texture":"#0","uv":[7.5,5.75,7.5,7.75]},"up":{"texture":"#0","uv":[7.25,3,7.25,2.75]},"west":{"texture":"#0","uv":[5.5,0,5.75,2]}},"from":[8,-4,10.875],"name":"string","rotation":{"angle":0,"axis":"y","origin":[8,0,11]},"to":[8,8,11.875]},{"faces":{"down":{"texture":"#0","uv":[7.5,1.75,7.25,2]},"east":{"texture":"#0","uv":[3.75,6.5,4,7.5]},"north":{"texture":"#0","uv":[3.25,6.5,3.5,7.5]},"south":{"texture":"#0","uv":[4.25,6.5,4.5,7.5]},"up":{"texture":"#0","uv":[2,7.5,1.75,7.25]},"west":{"texture":"#0","uv":[6.75,6,7,7]}},"from":[7.5,-1.30833,4.95067],"rotation":{"angle":-22.5,"axis":"x","origin":[8,2.71299,4.95029]},"to":[8.5,2.69167,5.95067]},{"faces":{"down":{"texture":"#0","uv":[5,7.5,5,8.5]},"east":{"texture":"#0","uv":[0,5.25,1,7]},"north":{"texture":"#0","uv":[7.25,5.75,7.25,7.5]},"south":{"texture":"#0","uv":[6.75,7.25,6.75,9]},"up":{"texture":"#0","uv":[7,8.25,7,7.25]},"west":{"texture":"#0","uv":[1.25,5.25,2.25,7]}},"from":[7.975,-3.30833,5.95067],"name":"flat","rotation":{"angle":-22.5,"axis":"x","origin":[8,2.71299,4.95029]},"to":[8.025,3.69167,9.95067]},{"faces":{"down":{"rotation":180,"texture":"#0","uv":[5.5,7,5.75,8]},"east":{"rotation":90,"texture":"#0","uv":[6,7,6.25,8]},"north":{"rotation":180,"texture":"#0","uv":[2.5,7.5,2.25,7.25]},"south":{"texture":"#0","uv":[7.5,2.25,7.25,2.5]},"up":{"texture":"#0","uv":[0,7.25,0.25,8.25]},"west":{"rotation":270,"texture":"#0","uv":[7.25,0,7.5,1]}},"from":[7.525,-1.30063,6.42123],"rotation":{"angle":45,"axis":"x","origin":[8,-1.23381,6.81577]},"to":[8.475,-0.30063,10.42123]},{"faces":{"down":{"rotation":180,"texture":"#0","uv":[4.75,6.5,4.75,10.5]},"east":{"rotation":90,"texture":"#0","uv":[0,0,2.5,4]},"north":{"rotation":180,"texture":"#0","uv":[2.75,9.75,2.75,7.25]},"south":{"texture":"#0","uv":[3,7.25,3,9.75]},"up":{"texture":"#0","uv":[6.5,7,6.5,11]},"west":{"rotation":270,"texture":"#0","uv":[2.75,0,5.25,4]}},"from":[7.95,-3.30063,5.32586],"name":"flat","rotation":{"angle":45,"axis":"x","origin":[8,-1.23381,6.81577]},"to":[8.05,6.69937,21.32586]},{"faces":{"down":{"texture":"#1","uv":[5,4,8,0]},"east":{"texture":"#1","uv":[0,7,4,4]},"north":{"texture":"#1","uv":[9,3,12,0]},"south":{"texture":"#1","uv":[0,11,3,8]},"up":{"texture":"#1","uv":[5,5,8,9]},"west":{"texture":"#1","uv":[0,3,4,0]}},"from":[9.25,6.25,7.25],"name":"outline inverted","rotation":{"angle":-22.5,"axis":"x","origin":[8,4,5.5]},"to":[6.75,3.75,3.75]},{"faces":{"down":{"texture":"#1","uv":[9,7,12,4]},"east":{"texture":"#1","uv":[8,13,11,12]},"north":{"texture":"#1","uv":[4,13,7,12]},"south":{"texture":"#1","uv":[4,11,7,10]},"up":{"texture":"#1","uv":[9,8,12,11]},"west":{"texture":"#1","uv":[0,13,3,12]}},"from":[9.25,4,6.25],"name":"outline inverted","rotation":{"angle":-22.5,"axis":"x","origin":[8,4,5.5]},"to":[6.75,2.75,3.75]},{"faces":{"down":{"texture":"#0","uv":[6.5,6,6,6.75]},"east":{"texture":"#0","uv":[6,4,6.75,3.5]},"north":{"texture":"#0","uv":[6.5,1.5,7,1]},"south":{"texture":"#0","uv":[6.5,2.25,7,1.75]},"up":{"texture":"#0","uv":[7,0.75,6.5,0]},"west":{"texture":"#0","uv":[6,5.75,6.75,5.25]}},"from":[7,10,4],"rotation":{"angle":22.5,"axis":"x","origin":[8,12,5.5]},"to":[9,12,7]},{"faces":{"down":{"texture":"#0","uv":[3,6.5,2.5,7]},"east":{"texture":"#0","uv":[7,4,7.5,3.75]},"north":{"texture":"#0","uv":[7,3.5,7.5,3.25]},"south":{"texture":"#0","uv":[7,5.5,7.5,5.25]},"up":{"texture":"#0","uv":[7,3,6.5,2.5]},"west":{"texture":"#0","uv":[0.5,7.5,1,7.25]}},"from":[7,12,4],"rotation":{"angle":22.5,"axis":"x","origin":[8,12,5.5]},"to":[9,13,6]},{"faces":{"down":{"texture":"#0","uv":[7.25,2.75,7.25,3]},"east":{"texture":"#0","uv":[5,7.25,5.25,5.25]},"north":{"texture":"#0","uv":[5.25,9.5,5.25,7.5]},"south":{"texture":"#0","uv":[7.5,7.75,7.5,5.75]},"up":{"texture":"#0","uv":[7.5,3,7.5,2.75]},"west":{"texture":"#0","uv":[5.5,2,5.75,0]}},"from":[8,8,10.875],"name":"string","rotation":{"angle":0,"axis":"y","origin":[8,16,11]},"to":[8,20,11.875]},{"faces":{"down":{"texture":"#0","uv":[2,7.25,1.75,7.5]},"east":{"texture":"#0","uv":[3.75,7.5,4,6.5]},"north":{"texture":"#0","uv":[3.25,7.5,3.5,6.5]},"south":{"texture":"#0","uv":[4.25,7.5,4.5,6.5]},"up":{"texture":"#0","uv":[7.5,2,7.25,1.75]},"west":{"texture":"#0","uv":[6.75,7,7,6]}},"from":[7.5,13.30833,4.95067],"rotation":{"angle":22.5,"axis":"x","origin":[8,13.28701,4.95029]},"to":[8.5,17.30833,5.95067]},{"faces":{"down":{"texture":"#0","uv":[7,7.25,7,8.25]},"east":{"texture":"#0","uv":[0,7,1,5.25]},"north":{"texture":"#0","uv":[7.25,7.5,7.25,5.75]},"south":{"texture":"#0","uv":[6.75,9,6.75,7.25]},"up":{"texture":"#0","uv":[5,8.5,5,7.5]},"west":{"texture":"#0","uv":[1.25,7,2.25,5.25]}},"from":[7.975,12.30833,5.95067],"name":"flat","rotation":{"angle":22.5,"axis":"x","origin":[8,13.28701,4.95029]},"to":[8.025,19.30833,9.95067]},{"faces":{"down":{"texture":"#0","uv":[0,8.25,0.25,7.25]},"east":{"rotation":90,"texture":"#0","uv":[6.25,7,6,8]},"north":{"rotation":180,"texture":"#0","uv":[2.5,7.25,2.25,7.5]},"south":{"texture":"#0","uv":[7.5,2.5,7.25,2.25]},"up":{"rotation":180,"texture":"#0","uv":[5.5,8,5.75,7]},"west":{"rotation":270,"texture":"#0","uv":[7.5,0,7.25,1]}},"from":[7.525,16.30063,6.42123],"rotation":{"angle":-45,"axis":"x","origin":[8,17.23381,6.81577]},"to":[8.475,17.30063,10.42123]},{"faces":{"down":{"texture":"#0","uv":[6.5,11,6.5,7]},"east":{"rotation":90,"texture":"#0","uv":[2.5,0,0,4]},"north":{"rotation":180,"texture":"#0","uv":[2.75,7.25,2.75,9.75]},"south":{"texture":"#0","uv":[3,9.75,3,7.25]},"up":{"rotation":180,"texture":"#0","uv":[4.75,10.5,4.75,6.5]},"west":{"rotation":270,"texture":"#0","uv":[5.25,0,2.75,4]}},"from":[7.95,9.30063,5.32586],"name":"flat","rotation":{"angle":-45,"axis":"x","origin":[8,17.23381,6.81577]},"to":[8.05,19.30063,21.32586]},{"faces":{"down":{"texture":"#1","uv":[5,9,8,5]},"east":{"texture":"#1","uv":[0,4,4,7]},"north":{"texture":"#1","uv":[9,0,12,3]},"south":{"texture":"#1","uv":[0,8,3,11]},"up":{"texture":"#1","uv":[5,0,8,4]},"west":{"texture":"#1","uv":[0,0,4,3]}},"from":[9.25,12.25,7.25],"name":"outline inverted","rotation":{"angle":22.5,"axis":"x","origin":[8,12,5.5]},"to":[6.75,9.75,3.75]},{"faces":{"down":{"texture":"#1","uv":[9,11,12,8]},"east":{"texture":"#1","uv":[8,12,11,13]},"north":{"texture":"#1","uv":[4,12,7,13]},"south":{"texture":"#1","uv":[4,10,7,11]},"up":{"texture":"#1","uv":[9,4,12,7]},"west":{"texture":"#1","uv":[0,12,3,13]}},"from":[9.25,13.25,6.25],"name":"outline inverted","rotation":{"angle":22.5,"axis":"x","origin":[8,12,5.5]},"to":[6.75,12,3.75]}],"gui_light":"front","textures":{"0":"civilization:item/tools/valentine_bow/default","1":"civilization:item/tools/valentine_bow/outline_0","2":"civilization:item/tools/valentine_bow/outline_1","particle":"civilization:item/tools/valentine_bow/default"}}