{"display":{"firstperson_lefthand":{"rotation":[18,5,0],"scale":[0.6,0.6,0.6],"translation":[2,4,-4.75]},"firstperson_righthand":{"rotation":[18,5,0],"scale":[0.6,0.6,0.6],"translation":[2,4,-4.75]},"fixed":{"rotation":[0,90,0],"scale":[0.5,0.5,0.5]},"ground":{"rotation":[27,-20,90],"scale":[0.5,0.5,0.5]},"gui":{"rotation":[90,45,90],"scale":[0.5,0.5,0.5],"translation":[-1,1.5,0]},"thirdperson_lefthand":{"scale":[0.8,0.8,0.8],"translation":[0,-2.5,-1]},"thirdperson_righthand":{"scale":[0.8,0.8,0.8],"translation":[0,-2.5,-1]}},"elements":[{"faces":{"down":{"texture":"#0","uv":[8.5,6.25,7.75,7.5]},"east":{"texture":"#0","uv":[5.75,3.75,7,5]},"north":{"texture":"#0","uv":[4,7.75,4.75,9]},"south":{"texture":"#0","uv":[4.75,7.75,5.5,9]},"up":{"texture":"#0","uv":[6.25,9,5.5,7.75]},"west":{"texture":"#0","uv":[5.75,5,7,6.25]}},"from":[6.5,6,2.58191],"rotation":{"angle":45,"axis":"x","origin":[8.5,8.5,5.08191]},"to":[9.5,11,7.58191]},{"faces":{"down":{"texture":"#0","uv":[0,0,0,0.25]},"east":{"texture":"#0","uv":[11,4.75,11.25,5.25]},"north":{"texture":"#0","uv":[0,0,0,0.5]},"south":{"texture":"#0","uv":[0,0,0,0.5]},"up":{"texture":"#0","uv":[0,0.25,0,0]},"west":{"texture":"#0","uv":[7.75,11.5,8,12]}},"from":[6.4,7.5,4.58191],"rotation":{"angle":0,"axis":"y","origin":[6.5,8.5,5.08191]},"to":[6.4,9.5,5.58191]},{"faces":{"down":{"texture":"#0","uv":[0,0,0,0.25]},"east":{"texture":"#0","uv":[8,11.5,8.25,12]},"north":{"texture":"#0","uv":[0,0,0,0.5]},"south":{"texture":"#0","uv":[0,0,0,0.5]},"up":{"texture":"#0","uv":[0,0.25,0,0]},"west":{"texture":"#0","uv":[8.25,11.5,8.5,12]}},"from":[9.6,7.5,4.58191],"rotation":{"angle":0,"axis":"y","origin":[9.5,8.5,5.08191]},"to":[9.6,9.5,5.58191]},{"faces":{"down":{"texture":"#0","uv":[6.75,8.75,6.25,10.25]},"east":{"texture":"#0","uv":[8.5,3.75,10,4.25]},"north":{"texture":"#0","uv":[10.75,8.25,11.25,8.75]},"south":{"texture":"#0","uv":[6.25,11.25,6.75,11.75]},"up":{"texture":"#0","uv":[9,7.5,8.5,6]},"west":{"texture":"#0","uv":[8.5,4.25,10,4.75]}},"from":[7,12.04629,5.54699],"rotation":{"angle":22.5,"axis":"x","origin":[8,13.04629,7.54699]},"to":[9,14.04629,11.54699]},{"faces":{"down":{"texture":"#0","uv":[9.25,8.25,8.75,9.75]},"east":{"texture":"#0","uv":[3.75,7,5.25,7.75]},"north":{"texture":"#0","uv":[7.25,6.25,7.75,7]},"south":{"texture":"#0","uv":[10.75,5.25,11.25,6]},"up":{"texture":"#0","uv":[7.25,10.25,6.75,8.75]},"west":{"texture":"#0","uv":[7,3.75,8.5,4.5]}},"from":[6.979,17.40328,4.21006],"rotation":{"angle":-45,"axis":"x","origin":[7.995,19.81409,12.02342]},"to":[9.021,20.44528,10.25206]},{"faces":{"down":{"texture":"#0","uv":[11.75,9.5,11.5,10]},"east":{"texture":"#0","uv":[10.75,6,11.25,6.75]},"north":{"texture":"#0","uv":[3.75,11.5,4,12.25]},"south":{"texture":"#0","uv":[11.5,4.5,11.75,5.25]},"up":{"texture":"#0","uv":[11.75,9.5,11.5,9]},"west":{"texture":"#0","uv":[10.75,6.75,11.25,7.5]}},"from":[7.5,12.46514,7.46312],"rotation":{"angle":-22.5,"axis":"x","origin":[8,14.96514,9.06312]},"to":[8.5,15.46514,9.46312]},{"faces":{"down":{"texture":"#0","uv":[4.75,10,4,11]},"east":{"texture":"#0","uv":[2,7.75,3,8.75]},"north":{"texture":"#0","uv":[9.75,8.75,10.5,9.75]},"south":{"texture":"#0","uv":[9.75,9.75,10.5,10.75]},"up":{"texture":"#0","uv":[10.75,4.75,10,3.75]},"west":{"texture":"#0","uv":[3,7.75,4,8.75]}},"from":[6.47,-4.66232,16.07794],"rotation":{"angle":-22.5,"axis":"x","origin":[7.97,-2.66232,18.07794]},"to":[9.47,-0.66232,20.07794]},{"faces":{"down":{"texture":"#0","uv":[11.75,7.5,11.25,8]},"east":{"texture":"#0","uv":[6.75,10.25,7.25,11.25]},"north":{"texture":"#0","uv":[6.25,10.25,6.75,11.25]},"south":{"texture":"#0","uv":[10.25,6.75,10.75,7.75]},"up":{"texture":"#0","uv":[11.75,7.5,11.25,7]},"west":{"texture":"#0","uv":[10.25,7.75,10.75,8.75]}},"from":[7.01,8.44943,9.63519],"rotation":{"angle":0,"axis":"y","origin":[8,12.43943,8.62519]},"to":[8.99,12.42943,11.61519]},{"faces":{"down":{"texture":"#0","uv":[8.75,9,8.25,10.5]},"east":{"texture":"#0","uv":[7,4.5,8.5,5.25]},"north":{"texture":"#0","uv":[10.25,10.75,10.75,11.5]},"south":{"texture":"#0","uv":[10.75,10.75,11.25,11.5]},"up":{"texture":"#0","uv":[8.25,10.5,7.75,9]},"west":{"texture":"#0","uv":[5.25,7,6.75,7.75]}},"from":[6.979,-3.5747,4.23835],"rotation":{"angle":45,"axis":"x","origin":[7.995,-2.9435,12.0517]},"to":[9.021,-0.5327,10.28035]},{"faces":{"down":{"texture":"#0","uv":[4,8.75,3.5,10.5]},"east":{"texture":"#0","uv":[5.5,6.25,7.25,7]},"north":{"texture":"#0","uv":[2,11,2.5,11.75]},"south":{"texture":"#0","uv":[2.5,11,3,11.75]},"up":{"texture":"#0","uv":[3.5,10.5,3,8.75]},"west":{"texture":"#0","uv":[2,7,3.75,7.75]}},"from":[6.98,-4.35854,10.6984],"rotation":{"angle":22.5,"axis":"x","origin":[7.97,-2.37859,16.11266]},"to":[8.96,-1.37854,17.6784]},{"faces":{"down":{"texture":"#0","uv":[11.75,0,11.5,1]},"east":{"texture":"#0","uv":[10,4.75,11,5.25]},"north":{"texture":"#0","uv":[9.75,11.5,10,12]},"south":{"texture":"#0","uv":[10,11.5,10.25,12]},"up":{"texture":"#0","uv":[11.5,11.5,11.25,10.5]},"west":{"texture":"#0","uv":[2,10.5,3,11]}},"from":[7.5,-3.93679,10.14344],"rotation":{"angle":22.5,"axis":"x","origin":[8,-2.93679,12.14344]},"to":[8.5,-1.93679,14.14344]},{"faces":{"down":{"texture":"#0","uv":[11.25,11.5,11,12]},"east":{"texture":"#0","uv":[10.5,9.75,11,10.75]},"north":{"texture":"#0","uv":[3.25,11.5,3.5,12.5]},"south":{"texture":"#0","uv":[3.5,11.5,3.75,12.5]},"up":{"texture":"#0","uv":[11,12,10.75,11.5]},"west":{"texture":"#0","uv":[10.75,3.75,11.25,4.75]}},"from":[7.5,-0.67364,11.38266],"rotation":{"angle":-45,"axis":"x","origin":[7.995,-3.65851,13.57104]},"to":[8.5,3.32636,13.38266]},{"faces":{"down":{"texture":"#0","uv":[0,0,0,0.25]},"east":{"texture":"#0","uv":[9.25,7,9.5,10]},"north":{"texture":"#0","uv":[0,0,0,3]},"south":{"texture":"#0","uv":[0,0,0,3]},"up":{"texture":"#0","uv":[0,0.25,0,0]},"west":{"texture":"#0","uv":[9.5,7,9.75,10]}},"from":[8,-1.85336,15.23055],"rotation":{"angle":22.5,"axis":"x","origin":[8,-4.60336,15.73055]},"to":[8,9.64664,16.23055]},{"faces":{"down":{"texture":"#0","uv":[8.25,9,7.75,10.5]},"east":{"texture":"#0","uv":[7,5.25,8.5,4.5]},"north":{"texture":"#0","uv":[10.25,11.5,10.75,10.75]},"south":{"texture":"#0","uv":[10.75,11.5,11.25,10.75]},"up":{"texture":"#0","uv":[8.75,10.5,8.25,9]},"west":{"texture":"#0","uv":[5.25,7.75,6.75,7]}},"from":[6.98,17.40428,4.21107],"rotation":{"angle":-45,"axis":"x","origin":[7.995,19.81408,12.02342]},"to":[9.02,20.44428,10.25107]},{"faces":{"down":{"texture":"#0","uv":[3.5,8.75,3,10.5]},"east":{"texture":"#0","uv":[5.5,7,7.25,6.25]},"north":{"texture":"#0","uv":[2,11.75,2.5,11]},"south":{"texture":"#0","uv":[2.5,11.75,3,11]},"up":{"texture":"#0","uv":[4,10.5,3.5,8.75]},"west":{"texture":"#0","uv":[2,7.75,3.75,7]}},"from":[6.98,18.24912,10.67012],"rotation":{"angle":-22.5,"axis":"x","origin":[7.97,19.24917,16.08438]},"to":[8.96,21.22912,17.65012]},{"faces":{"down":{"texture":"#0","uv":[11.5,10.5,11.25,11.5]},"east":{"texture":"#0","uv":[10,5.25,11,4.75]},"north":{"texture":"#0","uv":[9.75,12,10,11.5]},"south":{"texture":"#0","uv":[10,12,10.25,11.5]},"up":{"texture":"#0","uv":[11.75,1,11.5,0]},"west":{"texture":"#0","uv":[2,11,3,10.5]}},"from":[7.5,18.80737,10.11516],"rotation":{"angle":-22.5,"axis":"x","origin":[8,19.80737,12.11516]},"to":[8.5,20.80737,14.11516]},{"faces":{"down":{"texture":"#0","uv":[10.75,3.75,10,4.75]},"east":{"texture":"#0","uv":[2,8.75,3,7.75]},"north":{"texture":"#0","uv":[9.75,9.75,10.5,8.75]},"south":{"texture":"#0","uv":[9.75,10.75,10.5,9.75]},"up":{"texture":"#0","uv":[4.75,11,4,10]},"west":{"texture":"#0","uv":[3,8.75,4,7.75]}},"from":[6.47,17.5329,16.04966],"rotation":{"angle":22.5,"axis":"x","origin":[7.97,19.5329,18.04966]},"to":[9.47,21.5329,20.04966]},{"faces":{"down":{"texture":"#0","uv":[11,11.5,10.75,12]},"east":{"texture":"#0","uv":[10.5,10.75,11,9.75]},"north":{"texture":"#0","uv":[3.25,12.5,3.5,11.5]},"south":{"texture":"#0","uv":[3.5,12.5,3.75,11.5]},"up":{"texture":"#0","uv":[11.25,12,11,11.5]},"west":{"texture":"#0","uv":[10.75,4.75,11.25,3.75]}},"from":[7.5,13.54422,11.35438],"rotation":{"angle":45,"axis":"x","origin":[7.995,20.52909,13.54276]},"to":[8.5,17.54422,13.35438]},{"faces":{"down":{"texture":"#0","uv":[0,0,0,0.25]},"east":{"texture":"#0","uv":[9.25,10,9.5,7]},"north":{"texture":"#0","uv":[0,3,0,0]},"south":{"texture":"#0","uv":[0,3,0,0]},"up":{"texture":"#0","uv":[0,0.25,0,0]},"west":{"texture":"#0","uv":[9.5,10,9.75,7]}},"from":[8,7.22394,15.20227],"rotation":{"angle":-22.5,"axis":"x","origin":[8,21.47394,15.70227]},"to":[8,18.72394,16.20227]},{"faces":{"down":{"texture":"#0","uv":[5.25,10,4.75,11.25]},"east":{"texture":"#0","uv":[7.75,7.5,9,8.25]},"north":{"texture":"#0","uv":[4,11,4.5,11.75]},"south":{"texture":"#0","uv":[8.75,11,9.25,11.75]},"up":{"texture":"#0","uv":[9.25,11,8.75,9.75]},"west":{"texture":"#0","uv":[8,5.25,9.25,6]}},"from":[6.98,15.45974,0.01652],"rotation":{"angle":-45,"axis":"x","origin":[7.995,17.86954,10.07887]},"to":[9.02,18.49974,5.05652]},{"faces":{"down":{"texture":"#0","uv":[6.25,10,5.75,11.25]},"east":{"texture":"#0","uv":[6.25,8,7.5,8.75]},"north":{"texture":"#0","uv":[9.25,11,9.75,11.75]},"south":{"texture":"#0","uv":[11,9.75,11.5,10.5]},"up":{"texture":"#0","uv":[5.75,11.25,5.25,10]},"west":{"texture":"#0","uv":[7.5,8.25,8.75,9]}},"from":[6.98,3.26465,2.35481],"rotation":{"angle":45,"axis":"x","origin":[8,4.28465,5.37481]},"to":[9.02,6.30465,7.39481]},{"faces":{"down":{"texture":"#0","uv":[12,1,11.5,1.5]},"east":{"texture":"#0","uv":[3.5,10.5,4,11.5]},"north":{"texture":"#0","uv":[3,10.5,3.5,11.5]},"south":{"texture":"#0","uv":[7.75,10.5,8.25,11.5]},"up":{"texture":"#0","uv":[11.75,8.5,11.25,8]},"west":{"texture":"#0","uv":[8.25,10.5,8.75,11.5]}},"from":[7.01,4.46943,9.63519],"rotation":{"angle":0,"axis":"y","origin":[8,4.45943,8.62519]},"to":[8.99,8.44943,11.61519]},{"faces":{"down":{"texture":"#0","uv":[10.25,7.25,9.75,8.75]},"east":{"texture":"#0","uv":[8.5,4.75,10,5.25]},"north":{"texture":"#0","uv":[11.5,1.5,12,2]},"south":{"texture":"#0","uv":[11.5,2,12,2.5]},"up":{"texture":"#0","uv":[10.25,7.25,9.75,5.75]},"west":{"texture":"#0","uv":[9.25,5.25,10.75,5.75]}},"from":[7,2.85258,5.54699],"rotation":{"angle":-22.5,"axis":"x","origin":[8,3.85258,7.54699]},"to":[9,4.85258,11.54699]},{"faces":{"down":{"texture":"#0","uv":[10.5,11.5,10.25,12]},"east":{"texture":"#0","uv":[11.25,3.75,11.75,4.5]},"north":{"texture":"#0","uv":[11.5,5.25,11.75,6]},"south":{"texture":"#0","uv":[11.5,6,11.75,6.75]},"up":{"texture":"#0","uv":[11.75,10.5,11.5,10]},"west":{"texture":"#0","uv":[4.5,11.25,5,12]}},"from":[7.5,1.43372,7.46312],"rotation":{"angle":22.5,"axis":"x","origin":[8,1.93372,9.06312]},"to":[8.5,4.43372,9.46312]},{"faces":{"down":{"texture":"#0","uv":[1.5,6.25,1.25,12]},"east":{"texture":"#0","uv":[0,5,5.75,6.25]},"north":{"texture":"#0","uv":[5.5,11.25,5.75,12.5]},"south":{"texture":"#0","uv":[5.75,11.25,6,12.5]},"up":{"texture":"#0","uv":[1.25,12,1,6.25]},"west":{"texture":"#0","uv":[5.75,0,11.5,1.25]}},"from":[7.98,5.86465,-0.92],"rotation":{"angle":-45,"axis":"z","origin":[8,8.38465,10.9]},"to":[8.02,10.90465,22.12]},{"faces":{"down":{"texture":"#0","uv":[2,6.25,1.75,12]},"east":{"texture":"#0","uv":[5.75,1.25,11.5,2.5]},"north":{"texture":"#0","uv":[11.25,5.75,11.5,7]},"south":{"texture":"#0","uv":[6,11.25,6.25,12.5]},"up":{"texture":"#0","uv":[1.75,12,1.5,6.25]},"west":{"texture":"#0","uv":[5.75,2.5,11.5,3.75]}},"from":[7.98,5.86465,-0.92],"rotation":{"angle":45,"axis":"z","origin":[8,8.38465,10.9]},"to":[8.02,10.90465,22.12]}],"gui_light":"front","texture_size":[64,64]}