{"display":{"firstperson_lefthand":{"rotation":[15,90,0],"scale":[0.6,0.6,0.6],"translation":[1.5,2.25,0.75]},"firstperson_righthand":{"rotation":[15,90,0],"scale":[0.6,0.6,0.6],"translation":[1.5,2.75,0.75]},"fixed":{"scale":[0.65,0.65,0.65],"translation":[0,0.75,-0.75]},"ground":{"rotation":[67,24,0],"scale":[0.65,0.65,0.65],"translation":[0,2.25,0]},"gui":{"rotation":[0,0,-45],"scale":[0.65,0.65,0.65],"translation":[0,0,-0.75]},"head":{"scale":[1.3,1.3,1.3],"translation":[0,10.75,0]},"thirdperson_lefthand":{"rotation":[0,90,0],"scale":[0.8,0.8,0.8],"translation":[0,0.75,1.25]},"thirdperson_righthand":{"rotation":[0,90,0],"scale":[0.8,0.8,0.8],"translation":[0,0.75,1.25]}},"elements":[{"faces":{"down":{"texture":"#0","uv":[2.5,6.75,2,7.25]},"east":{"texture":"#0","uv":[4,3.5,4.5,7]},"north":{"texture":"#0","uv":[3.5,3.5,4,7]},"south":{"texture":"#0","uv":[4.5,3.5,5,7]},"up":{"texture":"#0","uv":[7,3.25,6.5,2.75]},"west":{"texture":"#0","uv":[5,3.5,5.5,7]}},"from":[7,0,7],"rotation":{"angle":0,"axis":"y","origin":[8,8,8]},"to":[9,14,9]},{"faces":{"down":{"texture":"#0","uv":[3.5,6.75,3,7.25]},"east":{"texture":"#0","uv":[0.5,5.25,1,8.75]},"north":{"texture":"#0","uv":[0,5.25,0.5,8.75]},"south":{"texture":"#0","uv":[1,5.25,1.5,8.75]},"up":{"texture":"#0","uv":[3,7.25,2.5,6.75]},"west":{"texture":"#0","uv":[1.5,5.25,2,8.75]}},"from":[6.95,-0.05,6.95],"rotation":{"angle":0,"axis":"y","origin":[8,8,8]},"to":[9.05,14.05,9.05]},{"faces":{"down":{"texture":"#0","uv":[7,5.5,6.25,6.25]},"east":{"texture":"#0","uv":[6.5,1.25,7.25,1.75]},"north":{"texture":"#0","uv":[6.5,0.75,7.25,1.25]},"south":{"texture":"#0","uv":[6.5,1.75,7.25,2.25]},"up":{"texture":"#0","uv":[7,5.5,6.25,4.75]},"west":{"texture":"#0","uv":[6.5,2.25,7.25,2.75]}},"from":[6.5,9,6.5],"rotation":{"angle":0,"axis":"y","origin":[8,8,8]},"to":[9.5,11,9.5]},{"faces":{"down":{"texture":"#0","uv":[7.25,0,6.5,0.75]},"east":{"texture":"#0","uv":[5.5,4.75,6.25,6]},"north":{"texture":"#0","uv":[5.5,3.5,6.25,4.75]},"south":{"texture":"#0","uv":[5.5,6,6.25,7.25]},"up":{"texture":"#0","uv":[7,7,6.25,6.25]},"west":{"texture":"#0","uv":[6.25,3.5,7,4.75]}},"from":[6.5,-5,6.5],"rotation":{"angle":0,"axis":"y","origin":[8,8,8]},"to":[9.5,0,9.5]},{"faces":{"down":{"texture":"#0","uv":[0.75,0,0,0]},"east":{"texture":"#0","uv":[0,0,0,1.5]},"north":{"texture":"#0","uv":[2,5.25,2.75,6.75]},"south":{"texture":"#0","uv":[2.75,5.25,3.5,6.75]},"up":{"texture":"#0","uv":[0.75,0,0,0]},"west":{"texture":"#0","uv":[0,0,0,1.5]}},"from":[6.5,-9,8],"rotation":{"angle":0,"axis":"y","origin":[8,8,8]},"to":[9.5,-3,8]},{"faces":{"down":{"texture":"#0","uv":[6.5,1.75,3.25,3.5]},"east":{"texture":"#0","uv":[0,3.5,1.75,5.25]},"north":{"texture":"#0","uv":[0,0,3.25,1.75]},"south":{"texture":"#0","uv":[0,1.75,3.25,3.5]},"up":{"texture":"#0","uv":[6.5,1.75,3.25,0]},"west":{"texture":"#0","uv":[1.75,3.5,3.5,5.25]}},"from":[1.5,12,4.5],"rotation":{"angle":0,"axis":"y","origin":[8,8,8]},"to":[14.5,19,11.5]}],"gui_light":"front","texture_size":[64,64],"textures":{"0":"civilization:item/tools/mjolnir/normal/default","particle":"civilization:item/tools/mjolnir/normal/default"}}