{"display":{"firstperson_lefthand":{"rotation":[15,90,0],"scale":[0.5,0.5,0.5],"translation":[1.5,2.5,0.5]},"firstperson_righthand":{"rotation":[15,90,0],"scale":[0.5,0.5,0.5],"translation":[1.5,2.5,0.5]},"fixed":{"scale":[0.65,0.65,0.65],"translation":[0,0.75,-0.75]},"ground":{"rotation":[67,24,0],"scale":[0.6,0.6,0.6],"translation":[0,2.25,0]},"gui":{"rotation":[0,0,-45],"scale":[0.5,0.5,0.5],"translation":[-0.5,-0.5,0]},"head":{"scale":[1.3,1.3,1.3],"translation":[0,10.75,0]},"thirdperson_lefthand":{"rotation":[0,-90,0],"scale":[0.8,0.8,0.8],"translation":[0,2,1.5]},"thirdperson_righthand":{"rotation":[0,90,0],"scale":[0.8,0.8,0.8],"translation":[0,2,1.5]}},"elements":[{"faces":{"down":{"texture":"#0","uv":[7.25,10.25,6.75,10.75]},"east":{"texture":"#0","uv":[3.75,6,4.25,8.5]},"north":{"texture":"#0","uv":[1,5.25,1.5,7.75]},"south":{"texture":"#0","uv":[4.25,6,4.75,8.5]},"up":{"texture":"#0","uv":[10.75,6.75,10.25,6.25]},"west":{"texture":"#0","uv":[5.75,6.25,6.25,8.75]}},"from":[7,-1,7],"rotation":{"angle":0,"axis":"y","origin":[8,7,8]},"to":[9,9,9]},{"faces":{"down":{"texture":"#0","uv":[7.75,10.25,7.25,10.75]},"east":{"texture":"#0","uv":[2.25,4.25,2.75,7.75]},"north":{"texture":"#0","uv":[1.75,4.25,2.25,7.75]},"south":{"texture":"#0","uv":[2.75,4.25,3.25,7.75]},"up":{"texture":"#0","uv":[10.75,7.25,10.25,6.75]},"west":{"texture":"#0","uv":[3.25,4.25,3.75,7.75]}},"from":[6.7,-1.2,6.7],"rotation":{"angle":0,"axis":"y","origin":[8,7.1,8]},"to":[9.3,13.4,9.3]},{"faces":{"down":{"texture":"#0","uv":[7.5,6.25,6.25,7.25]},"east":{"texture":"#0","uv":[9.5,3.75,10.5,4.25]},"north":{"texture":"#0","uv":[8.5,1.75,9.75,2.25]},"south":{"texture":"#0","uv":[8.5,2.25,9.75,2.75]},"up":{"texture":"#0","uv":[7.25,1,6,0]},"west":{"texture":"#0","uv":[9.5,8.25,10.5,8.75]}},"from":[5.5,8,6],"rotation":{"angle":0,"axis":"y","origin":[8,9,8]},"to":[10.5,10,10]},{"faces":{"down":{"texture":"#0","uv":[7.75,2,6.5,3]},"east":{"texture":"#0","uv":[9.5,8.75,10.5,9.25]},"north":{"texture":"#0","uv":[8.5,4.25,9.75,4.75]},"south":{"texture":"#0","uv":[8.5,4.75,9.75,5.25]},"up":{"texture":"#0","uv":[7.75,2,6.5,1]},"west":{"texture":"#0","uv":[9.75,0,10.75,0.5]}},"from":[5.5,-3,6],"rotation":{"angle":0,"axis":"y","origin":[8,7,7.5]},"to":[10.5,-1,10]},{"faces":{"down":{"texture":"#0","uv":[1,0,0,0]},"east":{"texture":"#0","uv":[0,0,0,1.75]},"north":{"texture":"#0","uv":[3.75,4.25,4.75,6]},"south":{"texture":"#0","uv":[4.5,2.25,5.5,4]},"up":{"texture":"#0","uv":[1,0,0,0]},"west":{"texture":"#0","uv":[0,0,0,1.75]}},"from":[9,-8.5,8],"rotation":{"angle":0,"axis":"y","origin":[9.5,6.5,7.5]},"to":[13,-1.5,8]},{"faces":{"down":{"texture":"#0","uv":[1,0,0,0]},"east":{"texture":"#0","uv":[0,0,0,1.75]},"north":{"texture":"#0","uv":[4.75,4,5.75,5.75]},"south":{"texture":"#0","uv":[0,5.25,1,7]},"up":{"texture":"#0","uv":[1,0,0,0]},"west":{"texture":"#0","uv":[0,0,0,1.75]}},"from":[3,-8.5,8],"rotation":{"angle":0,"axis":"y","origin":[3.5,6.5,7.5]},"to":[7,-1.5,8]},{"faces":{"down":{"texture":"#0","uv":[1.75,0,0,0]},"east":{"texture":"#0","uv":[0,0,0,1.5]},"north":{"texture":"#0","uv":[0,0,1.75,1.5]},"south":{"texture":"#0","uv":[0,1.5,1.75,3]},"up":{"texture":"#0","uv":[1.75,0,0,0]},"west":{"texture":"#0","uv":[0,0,0,1.5]}},"from":[0.5,3.8,8],"rotation":{"angle":-45,"axis":"z","origin":[5.5,8.3,8]},"to":[7.5,9.8,8]},{"faces":{"down":{"texture":"#0","uv":[1.75,0,0,0]},"east":{"texture":"#0","uv":[0,0,0,1.5]},"north":{"texture":"#0","uv":[1.75,0,3.5,1.5]},"south":{"texture":"#0","uv":[1.75,1.5,3.5,3]},"up":{"texture":"#0","uv":[1.75,0,0,0]},"west":{"texture":"#0","uv":[0,0,0,1.5]}},"from":[8.5,3.8,8],"rotation":{"angle":45,"axis":"z","origin":[10.5,8.3,8]},"to":[15.5,9.8,8]},{"faces":{"down":{"texture":"#0","uv":[4.75,9.25,4,10]},"east":{"texture":"#0","uv":[1.25,8.75,2,9.5]},"north":{"texture":"#0","uv":[0.5,8.75,1.25,9.5]},"south":{"texture":"#0","uv":[8.75,8.5,9.5,9.25]},"up":{"texture":"#0","uv":[4,10,3.25,9.25]},"west":{"texture":"#0","uv":[9,0.5,9.75,1.25]}},"from":[6.5,-5.5,6.5],"rotation":{"angle":-45,"axis":"z","origin":[8,-4,8]},"to":[9.5,-2.5,9.5]},{"faces":{"down":{"texture":"#1","uv":[0.25,6.75,0,7.25]},"east":{"texture":"#1","uv":[2.25,5,2.75,5.375]},"north":{"texture":"#1","uv":[4.5,7.25,4.75,7.625]},"south":{"texture":"#1","uv":[4.75,7.25,5,7.625]},"up":{"texture":"#1","uv":[3,7.125,2.75,6.625]},"west":{"texture":"#1","uv":[5.125,1.375,5.625,1.75]}},"from":[13.5,17,4],"rotation":{"angle":0,"axis":"y","origin":[8,7,1.5]},"to":[15.5,20,8]},{"faces":{"down":{"texture":"#1","uv":[3,5,2.75,5.25]},"east":{"texture":"#1","uv":[2,5.875,2.25,6.5]},"north":{"texture":"#1","uv":[3,5.625,3.25,6.25]},"south":{"texture":"#1","uv":[2.25,5.875,2.5,6.5]},"up":{"texture":"#1","uv":[4.5,3.5,4.25,3.25]},"west":{"texture":"#1","uv":[5.875,2.625,6.125,3.25]}},"from":[13.5,12,4],"rotation":{"angle":0,"axis":"y","origin":[8,2,1.5]},"to":[15.5,17,6]},{"faces":{"down":{"texture":"#1","uv":[6.75,5.75,6.375,6.125]},"east":{"texture":"#1","uv":[5.125,3.125,5.5,3.625]},"north":{"texture":"#1","uv":[5.125,1.75,5.5,2.25]},"south":{"texture":"#1","uv":[3.75,5.125,4.125,5.625]},"up":{"texture":"#1","uv":[6.75,5.75,6.375,5.375]},"west":{"texture":"#1","uv":[4.125,5.125,4.5,5.625]}},"from":[12.5,16,9],"rotation":{"angle":0,"axis":"y","origin":[8,8,7.5]},"to":[15.5,20,12]},{"faces":{"down":{"texture":"#1","uv":[3.5,1.625,3,2.25]},"east":{"texture":"#1","uv":[4.5,0.375,5.125,0.75]},"north":{"texture":"#1","uv":[5.125,3.625,5.625,4]},"south":{"texture":"#1","uv":[4.5,5.125,5,5.5]},"up":{"texture":"#1","uv":[3.5,1.625,3,1]},"west":{"texture":"#1","uv":[0.5,4.5,1.125,4.875]}},"from":[11.5,12,7],"rotation":{"angle":0,"axis":"y","origin":[8,2,7.5]},"to":[15.5,15,12]},{"faces":{"down":{"texture":"#1","uv":[0.75,0.625,0,1.25]},"east":{"texture":"#1","uv":[5.875,3.25,6.5,3.5]},"north":{"texture":"#1","uv":[5.125,2.25,5.875,2.5]},"south":{"texture":"#1","uv":[5,5.125,5.75,5.375]},"up":{"texture":"#1","uv":[0.75,0.625,0,0]},"west":{"texture":"#1","uv":[3.625,5.875,4.25,6.125]}},"from":[5.5,18,7],"rotation":{"angle":0,"axis":"y","origin":[6,8,6.5]},"to":[11.5,20,12]},{"faces":{"down":{"texture":"#1","uv":[7.25,5.75,6.75,6]},"east":{"texture":"#1","uv":[2.5,5.375,2.75,5.625]},"north":{"texture":"#1","uv":[3,2.25,3.5,2.5]},"south":{"texture":"#1","uv":[6.5,0.625,7,0.875]},"up":{"texture":"#1","uv":[7.25,1.625,6.75,1.375]},"west":{"texture":"#1","uv":[2.125,7.75,2.375,8]}},"from":[8.5,18,4],"rotation":{"angle":0,"axis":"y","origin":[3,2,3.5]},"to":[12.5,20,6]},{"faces":{"down":{"texture":"#1","uv":[7.625,5.625,7.25,5.875]},"east":{"texture":"#1","uv":[5.875,3.875,6.125,4.5]},"north":{"texture":"#1","uv":[3.5,4.25,3.875,4.875]},"south":{"texture":"#1","uv":[4.5,0.75,4.875,1.375]},"up":{"texture":"#1","uv":[7.625,4.375,7.25,4.125]},"west":{"texture":"#1","uv":[4.25,5.875,4.5,6.5]}},"from":[9.5,12,4],"rotation":{"angle":0,"axis":"y","origin":[3,0,3.5]},"to":[12.5,17,6]},{"faces":{"down":{"texture":"#1","uv":[1.5,0.625,0.75,1.25]},"east":{"texture":"#1","uv":[4.5,1.375,5.125,1.75]},"north":{"texture":"#1","uv":[4,2.5,4.75,2.875]},"south":{"texture":"#1","uv":[0.5,4.125,1.25,4.5]},"up":{"texture":"#1","uv":[1.5,0.625,0.75,0]},"west":{"texture":"#1","uv":[4.5,1.75,5.125,2.125]}},"from":[3.5,12,4],"rotation":{"angle":0,"axis":"y","origin":[3,-2,5.5]},"to":[9.5,15,9]},{"faces":{"down":{"texture":"#1","uv":[7.375,0.25,6.875,0.5]},"east":{"texture":"#1","uv":[5.875,4.5,6.125,5.125]},"north":{"texture":"#1","uv":[1.75,3,2.25,3.625]},"south":{"texture":"#1","uv":[2.25,3,2.75,3.625]},"up":{"texture":"#1","uv":[7.375,0.25,6.875,0]},"west":{"texture":"#1","uv":[5.875,5.625,6.125,6.25]}},"from":[6.5,12,10],"rotation":{"angle":0,"axis":"y","origin":[3,-2,10.5]},"to":[10.5,17,12]},{"faces":{"down":{"texture":"#1","uv":[8,4.375,7.75,4.625]},"east":{"texture":"#1","uv":[7.75,2.875,8,3.125]},"north":{"texture":"#1","uv":[2.375,7.75,2.625,8]},"south":{"texture":"#1","uv":[7.75,3.125,8,3.375]},"up":{"texture":"#1","uv":[4.25,8,4,7.75]},"west":{"texture":"#1","uv":[7.75,3.375,8,3.625]}},"from":[4.5,15,10],"rotation":{"angle":0,"axis":"y","origin":[-1,-2,9.5]},"to":[6.5,17,12]},{"faces":{"down":{"texture":"#1","uv":[7.75,0.25,7.375,0.5]},"east":{"texture":"#1","uv":[7.75,4.625,8,4.875]},"north":{"texture":"#1","uv":[6.875,7.25,7.25,7.5]},"south":{"texture":"#1","uv":[7.25,7.25,7.625,7.5]},"up":{"texture":"#1","uv":[7.75,0.25,7.375,0]},"west":{"texture":"#1","uv":[4.875,7.75,5.125,8]}},"from":[2.5,12,10],"rotation":{"angle":0,"axis":"y","origin":[2.75,13.75,10.5]},"to":[5.5,14,12]},{"faces":{"down":{"texture":"#1","uv":[6.375,6.75,6.125,7.25]},"east":{"texture":"#1","uv":[2.75,3,3.25,3.625]},"north":{"texture":"#1","uv":[6,0,6.25,0.625]},"south":{"texture":"#1","uv":[2.5,6,2.75,6.625]},"up":{"texture":"#1","uv":[4.25,7.25,4,6.75]},"west":{"texture":"#1","uv":[3.25,3,3.75,3.625]}},"from":[0.5,12,8],"rotation":{"angle":0,"axis":"y","origin":[2.75,13.75,10.5]},"to":[2.5,17,12]},{"faces":{"down":{"texture":"#1","uv":[5.5,6.875,5,7.125]},"east":{"texture":"#1","uv":[7.75,4.875,8,5.125]},"north":{"texture":"#1","uv":[6.875,0.875,7.375,1.125]},"south":{"texture":"#1","uv":[6.875,1.125,7.375,1.375]},"up":{"texture":"#1","uv":[2,7.125,1.5,6.875]},"west":{"texture":"#1","uv":[5.125,7.75,5.375,8]}},"from":[0.5,18,10],"rotation":{"angle":0,"axis":"y","origin":[-2,-2,13.5]},"to":[4.5,20,12]},{"faces":{"down":{"texture":"#1","uv":[6.875,0.25,6.5,0.625]},"east":{"texture":"#1","uv":[7.375,1,7.75,1.25]},"north":{"texture":"#1","uv":[7.375,0.75,7.75,1]},"south":{"texture":"#1","uv":[3,7.375,3.375,7.625]},"up":{"texture":"#1","uv":[6.5,6.75,6.125,6.375]},"west":{"texture":"#1","uv":[3.375,7.375,3.75,7.625]}},"from":[0.5,18,6],"rotation":{"angle":0,"axis":"y","origin":[-2,-2,9.5]},"to":[3.5,20,9]},{"faces":{"down":{"texture":"#1","uv":[5.875,2.875,5,3.125]},"east":{"texture":"#1","uv":[2,6.875,2.25,7.375]},"north":{"texture":"#1","uv":[0,2.5,0.875,3]},"south":{"texture":"#1","uv":[0.875,2.5,1.75,3]},"up":{"texture":"#1","uv":[5.75,1.375,4.875,1.125]},"west":{"texture":"#1","uv":[3,6.875,3.25,7.375]}},"from":[0.5,16,4],"rotation":{"angle":0,"axis":"y","origin":[-2,-2,7.5]},"to":[7.5,20,6]},{"faces":{"down":{"texture":"#1","uv":[5.5,7.375,5.25,7.75]},"east":{"texture":"#1","uv":[2,6.5,2.375,6.875]},"north":{"texture":"#1","uv":[6.125,7.25,6.375,7.625]},"south":{"texture":"#1","uv":[2,7.375,2.25,7.75]},"up":{"texture":"#1","uv":[5.25,7.75,5,7.375]},"west":{"texture":"#1","uv":[6.5,6.125,6.875,6.5]}},"from":[0.5,12,4],"rotation":{"angle":0,"axis":"y","origin":[-2,-2,6.5]},"to":[2.5,15,7]},{"faces":{"down":{"texture":"#1","uv":[7.125,6,6.875,6.5]},"east":{"texture":"#1","uv":[0,5.25,0.5,5.625]},"north":{"texture":"#1","uv":[5.75,7.375,6,7.75]},"south":{"texture":"#1","uv":[7.375,6.5,7.625,6.875]},"up":{"texture":"#1","uv":[6.125,7.375,5.875,6.875]},"west":{"texture":"#1","uv":[2.75,5.25,3.25,5.625]}},"from":[14,17.5,3.5],"rotation":{"angle":0,"axis":"y","origin":[8.5,7.5,1]},"to":[16,20.5,7.5]},{"faces":{"down":{"texture":"#1","uv":[8,6.75,7.75,7]},"east":{"texture":"#1","uv":[3.25,6,3.5,6.625]},"north":{"texture":"#1","uv":[2.75,6,3,6.625]},"south":{"texture":"#1","uv":[4.5,6,4.75,6.625]},"up":{"texture":"#1","uv":[6,8,5.75,7.75]},"west":{"texture":"#1","uv":[4.75,6,5,6.625]}},"from":[14,12.5,3.5],"rotation":{"angle":0,"axis":"y","origin":[8.5,2.5,1]},"to":[16,17.5,5.5]},{"faces":{"down":{"texture":"#1","uv":[7,1.625,6.625,2]},"east":{"texture":"#1","uv":[1.375,5.375,1.75,5.875]},"north":{"texture":"#1","uv":[1,5.375,1.375,5.875]},"south":{"texture":"#1","uv":[1.75,5.375,2.125,5.875]},"up":{"texture":"#1","uv":[6.875,6.875,6.5,6.5]},"west":{"texture":"#1","uv":[2.125,5.375,2.5,5.875]}},"from":[13,16.5,9.5],"rotation":{"angle":0,"axis":"y","origin":[8.5,8.5,8]},"to":[16,20.5,12.5]},{"faces":{"down":{"texture":"#1","uv":[1,3.5,0.5,4.125]},"east":{"texture":"#1","uv":[4.5,2.125,5.125,2.5]},"north":{"texture":"#1","uv":[5.375,2.5,5.875,2.875]},"south":{"texture":"#1","uv":[5.375,4,5.875,4.375]},"up":{"texture":"#1","uv":[0.5,4.125,0,3.5]},"west":{"texture":"#1","uv":[4.5,3.25,5.125,3.625]}},"from":[12,11.5,7.5],"rotation":{"angle":0,"axis":"y","origin":[8.5,1.5,8]},"to":[16,14.5,12.5]},{"faces":{"down":{"texture":"#1","uv":[1.5,1.25,0.75,1.875]},"east":{"texture":"#1","uv":[6,1.75,6.625,2]},"north":{"texture":"#1","uv":[5,5.375,5.75,5.625]},"south":{"texture":"#1","uv":[5.5,0.75,6.25,1]},"up":{"texture":"#1","uv":[0.75,1.875,0,1.25]},"west":{"texture":"#1","uv":[5,6,5.625,6.25]}},"from":[5.5,18.5,7.5],"rotation":{"angle":0,"axis":"y","origin":[6,8.5,7]},"to":[11.5,20.5,12.5]},{"faces":{"down":{"texture":"#1","uv":[0.75,7,0.25,7.25]},"east":{"texture":"#1","uv":[6.875,7.75,7.125,8]},"north":{"texture":"#1","uv":[6.375,6.875,6.875,7.125]},"south":{"texture":"#1","uv":[6.875,6.5,7.375,6.75]},"up":{"texture":"#1","uv":[7.375,7,6.875,6.75]},"west":{"texture":"#1","uv":[7.125,7.75,7.375,8]}},"from":[8.5,18.5,3.5],"rotation":{"angle":0,"axis":"y","origin":[3,2.5,3]},"to":[12.5,20.5,5.5]},{"faces":{"down":{"texture":"#1","uv":[0.375,7.5,0,7.75]},"east":{"texture":"#1","uv":[5.625,6,5.875,6.625]},"north":{"texture":"#1","uv":[3.875,4.5,4.25,5.125]},"south":{"texture":"#1","uv":[4.25,4.5,4.625,5.125]},"up":{"texture":"#1","uv":[7.75,7.125,7.375,6.875]},"west":{"texture":"#1","uv":[0,6.125,0.25,6.75]}},"from":[9.5,11.5,3.5],"rotation":{"angle":0,"axis":"y","origin":[3,-0.5,3]},"to":[12.5,16.5,5.5]},{"faces":{"down":{"texture":"#1","uv":[2.25,0.625,1.5,1.25]},"east":{"texture":"#1","uv":[4.5,3.625,5.125,4]},"north":{"texture":"#1","uv":[4,4.125,4.75,4.5]},"south":{"texture":"#1","uv":[1.25,4.25,2,4.625]},"up":{"texture":"#1","uv":[2.25,0.625,1.5,0]},"west":{"texture":"#1","uv":[1.125,4.625,1.75,5]}},"from":[3.5,11.5,3.5],"rotation":{"angle":0,"axis":"y","origin":[3,-2.5,5]},"to":[9.5,14.5,8.5]},{"faces":{"down":{"texture":"#1","uv":[1.25,7,0.75,7.25]},"east":{"texture":"#1","uv":[6.125,2.625,6.375,3.25]},"north":{"texture":"#1","uv":[1,3.5,1.5,4.125]},"south":{"texture":"#1","uv":[3.5,1,4,1.625]},"up":{"texture":"#1","uv":[7.5,0.75,7,0.5]},"west":{"texture":"#1","uv":[3.5,6.125,3.75,6.75]}},"from":[6.5,11.5,10.5],"rotation":{"angle":0,"axis":"y","origin":[3,-2.5,11]},"to":[10.5,16.5,12.5]},{"faces":{"down":{"texture":"#1","uv":[8.125,2,7.875,2.25]},"east":{"texture":"#1","uv":[7.875,0.5,8.125,0.75]},"north":{"texture":"#1","uv":[7.375,7.75,7.625,8]},"south":{"texture":"#1","uv":[0.75,7.875,1,8.125]},"up":{"texture":"#1","uv":[1.75,8.125,1.5,7.875]},"west":{"texture":"#1","uv":[1.25,7.875,1.5,8.125]}},"from":[4.5,14.5,10.5],"rotation":{"angle":0,"axis":"y","origin":[-1,-2.5,10]},"to":[6.5,16.5,12.5]},{"faces":{"down":{"texture":"#1","uv":[2.625,7.5,2.25,7.75]},"east":{"texture":"#1","uv":[7.875,2.25,8.125,2.5]},"north":{"texture":"#1","uv":[0.375,7.5,0.75,7.75]},"south":{"texture":"#1","uv":[7.5,0.5,7.875,0.75]},"up":{"texture":"#1","uv":[7.875,2.375,7.5,2.125]},"west":{"texture":"#1","uv":[7.875,2.5,8.125,2.75]}},"from":[2,11.5,10.5],"rotation":{"angle":0,"axis":"y","origin":[2.25,13.25,11]},"to":[5,13.5,12.5]},{"faces":{"down":{"texture":"#1","uv":[7.25,1.625,7,2.125]},"east":{"texture":"#1","uv":[3.5,1.625,4,2.25]},"north":{"texture":"#1","uv":[3.75,6.125,4,6.75]},"south":{"texture":"#1","uv":[6.125,3.875,6.375,4.5]},"up":{"texture":"#1","uv":[1.5,7.5,1.25,7]},"west":{"texture":"#1","uv":[3.5,2.25,4,2.875]}},"from":[0,11.5,8.5],"rotation":{"angle":0,"axis":"y","origin":[2.25,13.25,11]},"to":[2,16.5,12.5]},{"faces":{"down":{"texture":"#1","uv":[7.5,2.625,7,2.875]},"east":{"texture":"#1","uv":[2.625,7.875,2.875,8.125]},"north":{"texture":"#1","uv":[7,2.125,7.5,2.375]},"south":{"texture":"#1","uv":[2.25,7,2.75,7.25]},"up":{"texture":"#1","uv":[7.5,2.625,7,2.375]},"west":{"texture":"#1","uv":[2.875,7.875,3.125,8.125]}},"from":[0,18.5,10.5],"rotation":{"angle":0,"axis":"y","origin":[-2.5,-1.5,14]},"to":[4,20.5,12.5]},{"faces":{"down":{"texture":"#1","uv":[2.75,6.625,2.375,7]},"east":{"texture":"#1","uv":[7.5,2.625,7.875,2.875]},"north":{"texture":"#1","uv":[7.5,2.375,7.875,2.625]},"south":{"texture":"#1","uv":[7.5,3.625,7.875,3.875]},"up":{"texture":"#1","uv":[7,2.375,6.625,2]},"west":{"texture":"#1","uv":[7.5,3.875,7.875,4.125]}},"from":[0,18.5,5.5],"rotation":{"angle":0,"axis":"y","origin":[-2.5,-1.5,9]},"to":[3,20.5,8.5]},{"faces":{"down":{"texture":"#1","uv":[5.875,4.625,5,4.875]},"east":{"texture":"#1","uv":[7,2.875,7.25,3.375]},"north":{"texture":"#1","uv":[1.75,2.5,2.625,3]},"south":{"texture":"#1","uv":[2.625,2.5,3.5,3]},"up":{"texture":"#1","uv":[5.875,4.625,5,4.375]},"west":{"texture":"#1","uv":[7,3.375,7.25,3.875]}},"from":[0,16.5,3.5],"rotation":{"angle":0,"axis":"y","origin":[-2.5,-1.5,7]},"to":[7,20.5,5.5]},{"faces":{"down":{"texture":"#1","uv":[7.75,4.375,7.5,4.75]},"east":{"texture":"#1","uv":[6.625,2.375,7,2.75]},"north":{"texture":"#1","uv":[0.75,7.5,1,7.875]},"south":{"texture":"#1","uv":[1.25,7.5,1.5,7.875]},"up":{"texture":"#1","uv":[4.5,7.875,4.25,7.5]},"west":{"texture":"#1","uv":[6.625,2.75,7,3.125]}},"from":[0,11.5,3.5],"rotation":{"angle":0,"axis":"y","origin":[-2.5,-2.5,6]},"to":[2,14.5,6.5]},{"faces":{"down":{"texture":"#1","uv":[4.5,7,4.25,7.5]},"east":{"texture":"#1","uv":[0.5,5.5,1,5.875]},"north":{"texture":"#1","uv":[7.5,4.75,7.75,5.125]},"south":{"texture":"#1","uv":[5.5,7.5,5.75,7.875]},"up":{"texture":"#1","uv":[7.25,4.375,7,3.875]},"west":{"texture":"#1","uv":[5.5,1.75,6,2.125]}},"from":[14.75,18.25,2.75],"rotation":{"angle":0,"axis":"y","origin":[9.25,8.25,0.25]},"to":[16.75,21.25,6.75]},{"faces":{"down":{"texture":"#1","uv":[3.625,7.875,3.375,8.125]},"east":{"texture":"#1","uv":[6.125,4.5,6.375,5.125]},"north":{"texture":"#1","uv":[4,6.125,4.25,6.75]},"south":{"texture":"#1","uv":[6.125,5.125,6.375,5.75]},"up":{"texture":"#1","uv":[3.375,8.125,3.125,7.875]},"west":{"texture":"#1","uv":[6.125,5.75,6.375,6.375]}},"from":[14.75,13.25,2.75],"rotation":{"angle":0,"axis":"y","origin":[9.25,3.25,0.25]},"to":[16.75,18.25,4.75]},{"faces":{"down":{"texture":"#1","uv":[7,3.5,6.625,3.875]},"east":{"texture":"#1","uv":[3.25,5.5,3.625,6]},"north":{"texture":"#1","uv":[5.5,3.125,5.875,3.625]},"south":{"texture":"#1","uv":[4.5,5.5,4.875,6]},"up":{"texture":"#1","uv":[7,3.5,6.625,3.125]},"west":{"texture":"#1","uv":[0,5.625,0.375,6.125]}},"from":[13.75,17.25,10.25],"rotation":{"angle":0,"axis":"y","origin":[9.25,9.25,8.75]},"to":[16.75,21.25,13.25]},{"faces":{"down":{"texture":"#1","uv":[2.5,3.625,2,4.25]},"east":{"texture":"#1","uv":[1.75,4.625,2.375,5]},"north":{"texture":"#1","uv":[5.625,1.375,6.125,1.75]},"south":{"texture":"#1","uv":[2.5,5.625,3,6]},"up":{"texture":"#1","uv":[2,4.25,1.5,3.625]},"west":{"texture":"#1","uv":[2.375,4.625,3,5]}},"from":[12.75,10.75,8.25],"rotation":{"angle":0,"axis":"y","origin":[9.25,0.75,8.75]},"to":[16.75,13.75,13.25]},{"faces":{"down":{"texture":"#1","uv":[0.75,1.875,0,2.5]},"east":{"texture":"#1","uv":[6.125,1.375,6.75,1.625]},"north":{"texture":"#1","uv":[3.625,5.625,4.375,5.875]},"south":{"texture":"#1","uv":[5.625,3.625,6.375,3.875]},"up":{"texture":"#1","uv":[2.25,1.875,1.5,1.25]},"west":{"texture":"#1","uv":[6.25,0,6.875,0.25]}},"from":[5.5,19.25,8.25],"rotation":{"angle":0,"axis":"y","origin":[6,9.25,7.75]},"to":[11.5,21.25,13.25]},{"faces":{"down":{"texture":"#1","uv":[7.5,4.875,7,5.125]},"east":{"texture":"#1","uv":[7.875,3.625,8.125,3.875]},"north":{"texture":"#1","uv":[7,4.375,7.5,4.625]},"south":{"texture":"#1","uv":[4.5,7,5,7.25]},"up":{"texture":"#1","uv":[7.5,4.875,7,4.625]},"west":{"texture":"#1","uv":[7.875,3.875,8.125,4.125]}},"from":[8.5,19.25,2.75],"rotation":{"angle":0,"axis":"y","origin":[3,3.25,2.25]},"to":[12.5,21.25,4.75]},{"faces":{"down":{"texture":"#1","uv":[7.25,7.5,6.875,7.75]},"east":{"texture":"#1","uv":[6.25,0.25,6.5,0.875]},"north":{"texture":"#1","uv":[3,4.625,3.375,5.25]},"south":{"texture":"#1","uv":[4.625,4.5,5,5.125]},"up":{"texture":"#1","uv":[7.875,5.375,7.5,5.125]},"west":{"texture":"#1","uv":[1.5,6.25,1.75,6.875]}},"from":[9.5,10.75,2.75],"rotation":{"angle":0,"axis":"y","origin":[3,-1.25,2.25]},"to":[12.5,15.75,4.75]},{"faces":{"down":{"texture":"#1","uv":[2.25,1.875,1.5,2.5]},"east":{"texture":"#1","uv":[4.75,2.5,5.375,2.875]},"north":{"texture":"#1","uv":[2,4.25,2.75,4.625]},"south":{"texture":"#1","uv":[2.75,4.25,3.5,4.625]},"up":{"texture":"#1","uv":[1.5,2.5,0.75,1.875]},"west":{"texture":"#1","uv":[4.75,4,5.375,4.375]}},"from":[3.5,10.75,2.75],"rotation":{"angle":0,"axis":"y","origin":[3,-3.25,4.25]},"to":[9.5,13.75,7.75]},{"faces":{"down":{"texture":"#1","uv":[7.375,7,6.875,7.25]},"east":{"texture":"#1","uv":[1.75,6.25,2,6.875]},"north":{"texture":"#1","uv":[2.5,3.625,3,4.25]},"south":{"texture":"#1","uv":[3,3.625,3.5,4.25]},"up":{"texture":"#1","uv":[7.5,5.375,7,5.125]},"west":{"texture":"#1","uv":[3,6.25,3.25,6.875]}},"from":[6.5,10.75,11.25],"rotation":{"angle":0,"axis":"y","origin":[3,-3.25,11.75]},"to":[10.5,15.75,13.25]},{"faces":{"down":{"texture":"#1","uv":[8.125,5.875,7.875,6.125]},"east":{"texture":"#1","uv":[4.5,7.875,4.75,8.125]},"north":{"texture":"#1","uv":[4.25,7.875,4.5,8.125]},"south":{"texture":"#1","uv":[7.875,5.125,8.125,5.375]},"up":{"texture":"#1","uv":[8.125,5.875,7.875,5.625]},"west":{"texture":"#1","uv":[5.375,7.875,5.625,8.125]}},"from":[4.5,13.75,11.25],"rotation":{"angle":0,"axis":"y","origin":[-1,-3.25,10.75]},"to":[6.5,15.75,13.25]},{"faces":{"down":{"texture":"#1","uv":[3.375,7.625,3,7.875]},"east":{"texture":"#1","uv":[7.875,6.125,8.125,6.375]},"north":{"texture":"#1","uv":[7.25,7.5,7.625,7.75]},"south":{"texture":"#1","uv":[1.5,7.625,1.875,7.875]},"up":{"texture":"#1","uv":[3,7.875,2.625,7.625]},"west":{"texture":"#1","uv":[7.875,6.375,8.125,6.625]}},"from":[1.25,10.75,11.25],"rotation":{"angle":0,"axis":"y","origin":[1.5,12.5,11.75]},"to":[4.25,12.75,13.25]},{"faces":{"down":{"texture":"#1","uv":[1.75,7.125,1.5,7.625]},"east":{"texture":"#1","uv":[3.5,3.625,4,4.25]},"north":{"texture":"#1","uv":[5,6.25,5.25,6.875]},"south":{"texture":"#1","uv":[5.25,6.25,5.5,6.875]},"up":{"texture":"#1","uv":[5.75,7.5,5.5,7]},"west":{"texture":"#1","uv":[3.75,2.875,4.25,3.5]}},"from":[-0.75,10.75,9.25],"rotation":{"angle":0,"axis":"y","origin":[1.5,12.5,11.75]},"to":[1.25,15.75,13.25]},{"faces":{"down":{"texture":"#1","uv":[7.625,6,7.125,6.25]},"east":{"texture":"#1","uv":[6.5,7.875,6.75,8.125]},"north":{"texture":"#1","uv":[3.25,7.125,3.75,7.375]},"south":{"texture":"#1","uv":[5,7.125,5.5,7.375]},"up":{"texture":"#1","uv":[7.625,5.625,7.125,5.375]},"west":{"texture":"#1","uv":[7.625,7.875,7.875,8.125]}},"from":[-0.75,19.25,11.25],"rotation":{"angle":0,"axis":"y","origin":[-3.25,-0.75,14.75]},"to":[3.25,21.25,13.25]},{"faces":{"down":{"texture":"#1","uv":[4.625,6.625,4.25,7]},"east":{"texture":"#1","uv":[7.625,4.125,8,4.375]},"north":{"texture":"#1","uv":[3.375,7.625,3.75,7.875]},"south":{"texture":"#1","uv":[4.5,7.625,4.875,7.875]},"up":{"texture":"#1","uv":[7,4.25,6.625,3.875]},"west":{"texture":"#1","uv":[7.625,5.375,8,5.625]}},"from":[-0.75,19.25,4.75],"rotation":{"angle":0,"axis":"y","origin":[-3.25,-0.75,8.25]},"to":[2.25,21.25,7.75]},{"faces":{"down":{"texture":"#1","uv":[6,0,5.125,0.25]},"east":{"texture":"#1","uv":[1.75,7.125,2,7.625]},"north":{"texture":"#1","uv":[0,3,0.875,3.5]},"south":{"texture":"#1","uv":[3,0,3.875,0.5]},"up":{"texture":"#1","uv":[5.875,5.125,5,4.875]},"west":{"texture":"#1","uv":[2.75,7.125,3,7.625]}},"from":[-0.75,17.25,2.75],"rotation":{"angle":0,"axis":"y","origin":[-3.25,-0.75,6.25]},"to":[6.25,21.25,4.75]},{"faces":{"down":{"texture":"#1","uv":[7.875,6,7.625,6.375]},"east":{"texture":"#1","uv":[6.625,4.25,7,4.625]},"north":{"texture":"#1","uv":[3.75,7.625,4,8]},"south":{"texture":"#1","uv":[7.625,5.625,7.875,6]},"up":{"texture":"#1","uv":[6.25,8,6,7.625]},"west":{"texture":"#1","uv":[4.625,6.625,5,7]}},"from":[-0.75,10.75,2.75],"rotation":{"angle":0,"axis":"y","origin":[-3.25,-3.25,5.25]},"to":[1.25,13.75,5.75]},{"faces":{"down":{"texture":"#1","uv":[6.625,7.125,6.375,7.625]},"east":{"texture":"#1","uv":[4.875,5.625,5.375,6]},"north":{"texture":"#1","uv":[6.25,7.625,6.5,8]},"south":{"texture":"#1","uv":[7.625,6.375,7.875,6.75]},"up":{"texture":"#1","uv":[4,7.625,3.75,7.125]},"west":{"texture":"#1","uv":[5.375,5.625,5.875,6]}},"from":[13,16.49,4.5],"rotation":{"angle":0,"axis":"y","origin":[7.505,6.495,2.005]},"to":[15.01,19.5,8.51]},{"faces":{"down":{"texture":"#1","uv":[0.25,8,0,8.25]},"east":{"texture":"#1","uv":[0.25,6.375,0.5,7]},"north":{"texture":"#1","uv":[5.875,6.25,6.125,6.875]},"south":{"texture":"#1","uv":[0.5,6.375,0.75,7]},"up":{"texture":"#1","uv":[8.125,8.125,7.875,7.875]},"west":{"texture":"#1","uv":[0.75,6.375,1,7]}},"from":[13.005,12.495,4.505],"rotation":{"angle":0,"axis":"y","origin":[7.505,2.495,2.005]},"to":[15.005,17.495,6.505]},{"faces":{"down":{"texture":"#1","uv":[7,5,6.625,5.375]},"east":{"texture":"#1","uv":[0.375,5.875,0.75,6.375]},"north":{"texture":"#1","uv":[5.75,5.125,6.125,5.625]},"south":{"texture":"#1","uv":[0.75,5.875,1.125,6.375]},"up":{"texture":"#1","uv":[7,5,6.625,4.625]},"west":{"texture":"#1","uv":[1.125,5.875,1.5,6.375]}},"from":[12,15.5,8.5],"rotation":{"angle":0,"axis":"y","origin":[7.5,7.5,7]},"to":[15,19.5,11.5]},{"faces":{"down":{"texture":"#1","uv":[4.5,0.625,4,1.25]},"east":{"texture":"#1","uv":[0,4.875,0.625,5.25]},"north":{"texture":"#1","uv":[5.75,1,6.25,1.375]},"south":{"texture":"#1","uv":[1.5,5.875,2,6.25]},"up":{"texture":"#1","uv":[4.375,0.625,3.875,0]},"west":{"texture":"#1","uv":[4.875,0.75,5.5,1.125]}},"from":[11,12.5,6.5],"rotation":{"angle":0,"axis":"y","origin":[7.5,2.5,7]},"to":[15,15.5,11.5]},{"faces":{"down":{"texture":"#1","uv":[3,0.625,2.25,1.25]},"east":{"texture":"#1","uv":[6.25,0.875,6.875,1.125]},"north":{"texture":"#1","uv":[5.875,2.125,6.625,2.375]},"south":{"texture":"#1","uv":[5.875,2.375,6.625,2.625]},"up":{"texture":"#1","uv":[3,0.625,2.25,0]},"west":{"texture":"#1","uv":[6.25,1.125,6.875,1.375]}},"from":[5.5,17.5,6.5],"rotation":{"angle":0,"axis":"y","origin":[6,7.5,6]},"to":[11.5,19.5,11.5]},{"faces":{"down":{"texture":"#1","uv":[7.75,1.375,7.25,1.625]},"east":{"texture":"#1","uv":[0.25,8,0.5,8.25]},"north":{"texture":"#1","uv":[7.125,6.25,7.625,6.5]},"south":{"texture":"#1","uv":[0,7.25,0.5,7.5]},"up":{"texture":"#1","uv":[1,7.5,0.5,7.25]},"west":{"texture":"#1","uv":[0.5,8,0.75,8.25]}},"from":[8.5,17.5,4.5],"rotation":{"angle":0,"axis":"y","origin":[3,1.5,4]},"to":[12.5,19.5,6.5]},{"faces":{"down":{"texture":"#1","uv":[8,7.125,7.625,7.375]},"east":{"texture":"#1","uv":[1,6.375,1.25,7]},"north":{"texture":"#1","uv":[0.625,4.875,1,5.5]},"south":{"texture":"#1","uv":[3.375,4.875,3.75,5.5]},"up":{"texture":"#1","uv":[6.875,7.875,6.5,7.625]},"west":{"texture":"#1","uv":[1.25,6.375,1.5,7]}},"from":[9.5,12.5,4.5],"rotation":{"angle":0,"axis":"y","origin":[3,0.5,4]},"to":[12.5,17.5,6.5]},{"faces":{"down":{"texture":"#1","uv":[3,1.875,2.25,2.5]},"east":{"texture":"#1","uv":[1,5,1.625,5.375]},"north":{"texture":"#1","uv":[4.25,2.875,5,3.25]},"south":{"texture":"#1","uv":[4.375,0,5.125,0.375]},"up":{"texture":"#1","uv":[3,1.875,2.25,1.25]},"west":{"texture":"#1","uv":[1.625,5,2.25,5.375]}},"from":[3.5,12.5,4.5],"rotation":{"angle":0,"axis":"y","origin":[3,-1.5,6]},"to":[9.5,15.5,9.5]},{"faces":{"down":{"texture":"#1","uv":[7.75,1.875,7.25,2.125]},"east":{"texture":"#1","uv":[6.375,2.625,6.625,3.25]},"north":{"texture":"#1","uv":[4,1.25,4.5,1.875]},"south":{"texture":"#1","uv":[4,1.875,4.5,2.5]},"up":{"texture":"#1","uv":[7.75,1.875,7.25,1.625]},"west":{"texture":"#1","uv":[6.375,3.5,6.625,4.125]}},"from":[6.5,12.5,9.5],"rotation":{"angle":0,"axis":"y","origin":[3,-1.5,10]},"to":[10.5,17.5,11.5]},{"faces":{"down":{"texture":"#1","uv":[8.25,2.75,8,3]},"east":{"texture":"#1","uv":[8,1.5,8.25,1.75]},"north":{"texture":"#1","uv":[8,1.25,8.25,1.5]},"south":{"texture":"#1","uv":[8,1.75,8.25,2]},"up":{"texture":"#1","uv":[2.625,8.25,2.375,8]},"west":{"texture":"#1","uv":[2.125,8,2.375,8.25]}},"from":[4.5,15.5,9.5],"rotation":{"angle":0,"axis":"y","origin":[-1,-1.5,9]},"to":[6.5,17.5,11.5]},{"faces":{"down":{"texture":"#1","uv":[8.125,0,7.75,0.25]},"east":{"texture":"#1","uv":[8,3,8.25,3.25]},"north":{"texture":"#1","uv":[7.625,7.375,8,7.625]},"south":{"texture":"#1","uv":[7.625,7.625,8,7.875]},"up":{"texture":"#1","uv":[0.375,8,0,7.75]},"west":{"texture":"#1","uv":[8,3.25,8.25,3.5]}},"from":[3,12.5,9.5],"rotation":{"angle":0,"axis":"y","origin":[3.25,14.25,10]},"to":[6,14.5,11.5]},{"faces":{"down":{"texture":"#1","uv":[1.25,7.25,1,7.75]},"east":{"texture":"#1","uv":[4,3.5,4.5,4.125]},"north":{"texture":"#1","uv":[6.375,4.125,6.625,4.75]},"south":{"texture":"#1","uv":[6.375,4.75,6.625,5.375]},"up":{"texture":"#1","uv":[6.875,7.625,6.625,7.125]},"west":{"texture":"#1","uv":[0,4.125,0.5,4.75]}},"from":[1,12.5,7.5],"rotation":{"angle":0,"axis":"y","origin":[3.25,14.25,10]},"to":[3,17.5,11.5]},{"faces":{"down":{"texture":"#1","uv":[7.75,3.375,7.25,3.625]},"east":{"texture":"#1","uv":[3.625,8,3.875,8.25]},"north":{"texture":"#1","uv":[2.25,7.25,2.75,7.5]},"south":{"texture":"#1","uv":[7.25,2.875,7.75,3.125]},"up":{"texture":"#1","uv":[7.75,3.375,7.25,3.125]},"west":{"texture":"#1","uv":[3.875,8,4.125,8.25]}},"from":[1,17.5,9.5],"rotation":{"angle":0,"axis":"y","origin":[-1.5,-2.5,13]},"to":[5,19.5,11.5]},{"faces":{"down":{"texture":"#1","uv":[3.625,6.75,3.25,7.125]},"east":{"texture":"#1","uv":[0.375,7.75,0.75,8]},"north":{"texture":"#1","uv":[7.75,0.25,8.125,0.5]},"south":{"texture":"#1","uv":[7.75,0.75,8.125,1]},"up":{"texture":"#1","uv":[5.875,7,5.5,6.625]},"west":{"texture":"#1","uv":[7.75,1,8.125,1.25]}},"from":[1,17.5,6.5],"rotation":{"angle":0,"axis":"y","origin":[-1.5,-2.5,10]},"to":[4,19.5,9.5]},{"faces":{"down":{"texture":"#1","uv":[6,0.5,5.125,0.75]},"east":{"texture":"#1","uv":[7.25,3.625,7.5,4.125]},"north":{"texture":"#1","uv":[3,0.5,3.875,1]},"south":{"texture":"#1","uv":[0.875,3,1.75,3.5]},"up":{"texture":"#1","uv":[6,0.5,5.125,0.25]},"west":{"texture":"#1","uv":[4,7.25,4.25,7.75]}},"from":[1,15.5,4.5],"rotation":{"angle":0,"axis":"y","origin":[-1.5,-2.5,8]},"to":[8,19.5,6.5]},{"faces":{"down":{"texture":"#1","uv":[2.125,7.75,1.875,8.125]},"east":{"texture":"#1","uv":[3.625,6.75,4,7.125]},"north":{"texture":"#1","uv":[1,7.75,1.25,8.125]},"south":{"texture":"#1","uv":[7.75,1.25,8,1.625]},"up":{"texture":"#1","uv":[8,2,7.75,1.625]},"west":{"texture":"#1","uv":[6.75,5.375,7.125,5.75]}},"from":[1,12.5,4.5],"rotation":{"angle":0,"axis":"y","origin":[-1.5,-1.5,7]},"to":[3,15.5,7.5]},{"faces":{"down":{"rotation":270,"texture":"#2","uv":[0,0,0,16]},"east":{"texture":"#2","uv":[0,0,0,8]},"north":{"texture":"#2","uv":[8,0,0,4]},"south":{"texture":"#2","uv":[0,0,8,4]},"up":{"rotation":90,"texture":"#2","uv":[0,16,0,0]},"west":{"texture":"#2","uv":[0,0,0,8]}},"from":[-6.24789,17.23327,8],"rotation":{"angle":-45,"axis":"z","origin":[1.75211,21.23327,8]},"to":[9.75211,25.23327,8]},{"faces":{"down":{"rotation":270,"texture":"#2","uv":[0,16,0,0]},"east":{"texture":"#2","uv":[0,0,0,8]},"north":{"texture":"#2","uv":[0,12,8,16]},"south":{"texture":"#2","uv":[8,12,0,16]},"up":{"rotation":90,"texture":"#2","uv":[0,0,0,16]},"west":{"texture":"#2","uv":[0,0,0,8]}},"from":[6.99789,8.73327,8],"rotation":{"angle":-22.5,"axis":"z","origin":[14.99789,12.73327,8]},"to":[22.99789,16.73327,8]},{"faces":{"down":{"rotation":180,"texture":"#2","uv":[0,16,0,0]},"east":{"texture":"#2","uv":[0,4,8,8]},"north":{"texture":"#2","uv":[0,0,0,8]},"south":{"texture":"#2","uv":[0,0,0,8]},"up":{"rotation":180,"texture":"#2","uv":[0,0,0,16]},"west":{"texture":"#2","uv":[8,4,0,8]}},"from":[10.99789,11.73327,7],"rotation":{"angle":22.5,"axis":"y","origin":[10.99789,15.73327,15]},"to":[10.99789,19.73327,23]},{"faces":{"down":{"rotation":180,"texture":"#2","uv":[0,16,0,0]},"east":{"texture":"#2","uv":[0,8,8,12]},"north":{"texture":"#2","uv":[0,0,0,8]},"south":{"texture":"#2","uv":[0,0,0,8]},"up":{"rotation":180,"texture":"#2","uv":[0,0,0,16]},"west":{"texture":"#2","uv":[8,8.5,0,12.5]}},"from":[1.99789,10.73327,7],"rotation":{"angle":-45,"axis":"y","origin":[1.99789,14.73327,15]},"to":[1.99789,18.73327,23]},{"faces":{"down":{"rotation":180,"texture":"#2","uv":[0,0,0,16]},"east":{"rotation":180,"texture":"#2","uv":[0,4,8,8]},"north":{"rotation":180,"texture":"#2","uv":[0,0,0,8]},"south":{"rotation":180,"texture":"#2","uv":[0,0,0,8]},"up":{"rotation":180,"texture":"#2","uv":[0,16,0,0]},"west":{"rotation":180,"texture":"#2","uv":[8,4,0,8]}},"from":[8.99789,11.73327,-7],"rotation":{"angle":-22.5,"axis":"x","origin":[8.99789,15.73327,1]},"to":[8.99789,19.73327,9]},{"faces":{"down":{"rotation":90,"texture":"#2","uv":[0,0,0,16]},"east":{"rotation":180,"texture":"#2","uv":[0,0,0,8]},"north":{"rotation":180,"texture":"#2","uv":[8,8,0,12]},"south":{"rotation":180,"texture":"#2","uv":[0,8,8,12]},"up":{"rotation":270,"texture":"#2","uv":[0,16,0,0]},"west":{"rotation":180,"texture":"#2","uv":[0,0,0,8]}},"from":[9,15.73327,8],"rotation":{"angle":22.5,"axis":"z","origin":[17,19.73327,8]},"to":[25,23.73327,8]}],"gui_light":"front","texture_size":[32,32],"textures":{"0":"civilization:item/tools/mjolnir/shattered/default","1":"civilization:item/tools/mjolnir/shattered/anim_0","2":"civilization:item/tools/mjolnir/shattered/anim_1","particle":"civilization:item/tools/mjolnir/shattered/default"}}