{"display":{"firstperson_lefthand":{"rotation":[-165,1,-180],"scale":[0.6,0.6,0.6],"translation":[1,-0.25,0.75]},"firstperson_righthand":{"rotation":[-165,1,-180],"scale":[0.6,0.6,0.6],"translation":[1,-0.25,0.75]},"fixed":{"rotation":[0,90,0],"scale":[0.64,0.64,0.64],"translation":[0,-2,-1]},"ground":{"rotation":[59,-67,0],"scale":[0.5,0.5,0.5],"translation":[0,2.5,0]},"gui":{"rotation":[90,45,-90],"scale":[0.65,0.65,0.65],"translation":[-1.25,-2,0]},"thirdperson_lefthand":{"rotation":[0,-180,0],"scale":[0.8,0.8,0.8],"translation":[0,-2.5,1.75]},"thirdperson_righthand":{"rotation":[0,-180,0],"scale":[0.8,0.8,0.8],"translation":[0,-2.5,1.75]}},"elements":[{"faces":{"down":{"texture":"#1","uv":[3.25,8.25,2.5,9]},"east":{"texture":"#1","uv":[7.5,2,8.25,3]},"north":{"texture":"#1","uv":[4.25,7.25,5,8.25]},"south":{"texture":"#1","uv":[7.5,3.25,8.25,4.25]},"up":{"texture":"#1","uv":[8.75,6.5,8,5.75]},"west":{"texture":"#1","uv":[8,4.5,8.75,5.5]}},"from":[6.5,0,6.5],"to":[9.5,4,9.5]},{"faces":{"down":{"texture":"#1","uv":[2.5,4.75,2,5.25]},"east":{"texture":"#1","uv":[0,6,0.5,9]},"north":{"texture":"#1","uv":[5.5,5.5,6,8.5]},"south":{"texture":"#1","uv":[0.75,6,1.25,9]},"up":{"texture":"#1","uv":[2.5,4.5,2,4]},"west":{"texture":"#1","uv":[6.25,5.5,6.75,8.5]}},"from":[7,2,7],"to":[9,14,9]},{"faces":{"down":{"texture":"#1","uv":[9.25,3,8.5,3.75]},"east":{"texture":"#1","uv":[8,8.25,8.75,9]},"north":{"texture":"#1","uv":[7,8.25,7.75,9]},"south":{"texture":"#1","uv":[8.5,0,9.25,0.75]},"up":{"texture":"#1","uv":[9.25,2.75,8.5,2]},"west":{"texture":"#1","uv":[8.5,1,9.25,1.75]}},"from":[6.5,14,6.5],"rotation":{"angle":0,"axis":"y","origin":[0,-3,0]},"to":[9.5,17,9.5]},{"faces":{"down":{"texture":"#1","uv":[8.5,7.25,7,8]},"east":{"texture":"#1","uv":[7,5.5,7.75,7]},"north":{"texture":"#1","uv":[2,5.5,3.5,7]},"south":{"texture":"#1","uv":[3.75,5.5,5.25,7]},"up":{"texture":"#1","uv":[4,8,2.5,7.25]},"west":{"texture":"#1","uv":[1.5,7.25,2.25,8.75]}},"from":[5,17,12],"rotation":{"angle":0,"axis":"y","origin":[0,-4,16]},"to":[11,23,15]},{"faces":{"down":{"texture":"#1","uv":[8.5,8,7,7.25]},"east":{"texture":"#1","uv":[7.75,5.5,7,7]},"north":{"texture":"#1","uv":[5.25,5.5,3.75,7]},"south":{"texture":"#1","uv":[3.5,5.5,2,7]},"up":{"texture":"#1","uv":[4,7.25,2.5,8]},"west":{"texture":"#1","uv":[2.25,7.25,1.5,8.75]}},"from":[5,17,1],"rotation":{"angle":0,"axis":"y","origin":[0,-4,0]},"to":[11,23,4]},{"faces":{"down":{"texture":"#1","uv":[4.5,2.75,2.75,5.25]},"east":{"texture":"#1","uv":[0,0,2.5,1.75]},"north":{"texture":"#1","uv":[0,4,1.75,5.75]},"south":{"texture":"#1","uv":[4.75,0,6.5,1.75]},"up":{"texture":"#1","uv":[4.5,2.5,2.75,0]},"west":{"texture":"#1","uv":[0,2,2.5,3.75]}},"from":[4.5,16.5,3],"rotation":{"angle":0,"axis":"y","origin":[0,-4,0]},"to":[11.5,23.5,13]},{"faces":{"down":{"texture":"#0","uv":[0,0,4,0]},"east":{"texture":"#0","uv":[0,0,0,4]},"north":{"texture":"#0","uv":[16,0,0,16]},"south":{"texture":"#0","uv":[0,0,16,16]},"up":{"texture":"#0","uv":[0,0,4,0]},"west":{"texture":"#0","uv":[0,0,0,4]}},"from":[0.5,12.5,15.275],"name":"anim","rotation":{"angle":0,"axis":"y","origin":[0,0,6]},"to":[16.5,28.5,15.275]},{"faces":{"down":{"texture":"#2","uv":[0,0,1.5,1.5]},"east":{"texture":"#2","uv":[0,0,4,0]},"north":{"texture":"#2","uv":[0,0,4,0]},"south":{"texture":"#2","uv":[0,0,4,0]},"up":{"texture":"#2","uv":[4,1.5,12,7]},"west":{"texture":"#2","uv":[0,0,4,0]}},"from":[0.5,23.5,4.025],"rotation":{"angle":0,"axis":"y","origin":[8.5,20,9.5]},"to":[16.5,23.5,15.025]},{"faces":{"down":{"texture":"#2","uv":[4,7,12,1.5]},"east":{"texture":"#2","uv":[0,0,4,0]},"north":{"texture":"#2","uv":[0,0,4,0]},"south":{"texture":"#2","uv":[0,0,4,0]},"up":{"texture":"#2","uv":[0,1.5,1.5,0]},"west":{"texture":"#2","uv":[0,0,4,0]}},"from":[0.5,16.425,4],"rotation":{"angle":0,"axis":"y","origin":[8.5,-4,9.5]},"to":[16.5,16.425,15]},{"faces":{"down":{"rotation":90,"texture":"#2","uv":[0,0,4,0]},"east":{"rotation":90,"texture":"#2","uv":[4,1.5,12,8]},"north":{"rotation":270,"texture":"#2","uv":[0,0,4,0]},"south":{"rotation":90,"texture":"#2","uv":[0,0,4,0]},"up":{"rotation":90,"texture":"#2","uv":[0,0,4,0]},"west":{"rotation":90,"texture":"#2","uv":[0,0,1.5,1.5]}},"from":[11.525,11.5,2.05],"rotation":{"angle":0,"axis":"y","origin":[8.5,20,9.5]},"to":[11.525,27.5,15.05]},{"faces":{"down":{"texture":"#2","uv":[0,0,4,0]},"east":{"rotation":270,"texture":"#2","uv":[0,0,4,0]},"north":{"rotation":90,"texture":"#2","uv":[0,0,1.5,1.5]},"south":{"rotation":90,"texture":"#2","uv":[4,8,12,9.5]},"up":{"rotation":180,"texture":"#2","uv":[0,0,4,0]},"west":{"rotation":90,"texture":"#2","uv":[0,0,4,0]}},"from":[8.526,11.5,15.049],"rotation":{"angle":0,"axis":"y","origin":[4.026,20,11.974]},"to":[11.526,27.5,15.049]},{"faces":{"down":{"rotation":90,"texture":"#2","uv":[0,0,4,0]},"east":{"rotation":90,"texture":"#2","uv":[0,1.5,1.5,0]},"north":{"rotation":270,"texture":"#2","uv":[0,0,4,0]},"south":{"rotation":90,"texture":"#2","uv":[0,0,4,0]},"up":{"rotation":90,"texture":"#2","uv":[0,0,4,0]},"west":{"rotation":90,"texture":"#2","uv":[4,8,12,1.5]}},"from":[4.475,11.5,2.05],"rotation":{"angle":0,"axis":"y","origin":[7.5,20,9.5]},"to":[4.475,27.5,15.05]},{"faces":{"down":{"texture":"#2","uv":[4,0,0,0]},"east":{"rotation":90,"texture":"#2","uv":[0,0,4,0]},"north":{"rotation":90,"texture":"#2","uv":[0,1.5,1.5,0]},"south":{"rotation":90,"texture":"#2","uv":[4,9.5,12,8]},"up":{"rotation":180,"texture":"#2","uv":[4,0,0,0]},"west":{"rotation":270,"texture":"#2","uv":[0,0,4,0]}},"from":[4.474,11.5,15.049],"rotation":{"angle":0,"axis":"y","origin":[11.974,20,11.974]},"to":[7.474,27.5,15.049]},{"faces":{"down":{"texture":"#2","uv":[0,0,4,0]},"east":{"rotation":270,"texture":"#2","uv":[0,0,4,0]},"north":{"rotation":180,"texture":"#2","uv":[0,0,16,16]},"south":{"texture":"#2","uv":[4,7,12,11]},"up":{"rotation":180,"texture":"#2","uv":[0,0,4,0]},"west":{"rotation":90,"texture":"#2","uv":[0,0,4,0]}},"from":[0.5,15.5,15.025],"rotation":{"angle":0,"axis":"y","origin":[8.5,23.5,7]},"to":[16.5,23.5,15.025]},{"faces":{"down":{"rotation":180,"texture":"#2","uv":[0,0,4,0]},"east":{"rotation":270,"texture":"#2","uv":[4,0,0,0]},"north":{"rotation":180,"texture":"#2","uv":[0,16,16,0]},"south":{"texture":"#2","uv":[4,11,12,7]},"up":{"texture":"#2","uv":[0,0,4,0]},"west":{"rotation":90,"texture":"#2","uv":[4,0,0,0]}},"from":[0.5,16.425,15],"rotation":{"angle":0,"axis":"y","origin":[8.5,-7.5,7]},"to":[16.5,24.425,15]},{"faces":{"down":{"texture":"#1","uv":[0,0,0,1.5]},"east":{"texture":"#1","uv":[10.75,1,12.25,2.5]},"north":{"texture":"#1","uv":[0,0,0,1.5]},"south":{"texture":"#1","uv":[0,0,0,1.5]},"up":{"texture":"#1","uv":[0,0,0,1.5]},"west":{"texture":"#1","uv":[12.25,1,10.75,2.5]}},"from":[8,-3,5],"name":"flat","rotation":{"angle":22.5,"axis":"x","origin":[7,0,7]},"to":[8,3,11]}],"gui_light":"front","texture_size":[64,64],"textures":{"0":"civilization:item/tools/mjolnir/valentine/heartbeat_big_anim","1":"civilization:item/tools/mjolnir/valentine/default","2":"civilization:item/tools/mjolnir/valentine/heart_flow_anim","particle":"civilization:item/tools/mjolnir/valentine/default"}}