{"display":{"firstperson_lefthand":{"rotation":[22.5,20,0],"scale":[0.5,0.5,0.5],"translation":[1.5,2.5,0]},"firstperson_righthand":{"rotation":[22.5,20,0],"scale":[0.5,0.5,0.5],"translation":[1.5,2.5,0]},"fixed":{"rotation":[90,45,-90],"scale":[0.8,0.8,0.8],"translation":[0.75,0,0]},"ground":{"rotation":[22,13,38],"scale":[0.6,0.6,0.6],"translation":[0,2.25,0]},"gui":{"rotation":[90,45,-90],"scale":[0.68,0.68,0.68],"translation":[0.75,0.25,0]},"head":{"translation":[0,16.5,-1.75]},"thirdperson_lefthand":{"translation":[0,4,-0.25]},"thirdperson_righthand":{"translation":[0,4,-0.25]}},"elements":[{"faces":{"down":{"texture":"#0","uv":[12.5,11,12,11.75]},"east":{"texture":"#0","uv":[1.5,9.75,2.25,11]},"north":{"texture":"#0","uv":[10.75,0,11.25,1.25]},"south":{"texture":"#0","uv":[10.75,1.25,11.25,2.5]},"up":{"texture":"#0","uv":[12.5,10.25,12,9.5]},"west":{"texture":"#0","uv":[2.25,9.75,3,11]}},"from":[3.46389,5.78838,-2.71329],"rotation":{"angle":-22.5,"axis":"z","origin":[4.56389,8.53838,-1.44829]},"to":[5.66389,11.28838,1.08171]},{"faces":{"down":{"texture":"#0","uv":[2.5,12.25,2,13]},"east":{"texture":"#0","uv":[9.75,3,10.5,4.25]},"north":{"texture":"#0","uv":[10.75,8.5,11.25,9.75]},"south":{"texture":"#0","uv":[1.5,11,2,12.25]},"up":{"texture":"#0","uv":[2,13,1.5,12.25]},"west":{"texture":"#0","uv":[5,9.75,5.75,11]}},"from":[3.92613,2.01119,-2.71329],"rotation":{"angle":22.5,"axis":"z","origin":[5.95694,3.36814,-1.44829]},"to":[6.12613,7.51119,1.08171]},{"faces":{"down":{"texture":"#0","uv":[1.5,9.5,0,10.25]},"east":{"texture":"#0","uv":[12,3.5,12.75,4]},"north":{"texture":"#0","uv":[10.25,6.75,11.75,7.25]},"south":{"texture":"#0","uv":[10.25,7.25,11.75,7.75]},"up":{"texture":"#0","uv":[10.25,8,8.75,7.25]},"west":{"texture":"#0","uv":[12,11.75,12.75,12.25]}},"from":[4.6,1.33733,-2.71329],"rotation":{"angle":0,"axis":"y","origin":[5.95694,3.36814,-1.44829]},"to":[11.2,3.53733,1.08171]},{"faces":{"down":{"texture":"#0","uv":[5.5,12.25,5,13]},"east":{"texture":"#0","uv":[3,10,3.75,11.25]},"north":{"texture":"#0","uv":[5,11,5.5,12.25]},"south":{"texture":"#0","uv":[11,5.5,11.5,6.75]},"up":{"texture":"#0","uv":[12.75,5.5,12.25,4.75]},"west":{"texture":"#0","uv":[3.75,10,4.5,11.25]}},"from":[9.67387,2.01119,-2.71329],"rotation":{"angle":-22.5,"axis":"z","origin":[9.84306,3.36814,-1.44829]},"to":[11.87387,7.51119,1.08171]},{"faces":{"down":{"texture":"#0","uv":[12.75,4,12.25,4.75]},"east":{"texture":"#0","uv":[10,0,10.75,1.25]},"north":{"texture":"#0","uv":[2,11,2.5,12.25]},"south":{"texture":"#0","uv":[2.5,11,3,12.25]},"up":{"texture":"#0","uv":[3,13,2.5,12.25]},"west":{"texture":"#0","uv":[10,1.25,10.75,2.5]}},"from":[10.13611,5.78838,-2.71329],"rotation":{"angle":22.5,"axis":"z","origin":[11.23611,8.53838,-1.44829]},"to":[12.33611,11.28838,1.08171]},{"faces":{"down":{"texture":"#0","uv":[10.25,6.5,8.75,7.25]},"east":{"texture":"#0","uv":[7.5,4.5,8.25,5]},"north":{"texture":"#0","uv":[7,6.5,8.5,7]},"south":{"texture":"#0","uv":[10,2.5,11.5,3]},"up":{"texture":"#0","uv":[10,6.5,8.5,5.75]},"west":{"texture":"#0","uv":[11.75,7.25,12.5,7.75]}},"from":[4.6,9.3,-2.71329],"rotation":{"angle":0,"axis":"y","origin":[9,0.5,-1.44829]},"to":[11.2,11.5,1.08171]},{"faces":{"down":{"texture":"#0","uv":[12.5,11,12,11.75]},"east":{"texture":"#0","uv":[1.5,9.75,2.25,11]},"north":{"texture":"#0","uv":[10.75,0,11.25,1.25]},"south":{"texture":"#0","uv":[10.75,1.25,11.25,2.5]},"up":{"texture":"#0","uv":[12.5,10.25,12,9.5]},"west":{"texture":"#0","uv":[2.25,9.75,3,11]}},"from":[3.9175,5.80954,0.0362],"rotation":{"angle":-22.5,"axis":"z","origin":[4.9075,8.28454,1.09654]},"to":[5.8975,10.75954,3.4517]},{"faces":{"down":{"texture":"#0","uv":[2.5,12.25,2,13]},"east":{"texture":"#0","uv":[9.75,3,10.5,4.25]},"north":{"texture":"#0","uv":[10.75,8.5,11.25,9.75]},"south":{"texture":"#0","uv":[1.5,11,2,12.25]},"up":{"texture":"#0","uv":[2,13,1.5,12.25]},"west":{"texture":"#0","uv":[5,9.75,5.75,11]}},"from":[4.33352,2.41007,0.0362],"rotation":{"angle":22.5,"axis":"z","origin":[6.16125,3.63132,1.09654]},"to":[6.31352,7.36007,3.4517]},{"faces":{"down":{"texture":"#0","uv":[1.5,9.5,0,10.25]},"east":{"texture":"#0","uv":[12,3.5,12.75,4]},"north":{"texture":"#0","uv":[10.25,6.75,11.75,7.25]},"south":{"texture":"#0","uv":[10.25,7.25,11.75,7.75]},"up":{"texture":"#0","uv":[10.25,8,8.75,7.25]},"west":{"texture":"#0","uv":[12,11.75,12.75,12.25]}},"from":[4.94,1.80359,0.0362],"rotation":{"angle":0,"axis":"y","origin":[6.16125,3.63132,1.09654]},"to":[10.88,3.78359,3.4517]},{"faces":{"down":{"texture":"#0","uv":[5.5,12.25,5,13]},"east":{"texture":"#0","uv":[3,10,3.75,11.25]},"north":{"texture":"#0","uv":[5,11,5.5,12.25]},"south":{"texture":"#0","uv":[11,5.5,11.5,6.75]},"up":{"texture":"#0","uv":[12.75,5.5,12.25,4.75]},"west":{"texture":"#0","uv":[3.75,10,4.5,11.25]}},"from":[9.50648,2.41007,0.0362],"rotation":{"angle":-22.5,"axis":"z","origin":[9.65875,3.63132,1.09654]},"to":[11.48648,7.36007,3.4517]},{"faces":{"down":{"texture":"#0","uv":[12.75,4,12.25,4.75]},"east":{"texture":"#0","uv":[10,0,10.75,1.25]},"north":{"texture":"#0","uv":[2,11,2.5,12.25]},"south":{"texture":"#0","uv":[2.5,11,3,12.25]},"up":{"texture":"#0","uv":[3,13,2.5,12.25]},"west":{"texture":"#0","uv":[10,1.25,10.75,2.5]}},"from":[9.9225,5.80954,0.0362],"rotation":{"angle":22.5,"axis":"z","origin":[10.9125,8.28454,1.09654]},"to":[11.9025,10.75954,3.4517]},{"faces":{"down":{"texture":"#0","uv":[10.25,6.5,8.75,7.25]},"east":{"texture":"#0","uv":[7.5,4.5,8.25,5]},"north":{"texture":"#0","uv":[7,6.5,8.5,7]},"south":{"texture":"#0","uv":[10,2.5,11.5,3]},"up":{"texture":"#0","uv":[10,6.5,8.5,5.75]},"west":{"texture":"#0","uv":[11.75,7.25,12.5,7.75]}},"from":[4.94,8.97,0.0362],"rotation":{"angle":0,"axis":"y","origin":[8.9,1.05,1.09654]},"to":[10.88,10.95,3.4517]},{"faces":{"down":{"texture":"#0","uv":[12,3.5,10.5,4]},"east":{"texture":"#0","uv":[4.5,10,5,11.5]},"north":{"texture":"#0","uv":[5,7,6.5,8.5]},"south":{"texture":"#0","uv":[7,5,8.5,6.5]},"up":{"texture":"#0","uv":[12,3.5,10.5,3]},"west":{"texture":"#0","uv":[10,10.25,10.5,11.75]}},"from":[4.611,2.711,-2.70064],"rotation":{"angle":0,"axis":"y","origin":[9,0.5,-1.44829]},"to":[11.189,9.289,-0.19594]},{"faces":{"down":{"texture":"#0","uv":[0.5,0,0,0]},"east":{"texture":"#0","uv":[0,0,0,0.25]},"north":{"texture":"#0","uv":[4.5,13,5,13.25]},"south":{"texture":"#0","uv":[5,13,5.5,13.25]},"up":{"texture":"#0","uv":[0.5,0,0,0]},"west":{"texture":"#0","uv":[0,0,0,0.25]}},"from":[5.205,10.345,-2.83979],"rotation":{"angle":0,"axis":"y","origin":[6.305,8.145,-2.52354]},"to":[6.855,10.895,-2.83979]},{"faces":{"down":{"texture":"#0","uv":[0.5,0,0,0]},"east":{"texture":"#0","uv":[0,0,0,0.25]},"north":{"texture":"#0","uv":[5.5,13,6,13.25]},"south":{"texture":"#0","uv":[13,5.5,13.5,5.75]},"up":{"texture":"#0","uv":[0.5,0,0,0]},"west":{"texture":"#0","uv":[0,0,0,0.25]}},"from":[5.11306,9.41419,-2.83979],"rotation":{"angle":0,"axis":"y","origin":[6.32306,8.20419,-2.52354]},"to":[6.87306,10.40419,-2.83979]},{"faces":{"down":{"texture":"#0","uv":[0.5,0,0,0]},"east":{"texture":"#0","uv":[0,0,0,0.5]},"north":{"texture":"#0","uv":[10,12.75,10.5,13.25]},"south":{"texture":"#0","uv":[12.75,11.75,13.25,12.25]},"up":{"texture":"#0","uv":[0.5,0,0,0]},"west":{"texture":"#0","uv":[0,0,0,0.5]}},"from":[5.216,8.36533,-2.82714],"rotation":{"angle":0,"axis":"y","origin":[5.54424,8.86203,-2.52354]},"to":[6.844,9.99333,-2.85244]},{"faces":{"down":{"texture":"#0","uv":[0.25,0,0,0]},"east":{"texture":"#0","uv":[0,0,0,0.25]},"north":{"texture":"#0","uv":[9.25,13,9.5,13.25]},"south":{"texture":"#0","uv":[13,9.25,13.25,9.5]},"up":{"texture":"#0","uv":[0.25,0,0,0]},"west":{"texture":"#0","uv":[0,0,0,0.25]}},"from":[4.92097,9.46709,-2.83979],"rotation":{"angle":-22.5,"axis":"z","origin":[5.19597,10.15459,-2.52354]},"to":[5.47097,10.84209,-2.83979]},{"faces":{"down":{"texture":"#0","uv":[0.25,0,0,0]},"east":{"texture":"#0","uv":[0,0,0,0.25]},"north":{"texture":"#0","uv":[9.5,13,9.75,13.25]},"south":{"texture":"#0","uv":[13,9.5,13.25,9.75]},"up":{"texture":"#0","uv":[0.25,0,0,0]},"west":{"texture":"#0","uv":[0,0,0,0.25]}},"from":[5.04753,8.5338,-2.82714],"rotation":{"angle":22.5,"axis":"z","origin":[5.54424,8.86203,-2.52354]},"to":[5.57553,9.8868,-2.85244]},{"faces":{"down":{"texture":"#0","uv":[0.25,0,0,0]},"east":{"texture":"#0","uv":[0,0,0,0.25]},"north":{"texture":"#0","uv":[9.75,13,10,13.25]},"south":{"texture":"#0","uv":[13,9.75,13.25,10]},"up":{"texture":"#0","uv":[0.25,0,0,0]},"west":{"texture":"#0","uv":[0,0,0,0.25]}},"from":[6.58903,9.46709,-2.83979],"rotation":{"angle":22.5,"axis":"z","origin":[6.86403,10.15459,-2.52354]},"to":[7.13903,10.84209,-2.83979]},{"faces":{"down":{"texture":"#0","uv":[0.25,0,0,0]},"east":{"texture":"#0","uv":[0,0,0,0.25]},"north":{"texture":"#0","uv":[13,10,13.25,10.25]},"south":{"texture":"#0","uv":[13,10.25,13.25,10.5]},"up":{"texture":"#0","uv":[0.25,0,0,0]},"west":{"texture":"#0","uv":[0,0,0,0.25]}},"from":[6.48447,8.5338,-2.82714],"rotation":{"angle":-22.5,"axis":"z","origin":[6.51576,8.86203,-2.52354]},"to":[7.01247,9.8868,-2.85244]},{"faces":{"down":{"texture":"#0","uv":[0.5,0,0,0]},"east":{"texture":"#0","uv":[0,0,0,0.25]},"north":{"texture":"#0","uv":[6.5,13,7,13.25]},"south":{"texture":"#0","uv":[13,6.5,13.5,6.75]},"up":{"texture":"#0","uv":[0.5,0,0,0]},"west":{"texture":"#0","uv":[0,0,0,0.25]}},"from":[5.205,3.965,-2.83979],"rotation":{"angle":0,"axis":"y","origin":[6.305,1.765,-2.52354]},"to":[6.855,4.515,-2.83979]},{"faces":{"down":{"texture":"#0","uv":[0.5,0,0,0]},"east":{"texture":"#0","uv":[0,0,0,0.25]},"north":{"texture":"#0","uv":[13,6.75,13.5,7]},"south":{"texture":"#0","uv":[7,13,7.5,13.25]},"up":{"texture":"#0","uv":[0.5,0,0,0]},"west":{"texture":"#0","uv":[0,0,0,0.25]}},"from":[5.11306,3.03419,-2.83979],"rotation":{"angle":0,"axis":"y","origin":[6.32306,1.82419,-2.52354]},"to":[6.87306,4.02419,-2.83979]},{"faces":{"down":{"texture":"#0","uv":[0.5,0,0,0]},"east":{"texture":"#0","uv":[0,0,0,0.5]},"north":{"texture":"#0","uv":[12.5,12.75,13,13.25]},"south":{"texture":"#0","uv":[0,13,0.5,13.5]},"up":{"texture":"#0","uv":[0.5,0,0,0]},"west":{"texture":"#0","uv":[0,0,0,0.5]}},"from":[5.216,1.98533,-2.82714],"rotation":{"angle":0,"axis":"y","origin":[5.54424,2.48203,-2.52354]},"to":[6.844,3.61333,-2.85244]},{"faces":{"down":{"texture":"#0","uv":[0.25,0,0,0]},"east":{"texture":"#0","uv":[0,0,0,0.25]},"north":{"texture":"#0","uv":[11.5,13,11.75,13.25]},"south":{"texture":"#0","uv":[13,11.5,13.25,11.75]},"up":{"texture":"#0","uv":[0.25,0,0,0]},"west":{"texture":"#0","uv":[0,0,0,0.25]}},"from":[4.92097,3.08709,-2.83979],"rotation":{"angle":-22.5,"axis":"z","origin":[5.19597,3.77459,-2.52354]},"to":[5.47097,4.46209,-2.83979]},{"faces":{"down":{"texture":"#0","uv":[0.25,0,0,0]},"east":{"texture":"#0","uv":[0,0,0,0.25]},"north":{"texture":"#0","uv":[11.75,13,12,13.25]},"south":{"texture":"#0","uv":[13,12.75,13.25,13]},"up":{"texture":"#0","uv":[0.25,0,0,0]},"west":{"texture":"#0","uv":[0,0,0,0.25]}},"from":[5.04753,2.1538,-2.82714],"rotation":{"angle":22.5,"axis":"z","origin":[5.54424,2.48203,-2.52354]},"to":[5.57553,3.5068,-2.85244]},{"faces":{"down":{"texture":"#0","uv":[0.25,0,0,0]},"east":{"texture":"#0","uv":[0,0,0,0.25]},"north":{"texture":"#0","uv":[13,13,13.25,13.25]},"south":{"texture":"#0","uv":[13.25,0.5,13.5,0.75]},"up":{"texture":"#0","uv":[0.25,0,0,0]},"west":{"texture":"#0","uv":[0,0,0,0.25]}},"from":[6.58903,3.08709,-2.83979],"rotation":{"angle":22.5,"axis":"z","origin":[6.86403,3.77459,-2.52354]},"to":[7.13903,4.46209,-2.83979]},{"faces":{"down":{"texture":"#0","uv":[0.25,0,0,0]},"east":{"texture":"#0","uv":[0,0,0,0.25]},"north":{"texture":"#0","uv":[13.25,0.75,13.5,1]},"south":{"texture":"#0","uv":[13.25,1,13.5,1.25]},"up":{"texture":"#0","uv":[0.25,0,0,0]},"west":{"texture":"#0","uv":[0,0,0,0.25]}},"from":[6.48447,2.1538,-2.82714],"rotation":{"angle":-22.5,"axis":"z","origin":[6.51576,2.48203,-2.52354]},"to":[7.01247,3.5068,-2.85244]},{"faces":{"down":{"texture":"#0","uv":[0.5,0,0,0]},"east":{"texture":"#0","uv":[0,0,0,0.25]},"north":{"texture":"#0","uv":[13,7,13.5,7.25]},"south":{"texture":"#0","uv":[13,7.25,13.5,7.5]},"up":{"texture":"#0","uv":[0.5,0,0,0]},"west":{"texture":"#0","uv":[0,0,0,0.25]}},"from":[8.945,3.965,-2.83979],"rotation":{"angle":0,"axis":"y","origin":[9.495,1.765,-2.52354]},"to":[10.595,4.515,-2.83979]},{"faces":{"down":{"texture":"#0","uv":[0.5,0,0,0]},"east":{"texture":"#0","uv":[0,0,0,0.25]},"north":{"texture":"#0","uv":[7.5,13,8,13.25]},"south":{"texture":"#0","uv":[13,7.5,13.5,7.75]},"up":{"texture":"#0","uv":[0.5,0,0,0]},"west":{"texture":"#0","uv":[0,0,0,0.25]}},"from":[8.92694,3.03419,-2.83979],"rotation":{"angle":0,"axis":"y","origin":[9.47694,1.82419,-2.52354]},"to":[10.68694,4.02419,-2.83979]},{"faces":{"down":{"texture":"#0","uv":[0.5,0,0,0]},"east":{"texture":"#0","uv":[0,0,0,0.5]},"north":{"texture":"#0","uv":[13,0,13.5,0.5]},"south":{"texture":"#0","uv":[0.5,13,1,13.5]},"up":{"texture":"#0","uv":[0.5,0,0,0]},"west":{"texture":"#0","uv":[0,0,0,0.5]}},"from":[8.956,1.98533,-2.82714],"rotation":{"angle":0,"axis":"y","origin":[10.25576,2.48203,-2.52354]},"to":[10.584,3.61333,-2.85244]},{"faces":{"down":{"texture":"#0","uv":[0.25,0,0,0]},"east":{"texture":"#0","uv":[0,0,0,0.25]},"north":{"texture":"#0","uv":[1.5,13.25,1.75,13.5]},"south":{"texture":"#0","uv":[13.25,1.5,13.5,1.75]},"up":{"texture":"#0","uv":[0.25,0,0,0]},"west":{"texture":"#0","uv":[0,0,0,0.25]}},"from":[10.32903,3.08709,-2.83979],"rotation":{"angle":22.5,"axis":"z","origin":[10.60403,3.77459,-2.52354]},"to":[10.87903,4.46209,-2.83979]},{"faces":{"down":{"texture":"#0","uv":[0.25,0,0,0]},"east":{"texture":"#0","uv":[0,0,0,0.25]},"north":{"texture":"#0","uv":[1.75,13.25,2,13.5]},"south":{"texture":"#0","uv":[13.25,1.75,13.5,2]},"up":{"texture":"#0","uv":[0.25,0,0,0]},"west":{"texture":"#0","uv":[0,0,0,0.25]}},"from":[10.22447,2.1538,-2.82714],"rotation":{"angle":-22.5,"axis":"z","origin":[10.25576,2.48203,-2.52354]},"to":[10.75247,3.5068,-2.85244]},{"faces":{"down":{"texture":"#0","uv":[0.25,0,0,0]},"east":{"texture":"#0","uv":[0,0,0,0.25]},"north":{"texture":"#0","uv":[2,13.25,2.25,13.5]},"south":{"texture":"#0","uv":[13.25,2,13.5,2.25]},"up":{"texture":"#0","uv":[0.25,0,0,0]},"west":{"texture":"#0","uv":[0,0,0,0.25]}},"from":[8.66097,3.08709,-2.83979],"rotation":{"angle":-22.5,"axis":"z","origin":[8.93597,3.77459,-2.52354]},"to":[9.21097,4.46209,-2.83979]},{"faces":{"down":{"texture":"#0","uv":[0.25,0,0,0]},"east":{"texture":"#0","uv":[0,0,0,0.25]},"north":{"texture":"#0","uv":[2.25,13.25,2.5,13.5]},"south":{"texture":"#0","uv":[13.25,2.25,13.5,2.5]},"up":{"texture":"#0","uv":[0.25,0,0,0]},"west":{"texture":"#0","uv":[0,0,0,0.25]}},"from":[8.78753,2.1538,-2.82714],"rotation":{"angle":22.5,"axis":"z","origin":[9.28424,2.48203,-2.52354]},"to":[9.31553,3.5068,-2.85244]},{"faces":{"down":{"texture":"#0","uv":[0.5,0,0,0]},"east":{"texture":"#0","uv":[0,0,0,0.25]},"north":{"texture":"#0","uv":[13,5.75,13.5,6]},"south":{"texture":"#0","uv":[6,13,6.5,13.25]},"up":{"texture":"#0","uv":[0.5,0,0,0]},"west":{"texture":"#0","uv":[0,0,0,0.25]}},"from":[8.945,10.345,-2.83979],"rotation":{"angle":0,"axis":"y","origin":[9.495,8.145,-2.52354]},"to":[10.595,10.895,-2.83979]},{"faces":{"down":{"texture":"#0","uv":[0.5,0,0,0]},"east":{"texture":"#0","uv":[0,0,0,0.25]},"north":{"texture":"#0","uv":[13,6,13.5,6.25]},"south":{"texture":"#0","uv":[13,6.25,13.5,6.5]},"up":{"texture":"#0","uv":[0.5,0,0,0]},"west":{"texture":"#0","uv":[0,0,0,0.25]}},"from":[8.92694,9.41419,-2.83979],"rotation":{"angle":0,"axis":"y","origin":[9.47694,8.20419,-2.52354]},"to":[10.68694,10.40419,-2.83979]},{"faces":{"down":{"texture":"#0","uv":[0.5,0,0,0]},"east":{"texture":"#0","uv":[0,0,0,0.5]},"north":{"texture":"#0","uv":[12,12.75,12.5,13.25]},"south":{"texture":"#0","uv":[12.75,12.25,13.25,12.75]},"up":{"texture":"#0","uv":[0.5,0,0,0]},"west":{"texture":"#0","uv":[0,0,0,0.5]}},"from":[8.956,8.36533,-2.82714],"rotation":{"angle":0,"axis":"y","origin":[10.25576,8.86203,-2.52354]},"to":[10.584,9.99333,-2.85244]},{"faces":{"down":{"texture":"#0","uv":[0.25,0,0,0]},"east":{"texture":"#0","uv":[0,0,0,0.25]},"north":{"texture":"#0","uv":[10.5,13,10.75,13.25]},"south":{"texture":"#0","uv":[13,10.5,13.25,10.75]},"up":{"texture":"#0","uv":[0.25,0,0,0]},"west":{"texture":"#0","uv":[0,0,0,0.25]}},"from":[10.32903,9.46709,-2.83979],"rotation":{"angle":22.5,"axis":"z","origin":[10.60403,10.15459,-2.52354]},"to":[10.87903,10.84209,-2.83979]},{"faces":{"down":{"texture":"#0","uv":[0.25,0,0,0]},"east":{"texture":"#0","uv":[0,0,0,0.25]},"north":{"texture":"#0","uv":[10.75,13,11,13.25]},"south":{"texture":"#0","uv":[13,10.75,13.25,11]},"up":{"texture":"#0","uv":[0.25,0,0,0]},"west":{"texture":"#0","uv":[0,0,0,0.25]}},"from":[10.22447,8.5338,-2.82714],"rotation":{"angle":-22.5,"axis":"z","origin":[10.25576,8.86203,-2.52354]},"to":[10.75247,9.8868,-2.85244]},{"faces":{"down":{"texture":"#0","uv":[0.25,0,0,0]},"east":{"texture":"#0","uv":[0,0,0,0.25]},"north":{"texture":"#0","uv":[11,13,11.25,13.25]},"south":{"texture":"#0","uv":[13,11,13.25,11.25]},"up":{"texture":"#0","uv":[0.25,0,0,0]},"west":{"texture":"#0","uv":[0,0,0,0.25]}},"from":[8.66097,9.46709,-2.83979],"rotation":{"angle":-22.5,"axis":"z","origin":[8.93597,10.15459,-2.52354]},"to":[9.21097,10.84209,-2.83979]},{"faces":{"down":{"texture":"#0","uv":[0.25,0,0,0]},"east":{"texture":"#0","uv":[0,0,0,0.25]},"north":{"texture":"#0","uv":[11.25,13,11.5,13.25]},"south":{"texture":"#0","uv":[13,11.25,13.25,11.5]},"up":{"texture":"#0","uv":[0.25,0,0,0]},"west":{"texture":"#0","uv":[0,0,0,0.25]}},"from":[8.78753,8.5338,-2.82714],"rotation":{"angle":22.5,"axis":"z","origin":[9.28424,8.86203,-2.52354]},"to":[9.31553,9.8868,-2.85244]},{"faces":{"down":{"texture":"#0","uv":[0.5,0,0,0]},"east":{"texture":"#0","uv":[0,0,0,0.25]},"north":{"texture":"#0","uv":[9.5,5.5,10,5.75]},"south":{"texture":"#0","uv":[3,9.75,3.5,10]},"up":{"texture":"#0","uv":[0.5,0,0,0]},"west":{"texture":"#0","uv":[0,0,0,0.25]}},"from":[3.775,7.155,-2.83979],"rotation":{"angle":0,"axis":"y","origin":[4.875,4.955,-2.52354]},"to":[5.425,7.705,-2.83979]},{"faces":{"down":{"texture":"#0","uv":[0.5,0,0,0]},"east":{"texture":"#0","uv":[0,0,0,0.25]},"north":{"texture":"#0","uv":[1.5,13,2,13.25]},"south":{"texture":"#0","uv":[2,13,2.5,13.25]},"up":{"texture":"#0","uv":[0.5,0,0,0]},"west":{"texture":"#0","uv":[0,0,0,0.25]}},"from":[3.68306,6.22419,-2.83979],"rotation":{"angle":0,"axis":"y","origin":[4.89306,5.01419,-2.52354]},"to":[5.44306,7.21419,-2.83979]},{"faces":{"down":{"texture":"#0","uv":[0.5,0,0,0]},"east":{"texture":"#0","uv":[0,0,0,0.5]},"north":{"texture":"#0","uv":[3.5,6,4,6.5]},"south":{"texture":"#0","uv":[6.5,1.5,7,2]},"up":{"texture":"#0","uv":[0.5,0,0,0]},"west":{"texture":"#0","uv":[0,0,0,0.5]}},"from":[3.786,5.17533,-2.82714],"rotation":{"angle":0,"axis":"y","origin":[4.11424,5.67203,-2.52354]},"to":[5.414,6.80333,-2.85244]},{"faces":{"down":{"texture":"#0","uv":[0.25,0,0,0]},"east":{"texture":"#0","uv":[0,0,0,0.25]},"north":{"texture":"#0","uv":[10,6.25,10.25,6.5]},"south":{"texture":"#0","uv":[10.25,4.25,10.5,4.5]},"up":{"texture":"#0","uv":[0.25,0,0,0]},"west":{"texture":"#0","uv":[0,0,0,0.25]}},"from":[3.49097,6.27709,-2.83979],"rotation":{"angle":-22.5,"axis":"z","origin":[3.76597,6.96459,-2.52354]},"to":[4.04097,7.65209,-2.83979]},{"faces":{"down":{"texture":"#0","uv":[0.25,0,0,0]},"east":{"texture":"#0","uv":[0,0,0,0.25]},"north":{"texture":"#0","uv":[10.25,7.75,10.5,8]},"south":{"texture":"#0","uv":[5.5,11,5.75,11.25]},"up":{"texture":"#0","uv":[0.25,0,0,0]},"west":{"texture":"#0","uv":[0,0,0,0.25]}},"from":[3.61753,5.3438,-2.82714],"rotation":{"angle":22.5,"axis":"z","origin":[4.11424,5.67203,-2.52354]},"to":[4.14553,6.6968,-2.85244]},{"faces":{"down":{"texture":"#0","uv":[0.25,0,0,0]},"east":{"texture":"#0","uv":[0,0,0,0.25]},"north":{"texture":"#0","uv":[9,11.75,9.25,12]},"south":{"texture":"#0","uv":[11.75,9.5,12,9.75]},"up":{"texture":"#0","uv":[0.25,0,0,0]},"west":{"texture":"#0","uv":[0,0,0,0.25]}},"from":[5.15903,6.27709,-2.83979],"rotation":{"angle":22.5,"axis":"z","origin":[5.43403,6.96459,-2.52354]},"to":[5.70903,7.65209,-2.83979]},{"faces":{"down":{"texture":"#0","uv":[0.25,0,0,0]},"east":{"texture":"#0","uv":[0,0,0,0.25]},"north":{"texture":"#0","uv":[12.25,7,12.5,7.25]},"south":{"texture":"#0","uv":[12.25,8.25,12.5,8.5]},"up":{"texture":"#0","uv":[0.25,0,0,0]},"west":{"texture":"#0","uv":[0,0,0,0.25]}},"from":[5.05447,5.3438,-2.82714],"rotation":{"angle":-22.5,"axis":"z","origin":[5.08576,5.67203,-2.52354]},"to":[5.58247,6.6968,-2.85244]},{"faces":{"down":{"texture":"#0","uv":[0.5,0,0,0]},"east":{"texture":"#0","uv":[0,0,0,0.25]},"north":{"texture":"#0","uv":[2.5,13,3,13.25]},"south":{"texture":"#0","uv":[3,13,3.5,13.25]},"up":{"texture":"#0","uv":[0.5,0,0,0]},"west":{"texture":"#0","uv":[0,0,0,0.25]}},"from":[10.375,7.155,-2.83979],"rotation":{"angle":0,"axis":"y","origin":[10.925,4.955,-2.52354]},"to":[12.025,7.705,-2.83979]},{"faces":{"down":{"texture":"#0","uv":[0.5,0,0,0]},"east":{"texture":"#0","uv":[0,0,0,0.25]},"north":{"texture":"#0","uv":[3.5,13,4,13.25]},"south":{"texture":"#0","uv":[4,13,4.5,13.25]},"up":{"texture":"#0","uv":[0.5,0,0,0]},"west":{"texture":"#0","uv":[0,0,0,0.25]}},"from":[10.35694,6.22419,-2.83979],"rotation":{"angle":0,"axis":"y","origin":[10.90694,5.01419,-2.52354]},"to":[12.11694,7.21419,-2.83979]},{"faces":{"down":{"texture":"#0","uv":[0.5,0,0,0]},"east":{"texture":"#0","uv":[0,0,0,0.5]},"north":{"texture":"#0","uv":[8,12.75,8.5,13.25]},"south":{"texture":"#0","uv":[8.5,12.75,9,13.25]},"up":{"texture":"#0","uv":[0.5,0,0,0]},"west":{"texture":"#0","uv":[0,0,0,0.5]}},"from":[10.386,5.17533,-2.82714],"rotation":{"angle":0,"axis":"y","origin":[11.68576,5.67203,-2.52354]},"to":[12.014,6.80333,-2.85244]},{"faces":{"down":{"texture":"#0","uv":[0.25,0,0,0]},"east":{"texture":"#0","uv":[0,0,0,0.25]},"north":{"texture":"#0","uv":[12.25,10.75,12.5,11]},"south":{"texture":"#0","uv":[13,7.75,13.25,8]},"up":{"texture":"#0","uv":[0.25,0,0,0]},"west":{"texture":"#0","uv":[0,0,0,0.25]}},"from":[11.75903,6.27709,-2.83979],"rotation":{"angle":22.5,"axis":"z","origin":[12.03403,6.96459,-2.52354]},"to":[12.30903,7.65209,-2.83979]},{"faces":{"down":{"texture":"#0","uv":[0.25,0,0,0]},"east":{"texture":"#0","uv":[0,0,0,0.25]},"north":{"texture":"#0","uv":[13,8,13.25,8.25]},"south":{"texture":"#0","uv":[13,8.25,13.25,8.5]},"up":{"texture":"#0","uv":[0.25,0,0,0]},"west":{"texture":"#0","uv":[0,0,0,0.25]}},"from":[11.65447,5.3438,-2.82714],"rotation":{"angle":-22.5,"axis":"z","origin":[11.68576,5.67203,-2.52354]},"to":[12.18247,6.6968,-2.85244]},{"faces":{"down":{"texture":"#0","uv":[0.25,0,0,0]},"east":{"texture":"#0","uv":[0,0,0,0.25]},"north":{"texture":"#0","uv":[13,8.5,13.25,8.75]},"south":{"texture":"#0","uv":[13,8.75,13.25,9]},"up":{"texture":"#0","uv":[0.25,0,0,0]},"west":{"texture":"#0","uv":[0,0,0,0.25]}},"from":[10.09097,6.27709,-2.83979],"rotation":{"angle":-22.5,"axis":"z","origin":[10.36597,6.96459,-2.52354]},"to":[10.64097,7.65209,-2.83979]},{"faces":{"down":{"texture":"#0","uv":[0.25,0,0,0]},"east":{"texture":"#0","uv":[0,0,0,0.25]},"north":{"texture":"#0","uv":[9,13,9.25,13.25]},"south":{"texture":"#0","uv":[13,9,13.25,9.25]},"up":{"texture":"#0","uv":[0.25,0,0,0]},"west":{"texture":"#0","uv":[0,0,0,0.25]}},"from":[10.21753,5.3438,-2.82714],"rotation":{"angle":22.5,"axis":"z","origin":[10.71424,5.67203,-2.52354]},"to":[10.74553,6.6968,-2.85244]},{"faces":{"down":{"texture":"#0","uv":[0.5,0,0,0]},"east":{"texture":"#0","uv":[0,0,0,0.25]},"north":{"texture":"#0","uv":[9.75,4.25,10.25,4.5]},"south":{"texture":"#0","uv":[11.25,9.5,11.75,9.75]},"up":{"texture":"#0","uv":[0.5,0,0,0]},"west":{"texture":"#0","uv":[0,0,0,0.25]}},"from":[6.86875,7.33375,-2.80816],"rotation":{"angle":0,"axis":"y","origin":[7.9,6.70833,-2.80816]},"to":[8.93125,8.02125,-2.80816]},{"faces":{"down":{"texture":"#0","uv":[0.5,0,0,0]},"east":{"texture":"#0","uv":[0,0,0,0.25]},"north":{"texture":"#0","uv":[12.5,7.5,13,7.75]},"south":{"texture":"#0","uv":[13,1.25,13.5,1.5]},"up":{"texture":"#0","uv":[0.5,0,0,0]},"west":{"texture":"#0","uv":[0,0,0,0.25]}},"from":[6.78132,6.17024,-2.80816],"rotation":{"angle":0,"axis":"y","origin":[7.9,6.70833,-2.80816]},"to":[8.95382,7.40774,-2.80816]},{"faces":{"down":{"texture":"#0","uv":[0.5,0,0,0]},"east":{"texture":"#0","uv":[0,0,0,0.5]},"north":{"texture":"#0","uv":[5,6.5,5.5,7]},"south":{"texture":"#0","uv":[9.5,9,10,9.5]},"up":{"texture":"#0","uv":[0.5,0,0,0]},"west":{"texture":"#0","uv":[0,0,0,0.5]}},"from":[6.8825,4.85916,-2.79235],"rotation":{"angle":0,"axis":"y","origin":[7.9,6.70833,-2.80816]},"to":[8.9175,6.61916,-2.82397]},{"faces":{"down":{"texture":"#0","uv":[0.25,0,0,0]},"east":{"texture":"#0","uv":[0,0,0,0.5]},"north":{"texture":"#0","uv":[8.25,4.5,8.5,5]},"south":{"texture":"#0","uv":[8.5,6.5,8.75,7]},"up":{"texture":"#0","uv":[0.25,0,0,0]},"west":{"texture":"#0","uv":[0,0,0,0.5]}},"from":[6.44482,5.80792,-2.80816],"rotation":{"angle":-22.5,"axis":"z","origin":[7.9,6.70833,-2.80816]},"to":[7.13232,7.52667,-2.80816]},{"faces":{"down":{"texture":"#0","uv":[0.25,0,0,0]},"east":{"texture":"#0","uv":[0,0,0,0.5]},"north":{"texture":"#0","uv":[10.5,8.5,10.75,9]},"south":{"texture":"#0","uv":[1.25,11.5,1.5,12]},"up":{"texture":"#0","uv":[0.25,0,0,0]},"west":{"texture":"#0","uv":[0,0,0,0.5]}},"from":[6.24809,5.39561,-2.79235],"rotation":{"angle":22.5,"axis":"z","origin":[7.9,6.70833,-2.80816]},"to":[6.90809,7.08686,-2.82397]},{"faces":{"down":{"texture":"#0","uv":[0.25,0,0,0]},"east":{"texture":"#0","uv":[0,0,0,0.5]},"north":{"texture":"#0","uv":[11.5,6.25,11.75,6.75]},"south":{"texture":"#0","uv":[11.75,11,12,11.5]},"up":{"texture":"#0","uv":[0.25,0,0,0]},"west":{"texture":"#0","uv":[0,0,0,0.5]}},"from":[8.66768,5.80792,-2.80816],"rotation":{"angle":22.5,"axis":"z","origin":[7.9,6.70833,-2.80816]},"to":[9.35518,7.52667,-2.80816]},{"faces":{"down":{"texture":"#0","uv":[0.25,0,0,0]},"east":{"texture":"#0","uv":[0,0,0,0.5]},"north":{"texture":"#0","uv":[1,13,1.25,13.5]},"south":{"texture":"#0","uv":[1.25,13,1.5,13.5]},"up":{"texture":"#0","uv":[0.25,0,0,0]},"west":{"texture":"#0","uv":[0,0,0,0.5]}},"from":[8.89191,5.39561,-2.79235],"rotation":{"angle":-22.5,"axis":"z","origin":[7.9,6.70833,-2.80816]},"to":[9.55191,7.08686,-2.82397]},{"faces":{"down":{"texture":"#0","uv":[3.5,7.5,2.5,9.75]},"east":{"texture":"#0","uv":[6.5,7,8.75,8]},"north":{"texture":"#0","uv":[9.5,4.5,10.5,5.5]},"south":{"texture":"#0","uv":[6,9.5,7,10.5]},"up":{"texture":"#0","uv":[2.5,9.75,1.5,7.5]},"west":{"texture":"#0","uv":[7.5,3.5,9.75,4.5]}},"from":[6,4,2.45171],"rotation":{"angle":0,"axis":"y","origin":[8,6,6.95171]},"to":[10,8,11.45171]},{"faces":{"down":{"texture":"#0","uv":[13.25,0.5,13,1.25]},"east":{"texture":"#0","uv":[9.25,11.25,10,12]},"north":{"texture":"#0","uv":[5.75,9.75,6,10.5]},"south":{"texture":"#0","uv":[10,5.5,10.25,6.25]},"up":{"texture":"#0","uv":[10,11.25,9.75,10.5]},"west":{"texture":"#0","uv":[11.5,4,12.25,4.75]}},"from":[3.9,6.2,3.45171],"rotation":{"angle":-22.5,"axis":"z","origin":[4.3,7.5,4.95171]},"to":[4.9,9.2,6.45171]},{"faces":{"down":{"texture":"#0","uv":[13,0.5,13.25,1.25]},"east":{"texture":"#0","uv":[12.25,4,11.5,4.75]},"north":{"texture":"#0","uv":[6,9.75,5.75,10.5]},"south":{"texture":"#0","uv":[10.25,5.5,10,6.25]},"up":{"texture":"#0","uv":[9.75,11.25,10,10.5]},"west":{"texture":"#0","uv":[10,11.25,9.25,12]}},"from":[11.1,6.2,3.45171],"rotation":{"angle":22.5,"axis":"z","origin":[11.7,7.5,4.95171]},"to":[12.1,9.2,6.45171]},{"faces":{"down":{"texture":"#0","uv":[1.5,6,0,8]},"east":{"texture":"#0","uv":[5,2,7,3.5]},"north":{"texture":"#0","uv":[8,8,9.5,9.5]},"south":{"texture":"#0","uv":[8.5,0,10,1.5]},"up":{"texture":"#0","uv":[7,7,5.5,5]},"west":{"texture":"#0","uv":[5.5,3.5,7.5,5]}},"from":[5,5,12.45171],"rotation":{"angle":-22.5,"axis":"x","origin":[8,6,15.95171]},"to":[11,11,20.45171]},{"faces":{"down":{"texture":"#0","uv":[6.5,0,5,2]},"east":{"texture":"#0","uv":[0,4.5,2,6]},"north":{"texture":"#0","uv":[0,8,1.5,9.5]},"south":{"texture":"#0","uv":[6.5,8,8,9.5]},"up":{"texture":"#0","uv":[5.5,6.5,4,4.5]},"west":{"texture":"#0","uv":[2,4.5,4,6]}},"from":[4.8,4.8,12.25171],"rotation":{"angle":-22.5,"axis":"x","origin":[8,6,15.95171]},"to":[11.2,11.2,20.65171]},{"faces":{"down":{"texture":"#0","uv":[13,0.75,12.5,1.5]},"east":{"texture":"#0","uv":[12.25,10.25,13,10.75]},"north":{"texture":"#0","uv":[12.75,4.5,13.25,5]},"south":{"texture":"#0","uv":[12.75,5,13.25,5.5]},"up":{"texture":"#0","uv":[13,0.75,12.5,0]},"west":{"texture":"#0","uv":[12,12.25,12.75,12.75]}},"from":[7,7,11.45171],"rotation":{"angle":-22.5,"axis":"x","origin":[8,6,15.95171]},"to":[9,9,14.45171]},{"faces":{"down":{"texture":"#0","uv":[12,12.5,11.5,13]},"east":{"texture":"#0","uv":[3.5,11.25,4,12.5]},"north":{"texture":"#0","uv":[3,11.25,3.5,12.5]},"south":{"texture":"#0","uv":[4,11.25,4.5,12.5]},"up":{"texture":"#0","uv":[13,11.75,12.5,11.25]},"west":{"texture":"#0","uv":[5.5,11.25,6,12.5]}},"from":[7,0,9.45171],"rotation":{"angle":-22.5,"axis":"x","origin":[8,2,10.45171]},"to":[9,5,11.45171]},{"faces":{"down":{"texture":"#0","uv":[13.25,4,12.75,4.5]},"east":{"texture":"#0","uv":[6.5,11.25,7,12.5]},"north":{"texture":"#0","uv":[6,11.25,6.5,12.5]},"south":{"texture":"#0","uv":[7,11.25,7.5,12.5]},"up":{"texture":"#0","uv":[13.25,4,12.75,3.5]},"west":{"texture":"#0","uv":[7.5,11.25,8,12.5]}},"from":[6.9,-0.1,9.35171],"rotation":{"angle":-22.5,"axis":"x","origin":[8,2,10.45171]},"to":[9.1,5.1,11.55171]},{"faces":{"down":{"texture":"#0","uv":[0,0,0,1]},"east":{"texture":"#0","uv":[8.5,4.5,9.5,5.75]},"north":{"texture":"#0","uv":[0,0,0,1.25]},"south":{"texture":"#0","uv":[0,0,0,1.25]},"up":{"texture":"#0","uv":[0,1,0,0]},"west":{"texture":"#0","uv":[5,8.5,6,9.75]}},"from":[8,1,5.45171],"rotation":{"angle":-22.5,"axis":"x","origin":[8,2,10.45171]},"to":[8,6,9.45171]},{"faces":{"down":{"texture":"#0","uv":[12.25,5.5,11.5,6.25]},"east":{"texture":"#0","uv":[12.25,6,13,6.5]},"north":{"texture":"#0","uv":[12.25,5.5,13,6]},"south":{"texture":"#0","uv":[12.25,6.5,13,7]},"up":{"texture":"#0","uv":[12.25,5.5,11.5,4.75]},"west":{"texture":"#0","uv":[12.25,7.75,13,8.25]}},"from":[5.1,7,9.45171],"rotation":{"angle":22.5,"axis":"z","origin":[8,7,6.95171]},"to":[8.1,9,12.45171]},{"faces":{"down":{"texture":"#0","uv":[0.75,10.25,0,11.5]},"east":{"texture":"#0","uv":[8,11.25,9.25,11.75]},"north":{"texture":"#0","uv":[12.5,1.5,13.25,2]},"south":{"texture":"#0","uv":[12.5,2,13.25,2.5]},"up":{"texture":"#0","uv":[10.75,10.25,10,9]},"west":{"texture":"#0","uv":[11.25,8.5,12.5,9]}},"from":[5.1,7,2.45171],"rotation":{"angle":22.5,"axis":"z","origin":[8,7,6.95171]},"to":[8.1,9,7.45171]},{"faces":{"down":{"texture":"#0","uv":[0,0,0,2.5]},"east":{"texture":"#0","uv":[0,0,2.5,2.25]},"north":{"texture":"#0","uv":[0,0,0,2.25]},"south":{"texture":"#0","uv":[0,0,0,2.25]},"up":{"texture":"#0","uv":[0,2.5,0,0]},"west":{"texture":"#0","uv":[0,2.25,2.5,4.5]}},"from":[6.15747,6.23567,3.45171],"rotation":{"angle":45,"axis":"z","origin":[5.65747,8.73567,8.45171]},"to":[6.15747,15.23567,13.45171]},{"faces":{"down":{"texture":"#0","uv":[0,0,0,2.5]},"east":{"texture":"#0","uv":[2.5,0,5,2.25]},"north":{"texture":"#0","uv":[0,0,0,2.25]},"south":{"texture":"#0","uv":[0,0,0,2.25]},"up":{"texture":"#0","uv":[0,2.5,0,0]},"west":{"texture":"#0","uv":[2.5,2.25,5,4.5]}},"from":[9.84253,6.23567,3.45171],"rotation":{"angle":-45,"axis":"z","origin":[10.34253,8.73567,8.45171]},"to":[9.84253,15.23567,13.45171]},{"faces":{"down":{"texture":"#0","uv":[9,9.5,8,10.5]},"east":{"texture":"#0","uv":[10.5,4.75,11.5,5.5]},"north":{"texture":"#0","uv":[10.5,4,11.5,4.75]},"south":{"texture":"#0","uv":[5.75,10.5,6.75,11.25]},"up":{"texture":"#0","uv":[8,10.5,7,9.5]},"west":{"texture":"#0","uv":[6.75,10.5,7.75,11.25]}},"from":[4.6,6.5,6.45171],"rotation":{"angle":22.5,"axis":"z","origin":[8,6.5,4.95171]},"to":[8.6,9.5,10.45171]},{"faces":{"down":{"texture":"#0","uv":[12.25,10.25,11.5,11]},"east":{"texture":"#0","uv":[3.75,12.5,4.5,13]},"north":{"texture":"#0","uv":[12.5,3,13.25,3.5]},"south":{"texture":"#0","uv":[5.5,12.5,6.25,13]},"up":{"texture":"#0","uv":[12.25,8.5,11.5,7.75]},"west":{"texture":"#0","uv":[6.25,12.5,7,13]}},"from":[7.9,7,9.45171],"rotation":{"angle":-22.5,"axis":"z","origin":[8,7,6.95171]},"to":[10.9,9,12.45171]},{"faces":{"down":{"texture":"#0","uv":[10,9.5,9,10.5]},"east":{"texture":"#0","uv":[10.5,7.75,11.5,8.5]},"north":{"texture":"#0","uv":[7.75,10.5,8.75,11.25]},"south":{"texture":"#0","uv":[8.75,10.5,9.75,11.25]},"up":{"texture":"#0","uv":[10.5,9,9.5,8]},"west":{"texture":"#0","uv":[10.5,10.25,11.5,11]}},"from":[7.4,6.5,6.45171],"rotation":{"angle":-22.5,"axis":"z","origin":[8,6.5,4.95171]},"to":[11.4,9.5,10.45171]},{"faces":{"down":{"texture":"#0","uv":[11,5.5,10.25,6.75]},"east":{"texture":"#0","uv":[11.25,9,12.5,9.5]},"north":{"texture":"#0","uv":[12.5,2.5,13.25,3]},"south":{"texture":"#0","uv":[3,12.5,3.75,13]},"up":{"texture":"#0","uv":[1.5,11.5,0.75,10.25]},"west":{"texture":"#0","uv":[0,11.5,1.25,12]}},"from":[7.9,7,2.45171],"rotation":{"angle":-22.5,"axis":"z","origin":[8,7,6.95171]},"to":[10.9,9,7.45171]},{"faces":{"down":{"texture":"#0","uv":[12.5,2,11.25,2.5]},"east":{"texture":"#0","uv":[12.5,10.75,13,11.25]},"north":{"texture":"#0","uv":[11.25,0.5,12.5,1]},"south":{"texture":"#0","uv":[11.25,1,12.5,1.5]},"up":{"texture":"#0","uv":[12.5,2,11.25,1.5]},"west":{"texture":"#0","uv":[11,12.5,11.5,13]}},"from":[5.5,2.60896,3.45171],"rotation":{"angle":0,"axis":"y","origin":[6.73359,4.45515,4.45171]},"to":[10.5,4.60896,5.45171]},{"faces":{"down":{"texture":"#0","uv":[11,12.5,10.5,13]},"east":{"texture":"#0","uv":[12,2.5,12.5,3.5]},"north":{"texture":"#0","uv":[1,12,1.5,13]},"south":{"texture":"#0","uv":[9,12,9.5,13]},"up":{"texture":"#0","uv":[13,10.25,12.5,9.75]},"west":{"texture":"#0","uv":[9.5,12,10,13]}},"from":[4.88739,3.22157,3.45171],"rotation":{"angle":22.5,"axis":"z","origin":[6.73359,4.45515,4.45171]},"to":[6.88739,7.22157,5.45171]},{"faces":{"down":{"texture":"#0","uv":[13,9.25,12.5,9.75]},"east":{"texture":"#0","uv":[10,11.75,10.5,12.75]},"north":{"texture":"#0","uv":[8.5,11.75,9,12.75]},"south":{"texture":"#0","uv":[0,12,0.5,13]},"up":{"texture":"#0","uv":[13,9.25,12.5,8.75]},"west":{"texture":"#0","uv":[0.5,12,1,13]}},"from":[4.46717,5.80762,3.45171],"rotation":{"angle":-22.5,"axis":"z","origin":[5.46717,7.30762,4.45171]},"to":[6.46717,9.80762,5.45171]},{"faces":{"down":{"texture":"#0","uv":[12.5,0,11.25,0.5]},"east":{"texture":"#0","uv":[7.5,12.5,8,13]},"north":{"texture":"#0","uv":[8.5,3,9.75,3.5]},"south":{"texture":"#0","uv":[10.75,9.75,12,10.25]},"up":{"texture":"#0","uv":[11.75,11.5,10.5,11]},"west":{"texture":"#0","uv":[12.5,8.25,13,8.75]}},"from":[5.5,8,3.45171],"rotation":{"angle":0,"axis":"y","origin":[9.5,0,4.45171]},"to":[10.5,10,5.45171]},{"faces":{"down":{"texture":"#0","uv":[13,7,12.5,7.5]},"east":{"texture":"#0","uv":[11.5,11.5,12,12.5]},"north":{"texture":"#0","uv":[11,11.5,11.5,12.5]},"south":{"texture":"#0","uv":[11.75,6.25,12.25,7.25]},"up":{"texture":"#0","uv":[7.5,13,7,12.5]},"west":{"texture":"#0","uv":[8,11.75,8.5,12.75]}},"from":[9.15015,5.7315,3.45171],"rotation":{"angle":22.5,"axis":"z","origin":[10.15015,8.2315,4.45171]},"to":[11.15015,9.7315,5.45171]},{"faces":{"down":{"texture":"#0","uv":[5,12.5,4.5,13]},"east":{"texture":"#0","uv":[6,8.5,6.5,9.5]},"north":{"texture":"#0","uv":[5,3.5,5.5,4.5]},"south":{"texture":"#0","uv":[4.5,11.5,5,12.5]},"up":{"texture":"#0","uv":[12,3,11.5,2.5]},"west":{"texture":"#0","uv":[10.5,11.5,11,12.5]}},"from":[8.72992,3.29769,3.45171],"rotation":{"angle":-22.5,"axis":"z","origin":[8.88373,3.53128,4.45171]},"to":[10.72992,7.29769,5.45171]},{"faces":{"down":{"texture":"#0","uv":[8.5,1.5,7,3.5]},"east":{"texture":"#0","uv":[1.5,6,3.5,7.5]},"north":{"texture":"#0","uv":[8.5,1.5,10,3]},"south":{"texture":"#0","uv":[3.5,8.5,5,10]},"up":{"texture":"#0","uv":[5,8.5,3.5,6.5]},"west":{"texture":"#0","uv":[6.5,0,8.5,1.5]}},"from":[11.1,11.1,20.55171],"name":"cube_outline","rotation":{"angle":-22.5,"axis":"x","origin":[8,6,15.95171]},"to":[4.9,4.9,12.35171]}],"gui_light":"front","texture_size":[64,64],"textures":{"0":"civilization:item/tools/beehive_blaster/normal/default","particle":"civilization:item/tools/beehive_blaster/normal/default"}}