{"display":{"firstperson_lefthand":{"rotation":[22.5,20,3],"scale":[0.6,0.6,0.6],"translation":[2.1,-0.25,0.5]},"firstperson_righthand":{"rotation":[22.5,20,3],"scale":[0.6,0.6,0.6],"translation":[2.1,-0.25,0.5]},"ground":{"rotation":[17,42,-56],"scale":[0.5,0.5,0.5],"translation":[0,2,0]},"gui":{"rotation":[-90,-131,-90],"scale":[0.55,0.55,0.55]},"thirdperson_lefthand":{"scale":[0.9,0.9,0.9],"translation":[0,2,-1]},"thirdperson_righthand":{"scale":[0.9,0.9,0.9],"translation":[0,2,-1]}},"elements":[{"faces":{"down":{"texture":"#0","uv":[2,4.75,0,6.75]},"east":{"texture":"#0","uv":[2,2.75,4,4.75]},"north":{"texture":"#0","uv":[0,2.75,2,4.75]},"south":{"texture":"#0","uv":[4,0,6,2]},"up":{"texture":"#0","uv":[6,6,4,4]},"west":{"texture":"#0","uv":[4,2,6,4]}},"from":[4,5,-5.5],"rotation":{"angle":0,"axis":"y","origin":[5,6,-4.5]},"to":[12,13,2.5]},{"faces":{"down":{"texture":"#0","uv":[8,6,6,8]},"east":{"texture":"#0","uv":[6,0,8,2]},"north":{"texture":"#0","uv":[2,4.75,4,6.75]},"south":{"texture":"#0","uv":[6,2,8,4]},"up":{"texture":"#0","uv":[8,6,6,4]},"west":{"texture":"#0","uv":[4,6,6,8]}},"from":[3.8,4.9,-5.7],"rotation":{"angle":0,"axis":"y","origin":[5,6.1,-4.5]},"to":[12.2,13.3,2.7]},{"faces":{"down":{"texture":"#0","uv":[11.75,10.25,10.25,11.5]},"east":{"texture":"#0","uv":[6.25,10,7.5,11.5]},"north":{"texture":"#0","uv":[8,8,9.5,9.5]},"south":{"texture":"#0","uv":[0,8.75,1.5,10.25]},"up":{"texture":"#0","uv":[11.75,10.25,10.25,9]},"west":{"texture":"#0","uv":[0,10.25,1.25,11.75]}},"from":[5,5,2.5],"rotation":{"angle":0,"axis":"y","origin":[5,3,3.5]},"to":[11,11,7.5]},{"faces":{"down":{"texture":"#0","uv":[3.75,9.75,1.5,10.75]},"east":{"texture":"#0","uv":[2.75,10.75,3.75,11.75]},"north":{"texture":"#0","uv":[1.5,8.75,3.75,9.75]},"south":{"texture":"#0","uv":[8,9.5,10.25,10.5]},"up":{"texture":"#0","uv":[11.75,9,9.5,8]},"west":{"texture":"#0","uv":[12.25,1.5,13.25,2.5]}},"from":[3.5,4.5,-1],"rotation":{"angle":0,"axis":"y","origin":[5.5,1.5,-4]},"to":[12.5,8.5,3]},{"faces":{"down":{"texture":"#0","uv":[12.25,3,10,4]},"east":{"texture":"#0","uv":[12.25,2.5,13.25,3.5]},"north":{"texture":"#0","uv":[10,0,12.25,1]},"south":{"texture":"#0","uv":[10,1,12.25,2]},"up":{"texture":"#0","uv":[12.25,3,10,2]},"west":{"texture":"#0","uv":[12.5,3.5,13.5,4.5]}},"from":[3.3,4.3,-1.2],"rotation":{"angle":0,"axis":"y","origin":[5.5,1.5,-4]},"to":[12.7,8.7,3.2]},{"faces":{"down":{"texture":"#0","uv":[8,10,7.5,10.5]},"east":{"texture":"#0","uv":[3.75,13,4.25,14.25]},"north":{"texture":"#0","uv":[3.25,13,3.75,14.25]},"south":{"texture":"#0","uv":[4.25,13,4.75,14.25]},"up":{"texture":"#0","uv":[10,9.5,9.5,9]},"west":{"texture":"#0","uv":[4.75,13,5.25,14.25]}},"from":[7,11.5,-4],"rotation":{"angle":45,"axis":"x","origin":[8,13,-3]},"to":[9,16.5,-2]},{"faces":{"down":{"texture":"#0","uv":[14.25,8.25,13,8.75]},"east":{"texture":"#0","uv":[13.25,3,13.75,3.5]},"north":{"texture":"#0","uv":[10,7.5,11.25,8]},"south":{"texture":"#0","uv":[7.5,13,8.75,13.5]},"up":{"texture":"#0","uv":[14.25,8.25,13,7.75]},"west":{"texture":"#0","uv":[13.25,7.25,13.75,7.75]}},"from":[10.5,8,-4],"rotation":{"angle":-45,"axis":"y","origin":[12,9,-3]},"to":[15.5,10,-2]},{"faces":{"down":{"texture":"#0","uv":[14.5,1.5,13.25,2]},"east":{"texture":"#0","uv":[13.25,9.5,13.75,10]},"north":{"texture":"#0","uv":[13.25,0,14.5,0.5]},"south":{"texture":"#0","uv":[13.25,0.5,14.5,1]},"up":{"texture":"#0","uv":[14.5,1.5,13.25,1]},"west":{"texture":"#0","uv":[1.75,13.5,2.25,14]}},"from":[0.5,8,-4],"rotation":{"angle":45,"axis":"y","origin":[4,9,-3]},"to":[5.5,10,-2]},{"faces":{"down":{"texture":"#0","uv":[6.25,13.25,5.75,14.5]},"east":{"texture":"#0","uv":[13.25,2,14.5,2.5]},"north":{"texture":"#0","uv":[2.25,13.5,2.75,14]},"south":{"texture":"#0","uv":[13.5,3.5,14,4]},"up":{"texture":"#0","uv":[5.75,14.5,5.25,13.25]},"west":{"texture":"#0","uv":[13.25,2.5,14.5,3]}},"from":[7,4,-4.5],"rotation":{"angle":45,"axis":"x","origin":[8,5,-3]},"to":[9,6,0.5]},{"faces":{"down":{"texture":"#0","uv":[14,8.75,13.25,9.5]},"east":{"texture":"#0","uv":[6.25,12.75,7,14]},"north":{"texture":"#0","uv":[12.5,6.5,13.25,7.75]},"south":{"texture":"#0","uv":[8.75,12.75,9.5,14]},"up":{"texture":"#0","uv":[14,7.25,13.25,6.5]},"west":{"texture":"#0","uv":[9.5,12.75,10.25,14]}},"from":[6.5,13.02896,6.65865],"rotation":{"angle":45,"axis":"x","origin":[7.975,12.67896,6.15865]},"to":[9.5,18.02896,9.65865]},{"faces":{"down":{"texture":"#0","uv":[14,13.25,13.25,14]},"east":{"texture":"#0","uv":[10.25,12.75,11,14]},"north":{"texture":"#0","uv":[12.75,10,13.5,11.25]},"south":{"texture":"#0","uv":[11,12.75,11.75,14]},"up":{"texture":"#0","uv":[14,13.25,13.25,12.5]},"west":{"texture":"#0","uv":[12.75,11.25,13.5,12.5]}},"from":[9.7,18.22896,9.85865],"name":"cube_outline","rotation":{"angle":45,"axis":"x","origin":[7.975,12.67896,6.15865]},"to":[6.3,12.82896,6.45865]},{"faces":{"down":{"texture":"#0","uv":[8,13.5,7.5,14]},"east":{"texture":"#0","uv":[13.5,4.5,14,5]},"north":{"texture":"#0","uv":[13.5,4,14,4.5]},"south":{"texture":"#0","uv":[13.5,5,14,5.5]},"up":{"texture":"#0","uv":[14,6.5,13.5,6]},"west":{"texture":"#0","uv":[13.5,5.5,14,6]}},"from":[6.9,11.02896,7.15865],"rotation":{"angle":45,"axis":"x","origin":[7.975,12.67896,6.15865]},"to":[9,13.02896,9.15865]},{"faces":{"down":{"texture":"#0","uv":[12.75,10,11.75,11.5]},"east":{"texture":"#0","uv":[8.75,11.75,10.25,12.75]},"north":{"texture":"#0","uv":[12.5,4.5,13.5,5.5]},"south":{"texture":"#0","uv":[12.5,5.5,13.5,6.5]},"up":{"texture":"#0","uv":[6.25,13.25,5.25,11.75]},"west":{"texture":"#0","uv":[11.75,9,13.25,10]}},"from":[6,5,7.5],"rotation":{"angle":0,"axis":"y","origin":[5,3,8.5]},"to":[10,9,13.5]},{"faces":{"down":{"texture":"#0","uv":[1.5,13.5,1.25,15]},"east":{"texture":"#0","uv":[7.5,10.5,9,11.75]},"north":{"texture":"#0","uv":[3.75,8.75,4,10]},"south":{"texture":"#0","uv":[1.5,13.5,1.75,14.75]},"up":{"texture":"#0","uv":[1.25,14.5,1,13]},"west":{"texture":"#0","uv":[1.25,10.75,2.75,12]}},"from":[7.5,4.5,12],"rotation":{"angle":0,"axis":"y","origin":[4.5,3.5,13]},"to":[8.5,9.5,18]},{"faces":{"down":{"texture":"#0","uv":[14,10,13.5,10.5]},"east":{"texture":"#0","uv":[7,12.75,7.5,14.25]},"north":{"texture":"#0","uv":[2.25,12,2.75,13.5]},"south":{"texture":"#0","uv":[11.75,12.75,12.25,14.25]},"up":{"texture":"#0","uv":[8.5,14,8,13.5]},"west":{"texture":"#0","uv":[12.25,12.75,12.75,14.25]}},"from":[7,0,10.5],"rotation":{"angle":-22.5,"axis":"x","origin":[8,3,11.5]},"to":[9,6,12.5]},{"faces":{"down":{"texture":"#0","uv":[0,0,0,1]},"east":{"texture":"#0","uv":[1.25,12,2.25,13.5]},"north":{"texture":"#0","uv":[0,0,0,1.5]},"south":{"texture":"#0","uv":[0,0,0,1.5]},"up":{"texture":"#0","uv":[0,1,0,0]},"west":{"texture":"#0","uv":[12.25,0,13.25,1.5]}},"from":[8,-0.19134,7.53806],"rotation":{"angle":0,"axis":"y","origin":[8,2.80866,9.03806]},"to":[8,5.80866,11.53806]},{"faces":{"down":{"texture":"#0","uv":[14,11,13.5,11.5]},"east":{"texture":"#0","uv":[0,13,0.5,14.5]},"north":{"texture":"#0","uv":[12.75,12.5,13.25,14]},"south":{"texture":"#0","uv":[0.5,13,1,14.5]},"up":{"texture":"#0","uv":[14,11,13.5,10.5]},"west":{"texture":"#0","uv":[2.75,13,3.25,14.5]}},"from":[6.9,-0.1,10.4],"rotation":{"angle":-22.5,"axis":"x","origin":[8,3,11.5]},"to":[9.1,6.1,12.6]},{"faces":{"down":{"texture":"#0","uv":[0,0,0,2]},"east":{"texture":"#0","uv":[0,0,2,2.75]},"north":{"texture":"#0","uv":[0,0,0,2.75]},"south":{"texture":"#0","uv":[0,0,0,2.75]},"up":{"texture":"#0","uv":[0,2,0,0]},"west":{"texture":"#0","uv":[2,0,4,2.75]}},"from":[8,1.5,14],"rotation":{"angle":0,"axis":"y","origin":[5,6.5,15]},"to":[8,12.5,22]},{"faces":{"down":{"texture":"#0","uv":[11.5,11.5,10.25,12.75]},"east":{"texture":"#0","uv":[11.25,4,12.5,5.25]},"north":{"texture":"#0","uv":[9,10.5,10.25,11.75]},"south":{"texture":"#0","uv":[11.25,5.25,12.5,6.5]},"up":{"texture":"#0","uv":[7.5,12.75,6.25,11.5]},"west":{"texture":"#0","uv":[11.25,6.5,12.5,7.75]}},"from":[5.5,4.5,8],"rotation":{"angle":-45,"axis":"x","origin":[8,7,10.5]},"to":[10.5,9.5,13]},{"faces":{"down":{"texture":"#0","uv":[13,7.75,11.75,9]},"east":{"texture":"#0","uv":[0,11.75,1.25,13]},"north":{"texture":"#0","uv":[11.5,11.5,12.75,12.75]},"south":{"texture":"#0","uv":[2.75,11.75,4,13]},"up":{"texture":"#0","uv":[8.75,13,7.5,11.75]},"west":{"texture":"#0","uv":[4,11.75,5.25,13]}},"from":[5.3,4.3,7.8],"rotation":{"angle":-45,"axis":"x","origin":[8,7,10.5]},"to":[10.7,9.7,13.2]},{"faces":{"down":{"texture":"#0","uv":[0,0,0,1.25]},"east":{"texture":"#0","uv":[3.75,10,5,11.75]},"north":{"texture":"#0","uv":[0,0,0,1.75]},"south":{"texture":"#0","uv":[0,0,0,1.75]},"up":{"texture":"#0","uv":[0,1.25,0,0]},"west":{"texture":"#0","uv":[10,4,11.25,5.75]}},"from":[3.5,5.5,2],"rotation":{"angle":-22.5,"axis":"y","origin":[3.5,8.5,4.5]},"to":[3.5,12.5,7]},{"faces":{"down":{"texture":"#0","uv":[0,0,0,1.25]},"east":{"texture":"#0","uv":[5,10,6.25,11.75]},"north":{"texture":"#0","uv":[0,0,0,1.75]},"south":{"texture":"#0","uv":[0,0,0,1.75]},"up":{"texture":"#0","uv":[0,1.25,0,0]},"west":{"texture":"#0","uv":[10,5.75,11.25,7.5]}},"from":[12.5,5.5,2],"rotation":{"angle":22.5,"axis":"y","origin":[12.5,8.5,4.5]},"to":[12.5,12.5,7]},{"faces":{"down":{"texture":"#0","uv":[0,0,0,2]},"east":{"texture":"#0","uv":[0,6.75,2,8.75]},"north":{"texture":"#0","uv":[0,0,0,2]},"south":{"texture":"#0","uv":[0,0,0,2]},"up":{"texture":"#0","uv":[0,2,0,0]},"west":{"texture":"#0","uv":[2,6.75,4,8.75]}},"from":[3.6,5.1,-6.1],"rotation":{"angle":-22.5,"axis":"y","origin":[3.6,9.1,-2.1]},"to":[3.6,13.1,1.9]},{"faces":{"down":{"texture":"#0","uv":[0,0,0,2]},"east":{"texture":"#0","uv":[8,0,10,2]},"north":{"texture":"#0","uv":[0,0,0,2]},"south":{"texture":"#0","uv":[0,0,0,2]},"up":{"texture":"#0","uv":[0,2,0,0]},"west":{"texture":"#0","uv":[8,2,10,4]}},"from":[12.4,5.1,-6.1],"rotation":{"angle":22.5,"axis":"y","origin":[12.4,9.1,-2.1]},"to":[12.4,13.1,1.9]},{"faces":{"down":{"texture":"#0","uv":[10,4,8,6]},"east":{"texture":"#0","uv":[0,0,2,0]},"north":{"texture":"#0","uv":[0,0,2,0]},"south":{"texture":"#0","uv":[0,0,2,0]},"up":{"texture":"#0","uv":[6,10,4,8]},"west":{"texture":"#0","uv":[0,0,2,0]}},"from":[4,13.3,-6.1],"rotation":{"angle":-22.5,"axis":"x","origin":[8,13.3,-2.1]},"to":[12,13.3,1.9]},{"faces":{"down":{"texture":"#0","uv":[10,6,8,8]},"east":{"texture":"#0","uv":[0,0,2,0]},"north":{"texture":"#0","uv":[0,0,2,0]},"south":{"texture":"#0","uv":[0,0,2,0]},"up":{"texture":"#0","uv":[8,10,6,8]},"west":{"texture":"#0","uv":[0,0,2,0]}},"from":[4,4.6,-6.1],"rotation":{"angle":22.5,"axis":"x","origin":[8,4.6,-2.1]},"to":[12,4.6,1.9]}],"gui_light":"front","texture_size":[64,64],"textures":{"0":"civilization:item/tools/guardian_cannon/pulling/3","particle":"civilization:item/tools/guardian_cannon/pulling/3"}}