{"display":{"firstperson_lefthand":{"rotation":[-5,-157,0],"scale":[0.5,0.5,0.5],"translation":[2,1.5,0.5]},"firstperson_righthand":{"rotation":[-5,113,0],"scale":[0.5,0.5,0.5],"translation":[1.5,1.5,0.5]},"fixed":{"scale":[0.5,0.5,0.5],"translation":[0,0.75,0]},"ground":{"rotation":[70,0,0],"scale":[0.42,0.42,0.42],"translation":[0,2,-0.25]},"gui":{"rotation":[0,180,45],"scale":[0.44,0.44,0.44],"translation":[-0.25,-0.25,0]},"head":{"scale":[0.8,0.8,0.8],"translation":[0,15,0]},"thirdperson_lefthand":{"rotation":[0,-180,0],"scale":[0.8,0.8,0.8],"translation":[0,5.25,1.5]},"thirdperson_righthand":{"rotation":[0,90,0],"scale":[0.8,0.8,0.8],"translation":[0,5.25,1.5]}},"elements":[{"faces":{"down":{"texture":"#0","uv":[4.75,3.5,3.5,4.5]},"east":{"texture":"#0","uv":[6.75,8,7.75,8.5]},"north":{"texture":"#0","uv":[7,1.5,8.25,2]},"south":{"texture":"#0","uv":[7,2,8.25,2.5]},"up":{"texture":"#0","uv":[4.75,3.5,3.5,2.5]},"west":{"texture":"#0","uv":[8,7.5,9,8]}},"from":[5.5,3,6],"rotation":{"angle":0,"axis":"y","origin":[8.5,-1,8]},"to":[10.5,5,10]},{"faces":{"down":{"texture":"#0","uv":[2.5,4.25,1.25,5.25]},"east":{"texture":"#0","uv":[7.75,8,8.75,8.5]},"north":{"texture":"#0","uv":[7,6,8.25,6.5]},"south":{"texture":"#0","uv":[7,6.5,8.25,7]},"up":{"texture":"#0","uv":[1.25,5.25,0,4.25]},"west":{"texture":"#0","uv":[8.25,1.5,9.25,2]}},"from":[5.5,13,6],"rotation":{"angle":0,"axis":"y","origin":[8,0,8.5]},"to":[10.5,15,10]},{"faces":{"down":{"texture":"#0","uv":[7.75,5.5,6.25,6]},"east":{"texture":"#0","uv":[0,9,0.5,9.5]},"north":{"texture":"#0","uv":[6.25,4.5,7.75,5]},"south":{"texture":"#0","uv":[6.25,5,7.75,5.5]},"up":{"texture":"#0","uv":[7,6.75,5.5,6.25]},"west":{"texture":"#0","uv":[0.5,9,1,9.5]}},"from":[9.495,12.995,6.995],"rotation":{"angle":22.5,"axis":"z","origin":[9.5,13,8]},"to":[15.505,15.005,9.005]},{"faces":{"down":{"texture":"#0","uv":[6.5,9.5,6.25,10]},"east":{"texture":"#0","uv":[5,0,5.5,2.25]},"north":{"texture":"#0","uv":[1.75,8,2,10.25]},"south":{"texture":"#0","uv":[2,8,2.25,10.25]},"up":{"texture":"#0","uv":[5.75,6.25,5.5,5.75]},"west":{"texture":"#0","uv":[0,5.25,0.5,7.5]}},"from":[14.04328,15.1961,7.001],"rotation":{"angle":0,"axis":"y","origin":[10.04328,13.1961,8]},"to":[15.04328,24.1961,9.001]},{"faces":{"down":{"texture":"#0","uv":[2.5,7.5,1.25,8]},"east":{"texture":"#0","uv":[2.5,9,3,9.5]},"north":{"texture":"#0","uv":[7,7,8.25,7.5]},"south":{"texture":"#0","uv":[5.5,7.25,6.75,7.75]},"up":{"texture":"#0","uv":[1.25,8,0,7.5]},"west":{"texture":"#0","uv":[3.5,9,4,9.5]}},"from":[9.98738,22.0911,6.995],"rotation":{"angle":-22.5,"axis":"z","origin":[14.99238,24.0961,8]},"to":[14.99738,24.1011,9.005]},{"faces":{"down":{"texture":"#0","uv":[1,2,0.5,2.25]},"east":{"texture":"#0","uv":[2.25,8,2.5,10.25]},"north":{"texture":"#0","uv":[0.5,5.25,1,7.5]},"south":{"texture":"#0","uv":[1,5.25,1.5,7.5]},"up":{"texture":"#0","uv":[0.5,2.25,0,2]},"west":{"texture":"#0","uv":[3,8,3.25,10.25]}},"from":[7,15.1961,13.5],"rotation":{"angle":0,"axis":"y","origin":[8,19.6961,14]},"to":[9,24.1961,14.5]},{"faces":{"down":{"texture":"#0","uv":[4,7,3.5,8.25]},"east":{"texture":"#0","uv":[6.75,7.5,8,8]},"north":{"texture":"#0","uv":[9,4.5,9.5,5]},"south":{"texture":"#0","uv":[9,5,9.5,5.5]},"up":{"texture":"#0","uv":[3.5,8,3,6.75]},"west":{"texture":"#0","uv":[7.75,4.5,9,5]}},"from":[6.995,22.0911,9.53828],"rotation":{"angle":22.5,"axis":"x","origin":[8,24.0961,14.54328]},"to":[9.005,24.1011,14.54828]},{"faces":{"down":{"texture":"#0","uv":[4.5,6.5,4,8]},"east":{"texture":"#0","uv":[6.5,0,8,0.5]},"north":{"texture":"#0","uv":[9,5.5,9.5,6]},"south":{"texture":"#0","uv":[5.75,9,6.25,9.5]},"up":{"texture":"#0","uv":[7,2.5,6.5,1]},"west":{"texture":"#0","uv":[6.5,0.5,8,1]}},"from":[6.995,12.995,8.995],"rotation":{"angle":-22.5,"axis":"x","origin":[8,13,9]},"to":[9.005,15.005,15.005]},{"faces":{"down":{"texture":"#0","uv":[0.75,0,0,0]},"east":{"texture":"#0","uv":[0,0,0,2]},"north":{"texture":"#0","uv":[0,0,0.75,2]},"south":{"texture":"#0","uv":[0.75,0,1.5,2]},"up":{"texture":"#0","uv":[0.75,0,0,0]},"west":{"texture":"#0","uv":[0,0,0,2]}},"from":[9.39889,2.74801,7.995],"rotation":{"angle":45,"axis":"z","origin":[12.45403,10.66118,8]},"to":[12.40889,10.75801,8.005]},{"faces":{"down":{"texture":"#0","uv":[2,0,0,0]},"east":{"texture":"#0","uv":[0,0,0,0.75]},"north":{"texture":"#0","uv":[1.5,0,3.5,0.75]},"south":{"texture":"#0","uv":[1.5,0.75,3.5,1.5]},"up":{"texture":"#0","uv":[2,0,0,0]},"west":{"texture":"#0","uv":[0,0,0,0.75]}},"from":[12.7622,9.71104,8.001],"rotation":{"angle":-22.5,"axis":"z","origin":[12.85403,12.76118,8]},"to":[20.7622,12.71104,8.001]},{"faces":{"down":{"texture":"#0","uv":[7.25,9,6.75,9.5]},"east":{"texture":"#0","uv":[3,4.25,3.5,6.75]},"north":{"texture":"#0","uv":[2.5,4.25,3,6.75]},"south":{"texture":"#0","uv":[4.5,0,5,2.5]},"up":{"texture":"#0","uv":[6.75,9.5,6.25,9]},"west":{"texture":"#0","uv":[3.5,4.5,4,7]}},"from":[7,-7,7],"rotation":{"angle":0,"axis":"y","origin":[8,0,8]},"to":[9,3,9]},{"faces":{"down":{"texture":"#1","uv":[8,12,6,15]},"east":{"texture":"#1","uv":[0,0,3,7]},"north":{"texture":"#1","uv":[8,0,10,7]},"south":{"texture":"#1","uv":[8,7,10,14]},"up":{"texture":"#1","uv":[8,12,6,9]},"west":{"texture":"#1","uv":[3,0,6,7]}},"from":[6.625,5.05,9.375],"rotation":{"angle":0,"axis":"y","origin":[8.125,9.15,8.625]},"to":[9.375,12.99,6.625]},{"faces":{"down":{"texture":"#1","uv":[16,0,13,3]},"east":{"texture":"#1","uv":[10,3,13,6]},"north":{"texture":"#1","uv":[10,0,13,3]},"south":{"texture":"#1","uv":[10,6,13,9]},"up":{"texture":"#1","uv":[13,15,10,12]},"west":{"texture":"#1","uv":[10,9,13,12]}},"from":[6.5,-11.6,6.5],"rotation":{"angle":45,"axis":"z","origin":[8,-10.1,8]},"to":[9.5,-8.6,9.5]},{"faces":{"down":{"texture":"#0","uv":[9.5,7.5,9,8]},"east":{"texture":"#0","uv":[5,5.75,5.5,7.5]},"north":{"texture":"#0","uv":[5.75,4.5,6.25,6.25]},"south":{"texture":"#0","uv":[6,0,6.5,1.75]},"up":{"texture":"#0","uv":[7.75,9.5,7.25,9]},"west":{"texture":"#0","uv":[6,1.75,6.5,3.5]}},"from":[6.75,-4.25,6.75],"rotation":{"angle":0,"axis":"y","origin":[8,-2,8]},"to":[9.25,3.25,9.25]},{"faces":{"down":{"texture":"#0","uv":[5.75,8.25,4.75,8.75]},"east":{"texture":"#0","uv":[8.75,9,9.25,9.5]},"north":{"texture":"#0","uv":[8.25,2,9.25,2.5]},"south":{"texture":"#0","uv":[8.25,3.5,9.25,4]},"up":{"texture":"#0","uv":[9.25,4.5,8.25,4]},"west":{"texture":"#0","uv":[9.25,0,9.75,0.5]}},"from":[8.5,-10.5,7],"rotation":{"angle":-22.5,"axis":"z","origin":[11.75,-9.5,8]},"to":[12.5,-8.5,9]},{"faces":{"down":{"texture":"#1","uv":[15,5,13,7]},"east":{"texture":"#1","uv":[0,7,2,16]},"north":{"texture":"#1","uv":[6,0,8,9]},"south":{"texture":"#1","uv":[2,7,4,16]},"up":{"texture":"#1","uv":[15,5,13,3]},"west":{"texture":"#1","uv":[4,7,6,16]}},"from":[7,4.5,7],"rotation":{"angle":0,"axis":"y","origin":[9,1.5,8]},"to":[9,13.5,9]},{"faces":{"down":{"texture":"#0","uv":[7.5,9.5,7.25,10]},"east":{"texture":"#0","uv":[9.25,0.5,9.75,1]},"north":{"texture":"#0","uv":[6.5,9.5,6.75,10]},"south":{"texture":"#0","uv":[6.75,9.5,7,10]},"up":{"texture":"#0","uv":[7.25,10,7,9.5]},"west":{"texture":"#0","uv":[1,9.25,1.5,9.75]}},"from":[14.55039,13.6961,7.001],"rotation":{"angle":45,"axis":"z","origin":[15.05039,15.1961,8.001]},"to":[15.55039,15.6961,9.001]},{"faces":{"down":{"texture":"#0","uv":[9.25,9.5,9,10]},"east":{"texture":"#0","uv":[9.25,1.5,9.75,2]},"north":{"texture":"#0","uv":[7.5,9.5,7.75,10]},"south":{"texture":"#0","uv":[9.5,7.5,9.75,8]},"up":{"texture":"#0","uv":[9,10,8.75,9.5]},"west":{"texture":"#0","uv":[9.25,2,9.75,2.5]}},"from":[14.75355,22.90321,7],"rotation":{"angle":-45,"axis":"z","origin":[15.75355,23.90321,8]},"to":[15.75355,24.90321,9]},{"faces":{"down":{"texture":"#0","uv":[10,0.5,9.75,1]},"east":{"texture":"#0","uv":[9.25,2.5,9.75,3]},"north":{"texture":"#0","uv":[9.25,9.5,9.5,10]},"south":{"texture":"#0","uv":[9.5,9.5,9.75,10]},"up":{"texture":"#0","uv":[10,0.5,9.75,0]},"west":{"texture":"#0","uv":[9.25,3,9.75,3.5]}},"from":[0.24645,22.90321,7],"rotation":{"angle":45,"axis":"z","origin":[0.24645,23.90321,8]},"to":[1.24645,24.90321,9]},{"faces":{"down":{"texture":"#0","uv":[10,2,9.75,2.5]},"east":{"texture":"#0","uv":[9.25,3.5,9.75,4]},"north":{"texture":"#0","uv":[1,9.75,1.25,10.25]},"south":{"texture":"#0","uv":[1.25,9.75,1.5,10.25]},"up":{"texture":"#0","uv":[10,2,9.75,1.5]},"west":{"texture":"#0","uv":[9.25,4,9.75,4.5]}},"from":[0.44961,13.6961,7.001],"rotation":{"angle":-45,"axis":"z","origin":[0.94961,15.1961,8.001]},"to":[1.44961,15.6961,9.001]},{"faces":{"down":{"texture":"#0","uv":[1.25,8,0,8.5]},"east":{"texture":"#0","uv":[9.25,6,9.75,6.5]},"north":{"texture":"#0","uv":[5,7.75,6.25,8.25]},"south":{"texture":"#0","uv":[7.75,5,9,5.5]},"up":{"texture":"#0","uv":[9,6,7.75,5.5]},"west":{"texture":"#0","uv":[9.25,6.5,9.75,7]}},"from":[1.00262,22.0911,6.995],"rotation":{"angle":22.5,"axis":"z","origin":[1.00762,24.0961,8]},"to":[6.01262,24.1011,9.005]},{"faces":{"down":{"texture":"#0","uv":[10,3,9.75,3.5]},"east":{"texture":"#0","uv":[1.5,5.25,2,7.5]},"north":{"texture":"#0","uv":[3.25,8,3.5,10.25]},"south":{"texture":"#0","uv":[4,8,4.25,10.25]},"up":{"texture":"#0","uv":[10,3,9.75,2.5]},"west":{"texture":"#0","uv":[2,5.25,2.5,7.5]}},"from":[0.95672,15.1961,7.001],"rotation":{"angle":0,"axis":"y","origin":[5.95672,13.1961,8]},"to":[1.95672,24.1961,9.001]},{"faces":{"down":{"texture":"#0","uv":[8.25,4,6.75,4.5]},"east":{"texture":"#0","uv":[9.25,7,9.75,7.5]},"north":{"texture":"#0","uv":[6.5,2.5,8,3]},"south":{"texture":"#0","uv":[6.5,3,8,3.5]},"up":{"texture":"#0","uv":[8.25,4,6.75,3.5]},"west":{"texture":"#0","uv":[7.75,9.25,8.25,9.75]}},"from":[0.495,12.995,6.995],"rotation":{"angle":-22.5,"axis":"z","origin":[6.5,13,8]},"to":[6.505,15.005,9.005]},{"faces":{"down":{"texture":"#0","uv":[5.25,4.25,4.75,4.5]},"east":{"texture":"#0","uv":[9.75,3.5,10,4]},"north":{"texture":"#0","uv":[9.25,8,9.75,8.5]},"south":{"texture":"#0","uv":[8.25,9.25,8.75,9.75]},"up":{"texture":"#0","uv":[1.5,2.25,1,2]},"west":{"texture":"#0","uv":[9.75,4,10,4.5]}},"from":[7,23.25676,14.35],"rotation":{"angle":45,"axis":"x","origin":[8,24.25676,14.85]},"to":[9,25.25676,15.35]},{"faces":{"down":{"texture":"#0","uv":[6,2.25,5.5,2.5]},"east":{"texture":"#0","uv":[9.75,6,10,6.5]},"north":{"texture":"#0","uv":[9.25,8.5,9.75,9]},"south":{"texture":"#0","uv":[9.25,9,9.75,9.5]},"up":{"texture":"#0","uv":[5.5,2.5,5,2.25]},"west":{"texture":"#0","uv":[9.75,6.5,10,7]}},"from":[7,14.13544,14.35],"rotation":{"angle":-45,"axis":"x","origin":[8,15.13544,14.85]},"to":[9,16.13544,15.35]},{"faces":{"down":{"texture":"#0","uv":[5.5,7.5,5,7.75]},"east":{"texture":"#0","uv":[4.25,8,4.5,10.25]},"north":{"texture":"#0","uv":[5.25,3.5,5.75,5.75]},"south":{"texture":"#0","uv":[5.5,0,6,2.25]},"up":{"texture":"#0","uv":[6.75,6.25,6.25,6]},"west":{"texture":"#0","uv":[4.5,8,4.75,10.25]}},"from":[7,15.1961,1.5],"rotation":{"angle":0,"axis":"y","origin":[8,19.6961,2]},"to":[9,24.1961,2.5]},{"faces":{"down":{"texture":"#0","uv":[1.75,8,1.25,9.25]},"east":{"texture":"#0","uv":[8,0,9.25,0.5]},"north":{"texture":"#0","uv":[0,9.5,0.5,10]},"south":{"texture":"#0","uv":[0.5,9.5,1,10]},"up":{"texture":"#0","uv":[6.75,9,6.25,7.75]},"west":{"texture":"#0","uv":[8,0.5,9.25,1]}},"from":[6.995,22.0911,1.45172],"rotation":{"angle":-22.5,"axis":"x","origin":[8,24.0961,1.45672]},"to":[9.005,24.1011,6.46172]},{"faces":{"down":{"texture":"#0","uv":[3,6.75,2.5,8.25]},"east":{"texture":"#0","uv":[5.5,6.75,7,7.25]},"north":{"texture":"#0","uv":[9.5,1,10,1.5]},"south":{"texture":"#0","uv":[2.5,9.5,3,10]},"up":{"texture":"#0","uv":[5,8,4.5,6.5]},"west":{"texture":"#0","uv":[7,1,8.5,1.5]}},"from":[6.995,12.995,0.995],"rotation":{"angle":22.5,"axis":"x","origin":[8,13,7]},"to":[9.005,15.005,7.005]},{"faces":{"down":{"texture":"#0","uv":[10.25,8,9.75,8.25]},"east":{"texture":"#0","uv":[9.75,7,10,7.5]},"north":{"texture":"#0","uv":[3.5,9.5,4,10]},"south":{"texture":"#0","uv":[9.5,4.5,10,5]},"up":{"texture":"#0","uv":[8.25,10,7.75,9.75]},"west":{"texture":"#0","uv":[9.75,7.5,10,8]}},"from":[7,23.25676,0.65],"rotation":{"angle":-45,"axis":"x","origin":[8,24.25676,1.15]},"to":[9,25.25676,1.65]},{"faces":{"down":{"texture":"#0","uv":[10.25,9,9.75,9.25]},"east":{"texture":"#0","uv":[8.25,9.75,8.5,10.25]},"north":{"texture":"#0","uv":[4.75,9.5,5.25,10]},"south":{"texture":"#0","uv":[9.5,5,10,5.5]},"up":{"texture":"#0","uv":[10.25,9,9.75,8.75]},"west":{"texture":"#0","uv":[9.75,8.25,10,8.75]}},"from":[7,14.13544,0.65],"rotation":{"angle":45,"axis":"x","origin":[8,15.13544,1.15]},"to":[9,16.13544,1.65]},{"faces":{"down":{"texture":"#0","uv":[2,0,0,0]},"east":{"texture":"#0","uv":[0,0,0,0.75]},"north":{"texture":"#0","uv":[1.5,1.5,3.5,2.25]},"south":{"texture":"#0","uv":[0,2.25,2,3]},"up":{"texture":"#0","uv":[2,0,0,0]},"west":{"texture":"#0","uv":[0,0,0,0.75]}},"from":[-4.7622,9.71104,8.001],"rotation":{"angle":22.5,"axis":"z","origin":[3.14597,12.76118,8]},"to":[3.2378,12.71104,8.001]},{"faces":{"down":{"texture":"#0","uv":[0.75,0,0,0]},"east":{"texture":"#0","uv":[0,0,0,2]},"north":{"texture":"#0","uv":[2,2.25,2.75,4.25]},"south":{"texture":"#0","uv":[2.75,2.25,3.5,4.25]},"up":{"texture":"#0","uv":[0.75,0,0,0]},"west":{"texture":"#0","uv":[0,0,0,2]}},"from":[3.59111,2.74801,7.995],"rotation":{"angle":-45,"axis":"z","origin":[3.54597,10.66118,8]},"to":[6.60111,10.75801,8.005]},{"faces":{"down":{"texture":"#0","uv":[6,2.5,4.75,3.5]},"east":{"texture":"#0","uv":[8.25,6,9.25,6.5]},"north":{"texture":"#0","uv":[8,2.5,9.25,3]},"south":{"texture":"#0","uv":[8,3,9.25,3.5]},"up":{"texture":"#0","uv":[5.25,5.5,4,4.5]},"west":{"texture":"#0","uv":[8.25,6.5,9.25,7]}},"from":[5.5,-9,6],"rotation":{"angle":0,"axis":"y","origin":[7,0,8.5]},"to":[10.5,-7,10]},{"faces":{"down":{"texture":"#0","uv":[10,9.25,9.75,9.75]},"east":{"texture":"#0","uv":[7.75,8.5,8.25,9.25]},"north":{"texture":"#0","uv":[1,8.5,1.25,9.25]},"south":{"texture":"#0","uv":[1.5,9.25,1.75,10]},"up":{"texture":"#0","uv":[8.75,10.25,8.5,9.75]},"west":{"texture":"#0","uv":[8.25,8.5,8.75,9.25]}},"from":[11.5,-13.25,7],"rotation":{"angle":-22.5,"axis":"z","origin":[11.75,-9.5,8]},"to":[12.5,-10.5,9]},{"faces":{"down":{"texture":"#0","uv":[0.25,10,0,10.5]},"east":{"texture":"#0","uv":[4.75,8.75,5.25,9.5]},"north":{"texture":"#0","uv":[5.75,9.5,6,10.25]},"south":{"texture":"#0","uv":[6,9.5,6.25,10.25]},"up":{"texture":"#0","uv":[10,10.25,9.75,9.75]},"west":{"texture":"#0","uv":[5.25,8.75,5.75,9.5]}},"from":[3.5,-13.25,7],"rotation":{"angle":22.5,"axis":"z","origin":[4.25,-9.5,8]},"to":[4.5,-10.5,9]},{"faces":{"down":{"texture":"#0","uv":[7.75,8.5,6.75,9]},"east":{"texture":"#0","uv":[5.25,9.5,5.75,10]},"north":{"texture":"#0","uv":[8.25,7,9.25,7.5]},"south":{"texture":"#0","uv":[0,8.5,1,9]},"up":{"texture":"#0","uv":[9.5,1.5,8.5,1]},"west":{"texture":"#0","uv":[9.5,5.5,10,6]}},"from":[3.5,-10.5,7],"rotation":{"angle":22.5,"axis":"z","origin":[4.25,-9.5,8]},"to":[7.5,-8.5,9]},{"faces":{"down":{"texture":"#2","uv":[12,0,10,2]},"east":{"texture":"#2","uv":[2,0,4,2.5]},"north":{"texture":"#2","uv":[0,0,2,2.5]},"south":{"texture":"#2","uv":[0,2.5,2,5]},"up":{"texture":"#2","uv":[2,12,0,10]},"west":{"texture":"#2","uv":[2,2.5,4,5]}},"from":[6,16.25,6],"rotation":{"angle":45,"axis":"y","origin":[8,-0.75,8]},"to":[10,21.25,10]},{"faces":{"down":{"texture":"#2","uv":[13,10,12,11]},"east":{"texture":"#2","uv":[11,10,12,11.5]},"north":{"texture":"#2","uv":[10,10,11,11.5]},"south":{"texture":"#2","uv":[10,11.5,11,13]},"up":{"texture":"#2","uv":[13,10,12,9]},"west":{"texture":"#2","uv":[11,11.5,12,13]}},"from":[7.25,15.5,5.25],"rotation":{"angle":45,"axis":"y","origin":[8,-0.75,8]},"to":[8.75,18.5,7.25]},{"faces":{"down":{"texture":"#2","uv":[12,2,10,4]},"east":{"texture":"#2","uv":[4,2.5,6,5]},"north":{"texture":"#2","uv":[4,0,6,2.5]},"south":{"texture":"#2","uv":[0,5,2,7.5]},"up":{"texture":"#2","uv":[4,12,2,10]},"west":{"texture":"#2","uv":[2,5,4,7.5]}},"from":[6,16.6,6],"rotation":{"angle":45,"axis":"y","origin":[8,-0.4,8]},"to":[10,21.6,10]},{"faces":{"down":{"texture":"#2","uv":[13,12,12,13]},"east":{"texture":"#2","uv":[12,0,13,1.5]},"north":{"texture":"#2","uv":[0,12,1,13.5]},"south":{"texture":"#2","uv":[1,12,2,13.5]},"up":{"texture":"#2","uv":[13,12,12,11]},"west":{"texture":"#2","uv":[12,1.5,13,3]}},"from":[7.25,15.85,5.25],"rotation":{"angle":45,"axis":"y","origin":[8,-0.4,8]},"to":[8.75,18.85,7.25]},{"faces":{"down":{"texture":"#2","uv":[12,4,10,6]},"east":{"texture":"#2","uv":[6,0,8,2.5]},"north":{"texture":"#2","uv":[4,5,6,7.5]},"south":{"texture":"#2","uv":[6,2.5,8,5]},"up":{"texture":"#2","uv":[6,12,4,10]},"west":{"texture":"#2","uv":[6,5,8,7.5]}},"from":[6,17.25,6],"rotation":{"angle":45,"axis":"y","origin":[8,0.25,8]},"to":[10,22.25,10]},{"faces":{"down":{"texture":"#2","uv":[14,1,13,2]},"east":{"texture":"#2","uv":[3,12,4,13.5]},"north":{"texture":"#2","uv":[2,12,3,13.5]},"south":{"texture":"#2","uv":[12,3,13,4.5]},"up":{"texture":"#2","uv":[14,1,13,0]},"west":{"texture":"#2","uv":[4,12,5,13.5]}},"from":[7.25,16.5,5.25],"rotation":{"angle":45,"axis":"y","origin":[8,0.25,8]},"to":[8.75,19.5,7.25]},{"faces":{"down":{"texture":"#2","uv":[12,6,10,8]},"east":{"texture":"#2","uv":[2,7.5,4,10]},"north":{"texture":"#2","uv":[0,7.5,2,10]},"south":{"texture":"#2","uv":[4,7.5,6,10]},"up":{"texture":"#2","uv":[8,12,6,10]},"west":{"texture":"#2","uv":[6,7.5,8,10]}},"from":[6,17.9,6],"rotation":{"angle":45,"axis":"y","origin":[8,0.9,8]},"to":[10,22.9,10]},{"faces":{"down":{"texture":"#2","uv":[14,3,13,4]},"east":{"texture":"#2","uv":[5,12,6,13.5]},"north":{"texture":"#2","uv":[12,4.5,13,6]},"south":{"texture":"#2","uv":[6,12,7,13.5]},"up":{"texture":"#2","uv":[14,3,13,2]},"west":{"texture":"#2","uv":[12,6,13,7.5]}},"from":[7.25,17.15,5.25],"rotation":{"angle":45,"axis":"y","origin":[8,0.9,8]},"to":[8.75,20.15,7.25]},{"faces":{"down":{"texture":"#2","uv":[12,8,10,10]},"east":{"texture":"#2","uv":[8,2.5,10,5]},"north":{"texture":"#2","uv":[8,0,10,2.5]},"south":{"texture":"#2","uv":[8,5,10,7.5]},"up":{"texture":"#2","uv":[10,12,8,10]},"west":{"texture":"#2","uv":[8,7.5,10,10]}},"from":[6,18.25,6],"rotation":{"angle":45,"axis":"y","origin":[8,1.25,8]},"to":[10,23.25,10]},{"faces":{"down":{"texture":"#2","uv":[14,5,13,6]},"east":{"texture":"#2","uv":[12,7.5,13,9]},"north":{"texture":"#2","uv":[7,12,8,13.5]},"south":{"texture":"#2","uv":[8,12,9,13.5]},"up":{"texture":"#2","uv":[14,5,13,4]},"west":{"texture":"#2","uv":[9,12,10,13.5]}},"from":[7.25,17.5,5.25],"rotation":{"angle":45,"axis":"y","origin":[8,1.25,8]},"to":[8.75,20.5,7.25]}],"format_version":"1.9.0","gui_light":"front","texture_size":[32,32],"textures":{"0":"civilization:item/tools/evoker_wand/bifrost/default","1":"civilization:item/tools/evoker_wand/bifrost/anim_0","2":"civilization:item/tools/evoker_wand/bifrost/anim_1","particle":"civilization:item/tools/evoker_wand/bifrost/default"}}