{"display":{"firstperson_lefthand":{"rotation":[22.5,0,0],"scale":[0.8,0.8,0.8],"translation":[1,3.5,1]},"firstperson_righthand":{"rotation":[22.5,0,0],"scale":[0.8,0.8,0.8],"translation":[1,3.5,1]},"fixed":{"rotation":[22.5,0,0],"scale":[0.6,0.6,0.6],"translation":[0,4.75,0]},"ground":{"rotation":[68,25,48],"scale":[0.5,0.5,0.5],"translation":[-3.25,1,1.75]},"gui":{"rotation":[-22.5,-160,41],"scale":[0.64,0.64,0.64],"translation":[3,3,0]},"head":{"rotation":[22.5,0,0],"scale":[0.9,0.9,0.9],"translation":[0,15,2.25]},"thirdperson_lefthand":{"rotation":[22.5,0,0],"scale":[0.99,0.99,0.99],"translation":[0,6,2.75]},"thirdperson_righthand":{"rotation":[22.5,0,0],"scale":[0.99,0.99,0.99],"translation":[0,6,2.75]}},"elements":[{"faces":{"down":{"texture":"#0","uv":[9,5.5,6.5,8]},"east":{"texture":"#0","uv":[4,3,6.5,6]},"north":{"texture":"#0","uv":[4,0,6.5,3]},"south":{"texture":"#0","uv":[4,6,6.5,9]},"up":{"texture":"#0","uv":[9,5.5,6.5,3]},"west":{"texture":"#0","uv":[6.5,0,9,3]}},"from":[5.5,8,3.61591],"rotation":{"angle":-22.5,"axis":"x","origin":[8,6.4,5.11591]},"to":[10.5,14,8.61591]},{"faces":{"down":{"texture":"#0","uv":[15,4,12.5,4.5]},"east":{"texture":"#0","uv":[14.5,8.5,15,9.5]},"north":{"texture":"#0","uv":[9,7,11.5,8]},"south":{"texture":"#0","uv":[3,10,5.5,11]},"up":{"texture":"#0","uv":[15,4,12.5,3.5]},"west":{"texture":"#0","uv":[9,14.5,9.5,15.5]}},"from":[5.5,8.88448,1.0078],"rotation":{"angle":-22.5,"axis":"x","origin":[8,9.88448,1.5078]},"to":[10.5,10.88448,2.0078]},{"faces":{"down":{"texture":"#0","uv":[1,14,0,15]},"east":{"texture":"#0","uv":[10.5,11.5,11.5,13]},"north":{"texture":"#0","uv":[11.5,9.5,12.5,11]},"south":{"texture":"#0","uv":[11.5,11,12.5,12.5]},"up":{"texture":"#0","uv":[14.5,14.5,13.5,13.5]},"west":{"texture":"#0","uv":[12,0,13,1.5]}},"from":[7,7.5,3.11591],"rotation":{"angle":-22.5,"axis":"x","origin":[8,6.4,5.11591]},"to":[9,10.5,5.11591]},{"faces":{"down":{"texture":"#0","uv":[12,1.5,10.5,3]},"east":{"texture":"#0","uv":[7,10,8.5,11.5]},"north":{"texture":"#0","uv":[5.5,10,7,11.5]},"south":{"texture":"#0","uv":[8.5,10,10,11.5]},"up":{"texture":"#0","uv":[12,1.5,10.5,0]},"west":{"texture":"#0","uv":[10,10,11.5,11.5]}},"from":[6.5,5,5.21591],"rotation":{"angle":-22.5,"axis":"x","origin":[8,6.4,5.11591]},"to":[9.5,8,8.21591]},{"faces":{"down":{"texture":"#0","uv":[1.5,11,0,12.5]},"east":{"texture":"#0","uv":[9,0,10.5,2]},"north":{"texture":"#0","uv":[0,9,1.5,11]},"south":{"texture":"#0","uv":[1.5,9,3,11]},"up":{"texture":"#0","uv":[12,9.5,10.5,8]},"west":{"texture":"#0","uv":[9,2,10.5,4]}},"from":[6.45,3.95,5.16591],"rotation":{"angle":-22.5,"axis":"x","origin":[8,6.4,5.11591]},"to":[9.55,8.05,8.26591]},{"faces":{"down":{"texture":"#0","uv":[11.5,3,10.5,4]},"east":{"texture":"#0","uv":[1,0,2,9]},"north":{"texture":"#0","uv":[0,0,1,9]},"south":{"texture":"#0","uv":[2,0,3,9]},"up":{"texture":"#0","uv":[6.5,10,5.5,9]},"west":{"texture":"#0","uv":[3,0,4,9]}},"from":[7,-13,5.71591],"rotation":{"angle":-22.5,"axis":"x","origin":[8,6.4,5.11591]},"to":[9,5,7.71591]},{"faces":{"down":{"texture":"#0","uv":[2,12.5,1,14]},"east":{"texture":"#0","uv":[1.5,11,3,12.5]},"north":{"texture":"#0","uv":[12,1.5,13,3]},"south":{"texture":"#0","uv":[12,7,13,8.5]},"up":{"texture":"#0","uv":[1,14,0,12.5]},"west":{"texture":"#0","uv":[3,11,4.5,12.5]}},"from":[7,-13.49679,12.9922],"rotation":{"angle":22.5,"axis":"x","origin":[8,-11.99679,14.4922]},"to":[9,-10.49679,15.9922]},{"faces":{"down":{"texture":"#0","uv":[13,11.5,12.5,13.5]},"east":{"texture":"#0","uv":[6.5,8,8.5,10]},"north":{"texture":"#0","uv":[12.5,4.5,13,6.5]},"south":{"texture":"#0","uv":[12.5,9.5,13,11.5]},"up":{"texture":"#0","uv":[12,14.5,11.5,12.5]},"west":{"texture":"#0","uv":[8.5,8,10.5,10]}},"from":[7.5,-13.99679,12.4922],"rotation":{"angle":22.5,"axis":"x","origin":[8.5,-11.99679,14.4922]},"to":[8.5,-9.99679,16.4922]},{"faces":{"down":{"texture":"#0","uv":[15,10.5,14,11.5]},"east":{"texture":"#0","uv":[14,5.5,15,6.5]},"north":{"texture":"#0","uv":[14,4.5,15,5.5]},"south":{"texture":"#0","uv":[14,7,15,8]},"up":{"texture":"#0","uv":[11.5,15,10.5,14]},"west":{"texture":"#0","uv":[14,9.5,15,10.5]}},"from":[6.9,-13.3,5.61591],"rotation":{"angle":-22.5,"axis":"x","origin":[8,6.4,5.11591]},"to":[9.1,-11.1,7.81591]},{"faces":{"down":{"texture":"#0","uv":[3.5,14.5,3,15.5]},"east":{"texture":"#0","uv":[4.5,11,5.5,13]},"north":{"texture":"#0","uv":[12,12.5,12.5,14.5]},"south":{"texture":"#0","uv":[4,13,4.5,15]},"up":{"texture":"#0","uv":[3,15.5,2.5,14.5]},"west":{"texture":"#0","uv":[11.5,3,12.5,5]}},"from":[9.5,4,4.91591],"rotation":{"angle":22.5,"axis":"z","origin":[10,7.5,5.91591]},"to":[10.5,8,6.91591]},{"faces":{"down":{"texture":"#0","uv":[6,14.5,5.5,15.5]},"east":{"texture":"#0","uv":[11.5,5,12.5,7]},"north":{"texture":"#0","uv":[6.5,13.5,7,15.5]},"south":{"texture":"#0","uv":[7,13.5,7.5,15.5]},"up":{"texture":"#0","uv":[4,15.5,3.5,14.5]},"west":{"texture":"#0","uv":[5.5,11.5,6.5,13.5]}},"from":[9.82809,3.07914,4.86591],"rotation":{"angle":22.5,"axis":"z","origin":[8,6.11418,5.91591]},"to":[10.92809,7.17914,6.96591]},{"faces":{"down":{"texture":"#0","uv":[9,14.5,8.5,15.5]},"east":{"texture":"#0","uv":[8.5,11.5,9.5,13.5]},"north":{"texture":"#0","uv":[12.5,13.5,13,15.5]},"south":{"texture":"#0","uv":[13,13.5,13.5,15.5]},"up":{"texture":"#0","uv":[8.5,15.5,8,14.5]},"west":{"texture":"#0","uv":[9.5,11.5,10.5,13.5]}},"from":[5.07191,3.07914,4.86591],"rotation":{"angle":-22.5,"axis":"z","origin":[8,6.11418,5.91591]},"to":[6.17191,7.17914,6.96591]},{"faces":{"down":{"texture":"#0","uv":[8,14.5,7.5,15.5]},"east":{"texture":"#0","uv":[6.5,11.5,7.5,13.5]},"north":{"texture":"#0","uv":[9.5,13.5,10,15.5]},"south":{"texture":"#0","uv":[10,13.5,10.5,15.5]},"up":{"texture":"#0","uv":[6.5,15.5,6,14.5]},"west":{"texture":"#0","uv":[7.5,11.5,8.5,13.5]}},"from":[5.5,4,4.91591],"rotation":{"angle":-22.5,"axis":"z","origin":[6,7.5,5.91591]},"to":[6.5,8,6.91591]},{"faces":{"down":{"texture":"#0","uv":[14.5,9,12,9.5]},"east":{"texture":"#0","uv":[11.5,7,12,8]},"north":{"texture":"#0","uv":[3,9,5.5,10]},"south":{"texture":"#0","uv":[9,4,11.5,5]},"up":{"texture":"#0","uv":[14.5,9,12,8.5]},"west":{"texture":"#0","uv":[14,11.5,14.5,12.5]}},"from":[2,8,6.91591],"rotation":{"angle":-22.5,"axis":"z","origin":[5.75,8.25,7.41591]},"to":[7,10,7.91591]},{"faces":{"down":{"texture":"#0","uv":[11.5,13,10.5,14]},"east":{"texture":"#0","uv":[13,4.5,14,5.5]},"north":{"texture":"#0","uv":[4.5,13,5.5,14]},"south":{"texture":"#0","uv":[13,5.5,14,6.5]},"up":{"texture":"#0","uv":[14,10.5,13,9.5]},"west":{"texture":"#0","uv":[13,7,14,8]}},"from":[4,7.5,6.41591],"rotation":{"angle":-22.5,"axis":"z","origin":[5.75,8.25,7.41591]},"to":[6,9.5,8.41591]},{"faces":{"down":{"texture":"#0","uv":[6.5,13.5,5.5,14.5]},"east":{"texture":"#0","uv":[13,11.5,14,12.5]},"north":{"texture":"#0","uv":[13,10.5,14,11.5]},"south":{"texture":"#0","uv":[13,12.5,14,13.5]},"up":{"texture":"#0","uv":[4,14.5,3,13.5]},"west":{"texture":"#0","uv":[2,13.5,3,14.5]}},"from":[10,7.5,6.41591],"rotation":{"angle":22.5,"axis":"z","origin":[10.25,8.25,7.41591]},"to":[12,9.5,8.41591]},{"faces":{"down":{"texture":"#0","uv":[15,1,13,1.5]},"east":{"texture":"#0","uv":[14.5,13,15,13.5]},"north":{"texture":"#0","uv":[12.5,6.5,14.5,7]},"south":{"texture":"#0","uv":[13,0,15,0.5]},"up":{"texture":"#0","uv":[15,1,13,0.5]},"west":{"texture":"#0","uv":[13.5,14.5,14,15]}},"from":[3,7,6.91591],"rotation":{"angle":-22.5,"axis":"z","origin":[5.75,8.25,7.41591]},"to":[7,8,7.91591]},{"faces":{"down":{"texture":"#1","uv":[13,0.5,11,0.5]},"east":{"texture":"#1","uv":[14.5,13,15,13.5]},"north":{"texture":"#1","uv":[11,0,13,6.5]},"south":{"texture":"#1","uv":[13,0,11,6.5]},"up":{"texture":"#1","uv":[13,0,11,0]},"west":{"texture":"#1","uv":[13.5,14.5,14,15]}},"from":[2.13739,-3.57978,7.41591],"rotation":{"angle":0,"axis":"y","origin":[4.38739,6.92022,7.41591]},"to":[6.13739,9.42022,7.41591]},{"faces":{"down":{"texture":"#1","uv":[11,0.5,13,0.5]},"east":{"texture":"#1","uv":[14,14.5,13.5,15]},"north":{"texture":"#1","uv":[13.5,0,15.5,6.5]},"south":{"texture":"#1","uv":[15.5,0,13.5,6.5]},"up":{"texture":"#1","uv":[11,0,13,0]},"west":{"texture":"#1","uv":[15,13,14.5,13.5]}},"from":[9.86261,-3.57978,7.41591],"rotation":{"angle":0,"axis":"y","origin":[11.61261,6.92022,7.41591]},"to":[13.86261,9.42022,7.41591]},{"faces":{"down":{"texture":"#0","uv":[15,3,12.5,3.5]},"east":{"texture":"#0","uv":[14,12.5,14.5,13.5]},"north":{"texture":"#0","uv":[9,5,11.5,6]},"south":{"texture":"#0","uv":[9,6,11.5,7]},"up":{"texture":"#0","uv":[4.5,13,2,12.5]},"west":{"texture":"#0","uv":[2,14.5,2.5,15.5]}},"from":[9,8,6.91591],"rotation":{"angle":22.5,"axis":"z","origin":[10.25,8.25,7.41591]},"to":[14,10,7.91591]},{"faces":{"down":{"texture":"#0","uv":[15,2.5,13,3]},"east":{"texture":"#0","uv":[14.5,13.5,15,14]},"north":{"texture":"#0","uv":[13,1.5,15,2]},"south":{"texture":"#0","uv":[2,13,4,13.5]},"up":{"texture":"#0","uv":[15,2.5,13,2]},"west":{"texture":"#0","uv":[14,14.5,14.5,15]}},"from":[9,7,6.91591],"rotation":{"angle":22.5,"axis":"z","origin":[10.25,8.25,7.41591]},"to":[13,8,7.91591]},{"faces":{"down":{"texture":"#1","uv":[1.5,0,5,0]},"east":{"texture":"#1","uv":[1.5,0,1.5,3.5]},"north":{"texture":"#1","uv":[7.5,0,6,8]},"south":{"texture":"#1","uv":[7.5,0,6,8]},"up":{"texture":"#1","uv":[1.5,0,5,0]},"west":{"texture":"#1","uv":[1.5,0,1.5,3.5]}},"from":[6.27164,-13.5,8.85195],"rotation":{"angle":-22.5,"axis":"x","origin":[12.77164,7.5,-1.14805]},"to":[9.27164,2.5,8.85195]},{"faces":{"down":{"rotation":270,"texture":"#1","uv":[5,0,1.5,0]},"east":{"texture":"#1","uv":[3,0,1.5,8]},"north":{"texture":"#1","uv":[1.5,0,1.5,3.5]},"south":{"texture":"#1","uv":[1.5,0,1.5,3.5]},"up":{"rotation":90,"texture":"#1","uv":[5,0,1.5,0]},"west":{"texture":"#1","uv":[3,0,1.5,8]}},"from":[11,-6.5,8.5],"rotation":{"angle":-22.5,"axis":"x","origin":[11,1.5,16]},"to":[11,9.5,11.5]},{"faces":{"down":{"rotation":270,"texture":"#1","uv":[5,0,1.5,0]},"east":{"texture":"#1","uv":[0,0,1.5,8]},"north":{"texture":"#1","uv":[1.5,0,1.5,3.5]},"south":{"texture":"#1","uv":[1.5,0,1.5,3.5]},"up":{"rotation":90,"texture":"#1","uv":[5,0,1.5,0]},"west":{"texture":"#1","uv":[0,0,1.5,8]}},"from":[5,-6.5,8.5],"rotation":{"angle":-22.5,"axis":"x","origin":[5,1.5,16]},"to":[5,9.5,11.5]}],"gui_light":"front","texture_size":[32,32],"textures":{"0":"civilization:item/tools/evoker_wand/frostbite/default","1":"civilization:item/tools/evoker_wand/frostbite/anim","particle":"civilization:item/tools/evoker_wand/frostbite/default"}}