{"textures":{"0":"modelengine:entity/lr_yeti_icespikes","particle":"#0"},"elements":[{"from":[7.0,-15.5,6.0],"to":[9.0,7.5,10.5],"faces":{"east":{"uv":[0.0,0.0,2.25,11.5],"tintindex":0,"rotation":0,"texture":"#0"},"south":{"uv":[8.0,0.0,9.0,11.5],"tintindex":0,"rotation":0,"texture":"#0"},"north":{"uv":[7.0,0.0,8.0,11.5],"tintindex":0,"rotation":0,"texture":"#0"},"west":{"uv":[2.25,0.0,4.5,11.5],"tintindex":0,"rotation":0,"texture":"#0"},"up":{"uv":[12.75,9.25,11.75,7.0],"tintindex":0,"rotation":0,"texture":"#0"},"down":{"uv":[12.75,9.25,11.75,11.5],"tintindex":0,"rotation":0,"texture":"#0"}}},{"from":[5.5,-15.5,5.0],"to":[8.5,-8.5,9.5],"faces":{"east":{"uv":[10.25,0.0,12.5,3.5],"tintindex":0,"rotation":0,"texture":"#0"},"south":{"uv":[10.25,10.5,11.75,14.0],"tintindex":0,"rotation":0,"texture":"#0"},"north":{"uv":[10.25,7.0,11.75,10.5],"tintindex":0,"rotation":0,"texture":"#0"},"west":{"uv":[10.25,3.5,12.5,7.0],"tintindex":0,"rotation":0,"texture":"#0"},"up":{"uv":[1.5,13.75,0.0,11.5],"tintindex":0,"rotation":0,"texture":"#0"},"down":{"uv":[3.0,11.5,1.5,13.75],"tintindex":0,"rotation":0,"texture":"#0"}}},{"from":[8.0,-15.5,4.5],"to":[10.5,-2.5,9.5],"faces":{"east":{"uv":[4.5,0.0,7.0,6.5],"tintindex":0,"rotation":0,"texture":"#0"},"south":{"uv":[9.0,6.5,10.25,13.0],"tintindex":0,"rotation":0,"texture":"#0"},"north":{"uv":[9.0,0.0,10.25,6.5],"tintindex":0,"rotation":0,"texture":"#0"},"west":{"uv":[4.5,6.5,7.0,13.0],"tintindex":0,"rotation":0,"texture":"#0"},"up":{"uv":[4.25,14.0,3.0,11.5],"tintindex":0,"rotation":0,"texture":"#0"},"down":{"uv":[8.25,11.5,7.0,14.0],"tintindex":0,"rotation":0,"texture":"#0"}}}],"display":{"head":{"rotation":[0.0,0.0,0.0]},"firstperson_righthand":{"rotation":[0.0,0.0,0.0]},"thirdperson_lefthand":{"rotation":[0.0,-0.0,-0.0]},"firstperson_lefthand":{"rotation":[0.0,-0.0,-0.0]},"fixed":{"rotation":[0.0,0.0,0.0]},"ground":{"rotation":[0.0,0.0,0.0]},"thirdperson_righthand":{"rotation":[0.0,0.0,0.0]},"gui":{"rotation":[-150.0,-45.0,180.0]}}}