{"display":{"firstperson_lefthand":{"rotation":[2,-10,0.5],"scale":[0.75,0.75,0.75],"translation":[1.25,5,-0.75]},"firstperson_righthand":{"rotation":[2,-10,0.5],"scale":[0.75,0.75,0.75],"translation":[1.5,5,-0.75]},"fixed":{"rotation":[90,-45,180],"scale":[0.7,0.7,0.7],"translation":[-2,-1.5,-4.5]},"ground":{"rotation":[10,0,20],"scale":[0.5,0.5,0.5],"translation":[-0.5,4,0]},"gui":{"rotation":[-90,135,180],"scale":[0.6,0.6,0.6],"translation":[1.75,-1.5,0]},"head":{"scale":[1.2,1.2,1.2],"translation":[0,-3,0]},"thirdperson_lefthand":{"rotation":[0,-3,0],"scale":[0.75,0.75,0.75],"translation":[0,4.5,0]},"thirdperson_righthand":{"rotation":[0,-3,0],"scale":[0.75,0.75,0.75],"translation":[0,4.5,0]}},"elements":[{"faces":{"down":{"texture":"#0","uv":[3,4.5,2.25,7.75]},"east":{"texture":"#0","uv":[6,0.75,9.25,1.25]},"north":{"texture":"#0","uv":[4.5,4,5.25,4.5]},"south":{"texture":"#0","uv":[7.25,3.5,8,4]},"up":{"texture":"#0","uv":[2.25,7.75,1.5,4.5]},"west":{"texture":"#0","uv":[6,1.25,9.25,1.75]}},"from":[6.32322,2,5.26178],"rotation":{"angle":0,"axis":"y","origin":[-0.17678,0,1.26178]},"to":[9.32322,4,18.26178]},{"faces":{"down":{"texture":"#0","uv":[9.25,3.25,8.25,3.5]},"east":{"texture":"#0","uv":[1.25,11.5,1.5,12.75]},"north":{"texture":"#0","uv":[6.75,6.25,7.75,7.5]},"south":{"texture":"#0","uv":[7.25,2.25,8.25,3.5]},"up":{"texture":"#0","uv":[9.25,0.75,8.25,0.5]},"west":{"texture":"#0","uv":[6.5,11.5,6.75,12.75]}},"from":[5.82322,-0.5,18.26178],"rotation":{"angle":0,"axis":"y","origin":[0.32322,-0.5,1.26178]},"to":[9.82322,4.5,19.26178]},{"faces":{"down":{"texture":"#0","uv":[6,6.25,5.25,8]},"east":{"texture":"#0","uv":[0,0,1.75,0]},"north":{"texture":"#0","uv":[0,0,0.75,0]},"south":{"texture":"#0","uv":[0,0,0.75,0]},"up":{"texture":"#0","uv":[5.25,8,4.5,6.25]},"west":{"texture":"#0","uv":[0,0,1.75,0]}},"from":[3.32322,2.5,8.26178],"rotation":{"angle":0,"axis":"y","origin":[-0.17678,-0.5,1.26178]},"to":[6.32322,2.5,15.26178]},{"faces":{"down":{"texture":"#0","uv":[0.75,6.75,0,8.5]},"east":{"texture":"#0","uv":[0,0,1.75,0]},"north":{"texture":"#0","uv":[0,0,0.75,0]},"south":{"texture":"#0","uv":[0,0,0.75,0]},"up":{"texture":"#0","uv":[6.75,8,6,6.25]},"west":{"texture":"#0","uv":[0,0,1.75,0]}},"from":[9.32322,2.5,8.26178],"rotation":{"angle":0,"axis":"y","origin":[5.82322,-0.5,1.26178]},"to":[12.32322,2.5,15.26178]},{"faces":{"down":{"texture":"#0","uv":[0.25,0,0,0]},"east":{"texture":"#0","uv":[0,0,0,0.5]},"north":{"texture":"#0","uv":[2.75,7.75,3,8.25]},"south":{"texture":"#0","uv":[10.25,4.25,10.5,4.75]},"up":{"texture":"#0","uv":[0.25,0,0,0]},"west":{"texture":"#0","uv":[0,0,0,0.5]}},"from":[7.32322,4,15.51178],"rotation":{"angle":0,"axis":"y","origin":[-0.17678,2,10.51178]},"to":[8.32322,6,15.51178]},{"faces":{"down":{"texture":"#0","uv":[8.75,9.5,8.5,9.75]},"east":{"texture":"#0","uv":[0,0,0.25,0]},"north":{"texture":"#0","uv":[0,0,0.25,0]},"south":{"texture":"#0","uv":[0,0,0.25,0]},"up":{"texture":"#0","uv":[9.5,3.5,9.25,3.25]},"west":{"texture":"#0","uv":[0,0,0.25,0]}},"from":[7.32322,6,14.51178],"rotation":{"angle":0,"axis":"y","origin":[-0.17678,2,10.51178]},"to":[8.32322,6,15.51178]},{"faces":{"down":{"texture":"#0","uv":[0,0,0,0.25]},"east":{"texture":"#0","uv":[6.5,9,6.75,9.75]},"north":{"texture":"#0","uv":[0,0,0,0.75]},"south":{"texture":"#0","uv":[0,0,0,0.75]},"up":{"texture":"#0","uv":[0,0.25,0,0]},"west":{"texture":"#0","uv":[12,9.25,12.25,10]}},"from":[7.82322,-0.75,6.01178],"rotation":{"angle":0,"axis":"y","origin":[7.82322,1.25,8.01178]},"to":[7.82322,2.25,7.01178]},{"faces":{"down":{"texture":"#0","uv":[12,5.75,11.5,6.25]},"east":{"texture":"#0","uv":[1.5,10,2,11.25]},"north":{"texture":"#0","uv":[6.25,9.75,6.75,11]},"south":{"texture":"#0","uv":[2,10,2.5,11.25]},"up":{"texture":"#0","uv":[10.75,0.5,10.25,0]},"west":{"texture":"#0","uv":[10,4.75,10.5,6]}},"from":[6.82322,-2,7.26178],"rotation":{"angle":-22.5,"axis":"x","origin":[7.82322,1,8.26178]},"to":[8.82322,3,9.26178]},{"faces":{"down":{"texture":"#0","uv":[0.5,8.5,0.25,12]},"east":{"texture":"#0","uv":[0,0,3.5,0]},"north":{"texture":"#0","uv":[0,0,0.25,0]},"south":{"texture":"#0","uv":[0,0,0.25,0]},"up":{"texture":"#0","uv":[0.25,12,0,8.5]},"west":{"texture":"#0","uv":[0,0,3.5,0]}},"from":[3.78869,4.199,2.76914],"rotation":{"angle":45,"axis":"y","origin":[4.28869,4.199,11.26914]},"to":[4.78869,4.199,16.76914]},{"faces":{"down":{"texture":"#0","uv":[7,8.75,6.75,12.25]},"east":{"texture":"#0","uv":[0,0,3.5,0]},"north":{"texture":"#0","uv":[0,0,0.25,0]},"south":{"texture":"#0","uv":[0,0,0.25,0]},"up":{"texture":"#0","uv":[0.75,12,0.5,8.5]},"west":{"texture":"#0","uv":[0,0,3.5,0]}},"from":[10.85975,4.199,2.76914],"rotation":{"angle":-45,"axis":"y","origin":[11.35975,4.199,11.26914]},"to":[11.85975,4.199,16.76914]},{"faces":{"down":{"texture":"#0","uv":[5.25,4.5,3,5.5]},"east":{"texture":"#0","uv":[11.75,3.25,12.75,3.5]},"north":{"texture":"#0","uv":[9.75,8.75,12,9]},"south":{"texture":"#0","uv":[9.75,9,12,9.25]},"up":{"texture":"#0","uv":[6.75,3.25,4.5,2.25]},"west":{"texture":"#0","uv":[11.75,3.5,12.75,3.75]}},"from":[3.32322,1,-1.73822],"rotation":{"angle":0,"axis":"y","origin":[-0.67678,0,1.26178]},"to":[12.32322,2,2.26178]},{"faces":{"down":{"texture":"#0","uv":[5.75,11.75,5.5,12.75]},"east":{"texture":"#0","uv":[8.75,6.75,9.75,7.5]},"north":{"texture":"#0","uv":[12,10,12.25,10.75]},"south":{"texture":"#0","uv":[12,10.75,12.25,11.5]},"up":{"texture":"#0","uv":[12,5.25,11.75,4.25]},"west":{"texture":"#0","uv":[7,8.75,8,9.5]}},"from":[3.32322,2,-1.73822],"rotation":{"angle":0,"axis":"y","origin":[-6.67678,0,1.26178]},"to":[4.32322,5,2.26178]},{"faces":{"down":{"texture":"#0","uv":[11,10.75,9.25,11]},"east":{"texture":"#0","uv":[8.75,9.5,9,9.75]},"north":{"texture":"#0","uv":[2.75,8.25,4.5,8.5]},"south":{"texture":"#0","uv":[10.5,3.75,12.25,4]},"up":{"texture":"#0","uv":[9.25,11,7.5,10.75]},"west":{"texture":"#0","uv":[1.5,9.75,1.75,10]}},"from":[4.32322,3.5,-0.23822],"rotation":{"angle":0,"axis":"y","origin":[-6.67678,0.5,2.76178]},"to":[11.32322,4.5,0.76178]},{"faces":{"down":{"texture":"#0","uv":[7.25,11.75,7,12.75]},"east":{"texture":"#0","uv":[8,8.75,9,9.5]},"north":{"texture":"#0","uv":[11,12,11.25,12.75]},"south":{"texture":"#0","uv":[11.25,12,11.5,12.75]},"up":{"texture":"#0","uv":[6,12.75,5.75,11.75]},"west":{"texture":"#0","uv":[0.75,9,1.75,9.75]}},"from":[11.32322,2,-1.73822],"rotation":{"angle":0,"axis":"y","origin":[1.32322,0,1.26178]},"to":[12.32322,5,2.26178]},{"faces":{"down":{"texture":"#0","uv":[4.5,6.25,3.75,8.25]},"east":{"texture":"#0","uv":[8,4.75,10,5.25]},"north":{"texture":"#0","uv":[10.75,9.25,11.5,9.75]},"south":{"texture":"#0","uv":[10.75,10,11.5,10.5]},"up":{"texture":"#0","uv":[3.75,8.25,3,6.25]},"west":{"texture":"#0","uv":[8,5.25,10,5.75]}},"from":[6.32322,0,-2.73822],"rotation":{"angle":0,"axis":"y","origin":[-0.17678,1,0.26178]},"to":[9.32322,2,5.26178]},{"faces":{"down":{"texture":"#0","uv":[6.75,11,6,11.5]},"east":{"texture":"#0","uv":[11,2.25,11.5,3]},"north":{"texture":"#0","uv":[10,0.5,10.75,1.25]},"south":{"texture":"#0","uv":[7,10,7.75,10.75]},"up":{"texture":"#0","uv":[3.75,11.5,3,11]},"west":{"texture":"#0","uv":[2.5,11,3,11.75]}},"from":[6.32422,-0.26156,4.39666],"rotation":{"angle":45,"axis":"x","origin":[7.82322,1.23744,6.14566]},"to":[9.32222,2.73644,6.39466]},{"faces":{"down":{"rotation":270,"texture":"#0","uv":[2.5,9,1.75,10]},"east":{"texture":"#0","uv":[0,0,0.75,0]},"north":{"texture":"#0","uv":[0,0,1,0]},"south":{"texture":"#0","uv":[0,0,1,0]},"up":{"rotation":90,"texture":"#0","uv":[1.5,7.75,0.75,6.75]},"west":{"texture":"#0","uv":[0,0,0.75,0]}},"from":[15.17219,3,1.46137],"rotation":{"angle":22.5,"axis":"y","origin":[11.90443,2,0.4865]},"to":[19.17219,3,4.46137]},{"faces":{"down":{"rotation":270,"texture":"#0","uv":[0,0,0,1]},"east":{"texture":"#0","uv":[0,0,0,0.75]},"north":{"texture":"#0","uv":[3.5,9,4.5,9.75]},"south":{"texture":"#0","uv":[2.5,9,3.5,9.75]},"up":{"rotation":90,"texture":"#0","uv":[0,1,0,0]},"west":{"texture":"#0","uv":[0,0,0,0.75]}},"from":[15.17219,1.5,2.96137],"rotation":{"angle":22.5,"axis":"y","origin":[11.90443,2.5,0.4865]},"to":[19.17219,4.5,2.96137]},{"faces":{"down":{"rotation":270,"texture":"#0","uv":[4.5,10.75,4,11.75]},"east":{"texture":"#0","uv":[11.75,5.25,12.25,5.75]},"north":{"texture":"#0","uv":[10.5,5.75,11.5,6.25]},"south":{"texture":"#0","uv":[9.75,9.25,10.75,9.75]},"up":{"rotation":90,"texture":"#0","uv":[7.25,3.25,6.75,2.25]},"west":{"texture":"#0","uv":[11.75,6.25,12.25,6.75]}},"from":[11.17219,2,-0.53863],"rotation":{"angle":22.5,"axis":"y","origin":[11.90443,3,0.4865]},"to":[15.17219,4,1.46137]},{"faces":{"down":{"rotation":270,"texture":"#0","uv":[10.25,2.75,8.25,3.25]},"east":{"texture":"#0","uv":[8,5.75,10,6.25]},"north":{"texture":"#0","uv":[7.75,11.75,8.25,12.25]},"south":{"texture":"#0","uv":[7.25,11.75,7.75,12.25]},"up":{"rotation":90,"texture":"#0","uv":[10.25,2.75,8.25,2.25]},"west":{"texture":"#0","uv":[8.25,0,10.25,0.5]}},"from":[13.17219,2,1.46137],"rotation":{"angle":22.5,"axis":"y","origin":[11.90443,3,0.4865]},"to":[15.17219,4,9.46137]},{"faces":{"down":{"rotation":270,"texture":"#0","uv":[0.5,12,0,12.5]},"east":{"texture":"#0","uv":[8.25,11.75,8.75,12.25]},"north":{"texture":"#0","uv":[9.75,11.75,10.25,12.25]},"south":{"texture":"#0","uv":[8.75,11.75,9.25,12.25]},"up":{"rotation":90,"texture":"#0","uv":[10.75,12.25,10.25,11.75]},"west":{"texture":"#0","uv":[9.25,11.75,9.75,12.25]}},"from":[12.92219,1.75,6.21137],"rotation":{"angle":22.5,"axis":"y","origin":[11.90443,3,0.4865]},"to":[15.42219,4.25,8.71137]},{"faces":{"down":{"rotation":270,"texture":"#0","uv":[12.5,8.25,9.75,8.5]},"east":{"texture":"#0","uv":[4.5,3.25,7.25,4]},"north":{"texture":"#0","uv":[0.75,12.25,1,13]},"south":{"texture":"#0","uv":[12,11.5,12.25,12.25]},"up":{"rotation":90,"texture":"#0","uv":[12.5,7.5,9.75,7.25]},"west":{"texture":"#0","uv":[5.25,4,8,4.75]}},"from":[14.67219,1.5,-1.03863],"rotation":{"angle":22.5,"axis":"y","origin":[11.90443,2.5,0.4865]},"to":[15.67219,4.5,9.96137]},{"faces":{"down":{"rotation":270,"texture":"#0","uv":[3.5,12.25,3.25,13]},"east":{"texture":"#0","uv":[1,12.25,1.25,13]},"north":{"texture":"#0","uv":[8.5,10,9.25,10.75]},"south":{"texture":"#0","uv":[7.75,10,8.5,10.75]},"up":{"rotation":90,"texture":"#0","uv":[3.25,13,3,12.25]},"west":{"texture":"#0","uv":[12.25,2.5,12.5,3.25]}},"from":[11.67219,1.5,8.96137],"rotation":{"angle":22.5,"axis":"y","origin":[11.90443,2.5,0.4865]},"to":[14.67219,4.5,9.96137]},{"faces":{"down":{"rotation":90,"texture":"#0","uv":[0,0,0,1]},"east":{"texture":"#0","uv":[0,0,0,0.75]},"north":{"texture":"#0","uv":[4.5,9,5.5,9.75]},"south":{"texture":"#0","uv":[5.5,9,6.5,9.75]},"up":{"rotation":270,"texture":"#0","uv":[0,1,0,0]},"west":{"texture":"#0","uv":[0,0,0,0.75]}},"from":[-3.30698,1.5,2.87206],"rotation":{"angle":-22.5,"axis":"y","origin":[3.62868,3,-0.09913]},"to":[0.69302,4.5,2.87206]},{"faces":{"down":{"rotation":90,"texture":"#0","uv":[10,0.5,9.25,1.5]},"east":{"texture":"#0","uv":[0,0,0.75,0]},"north":{"texture":"#0","uv":[0,0,1,0]},"south":{"texture":"#0","uv":[0,0,1,0]},"up":{"rotation":270,"texture":"#0","uv":[9.75,9.75,9,8.75]},"west":{"texture":"#0","uv":[0,0,0.75,0]}},"from":[-3.30698,3,1.37206],"rotation":{"angle":-22.5,"axis":"y","origin":[3.62868,3,-0.09913]},"to":[0.69302,3,4.37206]},{"faces":{"down":{"rotation":90,"texture":"#0","uv":[2.5,12,2,12.5]},"east":{"texture":"#0","uv":[12,1,12.5,1.5]},"north":{"texture":"#0","uv":[12,0.5,12.5,1]},"south":{"texture":"#0","uv":[1.5,12,2,12.5]},"up":{"rotation":270,"texture":"#0","uv":[12.5,2,12,1.5]},"west":{"texture":"#0","uv":[12,0,12.5,0.5]}},"from":[0.44302,1.75,6.12206],"rotation":{"angle":-22.5,"axis":"y","origin":[3.62868,3,-0.09913]},"to":[2.94302,4.25,8.62206]},{"faces":{"down":{"rotation":90,"texture":"#0","uv":[0.75,12,0.5,13]},"east":{"texture":"#0","uv":[3.75,12.25,4,13]},"north":{"texture":"#0","uv":[9.25,7.5,10,8.25]},"south":{"texture":"#0","uv":[9.75,3.25,10.5,4]},"up":{"rotation":270,"texture":"#0","uv":[11,12.75,10.75,11.75]},"west":{"texture":"#0","uv":[3.5,12.25,3.75,13]}},"from":[1.19302,1.5,8.87206],"rotation":{"angle":-22.5,"axis":"y","origin":[3.62868,3,-0.09913]},"to":[4.19302,4.5,9.87206]},{"faces":{"down":{"rotation":90,"texture":"#0","uv":[12.5,8.5,9.75,8.75]},"east":{"texture":"#0","uv":[3,5.5,5.75,6.25]},"north":{"texture":"#0","uv":[6,12.25,6.25,13]},"south":{"texture":"#0","uv":[6.25,12.25,6.5,13]},"up":{"rotation":270,"texture":"#0","uv":[11.25,10,8.5,9.75]},"west":{"texture":"#0","uv":[5.25,4.75,8,5.5]}},"from":[0.19302,1.5,-1.12794],"rotation":{"angle":-22.5,"axis":"y","origin":[3.62868,3,-0.09913]},"to":[1.19302,4.5,9.87206]},{"faces":{"down":{"rotation":90,"texture":"#0","uv":[10.75,6.25,8.75,6.75]},"east":{"texture":"#0","uv":[2.75,8.5,4.75,9]},"north":{"texture":"#0","uv":[12,2,12.5,2.5]},"south":{"texture":"#0","uv":[12,4.25,12.5,4.75]},"up":{"rotation":270,"texture":"#0","uv":[6.75,9,4.75,8.5]},"west":{"texture":"#0","uv":[7.75,8.25,9.75,8.75]}},"from":[0.69302,2,1.37206],"rotation":{"angle":-22.5,"axis":"y","origin":[3.62868,3,-0.09913]},"to":[2.69302,4,9.37206]},{"faces":{"down":{"rotation":90,"texture":"#0","uv":[7.5,10.75,7,11.75]},"east":{"texture":"#0","uv":[12,4.75,12.5,5.25]},"north":{"texture":"#0","uv":[4.5,10.75,5.5,11.25]},"south":{"texture":"#0","uv":[10.75,6.25,11.75,6.75]},"up":{"rotation":270,"texture":"#0","uv":[6,11.75,5.5,10.75]},"west":{"texture":"#0","uv":[4.5,12,5,12.5]}},"from":[0.69302,2,-0.62794],"rotation":{"angle":-22.5,"axis":"y","origin":[3.62868,3,-0.09913]},"to":[4.69302,4,1.37206]},{"faces":{"down":{"texture":"#0","uv":[3,0,1.5,2.25]},"east":{"texture":"#0","uv":[5.75,5.5,8,6.25]},"north":{"texture":"#0","uv":[7.75,7.5,9.25,8.25]},"south":{"texture":"#0","uv":[8,3.5,9.5,4.25]},"up":{"texture":"#0","uv":[1.5,2.25,0,0]},"west":{"texture":"#0","uv":[6,0,8.25,0.75]}},"from":[10.82322,2.52141,-4.97678],"name":"in","rotation":{"angle":22.5,"axis":"x","origin":[13.82322,3.52402,3.98882]},"to":[4.82322,5.52141,4.02322]},{"faces":{"down":{"texture":"#0","uv":[3,0,1.5,2.25]},"east":{"texture":"#0","uv":[5.75,5.5,8,6.25]},"north":{"texture":"#0","uv":[7.75,7.5,9.25,8.25]},"south":{"texture":"#0","uv":[8,3.5,9.5,4.25]},"up":{"texture":"#0","uv":[1.5,2.25,0,0]},"west":{"texture":"#0","uv":[6,0,8.25,0.75]}},"from":[4.82222,2.52041,-4.97778],"name":"out","rotation":{"angle":22.5,"axis":"x","origin":[7.82322,3.52402,3.98882]},"to":[10.82422,5.52241,4.02422]},{"faces":{"down":{"texture":"#0","uv":[3,2.25,1.5,4.5]},"east":{"texture":"#0","uv":[0,0,2.25,0]},"north":{"texture":"#0","uv":[0,0,1.5,0]},"south":{"texture":"#0","uv":[0,0,1.5,0]},"up":{"texture":"#0","uv":[1.5,4.5,0,2.25]},"west":{"texture":"#0","uv":[0,0,2.25,0]}},"from":[4.82322,4.42141,-4.97678],"name":"head","rotation":{"angle":22.5,"axis":"x","origin":[7.82322,3.52402,3.98882]},"to":[10.82322,4.42141,4.02322]},{"faces":{"down":{"texture":"#0","uv":[9,11,8.5,11.75]},"east":{"texture":"#0","uv":[9.25,10,10,10.75]},"north":{"texture":"#0","uv":[7.5,11,8,11.75]},"south":{"texture":"#0","uv":[11,7.5,11.5,8.25]},"up":{"texture":"#0","uv":[8.5,11.75,8,11]},"west":{"texture":"#0","uv":[10,10,10.75,10.75]}},"from":[4.83322,4.75238,-4.07245],"name":"left_eye","rotation":{"angle":22.5,"axis":"x","origin":[7.82322,3.52402,3.98882]},"to":[6.83322,7.75238,-1.07245]},{"faces":{"down":{"texture":"#0","uv":[11,11,10.5,11.75]},"east":{"texture":"#0","uv":[10.25,2.25,11,3]},"north":{"texture":"#0","uv":[9,11,9.5,11.75]},"south":{"texture":"#0","uv":[9.5,11,10,11.75]},"up":{"texture":"#0","uv":[10.5,11.75,10,11]},"west":{"texture":"#0","uv":[2.5,10.25,3.25,11]}},"from":[8.81322,4.75238,-4.07245],"name":"right_eye","rotation":{"angle":22.5,"axis":"x","origin":[7.82322,3.52402,3.98882]},"to":[10.81322,7.75238,-1.07245]},{"faces":{"east":{"texture":"#1","uv":[0,4,3,7]},"north":{"texture":"#1","uv":[3,4,5,7]},"west":{"texture":"#1","uv":[5,4,8,7]}},"from":[8.91322,4.60238,-3.97245],"name":"right_eye","rotation":{"angle":22.5,"axis":"x","origin":[7.82322,3.52402,3.98882]},"to":[10.71322,7.40238,-1.17245]},{"faces":{"east":{"texture":"#1","uv":[0,0,3,3]},"north":{"texture":"#1","uv":[3,0,5,3]},"west":{"texture":"#1","uv":[5,0,8,3]}},"from":[4.93322,4.60238,-3.97245],"name":"left_eye","rotation":{"angle":22.5,"axis":"x","origin":[7.82322,3.52402,3.98882]},"to":[6.73322,7.40238,-1.17245]},{"faces":{"down":{"texture":"#0","uv":[4.5,2.25,3,4.5]},"east":{"texture":"#0","uv":[8,4.25,10.25,4.75]},"north":{"texture":"#0","uv":[7,9.5,8.5,10]},"south":{"texture":"#0","uv":[2.5,9.75,4,10.25]},"up":{"texture":"#0","uv":[4.5,2.25,3,0]},"west":{"texture":"#0","uv":[4.5,8,6.75,8.5]}},"from":[10.82322,1.5,-4.98822],"name":"in","rotation":{"angle":0,"axis":"y","origin":[13.82322,3.52402,3.98882]},"to":[4.82322,3.5,4.01178]},{"faces":{"down":{"texture":"#0","uv":[4.5,2.25,3,4.5]},"east":{"texture":"#0","uv":[8,4.25,10.25,4.75]},"north":{"texture":"#0","uv":[7,9.5,8.5,10]},"south":{"texture":"#0","uv":[2.5,9.75,4,10.25]},"up":{"texture":"#0","uv":[4.5,2.25,3,0]},"west":{"texture":"#0","uv":[4.5,8,6.75,8.5]}},"from":[4.82222,1.499,-4.98922],"name":"out","rotation":{"angle":0,"axis":"y","origin":[7.82322,3.52402,3.98882]},"to":[10.82422,3.501,4.01278]},{"faces":{"down":{"texture":"#0","uv":[7.5,12.25,7.25,13]},"east":{"texture":"#0","uv":[10,1.25,10.75,1.5]},"north":{"texture":"#0","uv":[10,6,10.25,6.25]},"south":{"texture":"#0","uv":[10.25,3,10.5,3.25]},"up":{"texture":"#0","uv":[7,13,6.75,12.25]},"west":{"texture":"#0","uv":[12,8,12.75,8.25]}},"from":[7.32322,2.5,-5.98822],"name":"body","rotation":{"angle":0,"axis":"y","origin":[7.82322,3.52402,3.98882]},"to":[8.32322,3.5,-0.98822]},{"faces":{"down":{"texture":"#0","uv":[6,0,4.5,2.25]},"east":{"texture":"#0","uv":[0,0,2.25,0]},"north":{"texture":"#0","uv":[0,0,1.5,0]},"south":{"texture":"#0","uv":[0,0,1.5,0]},"up":{"texture":"#0","uv":[1.5,6.75,0,4.5]},"west":{"texture":"#0","uv":[0,0,2.25,0]}},"from":[4.82322,2.5,-4.98822],"name":"body","rotation":{"angle":0,"axis":"y","origin":[7.82322,3.52402,3.98882]},"to":[10.82322,2.5,4.01178]},{"faces":{"down":{"texture":"#0","uv":[12.5,5.75,12,6.25]},"east":{"texture":"#0","uv":[11.5,0,12,0.75]},"north":{"texture":"#0","uv":[11,11.25,11.5,12]},"south":{"texture":"#0","uv":[0.75,11.5,1.25,12.25]},"up":{"texture":"#0","uv":[5.5,12.5,5,12]},"west":{"texture":"#0","uv":[11.5,0.75,12,1.5]}},"from":[10.92322,0.36627,-5.16733],"name":"right_arm","rotation":{"angle":45,"axis":"x","origin":[11.42322,1.11127,-4.41733]},"to":[12.92322,3.36627,-3.16733]},{"faces":{"down":{"texture":"#0","uv":[1.75,7.75,0.75,9]},"east":{"texture":"#0","uv":[0,0,1.25,0]},"north":{"texture":"#0","uv":[0,0,1,0]},"south":{"texture":"#0","uv":[0,0,1,0]},"up":{"texture":"#0","uv":[7.75,8.75,6.75,7.5]},"west":{"texture":"#0","uv":[0,0,1.25,0]}},"from":[8.92322,0.35627,-7.16733],"name":"right_arm","rotation":{"angle":45,"axis":"x","origin":[11.42322,1.11127,-4.41733]},"to":[12.92322,0.35627,-2.16733]},{"faces":{"down":{"texture":"#0","uv":[12.5,8.75,12,9.25]},"east":{"texture":"#0","uv":[3,11.5,3.5,12.25]},"north":{"texture":"#0","uv":[11.5,1.75,12,2.5]},"south":{"texture":"#0","uv":[3.5,11.5,4,12.25]},"up":{"texture":"#0","uv":[12.5,8,12,7.5]},"west":{"texture":"#0","uv":[6,11.5,6.5,12.25]}},"from":[2.75,-0.03962,-4.22024],"name":"left_arm","rotation":{"angle":45,"axis":"x","origin":[7.92322,2.05157,-3.45382]},"to":[4.75,2.96038,-2.22024]},{"faces":{"down":{"texture":"#0","uv":[8.75,6.25,7.75,7.5]},"east":{"texture":"#0","uv":[0,0,1.25,0]},"north":{"texture":"#0","uv":[0,0,1,0]},"south":{"texture":"#0","uv":[0,0,1,0]},"up":{"texture":"#0","uv":[2.75,9,1.75,7.75]},"west":{"texture":"#0","uv":[0,0,1.25,0]}},"from":[2.75,-0.04962,-6.22024],"name":"left_arm","rotation":{"angle":45,"axis":"x","origin":[7.92322,2.05157,-3.45382]},"to":[6.75,-0.04962,-1.22024]},{"faces":{"down":{"texture":"#0","uv":[12,10.75,11.5,11.5]},"east":{"texture":"#0","uv":[10.5,5,11.25,5.75]},"north":{"texture":"#0","uv":[11.5,7.5,12,8.25]},"south":{"texture":"#0","uv":[11.5,9.25,12,10]},"up":{"texture":"#0","uv":[12,10.75,11.5,10]},"west":{"texture":"#0","uv":[10.75,0,11.5,0.75]}},"from":[3.32322,-0.12326,3.34621],"name":"left_leg","rotation":{"angle":22.5,"axis":"x","origin":[7.82322,3.52402,3.98882]},"to":[5.32322,2.87674,6.34621]},{"faces":{"down":{"texture":"#0","uv":[4.75,9.75,4,10.75]},"east":{"texture":"#0","uv":[0,0,1,0]},"north":{"texture":"#0","uv":[0,0,0.75,0]},"south":{"texture":"#0","uv":[0,0,0.75,0]},"up":{"texture":"#0","uv":[1.5,10.75,0.75,9.75]},"west":{"texture":"#0","uv":[0,0,1,0]}},"from":[1.32322,-0.13326,1.34621],"name":"left_leg","rotation":{"angle":22.5,"axis":"x","origin":[7.82322,3.52402,3.98882]},"to":[4.32322,-0.13326,5.34621]},{"faces":{"down":{"texture":"#0","uv":[4.5,11.75,4,12.5]},"east":{"texture":"#0","uv":[0.75,10.75,1.5,11.5]},"north":{"texture":"#0","uv":[11.5,11.5,12,12.25]},"south":{"texture":"#0","uv":[2.5,11.75,3,12.5]},"up":{"texture":"#0","uv":[12.25,3.25,11.75,2.5]},"west":{"texture":"#0","uv":[10.75,0.75,11.5,1.5]}},"from":[10.32322,-0.12326,3.34621],"name":"right_leg","rotation":{"angle":22.5,"axis":"x","origin":[7.82322,3.52402,3.98882]},"to":[12.32322,2.87674,6.34621]},{"faces":{"down":{"texture":"#0","uv":[6.25,9.75,5.5,10.75]},"east":{"texture":"#0","uv":[0,0,1,0]},"north":{"texture":"#0","uv":[0,0,0.75,0]},"south":{"texture":"#0","uv":[0,0,0.75,0]},"up":{"texture":"#0","uv":[5.5,10.75,4.75,9.75]},"west":{"texture":"#0","uv":[0,0,1,0]}},"from":[11.32322,-0.13326,1.34621],"name":"right_leg","rotation":{"angle":22.5,"axis":"x","origin":[7.82322,3.52402,3.98882]},"to":[14.32322,-0.13326,5.34621]}],"gui_light":"front","textures":{"0":"civilization:item/tools/frog_crossbow/default","1":"civilization:item/tools/frog_crossbow/anim","particle":"civilization:item/tools/frog_crossbow/default"}}