{"textures":{"1":"modelengine:entity/yin_yang_dragon","particle":"#1"},"elements":[{"from":[3.7970715,3.9912567,8.057747],"to":[12.202928,12.39711,21.507114],"faces":{"east":{"uv":[3.015,0.015,4.985,1.235],"tintindex":0,"rotation":0,"texture":"#1"},"south":{"uv":[1.515,5.515,2.735,6.735],"tintindex":0,"rotation":0,"texture":"#1"},"north":{"uv":[0.015,5.515,1.235,6.735],"tintindex":0,"rotation":0,"texture":"#1"},"west":{"uv":[3.015,1.515,4.985,2.735],"tintindex":0,"rotation":0,"texture":"#1"},"up":{"uv":[4.235,4.985,3.015,3.015],"tintindex":0,"rotation":0,"texture":"#1"},"down":{"uv":[5.735,3.015,4.515,4.985],"tintindex":0,"rotation":0,"texture":"#1"}}},{"from":[8.0,12.39711,8.057747],"to":[8.0,17.440624,21.507114],"faces":{"east":{"uv":[7.485,6.765,5.515,7.485],"tintindex":0,"rotation":0,"texture":"#1"},"west":{"uv":[5.515,6.765,7.485,7.485],"tintindex":0,"rotation":0,"texture":"#1"}}}],"display":{"head":{"rotation":[0.0,0.0,0.0]},"firstperson_righthand":{"rotation":[0.0,0.0,0.0]},"thirdperson_lefthand":{"rotation":[0.0,-0.0,-0.0]},"firstperson_lefthand":{"rotation":[0.0,-0.0,-0.0]},"fixed":{"rotation":[0.0,0.0,0.0]},"ground":{"rotation":[0.0,0.0,0.0]},"thirdperson_righthand":{"rotation":[0.0,0.0,0.0]},"gui":{"rotation":[-150.0,-45.0,180.0]}}}