{"textures":{"1":"modelengine:entity/yin_yang_dragon","particle":"#1"},"elements":[{"from":[0.43473053,8.028976,11.115898],"to":[8.840586,8.028976,27.927612],"faces":{"up":{"uv":[1.235,2.485,0.015,0.015],"tintindex":0,"rotation":0,"texture":"#1"},"down":{"uv":[1.235,0.015,0.015,2.485],"tintindex":0,"rotation":0,"texture":"#1"}}},{"from":[7.1594143,8.028976,11.115898],"to":[15.56527,8.028976,27.927612],"faces":{"up":{"uv":[0.015,2.485,1.235,0.015],"tintindex":0,"rotation":0,"texture":"#1"},"down":{"uv":[0.015,0.015,1.235,2.485],"tintindex":0,"rotation":0,"texture":"#1"}}},{"from":[4.637657,4.6666336,7.7535553],"to":[11.362343,11.391319,21.202927],"faces":{"east":{"uv":[5.265,0.015,7.235,0.985],"tintindex":0,"rotation":0,"texture":"#1"},"south":{"uv":[7.515,1.265,8.485,2.235],"tintindex":0,"rotation":0,"texture":"#1"},"north":{"uv":[7.515,0.015,8.485,0.985],"tintindex":0,"rotation":0,"texture":"#1"},"west":{"uv":[5.265,1.265,7.235,2.235],"tintindex":0,"rotation":0,"texture":"#1"},"up":{"uv":[3.985,7.235,3.015,5.265],"tintindex":0,"rotation":0,"texture":"#1"},"down":{"uv":[5.235,5.265,4.265,7.235],"tintindex":0,"rotation":0,"texture":"#1"}}},{"from":[8.0,11.391319,7.7535553],"to":[8.0,16.434834,21.202927],"faces":{"east":{"uv":[8.985,5.015,7.015,5.735],"tintindex":0,"rotation":0,"texture":"#1"},"west":{"uv":[7.015,5.015,8.985,5.735],"tintindex":0,"rotation":0,"texture":"#1"}}}],"display":{"head":{"rotation":[0.0,0.0,0.0]},"firstperson_righthand":{"rotation":[0.0,0.0,0.0]},"thirdperson_lefthand":{"rotation":[0.0,-0.0,-0.0]},"firstperson_lefthand":{"rotation":[0.0,-0.0,-0.0]},"fixed":{"rotation":[0.0,0.0,0.0]},"ground":{"rotation":[0.0,0.0,0.0]},"thirdperson_righthand":{"rotation":[0.0,0.0,0.0]},"gui":{"rotation":[-150.0,-45.0,180.0]}}}