{"display":{"firstperson_lefthand":{"rotation":[19,102,0],"scale":[0.5,0.5,0.5],"translation":[3.75,4,-3.5]},"firstperson_righthand":{"rotation":[19,-78,0],"scale":[0.5,0.5,0.5],"translation":[3.75,4,-3.5]},"fixed":{"scale":[0.4,0.4,0.4],"translation":[0,0,-0.75]},"ground":{"rotation":[-70,0,-25],"scale":[0.4,0.4,0.4],"translation":[0,3,0]},"gui":{"rotation":[0,0,-45],"scale":[0.38,0.38,0.38],"translation":[-1.25,1.25,-0.75]},"thirdperson_lefthand":{"rotation":[0,90,0],"scale":[0.7,0.7,0.7],"translation":[0,-2,2.25]},"thirdperson_righthand":{"rotation":[0,-90,0],"scale":[0.7,0.7,0.7],"translation":[0,-2,2.25]}},"elements":[{"faces":{"down":{"rotation":90,"texture":"#1","uv":[0.625,5,0.5,6]},"east":{"texture":"#1","uv":[0.875,4.5,1,6.375]},"north":{"texture":"#1","uv":[2.25,0.875,3.25,2.75]},"south":{"texture":"#1","uv":[0,2.625,1,4.5]},"up":{"rotation":270,"texture":"#1","uv":[0.5,6,0.375,5]},"west":{"texture":"#1","uv":[3.25,0.875,3.375,2.75]}},"from":[7.28929,13.33751,7.499],"rotation":{"angle":-45,"axis":"z","origin":[9.27015,18.27992,8]},"to":[15.29129,28.33951,8.501]},{"faces":{"down":{"rotation":90,"texture":"#1","uv":[5,5.625,4.875,6]},"east":{"texture":"#1","uv":[3.625,5.375,3.75,6]},"north":{"texture":"#1","uv":[1,4.5,1.375,5.125]},"south":{"texture":"#1","uv":[1.375,4.5,1.75,5.125]},"up":{"rotation":270,"texture":"#1","uv":[5.75,4.5,5.625,4.125]},"west":{"texture":"#1","uv":[2,5.25,2.125,5.875]}},"from":[4.28929,6.33751,7.499],"rotation":{"angle":-45,"axis":"z","origin":[9.27015,18.27992,8]},"to":[7.29129,11.33951,8.501]},{"faces":{"down":{"rotation":90,"texture":"#1","uv":[0.625,5,0.5,6]},"east":{"texture":"#1","uv":[0.875,4.5,1,6.375]},"north":{"texture":"#1","uv":[2.25,0.875,3.25,2.75]},"south":{"texture":"#1","uv":[0,2.625,1,4.5]},"up":{"rotation":270,"texture":"#1","uv":[0.5,6,0.375,5]},"west":{"texture":"#1","uv":[3.25,0.875,3.375,2.75]}},"from":[7.29029,13.33851,8.5],"rotation":{"angle":-45,"axis":"z","origin":[9.27015,18.27992,8]},"to":[15.29029,28.33851,7.5]},{"faces":{"down":{"rotation":90,"texture":"#1","uv":[5,5.625,4.875,6]},"east":{"texture":"#1","uv":[3.625,5.375,3.75,6]},"north":{"texture":"#1","uv":[1,4.5,1.375,5.125]},"south":{"texture":"#1","uv":[1.375,4.5,1.75,5.125]},"up":{"rotation":270,"texture":"#1","uv":[5.75,4.5,5.625,4.125]},"west":{"texture":"#1","uv":[2,5.25,2.125,5.875]}},"from":[4.29029,6.33851,8.5],"rotation":{"angle":-45,"axis":"z","origin":[9.27015,18.27992,8]},"to":[7.29029,11.33851,7.5]},{"faces":{"down":{"rotation":90,"texture":"#1","uv":[5.75,5.375,5.625,5.75]},"east":{"texture":"#1","uv":[4.625,3.75,4.75,4]},"north":{"texture":"#1","uv":[3.375,5.125,3.75,5.375]},"south":{"texture":"#1","uv":[5.125,4.625,5.5,4.875]},"up":{"rotation":270,"texture":"#1","uv":[5.125,6,5,5.625]},"west":{"texture":"#1","uv":[2.875,4.625,3,4.875]}},"from":[4.04029,23.58852,7.25],"rotation":{"angle":-45,"axis":"z","origin":[9.27015,18.27992,8]},"to":[7.54029,26.08852,8.75]},{"faces":{"down":{"rotation":90,"texture":"#1","uv":[5.875,0.375,5.75,0.75]},"east":{"texture":"#1","uv":[4.25,4.375,4.375,6.5]},"north":{"texture":"#1","uv":[3,2.75,3.375,4.875]},"south":{"texture":"#1","uv":[3.375,0.875,3.75,3]},"up":{"rotation":270,"texture":"#1","uv":[5.875,0.375,5.75,0]},"west":{"texture":"#1","uv":[4.125,4.375,4.25,6.5]}},"from":[4.29029,11.33851,7.5],"rotation":{"angle":-45,"axis":"z","origin":[9.27015,18.27992,8]},"to":[7.29029,28.33851,8.5]},{"faces":{"north":{"texture":"#0","uv":[0,0,16,13]},"south":{"texture":"#0","uv":[16,0,0,13]}},"from":[7.29029,15.08851,8],"rotation":{"angle":-45,"axis":"z","origin":[9.27015,18.27992,8]},"to":[23.29029,28.08851,8]},{"faces":{"north":{"texture":"#0","uv":[0,13,16,0]},"south":{"texture":"#0","uv":[16,13,0,0]}},"from":[7.29029,-12.08851,8],"rotation":{"angle":45,"axis":"z","origin":[9.27015,-2.27991,8]},"to":[23.29029,0.91149,8]},{"faces":{"down":{"rotation":90,"texture":"#1","uv":[2.5,5.75,2.375,6.125]},"east":{"texture":"#1","uv":[5.625,0.375,5.75,1]},"north":{"texture":"#1","uv":[4.5,4.375,4.875,5]},"south":{"texture":"#1","uv":[1.75,4.625,2.125,5.25]},"up":{"rotation":270,"texture":"#1","uv":[5.875,2.125,5.75,1.75]},"west":{"texture":"#1","uv":[2.75,5.5,2.875,6.125]}},"from":[4.28929,4.66049,7.499],"rotation":{"angle":45,"axis":"z","origin":[9.27015,-2.27991,8]},"to":[7.29129,9.66249,8.501]},{"faces":{"down":{"rotation":90,"texture":"#1","uv":[4.625,5,4.5,6]},"east":{"texture":"#1","uv":[2.25,4.625,2.375,6.5]},"north":{"texture":"#1","uv":[1,2.625,2,4.5]},"south":{"texture":"#1","uv":[2,2.75,3,4.625]},"up":{"rotation":270,"texture":"#1","uv":[5.125,3.125,5,2.125]},"west":{"texture":"#1","uv":[2.125,4.625,2.25,6.5]}},"from":[7.28929,-12.33951,7.499],"rotation":{"angle":45,"axis":"z","origin":[9.27015,-2.27991,8]},"to":[15.29129,2.66249,8.501]},{"faces":{"down":{"rotation":90,"texture":"#1","uv":[2.5,5.75,2.375,6.125]},"east":{"texture":"#1","uv":[5.625,0.375,5.75,1]},"north":{"texture":"#1","uv":[4.5,4.375,4.875,5]},"south":{"texture":"#1","uv":[1.75,4.625,2.125,5.25]},"up":{"rotation":270,"texture":"#1","uv":[5.875,2.125,5.75,1.75]},"west":{"texture":"#1","uv":[2.75,5.5,2.875,6.125]}},"from":[4.29029,4.66149,8.5],"rotation":{"angle":45,"axis":"z","origin":[9.27015,-2.27991,9]},"to":[7.29029,9.66149,7.5]},{"faces":{"down":{"rotation":90,"texture":"#1","uv":[4.625,5,4.5,6]},"east":{"texture":"#1","uv":[2.25,4.625,2.375,6.5]},"north":{"texture":"#1","uv":[1,2.625,2,4.5]},"south":{"texture":"#1","uv":[2,2.75,3,4.625]},"up":{"rotation":270,"texture":"#1","uv":[5.125,3.125,5,2.125]},"west":{"texture":"#1","uv":[2.125,4.625,2.25,6.5]}},"from":[7.29029,-12.33851,8.5],"rotation":{"angle":45,"axis":"z","origin":[9.27015,-2.27991,9]},"to":[15.29029,2.66149,7.5]},{"faces":{"down":{"rotation":90,"texture":"#1","uv":[2.75,5.75,2.625,6.125]},"east":{"texture":"#1","uv":[0,4.5,0.125,6.625]},"north":{"texture":"#1","uv":[3.375,3,3.75,5.125]},"south":{"texture":"#1","uv":[3.75,0.875,4.125,3]},"up":{"rotation":270,"texture":"#1","uv":[2.625,6.125,2.5,5.75]},"west":{"texture":"#1","uv":[4.375,4.375,4.5,6.5]}},"from":[4.29029,-12.33851,7.5],"rotation":{"angle":45,"axis":"z","origin":[9.27015,-2.27991,8]},"to":[7.29029,4.66149,8.5]},{"faces":{"down":{"rotation":90,"texture":"#1","uv":[3.125,5.75,3,6.125]},"east":{"texture":"#1","uv":[1,5.875,1.125,6.125]},"north":{"texture":"#1","uv":[5.125,4.875,5.5,5.125]},"south":{"texture":"#1","uv":[5.125,5.125,5.5,5.375]},"up":{"rotation":270,"texture":"#1","uv":[3,6.125,2.875,5.75]},"west":{"texture":"#1","uv":[5.25,0.375,5.375,0.625]}},"from":[4.54029,-11.08851,7.25],"rotation":{"angle":45,"axis":"z","origin":[9.77015,-3.27991,8]},"to":[8.04029,-8.58851,8.75]},{"faces":{"east":{"texture":"#0","uv":[15,16,16,13]},"north":{"texture":"#0","uv":[16,16,13,13]},"south":{"texture":"#0","uv":[13,16,16,13]}},"from":[3.36575,-2.2553,7.1],"rotation":{"angle":-22.5,"axis":"z","origin":[9.60442,-2.82143,8]},"to":[6.16575,0.5447,8.9]},{"faces":{"east":{"texture":"#0","uv":[15,13,16,16]},"north":{"texture":"#0","uv":[16,13,13,16]},"south":{"texture":"#0","uv":[13,13,16,16]}},"from":[3.36575,15.4553,7.1],"rotation":{"angle":22.5,"axis":"z","origin":[9.60442,18.82143,8]},"to":[6.16575,18.2553,8.9]},{"faces":{"down":{"rotation":90,"texture":"#1","uv":[1.25,5.625,1,5.875]},"east":{"texture":"#1","uv":[1.5,5.125,1.75,5.5]},"north":{"texture":"#1","uv":[4.625,4,4.875,4.375]},"south":{"texture":"#1","uv":[5.25,0,5.5,0.375]},"up":{"rotation":270,"texture":"#1","uv":[5.75,5.375,5.5,5.125]},"west":{"texture":"#1","uv":[4.5,0.5,4.75,0.875]}},"from":[6.26475,-4.3563,6.999],"name":"out","rotation":{"angle":-22.5,"axis":"z","origin":[9.60442,-2.82143,8]},"to":[8.26675,-1.3543,9.001]},{"faces":{"down":{"rotation":90,"texture":"#1","uv":[1.25,5.625,1,5.875]},"east":{"texture":"#1","uv":[1.5,5.125,1.75,5.5]},"north":{"texture":"#1","uv":[4.625,4,4.875,4.375]},"south":{"texture":"#1","uv":[5.25,0,5.5,0.375]},"up":{"rotation":270,"texture":"#1","uv":[5.75,5.375,5.5,5.125]},"west":{"texture":"#1","uv":[4.5,0.5,4.75,0.875]}},"from":[6.26575,-4.3553,9],"name":"in","rotation":{"angle":-22.5,"axis":"z","origin":[9.60442,-2.82143,10]},"to":[8.26575,-1.3553,7]},{"faces":{"down":{"rotation":90,"texture":"#1","uv":[1.5,5.625,1.25,5.875]},"east":{"texture":"#1","uv":[4.875,5.25,5.125,5.625]},"north":{"texture":"#1","uv":[5.25,3.125,5.5,3.5]},"south":{"texture":"#1","uv":[5.375,0.375,5.625,0.75]},"up":{"rotation":270,"texture":"#1","uv":[5.875,1.25,5.625,1]},"west":{"texture":"#1","uv":[1.75,5.25,2,5.625]}},"from":[6.26475,17.3543,6.999],"name":"out","rotation":{"angle":22.5,"axis":"z","origin":[9.60442,18.82143,8]},"to":[8.26675,20.3563,9.001]},{"faces":{"down":{"rotation":90,"texture":"#1","uv":[1.5,5.625,1.25,5.875]},"east":{"texture":"#1","uv":[4.875,5.25,5.125,5.625]},"north":{"texture":"#1","uv":[5.25,3.125,5.5,3.5]},"south":{"texture":"#1","uv":[5.375,0.375,5.625,0.75]},"up":{"rotation":270,"texture":"#1","uv":[5.875,1.25,5.625,1]},"west":{"texture":"#1","uv":[1.75,5.25,2,5.625]}},"from":[6.26575,17.3553,9],"name":"in","rotation":{"angle":22.5,"axis":"z","origin":[9.60442,18.82143,10]},"to":[8.26575,20.3553,7]},{"faces":{"down":{"rotation":90,"texture":"#1","uv":[4.875,5,4.625,5.5]},"east":{"texture":"#1","uv":[4.875,4.625,5.125,5.25]},"north":{"texture":"#1","uv":[4.125,3.75,4.625,4.375]},"south":{"texture":"#1","uv":[4.25,0.875,4.75,1.5]},"up":{"rotation":270,"texture":"#1","uv":[5.25,3.625,5,3.125]},"west":{"texture":"#1","uv":[4.875,4,5.125,4.625]}},"from":[2.26575,15.3553,7],"rotation":{"angle":22.5,"axis":"z","origin":[9.60442,18.82143,8]},"to":[6.26575,20.3553,9]},{"faces":{"down":{"rotation":90,"texture":"#1","uv":[3.625,5.375,3.375,5.75]},"east":{"texture":"#1","uv":[5.375,1.125,5.625,1.5]},"north":{"texture":"#1","uv":[5,0.625,5.375,1]},"south":{"texture":"#1","uv":[5,1,5.375,1.375]},"up":{"rotation":270,"texture":"#1","uv":[5.625,1.875,5.375,1.5]},"west":{"texture":"#1","uv":[5.375,0.75,5.625,1.125]}},"from":[3.51575,-2.1053,7.25],"rotation":{"angle":-22.5,"axis":"z","origin":[9.60442,-2.82143,8]},"to":[6.01575,0.3947,8.75]},{"faces":{"down":{"rotation":90,"texture":"#1","uv":[1.75,5.5,1.5,5.875]},"east":{"texture":"#1","uv":[5.375,5.375,5.625,5.75]},"north":{"texture":"#1","uv":[5,1.375,5.375,1.75]},"south":{"texture":"#1","uv":[5,1.75,5.375,2.125]},"up":{"rotation":270,"texture":"#1","uv":[5.75,0.375,5.5,0]},"west":{"texture":"#1","uv":[5.125,5.375,5.375,5.75]}},"from":[3.51575,15.6053,7.25],"rotation":{"angle":22.5,"axis":"z","origin":[9.60442,18.82143,8]},"to":[6.01575,18.1053,8.75]},{"faces":{"down":{"rotation":90,"texture":"#1","uv":[5.75,3.5,5.5,3.875]},"east":{"texture":"#1","uv":[5.625,1.5,5.875,1.75]},"north":{"texture":"#1","uv":[5.375,1.875,5.75,2.125]},"south":{"texture":"#1","uv":[2.375,5.5,2.75,5.75]},"up":{"rotation":270,"texture":"#1","uv":[5.75,3.5,5.5,3.125]},"west":{"texture":"#1","uv":[5.625,1.25,5.875,1.5]}},"from":[5.61388,12.498,6.998],"rotation":{"angle":0,"axis":"y","origin":[9.60442,18.82143,8]},"to":[8.61788,14.502,9.002]},{"faces":{"down":{"rotation":90,"texture":"#1","uv":[1.5,5.125,1.25,5.625]},"east":{"texture":"#1","uv":[0.125,5,0.375,5.625]},"north":{"texture":"#1","uv":[4.25,1.5,4.75,2.125]},"south":{"texture":"#1","uv":[4.25,2.125,4.75,2.75]},"up":{"rotation":270,"texture":"#1","uv":[1.25,5.625,1,5.125]},"west":{"texture":"#1","uv":[5,0,5.25,0.625]}},"from":[6.30984,-3.04343,7],"rotation":{"angle":-22.5,"axis":"z","origin":[8.32887,8,8]},"to":[10.30984,1.95657,9]},{"faces":{"down":{"rotation":90,"texture":"#1","uv":[0.375,5.625,0.125,6]},"east":{"texture":"#1","uv":[5.625,2.125,5.875,2.375]},"north":{"texture":"#1","uv":[5.5,4.625,5.875,4.875]},"south":{"texture":"#1","uv":[5.5,4.875,5.875,5.125]},"up":{"rotation":270,"texture":"#1","uv":[4.875,5.875,4.625,5.5]},"west":{"texture":"#1","uv":[1.75,5.625,2,5.875]}},"from":[5.61388,1.498,6.998],"rotation":{"angle":0,"axis":"y","origin":[8.32887,8,8]},"to":[8.61788,3.502,9.002]},{"faces":{"down":{"rotation":90,"texture":"#1","uv":[4.75,3.25,4.25,3.75]},"east":{"texture":"#1","uv":[5.125,2.375,5.625,2.625]},"north":{"texture":"#1","uv":[5.125,2.125,5.625,2.375]},"south":{"texture":"#1","uv":[5.125,2.625,5.625,2.875]},"up":{"rotation":270,"texture":"#1","uv":[4.75,3.25,4.25,2.75]},"west":{"texture":"#1","uv":[5,3.625,5.5,3.875]}},"from":[3.11588,11.5,6],"rotation":{"angle":0,"axis":"y","origin":[8.32887,8,8.5]},"to":[7.11588,13.5,10]},{"faces":{"down":{"rotation":90,"texture":"#1","uv":[3.5,5.75,3.125,5.875]},"east":{"texture":"#1","uv":[5.75,0.75,6.125,0.875]},"north":{"texture":"#1","uv":[2,2.625,2.125,2.75]},"south":{"texture":"#1","uv":[2.125,2.625,2.25,2.75]},"up":{"rotation":270,"texture":"#1","uv":[6.125,1,5.75,0.875]},"west":{"texture":"#1","uv":[5.625,4.5,6,4.625]}},"from":[4.61588,12,4.5],"rotation":{"angle":0,"axis":"y","origin":[8.82887,8.5,9]},"to":[5.61588,13,7.5]},{"faces":{"down":{"rotation":90,"texture":"#1","uv":[3.625,5.75,3.5,6.125]},"east":{"texture":"#1","uv":[1.875,4.5,2,4.625]},"north":{"texture":"#1","uv":[5.75,3.125,6.125,3.25]},"south":{"texture":"#1","uv":[5.75,3.25,6.125,3.375]},"up":{"rotation":270,"texture":"#1","uv":[5.875,3.75,5.75,3.375]},"west":{"texture":"#1","uv":[1.75,4.5,1.875,4.625]}},"from":[1.57887,12,7.53701],"rotation":{"angle":0,"axis":"y","origin":[0.07887,8.5,11.75]},"to":[4.57887,13,8.53701]},{"faces":{"down":{"rotation":90,"texture":"#1","uv":[5.875,5.125,5.75,5.5]},"east":{"texture":"#1","uv":[5.25,3.5,5.375,3.625]},"north":{"texture":"#1","uv":[5.75,3.75,6.125,3.875]},"south":{"texture":"#1","uv":[5.75,4.125,6.125,4.25]},"up":{"rotation":270,"texture":"#1","uv":[5.25,6.125,5.125,5.75]},"west":{"texture":"#1","uv":[5,3.875,5.125,4]}},"from":[1.57887,3,7.53701],"rotation":{"angle":0,"axis":"y","origin":[0.07887,-0.5,11.75]},"to":[4.57887,4,8.53701]},{"faces":{"down":{"rotation":90,"texture":"#1","uv":[6.125,5.5,5.75,5.625]},"east":{"texture":"#1","uv":[5.75,4.375,6.125,4.5]},"north":{"texture":"#1","uv":[5.375,3.5,5.5,3.625]},"south":{"texture":"#1","uv":[5.625,1.75,5.75,1.875]},"up":{"rotation":270,"texture":"#1","uv":[5.625,5.875,5.25,5.75]},"west":{"texture":"#1","uv":[5.75,4.25,6.125,4.375]}},"from":[4.61588,3,4.5],"rotation":{"angle":0,"axis":"y","origin":[8.82887,-0.5,9]},"to":[5.61588,4,7.5]},{"faces":{"down":{"rotation":90,"texture":"#1","uv":[6.25,0.125,5.875,0.25]},"east":{"texture":"#1","uv":[5.75,5.625,6.125,5.75]},"north":{"texture":"#1","uv":[5.875,1,6,1.125]},"south":{"texture":"#1","uv":[1.125,5.875,1.25,6]},"up":{"rotation":270,"texture":"#1","uv":[6.25,0.125,5.875,0]},"west":{"texture":"#1","uv":[5.625,5.75,6,5.875]}},"from":[4.61588,12,8.5],"rotation":{"angle":0,"axis":"y","origin":[8.82887,8.5,7]},"to":[5.61588,13,11.5]},{"faces":{"down":{"rotation":90,"texture":"#1","uv":[6.25,0.625,5.875,0.75]},"east":{"texture":"#1","uv":[5.875,0.375,6.25,0.5]},"north":{"texture":"#1","uv":[5.875,1.125,6,1.25]},"south":{"texture":"#1","uv":[1.25,5.875,1.375,6]},"up":{"rotation":270,"texture":"#1","uv":[6.25,0.625,5.875,0.5]},"west":{"texture":"#1","uv":[5.875,0.25,6.25,0.375]}},"from":[4.61588,3,8.5],"rotation":{"angle":0,"axis":"y","origin":[8.82887,-0.5,7]},"to":[5.61588,4,11.5]},{"faces":{"down":{"rotation":90,"texture":"#1","uv":[0.625,4.5,0.125,5]},"east":{"texture":"#1","uv":[5.125,4.125,5.625,4.375]},"north":{"texture":"#1","uv":[5.125,3.875,5.625,4.125]},"south":{"texture":"#1","uv":[5.125,4.375,5.625,4.625]},"up":{"rotation":270,"texture":"#1","uv":[5,0.5,4.5,0]},"west":{"texture":"#1","uv":[5.125,2.875,5.625,3.125]}},"from":[3.11588,2.5,6],"rotation":{"angle":0,"axis":"y","origin":[8.32887,8,8.5]},"to":[7.11588,4.5,10]},{"faces":{"down":{"rotation":90,"texture":"#1","uv":[5.875,2.625,5.625,2.875]},"east":{"texture":"#1","uv":[4.75,0.5,5,1.375]},"north":{"texture":"#1","uv":[2.625,4.625,2.875,5.5]},"south":{"texture":"#1","uv":[4.75,1.375,5,2.25]},"up":{"rotation":270,"texture":"#1","uv":[5.875,2.625,5.625,2.375]},"west":{"texture":"#1","uv":[2.375,4.625,2.625,5.5]}},"from":[4.11588,4.5,7],"rotation":{"angle":0,"axis":"y","origin":[8.32887,8,8]},"to":[6.11588,11.5,9]},{"faces":{"down":{"rotation":90,"texture":"#1","uv":[5.875,3.875,5.625,4.125]},"east":{"texture":"#1","uv":[2.875,4.875,3.125,5.75]},"north":{"texture":"#1","uv":[4.75,3.125,5,4]},"south":{"texture":"#1","uv":[3.125,4.875,3.375,5.75]},"up":{"rotation":270,"texture":"#1","uv":[5.875,3.125,5.625,2.875]},"west":{"texture":"#1","uv":[4.75,2.25,5,3.125]}},"from":[3.81588,4.2,6.7],"rotation":{"angle":0,"axis":"y","origin":[8.32887,8,8]},"to":[6.41588,11.8,9.3]},{"faces":{"down":{"rotation":90,"texture":"#1","uv":[0,0,0,0.125]},"east":{"texture":"#1","uv":[0,0,0,2]},"north":{"texture":"#1","uv":[0.625,4.5,0.75,6.5]},"south":{"texture":"#1","uv":[0.75,4.5,0.875,6.5]},"up":{"rotation":270,"texture":"#1","uv":[0,0.125,0,0]},"west":{"texture":"#1","uv":[0,0,0,2]}},"from":[12.56857,-7.13658,7.97],"rotation":{"angle":-22.5,"axis":"z","origin":[13.09857,-0.60658,8]},"to":[13.62857,8.92342,8.03]},{"faces":{"down":{"rotation":90,"texture":"#1","uv":[0,0,0,0.125]},"east":{"texture":"#1","uv":[0,0,0,2.875]},"north":{"texture":"#1","uv":[4,3.875,4.125,5.875]},"south":{"texture":"#1","uv":[4.125,1.75,4.25,3.75]},"up":{"rotation":270,"texture":"#1","uv":[0,0.125,0,0]},"west":{"texture":"#1","uv":[0,0,0,2.875]}},"from":[12.56857,7.06692,7.97],"rotation":{"angle":22.5,"axis":"z","origin":[13.09857,16.59692,8]},"to":[13.62857,23.12692,8.03]},{"faces":{"down":{"rotation":90,"texture":"#1","uv":[0,0,0,2.25]},"east":{"texture":"#1","uv":[0,0,0,0.875]},"north":{"texture":"#1","uv":[0,0,2.25,0.875]},"south":{"texture":"#1","uv":[0,0.875,2.25,1.75]},"up":{"rotation":270,"texture":"#1","uv":[0,2.25,0,0]},"west":{"texture":"#1","uv":[0,0,0,0.875]}},"from":[-0.38412,4.51435,7.98565],"rotation":{"angle":45,"axis":"x","origin":[10.11588,8,8]},"to":[17.61588,11.51435,7.98565]},{"faces":{"down":{"rotation":90,"texture":"#1","uv":[0,0,0,2.25]},"east":{"texture":"#1","uv":[0,0,0,0.875]},"north":{"texture":"#1","uv":[0,1.75,2.25,2.625]},"south":{"texture":"#1","uv":[2.25,0,4.5,0.875]},"up":{"rotation":270,"texture":"#1","uv":[0,2.25,0,0]},"west":{"texture":"#1","uv":[0,0,0,0.875]}},"from":[-0.38412,4.5203,8],"rotation":{"angle":-45,"axis":"x","origin":[8.61588,8.0203,8]},"to":[17.61588,11.5203,8]}],"gui_light":"front","texture_size":[128,128],"textures":{"0":"civilization:item/tools/phantom_bow/anim","1":"civilization:item/tools/phantom_bow/default","particle":"civilization:item/tools/phantom_bow/default"}}