{"display":{"firstperson_lefthand":{"rotation":[12,5,0],"scale":[0.6,0.6,0.6],"translation":[4,1.5,-0.75]},"firstperson_righthand":{"rotation":[12,5,0],"scale":[0.6,0.6,0.6],"translation":[4,1.5,-0.75]},"fixed":{"rotation":[90,-45,90],"scale":[0.55,0.55,0.55],"translation":[1,-2.25,0]},"ground":{"rotation":[70,90,0],"scale":[0.5,0.5,0.5],"translation":[0,1,-2]},"gui":{"rotation":[90,45,-90],"scale":[0.55,0.55,0.55],"translation":[-1.75,-1.75,0]},"thirdperson_lefthand":{"translation":[0,4.75,1.75]},"thirdperson_righthand":{"translation":[0,4.75,1.75]}},"elements":[{"faces":{"down":{"texture":"#0","uv":[7,7.5,6.75,8.5]},"east":{"texture":"#0","uv":[4.5,3,5.5,4]},"north":{"texture":"#0","uv":[6,7.5,6.25,8.5]},"south":{"texture":"#0","uv":[6.25,7.5,6.5,8.5]},"up":{"texture":"#0","uv":[6.75,8.5,6.5,7.5]},"west":{"texture":"#0","uv":[4.5,4,5.5,5]}},"from":[7.499,24.91321,5.999],"rotation":{"angle":45,"axis":"x","origin":[8,26.91421,8]},"to":[8.501,28.91521,10.001]},{"faces":{"down":{"texture":"#0","uv":[0,0,0,1.5]},"east":{"texture":"#0","uv":[4,0,5.5,1.5]},"north":{"texture":"#0","uv":[0,0,0,1.5]},"south":{"texture":"#0","uv":[0,0,0,1.5]},"up":{"texture":"#0","uv":[0,1.5,0,0]},"west":{"texture":"#0","uv":[4,1.5,5.5,3]}},"from":[7.997,23.91121,4.997],"rotation":{"angle":45,"axis":"x","origin":[7.5,26.91421,8]},"to":[8.003,29.91721,11.003]},{"faces":{"down":{"texture":"#0","uv":[8,0,7.75,1]},"east":{"texture":"#0","uv":[0,0,1,4.5]},"north":{"texture":"#0","uv":[0.5,4.5,0.75,9]},"south":{"texture":"#0","uv":[0.75,4.5,1,9]},"up":{"texture":"#0","uv":[7.75,8,7.5,7]},"west":{"texture":"#0","uv":[1,0,2,4.5]}},"from":[7.5,8.41421,6],"rotation":{"angle":0,"axis":"y","origin":[8,23.41421,7]},"to":[8.5,26.41421,10]},{"faces":{"down":{"texture":"#0","uv":[5.75,6.25,5,7]},"east":{"texture":"#0","uv":[5.25,5,6,6.25]},"north":{"texture":"#0","uv":[4.5,5,5.25,6.25]},"south":{"texture":"#0","uv":[5.5,0,6.25,1.25]},"up":{"texture":"#0","uv":[7,4.5,6.25,3.75]},"west":{"texture":"#0","uv":[5.5,1.25,6.25,2.5]}},"from":[6.5,4.62132,6.5],"rotation":{"angle":0,"axis":"y","origin":[8,8.12132,8]},"to":[9.5,9.62132,9.5]},{"faces":{"down":{"texture":"#0","uv":[8.25,6.75,7.75,7]},"east":{"texture":"#0","uv":[1,4.5,1.25,9]},"north":{"texture":"#0","uv":[4,3,4.5,7.5]},"south":{"texture":"#0","uv":[0,4.5,0.5,9]},"up":{"texture":"#0","uv":[8.25,6.75,7.75,6.5]},"west":{"texture":"#0","uv":[1.25,4.5,1.5,9]}},"from":[7,8.87132,7.5],"rotation":{"angle":0,"axis":"y","origin":[8.5,18.37132,8]},"to":[9,26.87132,8.5]},{"faces":{"down":{"texture":"#0","uv":[8.25,7.5,7.75,7.75]},"east":{"texture":"#0","uv":[7.75,7.75,8,8]},"north":{"texture":"#0","uv":[7,7.75,7.5,8]},"south":{"texture":"#0","uv":[7.75,7,8.25,7.25]},"up":{"texture":"#0","uv":[8.25,7.5,7.75,7.25]},"west":{"texture":"#0","uv":[8,0,8.25,0.25]}},"from":[7,23.44239,0.22183],"rotation":{"angle":45,"axis":"x","origin":[8.5,16.37132,8]},"to":[9,24.14949,0.92893]},{"faces":{"down":{"texture":"#0","uv":[7.25,1,6.75,2]},"east":{"texture":"#0","uv":[6.5,6,7.5,6.5]},"north":{"texture":"#0","uv":[7.75,2,8.25,2.5]},"south":{"texture":"#0","uv":[7.75,2.5,8.25,3]},"up":{"texture":"#0","uv":[7.25,1,6.75,0]},"west":{"texture":"#0","uv":[6.5,6.5,7.5,7]}},"from":[7,5.62132,8.5],"rotation":{"angle":-22.5,"axis":"x","origin":[8,5.62132,7.75]},"to":[9,7.62132,12.5]},{"faces":{"down":{"texture":"#0","uv":[2.75,7.5,2.5,9]},"east":{"texture":"#0","uv":[7.25,1.5,8.75,1.75]},"north":{"texture":"#0","uv":[5.75,6.25,6,6.5]},"south":{"texture":"#0","uv":[5.75,6.5,6,6.75]},"up":{"texture":"#0","uv":[7.5,6,7.25,4.5]},"west":{"texture":"#0","uv":[7.25,1.75,8.75,2]}},"from":[7.5,4.12132,8],"rotation":{"angle":-22.5,"axis":"x","origin":[8.5,5.62132,7.75]},"to":[8.5,5.12132,14]},{"faces":{"down":{"texture":"#0","uv":[3.25,7.5,3,9]},"east":{"texture":"#0","uv":[4,7.5,5.5,7.75]},"north":{"texture":"#0","uv":[6.75,3.5,7,3.75]},"south":{"texture":"#0","uv":[5.75,6.75,6,7]},"up":{"texture":"#0","uv":[3,9,2.75,7.5]},"west":{"texture":"#0","uv":[7.5,4.5,9,4.75]}},"from":[7.5,4.12132,2],"rotation":{"angle":22.5,"axis":"x","origin":[8.5,5.62132,8.25]},"to":[8.5,5.12132,8]},{"faces":{"down":{"texture":"#0","uv":[8.25,5.75,7.75,6]},"east":{"texture":"#0","uv":[3.25,7.5,3.5,8.75]},"north":{"texture":"#0","uv":[3,5.75,3.5,7]},"south":{"texture":"#0","uv":[3.5,6,4,7.25]},"up":{"texture":"#0","uv":[2,4.75,1.5,4.5]},"west":{"texture":"#0","uv":[5.5,7.5,5.75,8.75]}},"from":[7,2.62132,12.5],"rotation":{"angle":-22.5,"axis":"x","origin":[8,5.62132,7.75]},"to":[9,7.62132,13.5]},{"faces":{"down":{"texture":"#0","uv":[2.5,7,2,8]},"east":{"texture":"#0","uv":[6.75,2,7.75,2.5]},"north":{"texture":"#0","uv":[7.75,3,8.25,3.5]},"south":{"texture":"#0","uv":[4,7.75,4.5,8.25]},"up":{"texture":"#0","uv":[2,8,1.5,7]},"west":{"texture":"#0","uv":[6.75,2.5,7.75,3]}},"from":[7,5.62132,3.5],"rotation":{"angle":22.5,"axis":"x","origin":[8,5.62132,8.25]},"to":[9,7.62132,7.5]},{"faces":{"down":{"texture":"#0","uv":[8.25,6.25,7.75,6.5]},"east":{"texture":"#0","uv":[5.75,7.5,6,8.75]},"north":{"texture":"#0","uv":[6,4.5,6.5,5.75]},"south":{"texture":"#0","uv":[6,5.75,6.5,7]},"up":{"texture":"#0","uv":[8.25,6.25,7.75,6]},"west":{"texture":"#0","uv":[7.5,5.75,7.75,7]}},"from":[7,2.62132,2.5],"rotation":{"angle":22.5,"axis":"x","origin":[8,5.62132,8.25]},"to":[9,7.62132,3.5]},{"faces":{"down":{"texture":"#0","uv":[6.25,3.5,5.5,4.5]},"east":{"texture":"#0","uv":[5,7,6,7.5]},"north":{"texture":"#0","uv":[7.5,4.75,8.25,5.25]},"south":{"texture":"#0","uv":[7.5,5.25,8.25,5.75]},"up":{"texture":"#0","uv":[6.25,3.5,5.5,2.5]},"west":{"texture":"#0","uv":[6,7,7,7.5]}},"from":[6.5,-3.33579,6],"rotation":{"angle":0,"axis":"y","origin":[8.5,2.66421,8]},"to":[9.5,-1.33579,10]},{"faces":{"down":{"texture":"#0","uv":[4,7.25,3.5,8]},"east":{"texture":"#0","uv":[6.5,4.5,7.25,5.25]},"north":{"texture":"#0","uv":[7,7,7.5,7.75]},"south":{"texture":"#0","uv":[7.25,0,7.75,0.75]},"up":{"texture":"#0","uv":[7.75,1.5,7.25,0.75]},"west":{"texture":"#0","uv":[6.5,5.25,7.25,6]}},"from":[7,-5.58579,6.5],"rotation":{"angle":45,"axis":"x","origin":[8,-4.08579,8]},"to":[9,-2.58579,9.5]},{"faces":{"down":{"texture":"#0","uv":[8.25,1,7.75,1.5]},"east":{"texture":"#0","uv":[1.5,5.75,2,7]},"north":{"texture":"#0","uv":[3.5,4.75,4,6]},"south":{"texture":"#0","uv":[2,5.75,2.5,7]},"up":{"texture":"#0","uv":[6,5,5.5,4.5]},"west":{"texture":"#0","uv":[2.5,5.75,3,7]}},"from":[7,-1.33579,7],"rotation":{"angle":0,"axis":"y","origin":[8,-2.33579,8]},"to":[9,3.66421,9]},{"faces":{"down":{"texture":"#0","uv":[5.5,7.75,5,8.25]},"east":{"texture":"#0","uv":[6.25,1.25,6.75,2.5]},"north":{"texture":"#0","uv":[6.25,0,6.75,1.25]},"south":{"texture":"#0","uv":[6.25,2.5,6.75,3.75]},"up":{"texture":"#0","uv":[5,8.25,4.5,7.75]},"west":{"texture":"#0","uv":[4.5,6.25,5,7.5]}},"from":[6.7,-1.63579,6.7],"rotation":{"angle":0,"axis":"y","origin":[8,-2.33579,8]},"to":[9.3,3.96421,9.3]},{"faces":{"down":{"texture":"#0","uv":[3.5,4.75,2.5,5.75]},"east":{"texture":"#0","uv":[2.5,7,3.5,7.5]},"north":{"texture":"#0","uv":[6.75,3,7.75,3.5]},"south":{"texture":"#0","uv":[7,3.5,8,4]},"up":{"texture":"#0","uv":[2.5,5.75,1.5,4.75]},"west":{"texture":"#0","uv":[7,4,8,4.5]}},"from":[6,3.66421,6],"rotation":{"angle":0,"axis":"y","origin":[7,-1.33579,7]},"to":[10,5.66421,10]},{"faces":{"down":{"texture":"#1","uv":[0,0,0,0.5]},"east":{"texture":"#1","uv":[0,0,1,9.5]},"north":{"texture":"#1","uv":[0,0,0,4.75]},"south":{"texture":"#1","uv":[0,0,0,4.75]},"up":{"texture":"#1","uv":[0,0.5,0,0]},"west":{"texture":"#1","uv":[1,0,0,9.5]}},"from":[8,8.41421,4.5],"rotation":{"angle":0,"axis":"y","origin":[7.5,23.41421,4.5]},"to":[8,27.41421,6.5]},{"faces":{"down":{"texture":"#1","uv":[0,0,0,0.5]},"east":{"texture":"#1","uv":[2.5,0,1.5,9.5]},"north":{"texture":"#1","uv":[0,0,0,4.75]},"south":{"texture":"#1","uv":[0,0,0,4.75]},"up":{"texture":"#1","uv":[0,0.5,0,0]},"west":{"texture":"#1","uv":[1.5,0,2.5,9.5]}},"from":[8,8.41421,9.5],"rotation":{"angle":0,"axis":"y","origin":[7.5,23.41421,9.5]},"to":[8,27.41421,11.5]}],"gui_light":"front","texture_size":[32,32],"textures":{"0":"civilization:item/tools/crimson_chainsword/normal/default","1":"civilization:item/tools/crimson_chainsword/normal/anim","particle":"civilization:item/tools/crimson_chainsword/normal/default"}}