{"display":{"firstperson_lefthand":{"rotation":[12,5,0],"scale":[0.6,0.6,0.6],"translation":[4,1.5,-0.75]},"firstperson_righthand":{"rotation":[12,5,0],"scale":[0.6,0.6,0.6],"translation":[4,1.5,-0.75]},"fixed":{"rotation":[90,-45,90],"scale":[0.55,0.55,0.55],"translation":[1,-2.25,0]},"ground":{"rotation":[70,90,0],"scale":[0.5,0.5,0.5],"translation":[0,1,-2]},"gui":{"rotation":[90,45,-90],"scale":[0.55,0.55,0.55],"translation":[-1.75,-1.75,0]},"thirdperson_lefthand":{"translation":[0,4.75,1.75]},"thirdperson_righthand":{"translation":[0,4.75,1.75]}},"elements":[{"faces":{"down":{"texture":"#1","uv":[7.5,7,7.25,8]},"east":{"texture":"#1","uv":[3.75,0,4.75,1]},"north":{"texture":"#1","uv":[5.75,0,6,1]},"south":{"texture":"#1","uv":[7.25,4,7.5,5]},"up":{"texture":"#1","uv":[7.5,6.25,7.25,5.25]},"west":{"texture":"#1","uv":[3.75,1,4.75,2]}},"from":[7.499,24.91321,5.999],"rotation":{"angle":45,"axis":"x","origin":[8,26.91421,8]},"to":[8.501,28.91521,10.001]},{"faces":{"down":{"texture":"#1","uv":[0,0,0,1.5]},"east":{"texture":"#1","uv":[2,3.5,3.5,5]},"north":{"texture":"#1","uv":[0,0,0,1.5]},"south":{"texture":"#1","uv":[0,0,0,1.5]},"up":{"texture":"#1","uv":[0,1.5,0,0]},"west":{"texture":"#1","uv":[3.5,3.5,5,5]}},"from":[7.994,23.90821,4.994],"rotation":{"angle":45,"axis":"x","origin":[7.5,26.91421,8]},"to":[8.006,29.92021,11.006]},{"faces":{"down":{"texture":"#1","uv":[0,0,0,1.75]},"east":{"texture":"#1","uv":[2,0,3.75,1.75]},"north":{"texture":"#1","uv":[0,0,0,1.75]},"south":{"texture":"#1","uv":[0,0,0,1.75]},"up":{"texture":"#1","uv":[0,1.75,0,0]},"west":{"texture":"#1","uv":[2,1.75,3.75,3.5]}},"from":[7.998,23.41221,4.998],"rotation":{"angle":45,"axis":"x","origin":[7.5,27.41421,8]},"to":[8.002,30.41621,12.002]},{"faces":{"down":{"texture":"#1","uv":[7.75,1,7.5,2]},"east":{"texture":"#1","uv":[0,0,1,4.5]},"north":{"texture":"#1","uv":[1,4.5,1.25,9]},"south":{"texture":"#1","uv":[1.25,4.5,1.5,9]},"up":{"texture":"#1","uv":[7.75,1,7.5,0]},"west":{"texture":"#1","uv":[1,0,2,4.5]}},"from":[7.5,8.41421,6],"rotation":{"angle":0,"axis":"y","origin":[8,23.41421,7]},"to":[8.5,26.41421,10]},{"faces":{"down":{"texture":"#1","uv":[6.75,4.5,6,5.25]},"east":{"texture":"#1","uv":[4.75,2.25,5.5,3.5]},"north":{"texture":"#1","uv":[4.75,1,5.5,2.25]},"south":{"texture":"#1","uv":[2,5,2.75,6.25]},"up":{"texture":"#1","uv":[6.5,4.5,5.75,3.75]},"west":{"texture":"#1","uv":[2.75,5,3.5,6.25]}},"from":[6.5,4.62132,6.5],"rotation":{"angle":0,"axis":"y","origin":[8,8.12132,8]},"to":[9.5,9.62132,9.5]},{"faces":{"down":{"texture":"#1","uv":[8,7.25,7.5,7.5]},"east":{"texture":"#1","uv":[1.5,4.5,1.75,9]},"north":{"texture":"#1","uv":[0,4.5,0.5,9]},"south":{"texture":"#1","uv":[0.5,4.5,1,9]},"up":{"texture":"#1","uv":[8,7.25,7.5,7]},"west":{"texture":"#1","uv":[1.75,4.5,2,9]}},"from":[7,8.87132,7.5],"rotation":{"angle":0,"axis":"y","origin":[8.5,18.37132,8]},"to":[9,26.87132,8.5]},{"faces":{"down":{"texture":"#1","uv":[8.25,1.5,7.75,1.625]},"east":{"texture":"#1","uv":[4,6,4.125,6.125]},"north":{"texture":"#1","uv":[7.75,0.75,8.25,0.875]},"south":{"texture":"#1","uv":[7.75,1,8.25,1.125]},"up":{"texture":"#1","uv":[8.25,1.375,7.75,1.25]},"west":{"texture":"#1","uv":[6.5,4,6.625,4.125]}},"from":[7,23.44239,0.22183],"rotation":{"angle":45,"axis":"x","origin":[8.5,16.37132,8]},"to":[9,24.14949,0.92893]},{"faces":{"down":{"texture":"#1","uv":[2.25,7,2,8.5]},"east":{"texture":"#1","uv":[6.75,5,8.25,5.25]},"north":{"texture":"#1","uv":[4.75,5,5,5.25]},"south":{"texture":"#1","uv":[4.75,5.25,5,5.5]},"up":{"texture":"#1","uv":[4.75,7.75,4.5,6.25]},"west":{"texture":"#1","uv":[6.75,6.75,8.25,7]}},"from":[7.5,4.12132,8],"rotation":{"angle":-22.5,"axis":"x","origin":[8.5,5.62132,7.75]},"to":[8.5,5.12132,14]},{"faces":{"down":{"texture":"#1","uv":[2.75,7,2.5,8.5]},"east":{"texture":"#1","uv":[7,2,8.5,2.25]},"north":{"texture":"#1","uv":[4.75,5.5,5,5.75]},"south":{"texture":"#1","uv":[5.75,3.5,6,3.75]},"up":{"texture":"#1","uv":[2.5,8.5,2.25,7]},"west":{"texture":"#1","uv":[7,2.25,8.5,2.5]}},"from":[7.5,4.12132,2],"rotation":{"angle":22.5,"axis":"x","origin":[8.5,5.62132,8.25]},"to":[8.5,5.12132,8]},{"faces":{"down":{"texture":"#1","uv":[5.75,3.5,5,4.5]},"east":{"texture":"#1","uv":[6.5,0,7.5,0.5]},"north":{"texture":"#1","uv":[7,2.5,7.75,3]},"south":{"texture":"#1","uv":[2.75,7,3.5,7.5]},"up":{"texture":"#1","uv":[4.25,6,3.5,5]},"west":{"texture":"#1","uv":[6.5,0.5,7.5,1]}},"from":[6.5,-3.33579,6],"rotation":{"angle":0,"axis":"y","origin":[8.5,2.66421,8]},"to":[9.5,-1.33579,10]},{"faces":{"down":{"texture":"#1","uv":[3.25,7.5,2.75,8]},"east":{"texture":"#1","uv":[5,4.5,5.5,5.75]},"north":{"texture":"#1","uv":[4.25,5,4.75,6.25]},"south":{"texture":"#1","uv":[5.5,1,6,2.25]},"up":{"texture":"#1","uv":[7.75,6.75,7.25,6.25]},"west":{"texture":"#1","uv":[5.5,2.25,6,3.5]}},"from":[7,-1.33579,7],"rotation":{"angle":0,"axis":"y","origin":[8,-2.33579,8]},"to":[9,3.66421,9]},{"faces":{"down":{"texture":"#1","uv":[8,3.5,7.5,4]},"east":{"texture":"#1","uv":[4.75,5.75,5.25,7]},"north":{"texture":"#1","uv":[5.5,4.5,6,5.75]},"south":{"texture":"#1","uv":[5.25,5.75,5.75,7]},"up":{"texture":"#1","uv":[8,3.5,7.5,3]},"west":{"texture":"#1","uv":[5.75,5.75,6.25,7]}},"from":[6.7,-1.63579,6.7],"rotation":{"angle":0,"axis":"y","origin":[8,-2.33579,8]},"to":[9.3,3.96421,9.3]},{"faces":{"down":{"texture":"#1","uv":[5.75,0,4.75,1]},"east":{"texture":"#1","uv":[6,5.25,7,5.75]},"north":{"texture":"#1","uv":[3.75,3,4.75,3.5]},"south":{"texture":"#1","uv":[6.25,5.75,7.25,6.25]},"up":{"texture":"#1","uv":[4.75,3,3.75,2]},"west":{"texture":"#1","uv":[6.25,6.25,7.25,6.75]}},"from":[6,3.66421,6],"rotation":{"angle":0,"axis":"y","origin":[7,-1.33579,7]},"to":[10,5.66421,10]},{"faces":{"down":{"texture":"#0","uv":[0,0,0,0.5]},"east":{"texture":"#0","uv":[0,0,1,9.5]},"north":{"texture":"#0","uv":[0,0,0,4.75]},"south":{"texture":"#0","uv":[0,0,0,4.75]},"up":{"texture":"#0","uv":[0,0.5,0,0]},"west":{"texture":"#0","uv":[1,0,0,9.5]}},"from":[7.995,8.40921,4.495],"rotation":{"angle":0,"axis":"y","origin":[7.5,23.41421,4.5]},"to":[8.005,27.41921,6.505]},{"faces":{"down":{"texture":"#0","uv":[0,0,0,0.5]},"east":{"texture":"#0","uv":[2.5,0,1.5,9.5]},"north":{"texture":"#0","uv":[0,0,0,4.75]},"south":{"texture":"#0","uv":[0,0,0,4.75]},"up":{"texture":"#0","uv":[0,0.5,0,0]},"west":{"texture":"#0","uv":[1.5,0,2.5,9.5]}},"from":[7.995,8.40921,9.495],"rotation":{"angle":0,"axis":"y","origin":[7.5,23.41421,9.5]},"to":[8.005,27.41921,11.505]},{"faces":{"down":{"texture":"#0","uv":[0,0,0,0.5]},"east":{"texture":"#0","uv":[0,0,1,9.5]},"north":{"texture":"#0","uv":[0,0,0,4.75]},"south":{"texture":"#0","uv":[0,0,0,4.75]},"up":{"texture":"#0","uv":[0,0.5,0,0]},"west":{"texture":"#0","uv":[1,0,0,9.5]}},"from":[7.995,8.40921,4.495],"rotation":{"angle":0,"axis":"y","origin":[7.5,23.41421,4.5]},"to":[8.005,27.41921,6.505]},{"faces":{"down":{"texture":"#0","uv":[0,0,0,0.5]},"east":{"texture":"#0","uv":[2.5,0,1.5,9.5]},"north":{"texture":"#0","uv":[0,0,0,4.75]},"south":{"texture":"#0","uv":[0,0,0,4.75]},"up":{"texture":"#0","uv":[0,0.5,0,0]},"west":{"texture":"#0","uv":[1.5,0,2.5,9.5]}},"from":[7.995,8.40921,9.495],"rotation":{"angle":0,"axis":"y","origin":[7.5,23.41421,9.5]},"to":[8.005,27.41921,11.505]},{"faces":{"down":{"texture":"#0","uv":[0,0,0,0.5]},"east":{"texture":"#0","uv":[4,0,5,9.5]},"north":{"texture":"#0","uv":[0,0,0,4.75]},"south":{"texture":"#0","uv":[0,0,0,4.75]},"up":{"texture":"#0","uv":[0,0.5,0,0]},"west":{"texture":"#0","uv":[5,0,4,9.5]}},"from":[8,8.16421,4.25],"rotation":{"angle":0,"axis":"y","origin":[7.5,23.16421,4.25]},"to":[8,27.16421,6.25]},{"faces":{"down":{"texture":"#0","uv":[0,0,0,0.5]},"east":{"texture":"#0","uv":[6.5,0,5.5,9.5]},"north":{"texture":"#0","uv":[0,0,0,4.75]},"south":{"texture":"#0","uv":[0,0,0,4.75]},"up":{"texture":"#0","uv":[0,0.5,0,0]},"west":{"texture":"#0","uv":[5.5,0,6.5,9.5]}},"from":[8,8.66421,9.75],"rotation":{"angle":0,"axis":"y","origin":[7.5,23.66421,9.75]},"to":[8,27.66421,11.75]},{"faces":{"down":{"texture":"#1","uv":[7,2,6.5,3]},"east":{"texture":"#1","uv":[6.5,1,7.5,1.5]},"north":{"texture":"#1","uv":[7.5,4,8,4.5]},"south":{"texture":"#1","uv":[7.5,4.5,8,5]},"up":{"texture":"#1","uv":[4.5,7.25,4,6.25]},"west":{"texture":"#1","uv":[6.5,1.5,7.5,2]}},"from":[7,5.62132,8.5],"rotation":{"angle":-22.5,"axis":"x","origin":[8,5.62132,7.75]},"to":[9,7.62132,12.5]},{"faces":{"down":{"texture":"#1","uv":[8.25,0,7.75,0.25]},"east":{"texture":"#1","uv":[3.5,7.25,3.75,8.5]},"north":{"texture":"#1","uv":[6,0,6.5,1.25]},"south":{"texture":"#1","uv":[6,1.25,6.5,2.5]},"up":{"texture":"#1","uv":[8,7.75,7.5,7.5]},"west":{"texture":"#1","uv":[3.75,7.25,4,8.5]}},"from":[7,2.62132,12.5],"rotation":{"angle":-22.5,"axis":"x","origin":[8,5.62132,7.75]},"to":[9,7.62132,13.5]},{"faces":{"down":{"texture":"#1","uv":[8.25,0.5,7.75,0.75]},"east":{"texture":"#1","uv":[4,7.25,4.25,8.5]},"north":{"texture":"#1","uv":[6,2.5,6.5,3.75]},"south":{"texture":"#1","uv":[3.5,6,4,7.25]},"up":{"texture":"#1","uv":[8.25,0.5,7.75,0.25]},"west":{"texture":"#1","uv":[4.25,7.25,4.5,8.5]}},"from":[7,2.62132,2.5],"rotation":{"angle":22.5,"axis":"x","origin":[8,5.62132,8.25]},"to":[9,7.62132,3.5]},{"faces":{"down":{"texture":"#1","uv":[6.75,6.75,6.25,7.75]},"east":{"texture":"#1","uv":[6.5,3,7.5,3.5]},"north":{"texture":"#1","uv":[7.5,5.25,8,5.75]},"south":{"texture":"#1","uv":[7.5,5.75,8,6.25]},"up":{"texture":"#1","uv":[7.25,5,6.75,4]},"west":{"texture":"#1","uv":[6.5,3.5,7.5,4]}},"from":[7,5.62132,3.5],"rotation":{"angle":22.5,"axis":"x","origin":[8,5.62132,8.25]},"to":[9,7.62132,7.5]},{"faces":{"down":{"texture":"#1","uv":[7.25,7,6.75,7.75]},"east":{"texture":"#1","uv":[2,6.25,2.75,7]},"north":{"texture":"#1","uv":[4.75,7,5.25,7.75]},"south":{"texture":"#1","uv":[5.25,7,5.75,7.75]},"up":{"texture":"#1","uv":[6.25,7.75,5.75,7]},"west":{"texture":"#1","uv":[2.75,6.25,3.5,7]}},"from":[7,-5.58579,6.5],"rotation":{"angle":45,"axis":"x","origin":[8,-4.08579,8]},"to":[9,-2.58579,9.5]}],"gui_light":"front","texture_size":[64,64],"textures":{"0":"civilization:item/tools/crimson_chainsword/normal/anim","1":"civilization:item/tools/crimson_chainsword/red/default","particle":"civilization:item/tools/crimson_chainsword/red/default"}}