{"display":{"firstperson_lefthand":{"rotation":[19,102,0],"scale":[0.6,0.6,0.6],"translation":[3.75,4,-3.5]},"firstperson_righthand":{"rotation":[19,-78,0],"scale":[0.6,0.6,0.6],"translation":[3.75,4,-3.5]},"fixed":{"scale":[0.5,0.5,0.5],"translation":[0,0,-0.75]},"ground":{"rotation":[-61,-0.58,-24],"scale":[0.65,0.65,0.65],"translation":[0,0.75,0]},"gui":{"rotation":[0,0,-45],"scale":[0.5,0.5,0.5],"translation":[-1.25,1.25,-0.75]},"thirdperson_lefthand":{"rotation":[0,90,0],"scale":[0.9,0.9,0.9],"translation":[0,-1.5,3.75]},"thirdperson_righthand":{"rotation":[0,-90,0],"scale":[0.9,0.9,0.9],"translation":[0,-1.5,3.75]}},"elements":[{"faces":{"down":{"texture":"#1","uv":[5.75,9,5.25,9.5]},"east":{"texture":"#1","uv":[7,6,7.5,7.75]},"north":{"texture":"#1","uv":[7,4.25,7.5,6]},"south":{"texture":"#1","uv":[7.25,0,7.75,1.75]},"up":{"texture":"#1","uv":[9.5,5.25,9,4.75]},"west":{"texture":"#1","uv":[5.25,7.25,5.75,9]}},"from":[3.65293,4.0203,7],"rotation":{"angle":0,"axis":"y","origin":[4.65293,8.0203,8]},"to":[5.65293,11.0203,9]},{"faces":{"down":{"texture":"#1","uv":[3.75,0,0,0]},"east":{"texture":"#1","uv":[0,0,0,1.25]},"north":{"texture":"#1","uv":[0,0,3.75,1.25]},"south":{"texture":"#1","uv":[0,1.25,3.75,2.5]},"up":{"texture":"#1","uv":[3.75,0,0,0]},"west":{"texture":"#1","uv":[0,0,0,1.25]}},"from":[-0.54707,5.5203,8],"rotation":{"angle":45,"axis":"x","origin":[9.45293,8.0203,8]},"to":[14.45293,10.5203,8]},{"faces":{"down":{"texture":"#1","uv":[9.5,5.75,9,6.25]},"east":{"texture":"#1","uv":[0.5,7.75,1,9]},"north":{"texture":"#1","uv":[7.75,0,8.25,1.25]},"south":{"texture":"#1","uv":[1,7.75,1.5,9]},"up":{"texture":"#1","uv":[9.5,5.75,9,5.25]},"west":{"texture":"#1","uv":[1.5,7.75,2,9]}},"from":[7.72818,18.26921,7],"rotation":{"angle":0,"axis":"y","origin":[7.80953,17.65085,8]},"to":[9.72818,23.26921,9]},{"faces":{"down":{"texture":"#1","uv":[0.5,0,0,0]},"east":{"texture":"#1","uv":[0,0,0,3.75]},"north":{"texture":"#1","uv":[3.75,0,4.25,3.75]},"south":{"texture":"#1","uv":[3.75,3.75,4.25,7.5]},"up":{"texture":"#1","uv":[0.5,0,0,0]},"west":{"texture":"#1","uv":[0,0,0,3.75]}},"from":[8.12818,5.86921,7.9],"rotation":{"angle":22.5,"axis":"z","origin":[8.72818,19.95,7.9]},"to":[10.12818,20.86921,7.9]},{"faces":{"down":{"texture":"#1","uv":[10.5,2.75,8.5,3]},"east":{"texture":"#1","uv":[2.25,5.75,2.5,6.25]},"north":{"texture":"#1","uv":[5.5,2.25,7.5,2.75]},"south":{"texture":"#1","uv":[5.5,2.75,7.5,3.25]},"up":{"texture":"#1","uv":[10.5,2.75,8.5,2.5]},"west":{"texture":"#1","uv":[5.25,6,5.5,6.5]}},"from":[8.72818,24.26921,7.5],"rotation":{"angle":22.5,"axis":"z","origin":[13.47818,21.01921,8]},"to":[16.72818,26.26921,8.5]},{"faces":{"down":{"texture":"#1","uv":[1.75,0,0,0]},"east":{"texture":"#1","uv":[0,0,0,0.75]},"north":{"texture":"#1","uv":[0.75,5,2.5,5.75]},"south":{"texture":"#1","uv":[5.5,0,7.25,0.75]},"up":{"texture":"#1","uv":[1.75,0,0,0]},"west":{"texture":"#1","uv":[0,0,0,0.75]}},"from":[8.72818,21.26921,8],"rotation":{"angle":22.5,"axis":"z","origin":[13.47818,21.01921,8]},"to":[15.72818,24.26921,8]},{"faces":{"down":{"texture":"#1","uv":[7.25,9,6.75,9.5]},"east":{"texture":"#1","uv":[8.5,7.75,9,8.75]},"north":{"texture":"#1","uv":[8.5,6.75,9,7.75]},"south":{"texture":"#1","uv":[8.75,0,9.25,1]},"up":{"texture":"#1","uv":[9.5,6.75,9,6.25]},"west":{"texture":"#1","uv":[5.75,8.75,6.25,9.75]}},"from":[3.65293,11.0203,7],"rotation":{"angle":22.5,"axis":"z","origin":[5.65293,12.0203,8]},"to":[5.65293,15.0203,9]},{"faces":{"down":{"texture":"#1","uv":[9.5,7.25,9,7.75]},"east":{"texture":"#1","uv":[3,5,3.5,7]},"north":{"texture":"#1","uv":[2.5,5,3,7]},"south":{"texture":"#1","uv":[5.5,3.25,6,5.25]},"up":{"texture":"#1","uv":[9.5,7.25,9,6.75]},"west":{"texture":"#1","uv":[5.5,5.25,6,7.25]}},"from":[8.67913,11.1619,7.01],"rotation":{"angle":-45,"axis":"z","origin":[9.13316,19.84637,8]},"to":[10.65913,19.1419,8.99]},{"faces":{"down":{"texture":"#1","uv":[9.5,8.25,9,8.75]},"east":{"texture":"#1","uv":[1.25,5.75,1.75,7.75]},"north":{"texture":"#1","uv":[0.75,5.75,1.25,7.75]},"south":{"texture":"#1","uv":[1.75,5.75,2.25,7.75]},"up":{"texture":"#1","uv":[9.5,8.25,9,7.75]},"west":{"texture":"#1","uv":[6,3.25,6.5,5.25]}},"from":[8.62913,11.1119,6.96],"rotation":{"angle":-45,"axis":"z","origin":[9.13316,19.84637,8]},"to":[10.70913,19.1919,9.04]},{"faces":{"down":{"texture":"#1","uv":[9.75,0.5,9.25,1]},"east":{"texture":"#1","uv":[4.75,8,5.25,9.25]},"north":{"texture":"#1","uv":[6.75,7.75,7.25,9]},"south":{"texture":"#1","uv":[8,5,8.5,6.25]},"up":{"texture":"#1","uv":[9.75,0.5,9.25,0]},"west":{"texture":"#1","uv":[8,6.25,8.5,7.5]}},"from":[7.67818,18.21921,6.95],"rotation":{"angle":0,"axis":"y","origin":[7.80953,17.65085,8]},"to":[9.77818,23.31921,9.05]},{"faces":{"down":{"texture":"#1","uv":[0.75,0,0,0]},"east":{"texture":"#1","uv":[0,0,0,2]},"north":{"texture":"#1","uv":[4.75,0,5.5,2]},"south":{"texture":"#1","uv":[4.75,2,5.5,4]},"up":{"texture":"#1","uv":[0.75,0,0,0]},"west":{"texture":"#1","uv":[0,0,0,2]}},"from":[4.07133,15.26921,8],"rotation":{"angle":-22.5,"axis":"z","origin":[4.07133,18.26921,8]},"to":[7.07133,23.26921,8]},{"faces":{"down":{"texture":"#1","uv":[2,9.5,1.5,9.75]},"east":{"texture":"#1","uv":[3.5,5,3.75,6.5]},"north":{"texture":"#1","uv":[5.75,7.25,6.25,8.75]},"south":{"texture":"#1","uv":[6.25,7.25,6.75,8.75]},"up":{"texture":"#1","uv":[9.5,2.5,9,2.25]},"west":{"texture":"#1","uv":[3,9,3.25,10.5]}},"from":[9.66913,11.1519,7.5],"rotation":{"angle":-45,"axis":"z","origin":[9.13316,19.84637,8]},"to":[11.66913,17.1519,8.5]},{"faces":{"down":{"texture":"#1","uv":[8.5,2.5,7.5,3.25]},"east":{"texture":"#1","uv":[7.75,1.25,8.5,1.75]},"north":{"texture":"#1","uv":[7.75,8.75,8.75,9.25]},"south":{"texture":"#1","uv":[8.75,8.75,9.75,9.25]},"up":{"texture":"#1","uv":[8.5,2.5,7.5,1.75]},"west":{"texture":"#1","uv":[9,3.25,9.75,3.75]}},"from":[2.45293,10.0203,6.5],"rotation":{"angle":-22.5,"axis":"z","origin":[4.65293,11.0203,8]},"to":[6.45293,12.0203,9.5]},{"faces":{"down":{"texture":"#1","uv":[8.5,4.25,7.5,5]},"east":{"texture":"#1","uv":[9,3.75,9.75,4.25]},"north":{"texture":"#1","uv":[0,9,1,9.5]},"south":{"texture":"#1","uv":[1,9,2,9.5]},"up":{"texture":"#1","uv":[4.75,8.25,3.75,7.5]},"west":{"texture":"#1","uv":[9,4.25,9.75,4.75]}},"from":[2.45293,2.9797,6.5],"rotation":{"angle":22.5,"axis":"z","origin":[4.65293,3.9797,8]},"to":[6.45293,4.9797,9.5]},{"faces":{"down":{"texture":"#1","uv":[7.75,9.25,7.25,9.75]},"east":{"texture":"#1","uv":[9,1,9.5,2]},"north":{"texture":"#1","uv":[6.25,8.75,6.75,9.75]},"south":{"texture":"#1","uv":[2,9,2.5,10]},"up":{"texture":"#1","uv":[5.25,9.75,4.75,9.25]},"west":{"texture":"#1","uv":[2.5,9,3,10]}},"from":[3.65293,-0.0203,7],"rotation":{"angle":-22.5,"axis":"z","origin":[5.65293,2.9797,8]},"to":[5.65293,3.9797,9]},{"faces":{"down":{"texture":"#1","uv":[8.75,9.25,8.25,9.75]},"east":{"texture":"#1","uv":[6,5.25,6.5,7.25]},"north":{"texture":"#1","uv":[4.75,6,5.25,8]},"south":{"texture":"#1","uv":[6.5,3.25,7,5.25]},"up":{"texture":"#1","uv":[8.25,9.75,7.75,9.25]},"west":{"texture":"#1","uv":[6.5,5.25,7,7.25]}},"from":[8.67913,-4.1419,7.01],"rotation":{"angle":45,"axis":"z","origin":[9.13316,-4.84637,8]},"to":[10.65913,3.8381,8.99]},{"faces":{"down":{"texture":"#1","uv":[9.75,9.25,9.25,9.75]},"east":{"texture":"#1","uv":[8,7.5,8.5,8.75]},"north":{"texture":"#1","uv":[7.25,8,7.75,9.25]},"south":{"texture":"#1","uv":[8.25,0,8.75,1.25]},"up":{"texture":"#1","uv":[9.25,9.75,8.75,9.25]},"west":{"texture":"#1","uv":[3.75,8.25,4.25,9.5]}},"from":[7.72818,-8.26921,7],"rotation":{"angle":0,"axis":"y","origin":[7.80953,-2.65085,8]},"to":[9.72818,-3.26921,9]},{"faces":{"down":{"texture":"#1","uv":[10,1.75,9.5,2]},"east":{"texture":"#1","uv":[3.25,9,3.5,10.5]},"north":{"texture":"#1","uv":[7.5,5,8,6.5]},"south":{"texture":"#1","uv":[7.5,6.5,8,8]},"up":{"texture":"#1","uv":[10,1.75,9.5,1.5]},"west":{"texture":"#1","uv":[3.5,9,3.75,10.5]}},"from":[9.66913,-2.1519,7.5],"rotation":{"angle":45,"axis":"z","origin":[9.13316,-4.84637,8]},"to":[11.66913,3.8481,8.5]},{"faces":{"down":{"texture":"#1","uv":[0.75,0,0,0]},"east":{"texture":"#1","uv":[0,0,0,2]},"north":{"texture":"#1","uv":[4.75,4,5.5,6]},"south":{"texture":"#1","uv":[0,5,0.75,7]},"up":{"texture":"#1","uv":[0.75,0,0,0]},"west":{"texture":"#1","uv":[0,0,0,2]}},"from":[4.07133,-8.26921,8],"rotation":{"angle":22.5,"axis":"z","origin":[4.07133,-3.26921,8]},"to":[7.07133,-0.26921,8]},{"faces":{"down":{"texture":"#1","uv":[3.75,0,0,0]},"east":{"texture":"#1","uv":[0,0,0,1.25]},"north":{"texture":"#1","uv":[0,2.5,3.75,3.75]},"south":{"texture":"#1","uv":[0,3.75,3.75,5]},"up":{"texture":"#1","uv":[3.75,0,0,0]},"west":{"texture":"#1","uv":[0,0,0,1.25]}},"from":[-0.54707,5.4797,8],"rotation":{"angle":-45,"axis":"x","origin":[9.45293,7.9797,8]},"to":[14.45293,10.4797,8]},{"faces":{"down":{"texture":"#1","uv":[11,2,9,2.25]},"east":{"texture":"#1","uv":[2.25,6.25,2.5,6.75]},"north":{"texture":"#1","uv":[7,3.25,9,3.75]},"south":{"texture":"#1","uv":[7,3.75,9,4.25]},"up":{"texture":"#1","uv":[10.5,3.25,8.5,3]},"west":{"texture":"#1","uv":[3.5,6.5,3.75,7]}},"from":[8.72818,-11.26921,7.5],"rotation":{"angle":-22.5,"axis":"z","origin":[13.47818,-6.01921,8]},"to":[16.72818,-9.26921,8.5]},{"faces":{"down":{"texture":"#1","uv":[1.75,0,0,0]},"east":{"texture":"#1","uv":[0,0,0,0.75]},"north":{"texture":"#1","uv":[5.5,0.75,7.25,1.5]},"south":{"texture":"#1","uv":[5.5,1.5,7.25,2.25]},"up":{"texture":"#1","uv":[1.75,0,0,0]},"west":{"texture":"#1","uv":[0,0,0,0.75]}},"from":[8.72818,-9.26921,8],"rotation":{"angle":-22.5,"axis":"z","origin":[13.47818,-6.01921,8]},"to":[15.72818,-6.26921,8]},{"faces":{"down":{"texture":"#1","uv":[1,9.5,0.5,10]},"east":{"texture":"#1","uv":[8.5,1.25,9,2.5]},"north":{"texture":"#1","uv":[4.25,8.25,4.75,9.5]},"south":{"texture":"#1","uv":[8.5,4.25,9,5.5]},"up":{"texture":"#1","uv":[0.5,10,0,9.5]},"west":{"texture":"#1","uv":[8.5,5.5,9,6.75]}},"from":[7.67818,-8.31921,6.95],"rotation":{"angle":0,"axis":"y","origin":[7.80953,-2.65085,8]},"to":[9.77818,-3.21921,9.05]},{"faces":{"down":{"texture":"#1","uv":[10,1,9.5,1.5]},"east":{"texture":"#1","uv":[2.25,7,2.75,9]},"north":{"texture":"#1","uv":[0,7,0.5,9]},"south":{"texture":"#1","uv":[2.75,7,3.25,9]},"up":{"texture":"#1","uv":[1.5,10,1,9.5]},"west":{"texture":"#1","uv":[3.25,7,3.75,9]}},"from":[8.62913,-4.1919,6.96],"rotation":{"angle":45,"axis":"z","origin":[9.13316,-4.84637,8]},"to":[10.70913,3.8881,9.04]},{"faces":{"down":{"texture":"#1","uv":[0.5,0,0,0]},"east":{"texture":"#1","uv":[0,0,0,3.75]},"north":{"texture":"#1","uv":[4.25,0,4.75,3.75]},"south":{"texture":"#1","uv":[4.25,3.75,4.75,7.5]},"up":{"texture":"#1","uv":[0.5,0,0,0]},"west":{"texture":"#1","uv":[0,0,0,3.75]}},"from":[8.12818,-5.86921,7.9],"rotation":{"angle":-22.5,"axis":"z","origin":[8.72818,-4.95,7.9]},"to":[10.12818,9.13079,7.9]}],"gui_light":"front","texture_size":[64,64],"textures":{"1":"civilization:item/tools/artemis_bow/pulling/1","particle":"civilization:item/tools/artemis_bow/pulling/1"}}