{"display":{"firstperson_lefthand":{"rotation":[12.5,90,0],"scale":[0.6,0.6,0.6],"translation":[-0.5,-3.5,0.5]},"firstperson_righthand":{"rotation":[12.5,90,0],"scale":[0.6,0.6,0.6],"translation":[-0.5,-3.5,0.5]},"fixed":{"scale":[0.5,0.5,0.5],"translation":[0,-3.25,0]},"ground":{"rotation":[75,30,0],"scale":[0.4,0.4,0.4],"translation":[0,0,-3.25]},"gui":{"rotation":[0,0,-45],"scale":[0.5,0.5,0.5],"translation":[-4,-4,0]},"head":{"translation":[0,2.75,0]},"thirdperson_lefthand":{"rotation":[0,90,0],"scale":[0.8,0.8,0.8],"translation":[0,-4.75,1]},"thirdperson_righthand":{"rotation":[0,90,0],"scale":[0.8,0.8,0.8],"translation":[0,-4.75,1]}},"elements":[{"faces":{"down":{"texture":"#0","uv":[3.75,6.75,3.25,7.25]},"east":{"texture":"#0","uv":[0.5,0,1,6]},"north":{"texture":"#0","uv":[0,0,0.5,6]},"south":{"texture":"#0","uv":[1,0,1.5,6]},"up":{"texture":"#0","uv":[4.75,3.5,4.25,3]},"west":{"texture":"#0","uv":[1.5,0,2,6]}},"from":[7,6,7],"rotation":{"angle":0,"axis":"y","origin":[8,20,8]},"to":[9,30,9]},{"faces":{"down":{"texture":"#0","uv":[8,3.5,7.25,4.25]},"east":{"texture":"#0","uv":[8.5,5.5,9.25,5.75]},"north":{"texture":"#0","uv":[8.5,5.25,9.25,5.5]},"south":{"texture":"#0","uv":[7.5,8.5,8.25,8.75]},"up":{"texture":"#0","uv":[3.5,8,2.75,7.25]},"west":{"texture":"#0","uv":[0,8.75,0.75,9]}},"from":[6.5,14,6.5],"rotation":{"angle":0,"axis":"y","origin":[8,20,8]},"to":[9.5,15,9.5]},{"faces":{"down":{"texture":"#0","uv":[8.25,6.5,7.5,7.25]},"east":{"texture":"#0","uv":[8.75,2,9.5,2.25]},"north":{"texture":"#0","uv":[1.5,8.75,2.25,9]},"south":{"texture":"#0","uv":[2.25,8.75,3,9]},"up":{"texture":"#0","uv":[6.75,8.25,6,7.5]},"west":{"texture":"#0","uv":[8.75,2.25,9.5,2.5]}},"from":[6.5,21,6.5],"rotation":{"angle":0,"axis":"y","origin":[8,20,8]},"to":[9.5,22,9.5]},{"faces":{"down":{"texture":"#0","uv":[5.25,0,4,1]},"east":{"texture":"#0","uv":[0,8.5,1,8.75]},"north":{"texture":"#0","uv":[2,6,3.25,6.25]},"south":{"texture":"#0","uv":[8.25,4.25,9.5,4.5]},"up":{"texture":"#0","uv":[4.75,4.5,3.5,3.5]},"west":{"texture":"#0","uv":[8.5,0,9.5,0.25]}},"from":[5.5,23,6],"rotation":{"angle":0,"axis":"y","origin":[8,20,8]},"to":[10.5,24,10]},{"faces":{"down":{"texture":"#0","uv":[8.25,5.75,7.5,6.5]},"east":{"texture":"#0","uv":[8.75,0.5,9.5,0.75]},"north":{"texture":"#0","uv":[8.75,0.25,9.5,0.5]},"south":{"texture":"#0","uv":[8.75,0.75,9.5,1]},"up":{"texture":"#0","uv":[6,8.25,5.25,7.5]},"west":{"texture":"#0","uv":[8.75,1,9.5,1.25]}},"from":[6.5,8,6.5],"rotation":{"angle":0,"axis":"y","origin":[8,20,8]},"to":[9.5,9,9.5]},{"faces":{"down":{"texture":"#0","uv":[2.75,7.25,2,8]},"east":{"texture":"#0","uv":[6,6.75,6.75,7.5]},"north":{"texture":"#0","uv":[5.25,6.75,6,7.5]},"south":{"texture":"#0","uv":[6.75,6.75,7.5,7.5]},"up":{"texture":"#0","uv":[7.75,5.75,7,5]},"west":{"texture":"#0","uv":[7,4.25,7.75,5]}},"from":[7.20711,4,6.5],"rotation":{"angle":45,"axis":"z","origin":[8.70711,4.5,8]},"to":[10.20711,7,9.5]},{"faces":{"down":{"texture":"#0","uv":[3.25,5.25,2,6]},"east":{"texture":"#0","uv":[4.5,4.5,5.25,5.75]},"north":{"texture":"#0","uv":[2,0,3.25,1.25]},"south":{"texture":"#0","uv":[2,1.25,3.25,2.5]},"up":{"texture":"#0","uv":[6.5,0.75,5.25,0]},"west":{"texture":"#0","uv":[4.75,3,5.5,4.25]}},"from":[20.70711,19.5,6.5],"rotation":{"angle":45,"axis":"z","origin":[8.70711,6.5,8]},"to":[25.70711,24.5,9.5]},{"faces":{"down":{"texture":"#0","uv":[8.5,1.75,8,2.5]},"east":{"texture":"#0","uv":[2,2.5,2.75,4.25]},"north":{"texture":"#0","uv":[0,6,0.5,7.75]},"south":{"texture":"#0","uv":[0.5,6,1,7.75]},"up":{"texture":"#0","uv":[8.5,1.75,8,1]},"west":{"texture":"#0","uv":[2.75,2.5,3.5,4.25]}},"from":[5.43117,20.9135,6.51],"rotation":{"angle":22.5,"axis":"z","origin":[5.42117,25.4035,8]},"to":[7.41117,27.8935,9.49]},{"faces":{"down":{"texture":"#0","uv":[3,8,2.5,8.75]},"east":{"texture":"#0","uv":[3.25,0,4,1.75]},"north":{"texture":"#0","uv":[1,6,1.5,7.75]},"south":{"texture":"#0","uv":[1.5,6,2,7.75]},"up":{"texture":"#0","uv":[2.5,8.75,2,8]},"west":{"texture":"#0","uv":[3.5,1.75,4.25,3.5]}},"from":[8.58883,20.9135,6.51],"rotation":{"angle":-22.5,"axis":"z","origin":[10.57883,25.4035,8]},"to":[10.56883,27.8935,9.49]},{"faces":{"down":{"texture":"#0","uv":[5,4.25,4.75,4.5]},"east":{"texture":"#0","uv":[4,1,4.25,1.75]},"north":{"texture":"#0","uv":[3.25,1.75,3.5,2.5]},"south":{"texture":"#0","uv":[7.25,8.25,7.5,9]},"up":{"texture":"#0","uv":[3.5,4.5,3.25,4.25]},"west":{"texture":"#0","uv":[8.5,0.25,8.75,1]}},"from":[6.42226,0.87868,7.5],"rotation":{"angle":-22.5,"axis":"z","origin":[6.82226,2.37868,8]},"to":[7.42226,3.87868,8.5]},{"faces":{"down":{"texture":"#0","uv":[5.5,0.75,5.25,1]},"east":{"texture":"#0","uv":[8.5,1,8.75,1.75]},"north":{"texture":"#0","uv":[1,8.5,1.25,9.25]},"south":{"texture":"#0","uv":[1.25,8.5,1.5,9.25]},"up":{"texture":"#0","uv":[5.25,4.5,5,4.25]},"west":{"texture":"#0","uv":[8.5,1.75,8.75,2.5]}},"from":[8.57774,0.87868,7.5],"rotation":{"angle":22.5,"axis":"z","origin":[9.17774,2.37868,8]},"to":[9.57774,3.87868,8.5]},{"faces":{"down":{"texture":"#0","uv":[6.75,0.5,6.5,0.75]},"east":{"texture":"#0","uv":[5,8.5,5.25,9.25]},"north":{"texture":"#0","uv":[8.5,2.5,8.75,3.25]},"south":{"texture":"#0","uv":[5.25,8.5,5.5,9.25]},"up":{"texture":"#0","uv":[4.5,6.5,4.25,6.25]},"west":{"texture":"#0","uv":[5.5,8.5,5.75,9.25]}},"from":[4.71086,-2.00056,7.51],"rotation":{"angle":45,"axis":"z","origin":[5.10086,2.48944,8]},"to":[5.69086,0.97944,8.49]},{"faces":{"down":{"texture":"#0","uv":[5.75,6.5,5.5,6.75]},"east":{"texture":"#0","uv":[6,8.5,6.25,9.25]},"north":{"texture":"#0","uv":[5.75,8.5,6,9.25]},"south":{"texture":"#0","uv":[0.75,8.75,1,9.5]},"up":{"texture":"#0","uv":[5.5,6.75,5.25,6.5]},"west":{"texture":"#0","uv":[8.75,1.25,9,2]}},"from":[10.31914,-1.99056,7.52],"rotation":{"angle":-45,"axis":"z","origin":[10.89914,2.48944,8]},"to":[11.27914,0.96944,8.48]},{"faces":{"down":{"texture":"#0","uv":[8.75,8.25,8.25,8.75]},"east":{"texture":"#0","uv":[6.75,8.25,7.25,8.75]},"north":{"texture":"#0","uv":[8.25,6.25,8.75,6.75]},"south":{"texture":"#0","uv":[8.25,6.75,8.75,7.25]},"up":{"texture":"#0","uv":[8.75,8.25,8.25,7.75]},"west":{"texture":"#0","uv":[8.25,7.25,8.75,7.75]}},"from":[6.70711,3.5,7],"rotation":{"angle":45,"axis":"z","origin":[8.70711,4.5,8]},"to":[8.70711,5.5,9]},{"faces":{"down":{"texture":"#0","uv":[6.75,8.25,6.25,8.75]},"east":{"texture":"#0","uv":[4.25,6.5,4.75,8]},"north":{"texture":"#0","uv":[3.75,6.25,4.25,7.75]},"south":{"texture":"#0","uv":[6.5,4.25,7,5.75]},"up":{"texture":"#0","uv":[8.75,6.25,8.25,5.75]},"west":{"texture":"#0","uv":[4.75,6.5,5.25,8]}},"from":[6.93,15.93,6.93],"rotation":{"angle":0,"axis":"y","origin":[8,18,8]},"to":[9.07,22.07,9.07]},{"faces":{"down":{"texture":"#0","uv":[8,1.5,6.75,2]},"east":{"texture":"#0","uv":[7.75,4.25,8.25,5.25]},"north":{"texture":"#0","uv":[4.25,2,5.5,3]},"south":{"texture":"#0","uv":[3.25,4.5,4.5,5.5]},"up":{"texture":"#0","uv":[8,1.5,6.75,1]},"west":{"texture":"#0","uv":[8,0,8.5,1]}},"from":[8.53329,25.51983,6.95],"rotation":{"angle":0,"axis":"y","origin":[13.71717,26.58239,8]},"to":[13.63329,29.61983,9.05]},{"faces":{"down":{"texture":"#0","uv":[8.75,3.25,8,3.75]},"east":{"texture":"#0","uv":[8,2.5,8.5,3.25]},"north":{"texture":"#0","uv":[6.75,7.5,7.5,8.25]},"south":{"texture":"#0","uv":[7.5,7.25,8.25,8]},"up":{"texture":"#0","uv":[8.5,5.75,7.75,5.25]},"west":{"texture":"#0","uv":[3,8,3.5,8.75]}},"from":[13.58329,26.06983,7],"rotation":{"angle":0,"axis":"y","origin":[16.14153,27.0558,8]},"to":[16.58329,29.06983,9]},{"faces":{"down":{"texture":"#0","uv":[1.25,0,0,0]},"east":{"texture":"#0","uv":[0,0,0,0.75]},"north":{"texture":"#0","uv":[3.25,5.5,4.5,6.25]},"south":{"texture":"#0","uv":[4.5,5.75,5.75,6.5]},"up":{"texture":"#0","uv":[1.25,0,0,0]},"west":{"texture":"#0","uv":[0,0,0,0.75]}},"from":[8.58329,24.56983,8],"rotation":{"angle":22.5,"axis":"z","origin":[11.08329,26.56983,8]},"to":[13.58329,27.56983,8]},{"faces":{"down":{"texture":"#0","uv":[1.25,0,0,0]},"east":{"texture":"#0","uv":[0,0,0,0.75]},"north":{"texture":"#0","uv":[5.5,0.75,6.75,1.5]},"south":{"texture":"#0","uv":[5.5,1.5,6.75,2.25]},"up":{"texture":"#0","uv":[1.25,0,0,0]},"west":{"texture":"#0","uv":[0,0,0,0.75]}},"from":[11.57329,24.95983,7.99],"rotation":{"angle":0,"axis":"y","origin":[16.14153,25.9558,9]},"to":[16.59329,27.97983,8.01]},{"faces":{"down":{"texture":"#0","uv":[9.5,5,8.25,5.25]},"east":{"texture":"#0","uv":[8.75,2.5,9,3]},"north":{"texture":"#0","uv":[6.75,2.5,8,3]},"south":{"texture":"#0","uv":[6.75,3,8,3.5]},"up":{"texture":"#0","uv":[6.25,8.5,5,8.25]},"west":{"texture":"#0","uv":[3,8.75,3.25,9.25]}},"from":[15.58329,24.66983,7.5],"rotation":{"angle":-22.5,"axis":"z","origin":[19.58329,27.06983,8]},"to":[20.58329,26.66983,8.5]},{"faces":{"down":{"texture":"#0","uv":[1.75,0,0,0]},"east":{"texture":"#0","uv":[0,0,0,0.5]},"north":{"texture":"#0","uv":[5.5,3.75,7.25,4.25]},"south":{"texture":"#0","uv":[5.75,5.75,7.5,6.25]},"up":{"texture":"#0","uv":[1.75,0,0,0]},"west":{"texture":"#0","uv":[0,0,0,0.5]}},"from":[15.28329,23.66983,8],"rotation":{"angle":-22.5,"axis":"z","origin":[19.58329,26.36983,8.5]},"to":[22.28329,25.66983,8]},{"faces":{"down":{"texture":"#0","uv":[0,0,1.75,0]},"east":{"texture":"#0","uv":[0,0,0,0.5]},"north":{"texture":"#0","uv":[7.25,3.75,5.5,4.25]},"south":{"texture":"#0","uv":[7.5,5.75,5.75,6.25]},"up":{"texture":"#0","uv":[0,0,1.75,0]},"west":{"texture":"#0","uv":[0,0,0,0.5]}},"from":[-6.28329,23.66983,8],"rotation":{"angle":22.5,"axis":"z","origin":[-3.58329,26.36983,8.5]},"to":[0.71671,25.66983,8]},{"faces":{"down":{"texture":"#0","uv":[0,0,1.25,0]},"east":{"texture":"#0","uv":[0,0,0,0.75]},"north":{"texture":"#0","uv":[4.5,5.5,3.25,6.25]},"south":{"texture":"#0","uv":[5.75,5.75,4.5,6.5]},"up":{"texture":"#0","uv":[0,0,1.25,0]},"west":{"texture":"#0","uv":[0,0,0,0.75]}},"from":[2.41671,24.56983,8],"rotation":{"angle":-22.5,"axis":"z","origin":[4.91671,26.56983,8]},"to":[7.41671,27.56983,8]},{"faces":{"down":{"texture":"#0","uv":[0,0,1.25,0]},"east":{"texture":"#0","uv":[0,0,0,0.75]},"north":{"texture":"#0","uv":[6.75,0.75,5.5,1.5]},"south":{"texture":"#0","uv":[6.75,1.5,5.5,2.25]},"up":{"texture":"#0","uv":[0,0,1.25,0]},"west":{"texture":"#0","uv":[0,0,0,0.75]}},"from":[-0.59329,24.95983,7.99],"rotation":{"angle":0,"axis":"y","origin":[-0.14153,25.9558,9]},"to":[4.42671,27.97983,8.01]},{"faces":{"down":{"texture":"#0","uv":[6.75,1.5,8,2]},"east":{"texture":"#0","uv":[8.5,0,8,1]},"north":{"texture":"#0","uv":[5.5,2,4.25,3]},"south":{"texture":"#0","uv":[4.5,4.5,3.25,5.5]},"up":{"texture":"#0","uv":[6.75,1.5,8,1]},"west":{"texture":"#0","uv":[8.25,4.25,7.75,5.25]}},"from":[2.36671,25.51983,6.95],"rotation":{"angle":0,"axis":"y","origin":[2.28283,26.58239,8]},"to":[7.46671,29.61983,9.05]},{"faces":{"down":{"texture":"#0","uv":[8,3.25,8.75,3.75]},"east":{"texture":"#0","uv":[3.5,8,3,8.75]},"north":{"texture":"#0","uv":[7.5,7.5,6.75,8.25]},"south":{"texture":"#0","uv":[8.25,7.25,7.5,8]},"up":{"texture":"#0","uv":[7.75,5.75,8.5,5.25]},"west":{"texture":"#0","uv":[8.5,2.5,8,3.25]}},"from":[-0.58329,26.06983,7],"rotation":{"angle":0,"axis":"y","origin":[-0.14153,27.0558,8]},"to":[2.41671,29.06983,9]},{"faces":{"down":{"texture":"#0","uv":[8.25,5,9.5,5.25]},"east":{"texture":"#0","uv":[3.25,8.75,3,9.25]},"north":{"texture":"#0","uv":[8,2.5,6.75,3]},"south":{"texture":"#0","uv":[8,3,6.75,3.5]},"up":{"texture":"#0","uv":[5,8.5,6.25,8.25]},"west":{"texture":"#0","uv":[9,2.5,8.75,3]}},"from":[-4.58329,24.66983,7.5],"rotation":{"angle":22.5,"axis":"z","origin":[-3.58329,27.06983,8]},"to":[0.41671,26.66983,8.5]}],"gui_light":"front","texture_size":[64,64],"textures":{"0":"civilization:item/tools/war_pickaxe/normal/default","particle":"civilization:item/tools/war_pickaxe/normal/default"}}