{"display":{"firstperson_lefthand":{"rotation":[12.5,90,0],"scale":[0.6,0.6,0.6],"translation":[-0.5,-3.5,0.5]},"firstperson_righthand":{"rotation":[12.5,-90,0],"scale":[0.6,0.6,0.6],"translation":[-0.5,-3.5,0.5]},"fixed":{"scale":[0.5,0.5,0.5],"translation":[0,-3.25,0]},"ground":{"rotation":[75,30,0],"scale":[0.4,0.4,0.4],"translation":[0,0,-3.25]},"gui":{"rotation":[0,0,-45],"scale":[0.47,0.47,0.47],"translation":[-4.25,-4.25,0]},"head":{"translation":[0,2.75,0]},"thirdperson_lefthand":{"rotation":[0,90,0],"scale":[0.8,0.8,0.8],"translation":[0,-5.25,1.5]},"thirdperson_righthand":{"rotation":[0,-90,0],"scale":[0.8,0.8,0.8],"translation":[0,-5.25,1.5]}},"elements":[{"faces":{"down":{"texture":"#0","uv":[3.5,9,4,9.5]},"east":{"texture":"#0","uv":[2,4.5,1.5,10.5]},"north":{"texture":"#0","uv":[0.5,4.5,0,10.5]},"south":{"texture":"#0","uv":[1.5,4.5,1,10.5]},"up":{"texture":"#0","uv":[8,2,8.5,1.5]},"west":{"texture":"#0","uv":[1,4.5,0.5,10.5]}},"from":[7,5,7],"rotation":{"angle":0,"axis":"y","origin":[8,19,8]},"to":[9,29,9]},{"faces":{"down":{"texture":"#0","uv":[10,5,10.5,5.5]},"east":{"texture":"#0","uv":[9,1.5,8.5,3]},"north":{"texture":"#0","uv":[7.5,7.75,7,9.25]},"south":{"texture":"#0","uv":[8.5,8.25,8,9.75]},"up":{"texture":"#0","uv":[5,10.5,5.5,10]},"west":{"texture":"#0","uv":[8,8.25,7.5,9.75]}},"from":[6.7,8.7,6.7],"rotation":{"angle":0,"axis":"y","origin":[8,20,8]},"to":[9.3,15.3,9.3]},{"faces":{"down":{"texture":"#0","uv":[6,7.75,7,8.5]},"east":{"texture":"#0","uv":[9.25,9.5,8.5,10]},"north":{"texture":"#0","uv":[10,4,9,4.5]},"south":{"texture":"#0","uv":[10.25,6.5,9.25,7]},"up":{"texture":"#0","uv":[7.75,4,8.75,3.25]},"west":{"texture":"#0","uv":[5.75,9.5,5,10]}},"from":[5.997,14.997,6.497],"rotation":{"angle":0,"axis":"y","origin":[7.5,21,8]},"to":[10.003,17.003,9.503]},{"faces":{"down":{"texture":"#0","uv":[6.25,6,7.5,7]},"east":{"texture":"#0","uv":[10.25,8.75,9.25,9.25]},"north":{"texture":"#0","uv":[9,4,7.75,4.5]},"south":{"texture":"#0","uv":[3.25,8.5,2,9]},"up":{"texture":"#0","uv":[5,7,6.25,6]},"west":{"texture":"#0","uv":[10.25,7,9.25,7.5]}},"from":[5.5,20.25,6],"rotation":{"angle":0,"axis":"y","origin":[8,20.25,8.5]},"to":[10.5,22.25,10]},{"faces":{"down":{"texture":"#0","uv":[5.5,3.5,7,4.5]},"east":{"texture":"#0","uv":[8.5,9.75,7.5,10]},"north":{"texture":"#0","uv":[11,8,9.5,8.25]},"south":{"texture":"#0","uv":[11.25,0,9.75,0.25]},"up":{"texture":"#0","uv":[5.5,3.5,7,2.5]},"west":{"texture":"#0","uv":[7,9.75,6,10]}},"from":[5,23,6],"rotation":{"angle":0,"axis":"y","origin":[8.5,20,8]},"to":[11,24,10]},{"faces":{"down":{"texture":"#0","uv":[8,0.75,9,1.5]},"east":{"texture":"#0","uv":[10.5,0.75,9.75,1.25]},"north":{"texture":"#0","uv":[10.25,9.25,9.25,9.75]},"south":{"texture":"#0","uv":[4.5,9.5,3.5,10]},"up":{"texture":"#0","uv":[8,0.75,9,0]},"west":{"texture":"#0","uv":[10.5,0.25,9.75,0.75]}},"from":[5.997,6.997,6.497],"rotation":{"angle":0,"axis":"y","origin":[7.5,20,8]},"to":[10.003,9.003,9.503]},{"faces":{"down":{"texture":"#0","uv":[2,9,2.75,9.75]},"east":{"texture":"#0","uv":[9.75,0.75,9,1.5]},"north":{"texture":"#0","uv":[9.5,7.5,8.75,8.25]},"south":{"texture":"#0","uv":[9.75,0,9,0.75]},"up":{"texture":"#0","uv":[9,2.25,9.75,1.5]},"west":{"texture":"#0","uv":[9.25,8.75,8.5,9.5]}},"from":[5.79289,3.25,6.5],"rotation":{"angle":-45,"axis":"z","origin":[7.29289,3.75,8]},"to":[8.79289,6.25,9.5]},{"faces":{"down":{"texture":"#0","uv":[6.25,7,7.5,7.75]},"east":{"texture":"#0","uv":[7.75,3.25,7,4.5]},"north":{"texture":"#0","uv":[6.75,0,5.5,1.25]},"south":{"texture":"#0","uv":[6.75,1.25,5.5,2.5]},"up":{"texture":"#0","uv":[5,7.75,6.25,7]},"west":{"texture":"#0","uv":[7.75,2,7,3.25]}},"from":[-9.70711,19.5,6.5],"rotation":{"angle":-45,"axis":"z","origin":[7.29289,6.5,8]},"to":[-4.70711,24.5,9.5]},{"faces":{"down":{"texture":"#0","uv":[9.5,7.75,11.25,8]},"east":{"texture":"#0","uv":[3.25,9.75,3,11.25]},"north":{"texture":"#0","uv":[3.75,4.5,2,6]},"south":{"texture":"#0","uv":[5.5,4.5,3.75,6]},"up":{"texture":"#0","uv":[9.5,7.75,11.25,7.5]},"west":{"texture":"#0","uv":[6,9.5,5.75,11]}},"from":[-10.70711,19,7.5],"rotation":{"angle":-45,"axis":"z","origin":[7.29289,6,8]},"to":[-3.70711,25,8.5]},{"faces":{"down":{"texture":"#0","uv":[3.25,7.75,4,9]},"east":{"texture":"#0","uv":[3.25,7.75,2,8.5]},"north":{"texture":"#0","uv":[10,5,9.25,5.75]},"south":{"texture":"#0","uv":[10,5.75,9.25,6.5]},"up":{"texture":"#0","uv":[7.75,3.25,8.5,2]},"west":{"texture":"#0","uv":[8.75,7.5,7.5,8.25]}},"from":[-8.70711,20.5,5.5],"rotation":{"angle":-45,"axis":"z","origin":[7.29289,6.5,8]},"to":[-5.70711,23.5,10.5]},{"faces":{"down":{"texture":"#0","uv":[2,9.75,2.5,10.5]},"east":{"texture":"#0","uv":[3.5,6,2.75,7.75]},"north":{"texture":"#0","uv":[4.5,7.75,4,9.5]},"south":{"texture":"#0","uv":[5,7.75,4.5,9.5]},"up":{"texture":"#0","uv":[9.75,2,10.25,1.25]},"west":{"texture":"#0","uv":[2.75,6,2,7.75]}},"from":[8.08883,20.9135,6.51],"rotation":{"angle":-22.5,"axis":"z","origin":[10.57883,25.4035,8]},"to":[10.56883,27.8935,9.49]},{"faces":{"down":{"texture":"#0","uv":[2.5,9.75,3,10.5]},"east":{"texture":"#0","uv":[5,6,4.25,7.75]},"north":{"texture":"#0","uv":[5.5,7.75,5,9.5]},"south":{"texture":"#0","uv":[6,7.75,5.5,9.5]},"up":{"texture":"#0","uv":[9.75,2.75,10.25,2]},"west":{"texture":"#0","uv":[4.25,6,3.5,7.75]}},"from":[5.43117,20.9135,6.51],"rotation":{"angle":22.5,"axis":"z","origin":[5.42117,25.4035,8]},"to":[7.91117,27.8935,9.49]},{"faces":{"down":{"texture":"#0","uv":[3.25,9.75,3.5,10]},"east":{"texture":"#0","uv":[7,10,6.75,10.75]},"north":{"texture":"#0","uv":[4.5,10,4.25,10.75]},"south":{"texture":"#0","uv":[6.75,10,6.5,10.75]},"up":{"texture":"#0","uv":[8.5,3.25,8.75,3]},"west":{"texture":"#0","uv":[5.75,10,5.5,10.75]}},"from":[8.57774,-0.62132,7.5],"rotation":{"angle":22.5,"axis":"z","origin":[9.17774,0.87868,8]},"to":[9.57774,2.37868,8.5]},{"faces":{"down":{"texture":"#0","uv":[10.25,8.75,10.5,9]},"east":{"texture":"#0","uv":[8.5,10,8.25,10.75]},"north":{"texture":"#0","uv":[7.75,10,7.5,10.75]},"south":{"texture":"#0","uv":[8.25,10,8,10.75]},"up":{"texture":"#0","uv":[10.25,7.5,10.5,7.25]},"west":{"texture":"#0","uv":[8,10,7.75,10.75]}},"from":[6.42226,-0.62132,7.5],"rotation":{"angle":-22.5,"axis":"z","origin":[6.82226,0.87868,8]},"to":[7.42226,2.37868,8.5]},{"faces":{"down":{"texture":"#0","uv":[10.25,9.25,10.5,9.5]},"east":{"texture":"#0","uv":[9.5,10,9.25,10.75]},"north":{"texture":"#0","uv":[8.75,10,8.5,10.75]},"south":{"texture":"#0","uv":[9.25,10,9,10.75]},"up":{"texture":"#0","uv":[10.25,9.25,10.5,9]},"west":{"texture":"#0","uv":[9,10,8.75,10.75]}},"from":[10.30914,-3.50056,7.51],"rotation":{"angle":-45,"axis":"z","origin":[10.89914,0.98944,8]},"to":[11.28914,-0.52056,8.49]},{"faces":{"down":{"texture":"#0","uv":[10.25,10,10.5,10.25]},"east":{"texture":"#0","uv":[10.5,1.25,10.25,2]},"north":{"texture":"#0","uv":[9.75,10,9.5,10.75]},"south":{"texture":"#0","uv":[10.25,10,10,10.75]},"up":{"texture":"#0","uv":[10.25,9.75,10.5,9.5]},"west":{"texture":"#0","uv":[10,10,9.75,10.75]}},"from":[4.72086,-3.49056,7.52],"rotation":{"angle":45,"axis":"z","origin":[5.10086,0.98944,8]},"to":[5.68086,-0.53056,8.48]},{"faces":{"down":{"texture":"#0","uv":[10,4.5,10.5,5]},"east":{"texture":"#0","uv":[4.25,10,3.75,10.5]},"north":{"texture":"#0","uv":[10.5,3,10,3.5]},"south":{"texture":"#0","uv":[10.5,3.5,10,4]},"up":{"texture":"#0","uv":[10,4.5,10.5,4]},"west":{"texture":"#0","uv":[3.75,10,3.25,10.5]}},"from":[7.29289,2.25,7],"rotation":{"angle":-45,"axis":"z","origin":[7.29289,3.25,8]},"to":[9.29289,4.25,9]},{"faces":{"down":{"texture":"#0","uv":[8.75,3,10,3.5]},"east":{"texture":"#0","uv":[5,9.5,4.5,10.5]},"north":{"texture":"#0","uv":[8,0,6.75,1]},"south":{"texture":"#0","uv":[8,1,6.75,2]},"up":{"texture":"#0","uv":[8.5,8.75,9.75,8.25]},"west":{"texture":"#0","uv":[7.5,9.25,7,10.25]}},"from":[2.36671,25.51983,6.95],"rotation":{"angle":0,"axis":"y","origin":[2.28283,26.58239,8]},"to":[7.46671,29.61983,9.05]},{"faces":{"down":{"texture":"#0","uv":[10.25,7,11,7.25]},"east":{"texture":"#0","uv":[10.5,6,10.25,6.75]},"north":{"texture":"#0","uv":[9.75,2.25,9,3]},"south":{"texture":"#0","uv":[3.5,9,2.75,9.75]},"up":{"texture":"#0","uv":[10.25,7,11,6.75]},"west":{"texture":"#0","uv":[10.5,2,10.25,2.75]}},"from":[-0.58829,25.86483,7.495],"rotation":{"angle":0,"axis":"y","origin":[-0.14153,26.8558,7.5]},"to":[2.42171,28.87483,8.505]},{"faces":{"down":{"texture":"#0","uv":[0,0,1.25,0]},"east":{"texture":"#0","uv":[0,0,0,0.75]},"north":{"texture":"#0","uv":[8.75,6,7.5,6.75]},"south":{"texture":"#0","uv":[8.75,6.75,7.5,7.5]},"up":{"texture":"#0","uv":[0,0,1.25,0]},"west":{"texture":"#0","uv":[0,0,0,0.75]}},"from":[2.41671,24.56983,8],"rotation":{"angle":-22.5,"axis":"z","origin":[4.91671,26.56983,8]},"to":[7.41671,27.56983,8]},{"faces":{"down":{"texture":"#0","uv":[9.75,8.25,11,8.5]},"east":{"texture":"#0","uv":[7.5,10.25,7.25,11]},"north":{"texture":"#0","uv":[8.75,4.5,7.5,5.25]},"south":{"texture":"#0","uv":[8.75,5.25,7.5,6]},"up":{"texture":"#0","uv":[9.75,3,11,2.75]},"west":{"texture":"#0","uv":[7.25,10.25,7,11]}},"from":[-0.59329,24.95983,7.99],"rotation":{"angle":0,"axis":"y","origin":[-0.14153,25.9558,9]},"to":[4.42671,27.97983,8.01]},{"faces":{"down":{"texture":"#0","uv":[9.25,9.75,10.5,10]},"east":{"texture":"#0","uv":[10.25,6,10,6.5]},"north":{"texture":"#0","uv":[10,3.5,8.75,4]},"south":{"texture":"#0","uv":[10,4.5,8.75,5]},"up":{"texture":"#0","uv":[9.75,8.75,11,8.5]},"west":{"texture":"#0","uv":[7,2,6.75,2.5]}},"from":[-4.58329,24.66983,7.5],"rotation":{"angle":22.5,"axis":"z","origin":[-3.58329,27.06983,8]},"to":[0.41671,26.66983,8.5]},{"faces":{"down":{"texture":"#0","uv":[0,0,2,0]},"east":{"texture":"#0","uv":[0,0,0,0.75]},"north":{"texture":"#0","uv":[7.5,4.5,5.5,5.25]},"south":{"texture":"#0","uv":[7.5,5.25,5.5,6]},"up":{"texture":"#0","uv":[0,0,2,0]},"west":{"texture":"#0","uv":[0,0,0,0.75]}},"from":[-7.28329,22.66983,8],"rotation":{"angle":22.5,"axis":"z","origin":[-3.58329,26.36983,8.5]},"to":[0.71671,25.66983,8]},{"faces":{"down":{"texture":"#1","uv":[0,0,2.75,0]},"east":{"texture":"#1","uv":[0,0,0,2.25]},"north":{"texture":"#1","uv":[5.5,0,2.75,2.25]},"south":{"texture":"#1","uv":[5.5,2.25,2.75,4.5]},"up":{"texture":"#1","uv":[0,0,2.75,0]},"west":{"texture":"#1","uv":[0,0,0,2.25]}},"from":[10.54222,23.2132,7.07822],"rotation":{"angle":0,"axis":"y","origin":[11.58133,27.6066,7.39524]},"to":[21.54222,32,7.07822]},{"faces":{"down":{"texture":"#1","uv":[0,0,2.75,0]},"east":{"texture":"#1","uv":[0,0,0,2.25]},"north":{"texture":"#1","uv":[2.75,4.5,0,6.75]},"south":{"texture":"#1","uv":[5.5,4.5,2.75,6.75]},"up":{"texture":"#1","uv":[0,0,2.75,0]},"west":{"texture":"#1","uv":[0,0,0,2.25]}},"from":[10.54222,23.2132,8.92178],"rotation":{"angle":0,"axis":"y","origin":[11.58133,27.6066,8.60476]},"to":[21.54222,32,8.92178]},{"faces":{"down":{"texture":"#1","uv":[0,0,2.75,0]},"east":{"texture":"#1","uv":[0,0,0,2.25]},"north":{"texture":"#1","uv":[8.25,0,5.5,2.25]},"south":{"texture":"#1","uv":[8.25,2.25,5.5,4.5]},"up":{"texture":"#1","uv":[0,0,2.75,0]},"west":{"texture":"#1","uv":[0,0,0,2.25]}},"from":[10.54222,23.2132,7.07822],"rotation":{"angle":22.5,"axis":"y","origin":[11.58133,27.6066,7.39524]},"to":[21.54222,32,7.07822]},{"faces":{"down":{"texture":"#1","uv":[0,0,2.75,0]},"east":{"texture":"#1","uv":[0,0,0,2.25]},"north":{"texture":"#1","uv":[8.25,4.5,5.5,6.75]},"south":{"texture":"#1","uv":[2.75,6.75,0,9]},"up":{"texture":"#1","uv":[0,0,2.75,0]},"west":{"texture":"#1","uv":[0,0,0,2.25]}},"from":[10.54222,23.2132,8.92178],"rotation":{"angle":-22.5,"axis":"y","origin":[11.58133,27.6066,8.60476]},"to":[21.54222,32,8.92178]},{"faces":{"down":{"texture":"#1","uv":[0,0,2.75,0]},"east":{"texture":"#1","uv":[0,0,0,2.25]},"north":{"texture":"#1","uv":[5.5,6.75,2.75,9]},"south":{"texture":"#1","uv":[8.25,6.75,5.5,9]},"up":{"texture":"#1","uv":[0,0,2.75,0]},"west":{"texture":"#1","uv":[0,0,0,2.25]}},"from":[10.54222,23.2132,7.07822],"rotation":{"angle":45,"axis":"y","origin":[11.58133,27.6066,7.39524]},"to":[21.54222,32,7.07822]},{"faces":{"down":{"texture":"#1","uv":[0,0,2.75,0]},"east":{"texture":"#1","uv":[0,0,0,2.25]},"north":{"texture":"#1","uv":[2.75,0,0,2.25]},"south":{"texture":"#1","uv":[2.75,2.25,0,4.5]},"up":{"texture":"#1","uv":[0,0,2.75,0]},"west":{"texture":"#1","uv":[0,0,0,2.25]}},"from":[10.54222,23.2132,8.92178],"rotation":{"angle":-45,"axis":"y","origin":[11.58133,27.6066,8.60476]},"to":[21.54222,32,8.92178]},{"faces":{"down":{"texture":"#1","uv":[0,0,0,2.75]},"east":{"texture":"#1","uv":[11,2.25,8.25,4.5]},"north":{"texture":"#1","uv":[0,0,0,2.25]},"south":{"texture":"#1","uv":[0,0,0,2.25]},"up":{"texture":"#1","uv":[0,2.75,0,0]},"west":{"texture":"#1","uv":[11,0,8.25,2.25]}},"from":[11.26431,23.2132,-2.56564],"rotation":{"angle":-22.5,"axis":"y","origin":[11.58133,27.6066,7.39524]},"to":[11.26431,32,8.43436]},{"faces":{"down":{"texture":"#1","uv":[0,0,0,2.75]},"east":{"texture":"#1","uv":[11,6.75,8.25,9]},"north":{"texture":"#1","uv":[0,0,0,2.25]},"south":{"texture":"#1","uv":[0,0,0,2.25]},"up":{"texture":"#1","uv":[0,2.75,0,0]},"west":{"texture":"#1","uv":[11,4.5,8.25,6.75]}},"from":[11.26431,23.2132,7.56564],"rotation":{"angle":22.5,"axis":"y","origin":[11.58133,27.6066,8.60476]},"to":[11.26431,32,18.56564]}],"gui_light":"front","texture_size":[64,64],"textures":{"0":"civilization:item/tools/war_pickaxe/talarian/default","1":"civilization:item/tools/war_pickaxe/talarian/anim","particle":"civilization:item/tools/war_pickaxe/talarian/default"}}