{"textures":{"0":"modelengine:entity/lr_yeti_snowball","particle":"#0"},"elements":[{"from":[-5.8599997,8.72,6.4699993],"to":[8.54,21.68,19.43],"faces":{"east":{"uv":[9.0,8.5,11.25,10.75],"tintindex":0,"rotation":0,"texture":"#0"},"south":{"uv":[8.0,4.0,10.5,6.25],"tintindex":0,"rotation":0,"texture":"#0"},"north":{"uv":[4.0,8.0,6.5,10.25],"tintindex":0,"rotation":0,"texture":"#0"},"west":{"uv":[4.0,10.25,6.25,12.5],"tintindex":0,"rotation":0,"texture":"#0"},"up":{"uv":[10.5,8.5,8.0,6.25],"tintindex":0,"rotation":0,"texture":"#0"},"down":{"uv":[9.0,8.5,6.5,10.75],"tintindex":0,"rotation":0,"texture":"#0"}}},{"from":[-5.1400003,-2.8000002,-4.33],"to":[17.9,20.24,18.71],"faces":{"east":{"uv":[0.0,4.0,4.0,8.0],"tintindex":0,"rotation":0,"texture":"#0"},"south":{"uv":[4.0,0.0,8.0,4.0],"tintindex":0,"rotation":0,"texture":"#0"},"north":{"uv":[0.0,0.0,4.0,4.0],"tintindex":0,"rotation":0,"texture":"#0"},"west":{"uv":[4.0,4.0,8.0,8.0],"tintindex":0,"rotation":0,"texture":"#0"},"up":{"uv":[4.0,12.0,0.0,8.0],"tintindex":0,"rotation":0,"texture":"#0"},"down":{"uv":[12.0,0.0,8.0,4.0],"tintindex":0,"rotation":0,"texture":"#0"}}},{"from":[5.66,-4.24,6.4699993],"to":[18.619999,6.56,19.43],"faces":{"east":{"uv":[11.25,8.5,13.5,10.375],"tintindex":0,"rotation":0,"texture":"#0"},"south":{"uv":[0.0,12.0,2.25,13.875],"tintindex":0,"rotation":0,"texture":"#0"},"north":{"uv":[10.75,10.75,13.0,12.625],"tintindex":0,"rotation":0,"texture":"#0"},"west":{"uv":[12.0,0.0,14.25,1.875],"tintindex":0,"rotation":0,"texture":"#0"},"up":{"uv":[12.75,6.25,10.5,4.0],"tintindex":0,"rotation":0,"texture":"#0"},"down":{"uv":[12.75,6.25,10.5,8.5],"tintindex":0,"rotation":0,"texture":"#0"}}},{"from":[5.66,0.8000002,-5.7700005],"to":[18.619999,13.04,3.5900002],"faces":{"east":{"uv":[4.5,12.5,6.125,14.625],"tintindex":0,"rotation":0,"texture":"#0"},"south":{"uv":[8.5,10.75,10.75,12.875],"tintindex":0,"rotation":0,"texture":"#0"},"north":{"uv":[6.25,10.75,8.5,12.875],"tintindex":0,"rotation":0,"texture":"#0"},"west":{"uv":[10.75,12.625,12.375,14.75],"tintindex":0,"rotation":0,"texture":"#0"},"up":{"uv":[14.25,3.5,12.0,1.875],"tintindex":0,"rotation":0,"texture":"#0"},"down":{"uv":[4.5,12.5,2.25,14.125],"tintindex":0,"rotation":0,"texture":"#0"}}}],"display":{"head":{"rotation":[0.0,0.0,0.0]},"firstperson_righthand":{"rotation":[0.0,0.0,0.0]},"thirdperson_lefthand":{"rotation":[0.0,-0.0,-0.0]},"firstperson_lefthand":{"rotation":[0.0,-0.0,-0.0]},"fixed":{"rotation":[0.0,0.0,0.0]},"ground":{"rotation":[0.0,0.0,0.0]},"thirdperson_righthand":{"rotation":[0.0,0.0,0.0]},"gui":{"rotation":[-150.0,-45.0,180.0]}}}