{"textures":{"2":"modelengine:entity/lr_yeti_damage","particle":"#2"},"elements":[{"from":[4.25,8.25,2.5],"to":[11.75,11.25,8.0],"faces":{"east":{"uv":[10.4375,2.25,11.125,2.625],"tintindex":0,"rotation":0,"texture":"#2"},"south":{"uv":[10.3125,9.5,11.25,9.875],"tintindex":0,"rotation":0,"texture":"#2"},"north":{"uv":[10.25,4.6875,11.1875,5.0625],"tintindex":0,"rotation":0,"texture":"#2"},"west":{"uv":[8.5625,10.5,9.25,10.875],"tintindex":0,"rotation":0,"texture":"#2"},"up":{"uv":[9.0,6.875,8.0625,6.1875],"tintindex":0,"rotation":0,"texture":"#2"},"down":{"uv":[9.9375,6.1875,9.0,6.875],"tintindex":0,"rotation":0,"texture":"#2"}}},{"from":[4.75,7.25,3.0],"to":[11.25,8.25,8.0],"faces":{"east":{"uv":[9.1875,6.0625,9.8125,6.1875],"tintindex":0,"rotation":0,"texture":"#2"},"south":{"uv":[8.1875,1.0,9.0,1.125],"tintindex":0,"rotation":0,"texture":"#2"},"north":{"uv":[8.1875,0.875,9.0,1.0],"tintindex":0,"rotation":0,"texture":"#2"},"west":{"uv":[9.625,8.75,10.25,8.875],"tintindex":0,"rotation":0,"texture":"#2"},"up":{"uv":[3.0625,10.4375,2.25,9.8125],"tintindex":0,"rotation":0,"texture":"#2"},"down":{"uv":[3.875,9.8125,3.0625,10.4375],"tintindex":0,"rotation":0,"texture":"#2"}}},{"from":[-9.560295,13.815262,7.542012],"to":[-7.060295,17.315262,10.042012],"faces":{"east":{"uv":[5.375,10.875,5.6875,11.3125],"tintindex":0,"rotation":0,"texture":"#2"},"south":{"uv":[8.5625,10.875,8.875,11.3125],"tintindex":0,"rotation":0,"texture":"#2"},"north":{"uv":[10.875,5.0625,11.1875,5.5],"tintindex":0,"rotation":0,"texture":"#2"},"west":{"uv":[10.875,8.6875,11.1875,9.125],"tintindex":0,"rotation":0,"texture":"#2"},"up":{"uv":[3.3125,7.5625,3.0,7.25],"tintindex":0,"rotation":0,"texture":"#2"},"down":{"uv":[11.1875,9.125,10.875,9.4375],"tintindex":0,"rotation":0,"texture":"#2"}},"rotation":{"origin":[-1.5,11.5,9.25],"angle":22.5,"axis":"y"}},{"from":[6.75,8.25,2.0],"to":[9.25,9.75,3.0],"faces":{"east":{"uv":[5.9375,4.6875,6.0625,4.875],"tintindex":0,"rotation":0,"texture":"#2"},"south":{"uv":[11.0,3.0,11.3125,3.1875],"tintindex":0,"rotation":0,"texture":"#2"},"north":{"uv":[1.0625,11.0,1.375,11.1875],"tintindex":0,"rotation":0,"texture":"#2"},"west":{"uv":[5.9375,4.875,6.0625,5.0625],"tintindex":0,"rotation":0,"texture":"#2"},"up":{"uv":[8.0,4.375,7.6875,4.25],"tintindex":0,"rotation":0,"texture":"#2"},"down":{"uv":[10.0,3.375,9.6875,3.5],"tintindex":0,"rotation":0,"texture":"#2"}},"rotation":{"origin":[8.0,9.0,2.5],"angle":-22.5,"axis":"x"}},{"from":[3.0,9.75,2.375],"to":[8.0,13.25,2.375],"faces":{"south":{"uv":[5.9375,4.6875,5.3125,5.125],"tintindex":0,"rotation":0,"texture":"#2"},"north":{"uv":[5.3125,4.6875,5.9375,5.125],"tintindex":0,"rotation":0,"texture":"#2"}}},{"from":[9.560295,9.315262,7.542012],"to":[26.060295,13.815262,10.042012],"faces":{"east":{"uv":[0.6875,10.625,0.375,11.1875],"tintindex":0,"rotation":0,"texture":"#2"},"south":{"uv":[9.125,7.4375,7.0625,8.0],"tintindex":0,"rotation":0,"texture":"#2"},"north":{"uv":[9.125,6.875,7.0625,7.4375],"tintindex":0,"rotation":0,"texture":"#2"},"west":{"uv":[3.3125,6.6875,3.0,7.25],"tintindex":0,"rotation":0,"texture":"#2"},"up":{"uv":[9.0625,1.1875,11.125,0.875],"tintindex":0,"rotation":0,"texture":"#2"},"down":{"uv":[9.0625,1.1875,11.125,1.5],"tintindex":0,"rotation":0,"texture":"#2"}},"rotation":{"origin":[18.0,11.5,9.25],"angle":-22.5,"axis":"y"}},{"from":[-9.560295,9.315262,7.542012],"to":[6.939705,13.815262,10.042012],"faces":{"east":{"uv":[3.0,6.6875,3.3125,7.25],"tintindex":0,"rotation":0,"texture":"#2"},"south":{"uv":[7.0625,7.4375,9.125,8.0],"tintindex":0,"rotation":0,"texture":"#2"},"north":{"uv":[7.0625,6.875,9.125,7.4375],"tintindex":0,"rotation":0,"texture":"#2"},"west":{"uv":[0.375,10.625,0.6875,11.1875],"tintindex":0,"rotation":0,"texture":"#2"},"up":{"uv":[11.125,1.1875,9.0625,0.875],"tintindex":0,"rotation":0,"texture":"#2"},"down":{"uv":[11.125,1.1875,9.0625,1.5],"tintindex":0,"rotation":0,"texture":"#2"}},"rotation":{"origin":[-1.5,11.5,9.25],"angle":22.5,"axis":"y"}},{"from":[23.560295,13.815262,7.542012],"to":[26.060295,17.315262,10.042012],"faces":{"east":{"uv":[11.1875,8.6875,10.875,9.125],"tintindex":0,"rotation":0,"texture":"#2"},"south":{"uv":[8.875,10.875,8.5625,11.3125],"tintindex":0,"rotation":0,"texture":"#2"},"north":{"uv":[11.1875,5.0625,10.875,5.5],"tintindex":0,"rotation":0,"texture":"#2"},"west":{"uv":[5.6875,10.875,5.375,11.3125],"tintindex":0,"rotation":0,"texture":"#2"},"up":{"uv":[3.0,7.5625,3.3125,7.25],"tintindex":0,"rotation":0,"texture":"#2"},"down":{"uv":[10.875,9.125,11.1875,9.4375],"tintindex":0,"rotation":0,"texture":"#2"}},"rotation":{"origin":[18.0,11.5,9.25],"angle":-22.5,"axis":"y"}},{"from":[8.0,9.75,2.375],"to":[13.0,13.25,2.375],"faces":{"south":{"uv":[5.3125,4.6875,5.9375,5.125],"tintindex":0,"rotation":0,"texture":"#2"},"north":{"uv":[5.9375,4.6875,5.3125,5.125],"tintindex":0,"rotation":0,"texture":"#2"}}},{"from":[4.25,12.13353,7.6342373],"to":[11.75,12.13353,10.134237],"faces":{"up":{"uv":[10.4375,2.25,11.375,1.9375],"tintindex":0,"rotation":0,"texture":"#2"},"down":{"uv":[11.375,1.9375,10.4375,2.25],"tintindex":0,"rotation":0,"texture":"#2"}},"rotation":{"origin":[8.0,12.13353,8.884237],"angle":-45.0,"axis":"x"}}],"display":{"head":{"rotation":[0.0,0.0,0.0]},"firstperson_righthand":{"rotation":[0.0,0.0,0.0]},"thirdperson_lefthand":{"rotation":[0.0,-0.0,-0.0]},"firstperson_lefthand":{"rotation":[0.0,-0.0,-0.0]},"fixed":{"rotation":[0.0,0.0,0.0]},"ground":{"rotation":[0.0,0.0,0.0]},"thirdperson_righthand":{"rotation":[0.0,0.0,0.0]},"gui":{"rotation":[-150.0,-45.0,180.0]}}}