{"textures":{"2":"modelengine:entity/lr_yeti_damage","particle":"#2"},"elements":[{"from":[12.779798,8.0,-6.41562],"to":[16.779797,17.0,-2.415619],"faces":{"east":{"uv":[7.0,9.0,6.75,9.5625],"tintindex":0,"rotation":0,"texture":"#2"},"south":{"uv":[1.75,8.75,1.5,9.3125],"tintindex":0,"rotation":0,"texture":"#2"},"north":{"uv":[6.0625,6.5,5.8125,7.0625],"tintindex":0,"rotation":0,"texture":"#2"},"west":{"uv":[2.0,7.0625,1.75,7.625],"tintindex":0,"rotation":0,"texture":"#2"},"up":{"uv":[1.5,9.5625,1.75,9.3125],"tintindex":0,"rotation":0,"texture":"#2"},"down":{"uv":[6.75,9.5625,7.0,9.8125],"tintindex":0,"rotation":0,"texture":"#2"}}},{"from":[18.310532,-8.6955185,-5.415619],"to":[18.310532,-0.69551086,8.584381],"faces":{"east":{"uv":[11.125,4.1875,10.25,4.6875],"tintindex":0,"rotation":0,"texture":"#2"},"west":{"uv":[10.25,4.1875,11.125,4.6875],"tintindex":0,"rotation":0,"texture":"#2"}},"rotation":{"origin":[18.310532,-4.6955185,3.084381],"angle":22.5,"axis":"z"}},{"from":[-1.7509365,-8.6955185,-5.415619],"to":[-1.7509365,-0.69551086,8.584381],"faces":{"east":{"uv":[11.125,4.1875,10.25,4.6875],"tintindex":0,"rotation":0,"texture":"#2"},"west":{"uv":[10.25,4.1875,11.125,4.6875],"tintindex":0,"rotation":0,"texture":"#2"}},"rotation":{"origin":[-1.7509365,-4.6955185,3.084381],"angle":-22.5,"axis":"z"}},{"from":[18.501873,-4.0,-0.75816154],"to":[18.501873,8.0,11.241838],"faces":{"east":{"uv":[10.375,8.0,9.625,8.75],"tintindex":0,"rotation":0,"texture":"#2"},"west":{"uv":[9.625,8.0,10.375,8.75],"tintindex":0,"rotation":0,"texture":"#2"}},"rotation":{"origin":[18.501873,3.5,6.741839],"angle":22.5,"axis":"y"}},{"from":[-0.22020245,8.0,-6.41562],"to":[3.7797976,13.0,-2.415619],"faces":{"east":{"uv":[1.75,7.0625,2.0,7.375],"tintindex":0,"rotation":0,"texture":"#2"},"south":{"uv":[1.5,8.75,1.75,9.0625],"tintindex":0,"rotation":0,"texture":"#2"},"north":{"uv":[5.8125,6.5,6.0625,6.8125],"tintindex":0,"rotation":0,"texture":"#2"},"west":{"uv":[6.75,9.0,7.0,9.3125],"tintindex":0,"rotation":0,"texture":"#2"},"up":{"uv":[1.75,9.5625,1.5,9.3125],"tintindex":0,"rotation":0,"texture":"#2"},"down":{"uv":[7.0,9.5625,6.75,9.8125],"tintindex":0,"rotation":0,"texture":"#2"}}},{"from":[-1.9422779,-4.0,-0.75816154],"to":[-1.9422779,8.0,11.241838],"faces":{"east":{"uv":[10.375,8.0,9.625,8.75],"tintindex":0,"rotation":0,"texture":"#2"},"west":{"uv":[9.625,8.0,10.375,8.75],"tintindex":0,"rotation":0,"texture":"#2"}},"rotation":{"origin":[-1.9422779,3.5,6.741839],"angle":-22.5,"axis":"y"}},{"from":[-0.22020245,-1.0,-6.41562],"to":[16.779797,8.0,8.584381],"faces":{"east":{"uv":[8.625,9.75,7.6875,10.3125],"tintindex":0,"rotation":0,"texture":"#2"},"south":{"uv":[9.125,3.5,10.1875,4.0625],"tintindex":0,"rotation":0,"texture":"#2"},"north":{"uv":[9.0625,1.5,10.125,2.0625],"tintindex":0,"rotation":0,"texture":"#2"},"west":{"uv":[7.6875,9.75,8.625,10.3125],"tintindex":0,"rotation":0,"texture":"#2"},"up":{"uv":[8.0625,8.9375,7.0,8.0],"tintindex":0,"rotation":0,"texture":"#2"},"down":{"uv":[9.125,3.5,8.0625,4.4375],"tintindex":0,"rotation":0,"texture":"#2"}}},{"from":[-0.22020245,-9.657455,-4.6935434],"to":[16.779797,-0.65745544,-4.6935434],"faces":{"south":{"uv":[9.125,7.4375,10.1875,8.0],"tintindex":0,"rotation":0,"texture":"#2"},"north":{"uv":[10.1875,7.4375,9.125,8.0],"tintindex":0,"rotation":0,"texture":"#2"}},"rotation":{"origin":[8.279798,-5.1574554,-4.6935434],"angle":-22.5,"axis":"x"}}],"display":{"head":{"rotation":[0.0,0.0,0.0]},"firstperson_righthand":{"rotation":[0.0,0.0,0.0]},"thirdperson_lefthand":{"rotation":[0.0,-0.0,-0.0]},"firstperson_lefthand":{"rotation":[0.0,-0.0,-0.0]},"fixed":{"rotation":[0.0,0.0,0.0]},"ground":{"rotation":[0.0,0.0,0.0]},"thirdperson_righthand":{"rotation":[0.0,0.0,0.0]},"gui":{"rotation":[-150.0,-45.0,180.0]}}}