{"textures":{"2":"modelengine:entity/lr_yeti_damage","particle":"#2"},"elements":[{"from":[-0.5740242,2.75,12.885819],"to":[-0.5740242,11.25,15.885819],"faces":{"east":{"uv":[8.5625,10.3125,8.1875,11.375],"tintindex":0,"rotation":0,"texture":"#2"},"west":{"uv":[8.1875,10.3125,8.5625,11.375],"tintindex":0,"rotation":0,"texture":"#2"}},"rotation":{"origin":[-0.5740242,10.75,14.385819],"angle":-22.5,"axis":"y"}},{"from":[-7.5,-5.75,11.0],"to":[0.5,2.25,11.0],"faces":{"south":{"uv":[1.0,3.5,0.0,4.5],"tintindex":0,"rotation":0,"texture":"#2"},"north":{"uv":[0.0,3.5,1.0,4.5],"tintindex":0,"rotation":0,"texture":"#2"}},"rotation":{"origin":[0.0,-3.25,11.0],"angle":22.5,"axis":"y"}},{"from":[-0.34785748,-4.75,2.6771288],"to":[-0.34785748,0.75,8.177128],"faces":{"east":{"uv":[7.625,10.0,6.9375,10.6875],"tintindex":0,"rotation":0,"texture":"#2"},"west":{"uv":[6.9375,10.0,7.625,10.6875],"tintindex":0,"rotation":0,"texture":"#2"}},"rotation":{"origin":[-0.34785748,-0.5,4.927129],"angle":-45.0,"axis":"y"}},{"from":[1.9865913,-5.25,13.183431],"to":[6.4865913,1.25,13.183431],"faces":{"south":{"uv":[10.25,3.375,10.8125,4.1875],"tintindex":0,"rotation":0,"texture":"#2"},"north":{"uv":[10.8125,3.375,10.25,4.1875],"tintindex":0,"rotation":0,"texture":"#2"}},"rotation":{"origin":[4.2365913,-2.0,13.183431],"angle":45.0,"axis":"y"}},{"from":[8.06066,-3.25,11.56066],"to":[8.06066,2.75,14.56066],"faces":{"east":{"uv":[8.0625,8.9375,7.6875,9.6875],"tintindex":0,"rotation":0,"texture":"#2"},"west":{"uv":[7.6875,8.9375,8.0625,9.6875],"tintindex":0,"rotation":0,"texture":"#2"}},"rotation":{"origin":[8.06066,2.25,13.06066],"angle":45.0,"axis":"y"}},{"from":[0.0,2.75,3.0],"to":[8.0,11.25,13.0],"faces":{"east":{"uv":[3.3125,6.5,4.5625,7.5625],"tintindex":0,"rotation":0,"texture":"#2"},"south":{"uv":[6.0,7.9375,7.0,9.0],"tintindex":0,"rotation":0,"texture":"#2"},"north":{"uv":[5.0,7.5625,6.0,8.625],"tintindex":0,"rotation":0,"texture":"#2"},"west":{"uv":[4.5625,6.5,5.8125,7.5625],"tintindex":0,"rotation":0,"texture":"#2"},"up":{"uv":[8.0625,5.625,7.0625,4.375],"tintindex":0,"rotation":0,"texture":"#2"},"down":{"uv":[8.0625,5.625,7.0625,6.875],"tintindex":0,"rotation":0,"texture":"#2"}}},{"from":[-1.0,-5.75,6.5],"to":[1.0,3.25,15.5],"faces":{"east":{"uv":[0.0,7.0625,1.125,8.1875],"tintindex":0,"rotation":0,"texture":"#2"},"south":{"uv":[2.5,10.4375,2.75,11.5625],"tintindex":0,"rotation":0,"texture":"#2"},"north":{"uv":[6.5,10.375,6.75,11.5],"tintindex":0,"rotation":0,"texture":"#2"},"west":{"uv":[7.0625,0.0,8.1875,1.125],"tintindex":0,"rotation":0,"texture":"#2"},"up":{"uv":[3.0,11.5625,2.75,10.4375],"tintindex":0,"rotation":0,"texture":"#2"},"down":{"uv":[3.25,10.4375,3.0,11.5625],"tintindex":0,"rotation":0,"texture":"#2"}},"rotation":{"origin":[0.0,-3.25,11.0],"angle":22.5,"axis":"y"}},{"from":[1.0,-4.25,3.0],"to":[7.0,2.75,12.0],"faces":{"east":{"uv":[0.0,8.1875,1.125,9.0625],"tintindex":0,"rotation":0,"texture":"#2"},"south":{"uv":[0.0,9.0625,0.75,9.9375],"tintindex":0,"rotation":0,"texture":"#2"},"north":{"uv":[6.0,9.0,6.75,9.875],"tintindex":0,"rotation":0,"texture":"#2"},"west":{"uv":[8.1875,0.0,9.3125,0.875],"tintindex":0,"rotation":0,"texture":"#2"},"up":{"uv":[3.6875,9.8125,2.9375,8.6875],"tintindex":0,"rotation":0,"texture":"#2"},"down":{"uv":[4.4375,8.6875,3.6875,9.8125],"tintindex":0,"rotation":0,"texture":"#2"}}}],"display":{"head":{"rotation":[0.0,0.0,0.0]},"firstperson_righthand":{"rotation":[0.0,0.0,0.0]},"thirdperson_lefthand":{"rotation":[0.0,-0.0,-0.0]},"firstperson_lefthand":{"rotation":[0.0,-0.0,-0.0]},"fixed":{"rotation":[0.0,0.0,0.0]},"ground":{"rotation":[0.0,0.0,0.0]},"thirdperson_righthand":{"rotation":[0.0,0.0,0.0]},"gui":{"rotation":[-150.0,-45.0,180.0]}}}