{"textures":{"2":"modelengine:entity/lr_yeti_damage","particle":"#2"},"elements":[{"from":[9.25,4.0,-2.75],"to":[13.25,8.0,3.25],"faces":{"east":{"uv":[10.9375,6.25,11.3125,6.5],"tintindex":0,"rotation":0,"texture":"#2"},"south":{"uv":[5.6875,10.875,5.9375,11.125],"tintindex":0,"rotation":0,"texture":"#2"},"north":{"uv":[9.9375,6.5625,10.1875,6.8125],"tintindex":0,"rotation":0,"texture":"#2"},"west":{"uv":[0.6875,11.0,1.0625,11.25],"tintindex":0,"rotation":0,"texture":"#2"},"up":{"uv":[6.0625,7.4375,5.8125,7.0625],"tintindex":0,"rotation":0,"texture":"#2"},"down":{"uv":[2.0,7.625,1.75,8.0],"tintindex":0,"rotation":0,"texture":"#2"}},"rotation":{"origin":[11.25,5.5,0.25],"angle":-22.5,"axis":"x"}},{"from":[2.75,3.0,0.25],"to":[12.75,8.0,12.25],"faces":{"east":{"uv":[10.625,0.0,11.375,0.3125],"tintindex":0,"rotation":0,"texture":"#2"},"south":{"uv":[10.625,10.4375,11.25,10.75],"tintindex":0,"rotation":0,"texture":"#2"},"north":{"uv":[9.0625,2.0625,9.6875,2.375],"tintindex":0,"rotation":0,"texture":"#2"},"west":{"uv":[10.625,0.3125,11.375,0.625],"tintindex":0,"rotation":0,"texture":"#2"},"up":{"uv":[2.0,5.9375,1.375,5.1875],"tintindex":0,"rotation":0,"texture":"#2"},"down":{"uv":[10.8125,6.5625,10.1875,7.3125],"tintindex":0,"rotation":0,"texture":"#2"}}},{"from":[3.25,4.0,-1.75],"to":[9.25,7.0,2.25],"faces":{"east":{"uv":[3.625,10.4375,3.875,10.625],"tintindex":0,"rotation":0,"texture":"#2"},"south":{"uv":[11.0,2.8125,11.375,3.0],"tintindex":0,"rotation":0,"texture":"#2"},"north":{"uv":[11.0,2.625,11.375,2.8125],"tintindex":0,"rotation":0,"texture":"#2"},"west":{"uv":[4.8125,11.0,5.0625,11.1875],"tintindex":0,"rotation":0,"texture":"#2"},"up":{"uv":[11.1875,4.1875,10.8125,3.9375],"tintindex":0,"rotation":0,"texture":"#2"},"down":{"uv":[11.3125,6.0,10.9375,6.25],"tintindex":0,"rotation":0,"texture":"#2"}},"rotation":{"origin":[11.25,5.5,0.25],"angle":-22.5,"axis":"x"}}],"display":{"head":{"rotation":[0.0,0.0,0.0]},"firstperson_righthand":{"rotation":[0.0,0.0,0.0]},"thirdperson_lefthand":{"rotation":[0.0,-0.0,-0.0]},"firstperson_lefthand":{"rotation":[0.0,-0.0,-0.0]},"fixed":{"rotation":[0.0,0.0,0.0]},"ground":{"rotation":[0.0,0.0,0.0]},"thirdperson_righthand":{"rotation":[0.0,0.0,0.0]},"gui":{"rotation":[-150.0,-45.0,180.0]}}}