{"textures":{"2":"modelengine:entity/lr_yeti_damage","particle":"#2"},"elements":[{"from":[3.9603643,-8.314411,-0.5],"to":[9.460364,-3.8144112,8.0],"faces":{"east":{"uv":[9.1875,4.0625,10.25,4.625],"tintindex":0,"rotation":0,"texture":"#2"},"south":{"uv":[0.6875,10.4375,1.375,11.0],"tintindex":0,"rotation":0,"texture":"#2"},"north":{"uv":[10.375,7.8125,11.0625,8.375],"tintindex":0,"rotation":0,"texture":"#2"},"west":{"uv":[9.1875,4.625,10.25,5.1875],"tintindex":0,"rotation":0,"texture":"#2"},"up":{"uv":[9.3125,9.9375,8.625,8.875],"tintindex":0,"rotation":0,"texture":"#2"},"down":{"uv":[7.6875,8.9375,7.0,10.0],"tintindex":0,"rotation":0,"texture":"#2"}},"rotation":{"origin":[6.7103643,-5.564411,3.25],"angle":22.5,"axis":"z"}},{"from":[12.169696,-8.366791,-1.5],"to":[12.169696,-4.866791,9.0],"faces":{"east":{"uv":[9.3125,0.0,10.625,0.4375],"tintindex":0,"rotation":0,"texture":"#2"},"west":{"uv":[10.625,0.0,9.3125,0.4375],"tintindex":0,"rotation":0,"texture":"#2"}},"rotation":{"origin":[12.169696,-6.616791,3.75],"angle":22.5,"axis":"z"}},{"from":[3.5,-5.0,-1.5],"to":[11.5,8.0,9.0],"faces":{"east":{"uv":[4.0,3.5,5.3125,5.125],"tintindex":0,"rotation":0,"texture":"#2"},"south":{"uv":[6.0625,6.3125,7.0625,7.9375],"tintindex":0,"rotation":0,"texture":"#2"},"north":{"uv":[6.0625,4.6875,7.0625,6.3125],"tintindex":0,"rotation":0,"texture":"#2"},"west":{"uv":[2.0,5.0625,3.3125,6.6875],"tintindex":0,"rotation":0,"texture":"#2"},"up":{"uv":[3.0,8.0,2.0,6.6875],"tintindex":0,"rotation":0,"texture":"#2"},"down":{"uv":[7.6875,3.0625,6.6875,4.375],"tintindex":0,"rotation":0,"texture":"#2"}}},{"from":[7.9603643,-8.814411,-1.0],"to":[10.960364,-3.8144112,3.5],"faces":{"east":{"uv":[1.375,10.4375,1.9375,11.0625],"tintindex":0,"rotation":0,"texture":"#2"},"south":{"uv":[0.0,10.625,0.375,11.25],"tintindex":0,"rotation":0,"texture":"#2"},"north":{"uv":[10.25,10.5,10.625,11.125],"tintindex":0,"rotation":0,"texture":"#2"},"west":{"uv":[1.9375,10.4375,2.5,11.0625],"tintindex":0,"rotation":0,"texture":"#2"},"up":{"uv":[11.0,3.1875,10.625,2.625],"tintindex":0,"rotation":0,"texture":"#2"},"down":{"uv":[4.0,10.625,3.625,11.1875],"tintindex":0,"rotation":0,"texture":"#2"}},"rotation":{"origin":[6.7103643,-5.564411,3.25],"angle":22.5,"axis":"z"}},{"from":[3.5,-8.84795,-2.264905],"to":[11.5,-4.84795,-2.264905],"faces":{"south":{"uv":[9.625,10.0,8.625,10.5],"tintindex":0,"rotation":0,"texture":"#2"},"north":{"uv":[8.625,10.0,9.625,10.5],"tintindex":0,"rotation":0,"texture":"#2"}},"rotation":{"origin":[7.5,-6.84795,-2.264905],"angle":22.5,"axis":"x"}},{"from":[3.5,-5.0,9.0],"to":[3.5,8.0,12.0],"faces":{"east":{"uv":[4.4375,8.6875,4.8125,10.3125],"tintindex":0,"rotation":0,"texture":"#2"},"west":{"uv":[4.8125,8.6875,4.4375,10.3125],"tintindex":0,"rotation":0,"texture":"#2"}}},{"from":[2.8303032,-8.366791,-1.5],"to":[2.8303032,-4.866791,9.0],"faces":{"east":{"uv":[10.5,5.625,9.1875,6.0625],"tintindex":0,"rotation":0,"texture":"#2"},"west":{"uv":[9.1875,5.625,10.5,6.0625],"tintindex":0,"rotation":0,"texture":"#2"}},"rotation":{"origin":[2.8303032,-6.616791,3.75],"angle":-22.5,"axis":"z"}},{"from":[3.5,-8.84795,9.764905],"to":[11.5,-4.84795,9.764905],"faces":{"south":{"uv":[9.9375,6.0625,10.9375,6.5625],"tintindex":0,"rotation":0,"texture":"#2"},"north":{"uv":[10.9375,6.0625,9.9375,6.5625],"tintindex":0,"rotation":0,"texture":"#2"}},"rotation":{"origin":[7.5,-6.84795,9.764905],"angle":-22.5,"axis":"x"}}],"display":{"head":{"rotation":[0.0,0.0,0.0]},"firstperson_righthand":{"rotation":[0.0,0.0,0.0]},"thirdperson_lefthand":{"rotation":[0.0,-0.0,-0.0]},"firstperson_lefthand":{"rotation":[0.0,-0.0,-0.0]},"fixed":{"rotation":[0.0,0.0,0.0]},"ground":{"rotation":[0.0,0.0,0.0]},"thirdperson_righthand":{"rotation":[0.0,0.0,0.0]},"gui":{"rotation":[-150.0,-45.0,180.0]}}}