{"textures":{"2":"modelengine:entity/lr_yeti_damage","particle":"#2"},"elements":[{"from":[9.85195,-1.0,13.771639],"to":[9.85195,8.0,19.771639],"faces":{"east":{"uv":[11.0,9.875,10.625,10.4375],"tintindex":0,"rotation":0,"texture":"#2"},"west":{"uv":[10.625,9.875,11.0,10.4375],"tintindex":0,"rotation":0,"texture":"#2"}},"rotation":{"origin":[9.85195,3.5,16.771639],"angle":-22.5,"axis":"y"}},{"from":[5.0,-3.0,8.0],"to":[11.0,2.0,14.0],"faces":{"east":{"uv":[9.25,10.875,8.875,11.1875],"tintindex":0,"rotation":0,"texture":"#2"},"south":{"uv":[11.25,5.5,10.875,5.8125],"tintindex":0,"rotation":0,"texture":"#2"},"north":{"uv":[7.0625,4.375,6.6875,4.6875],"tintindex":0,"rotation":0,"texture":"#2"},"west":{"uv":[11.1875,6.9375,10.8125,7.25],"tintindex":0,"rotation":0,"texture":"#2"},"up":{"uv":[7.25,11.0625,7.625,10.6875],"tintindex":0,"rotation":0,"texture":"#2"},"down":{"uv":[10.8125,6.5625,11.1875,6.9375],"tintindex":0,"rotation":0,"texture":"#2"}}},{"from":[4.0,2.0,8.0],"to":[12.0,8.0,16.0],"faces":{"east":{"uv":[11.3125,3.5625,10.8125,3.9375],"tintindex":0,"rotation":0,"texture":"#2"},"south":{"uv":[11.3125,3.1875,10.8125,3.5625],"tintindex":0,"rotation":0,"texture":"#2"},"north":{"uv":[7.25,10.6875,6.75,11.0625],"tintindex":0,"rotation":0,"texture":"#2"},"west":{"uv":[11.125,10.75,10.625,11.125],"tintindex":0,"rotation":0,"texture":"#2"},"up":{"uv":[9.25,11.0,9.75,10.5],"tintindex":0,"rotation":0,"texture":"#2"},"down":{"uv":[9.75,10.5,10.25,11.0],"tintindex":0,"rotation":0,"texture":"#2"}}}],"display":{"head":{"rotation":[0.0,0.0,0.0]},"firstperson_righthand":{"rotation":[0.0,0.0,0.0]},"thirdperson_lefthand":{"rotation":[0.0,-0.0,-0.0]},"firstperson_lefthand":{"rotation":[0.0,-0.0,-0.0]},"fixed":{"rotation":[0.0,0.0,0.0]},"ground":{"rotation":[0.0,0.0,0.0]},"thirdperson_righthand":{"rotation":[0.0,0.0,0.0]},"gui":{"rotation":[-150.0,-45.0,180.0]}}}