{"textures":{"2":"modelengine:entity/lr_yeti_damage","particle":"#2"},"elements":[{"from":[16.573563,2.75,12.88601],"to":[16.573563,11.25,15.88601],"faces":{"east":{"uv":[8.5625,10.3125,8.1875,11.375],"tintindex":0,"rotation":0,"texture":"#2"},"west":{"uv":[8.1875,10.3125,8.5625,11.375],"tintindex":0,"rotation":0,"texture":"#2"}},"rotation":{"origin":[16.573563,10.75,14.38601],"angle":22.5,"axis":"y"}},{"from":[7.9389863,-3.25,11.560307],"to":[7.9389863,2.75,14.560307],"faces":{"east":{"uv":[8.0625,8.9375,7.6875,9.6875],"tintindex":0,"rotation":0,"texture":"#2"},"west":{"uv":[7.6875,8.9375,8.0625,9.6875],"tintindex":0,"rotation":0,"texture":"#2"}},"rotation":{"origin":[7.9389863,2.25,13.060307],"angle":-45.0,"axis":"y"}},{"from":[16.347858,-4.75,2.6771288],"to":[16.347858,0.75,8.177128],"faces":{"east":{"uv":[7.625,10.0,6.9375,10.6875],"tintindex":0,"rotation":0,"texture":"#2"},"west":{"uv":[6.9375,10.0,7.625,10.6875],"tintindex":0,"rotation":0,"texture":"#2"}},"rotation":{"origin":[16.347858,-0.5,4.927129],"angle":45.0,"axis":"y"}},{"from":[9.513409,-5.25,13.183431],"to":[14.013409,1.25,13.183431],"faces":{"south":{"uv":[10.8125,3.375,10.25,4.1875],"tintindex":0,"rotation":0,"texture":"#2"},"north":{"uv":[10.25,3.375,10.8125,4.1875],"tintindex":0,"rotation":0,"texture":"#2"}},"rotation":{"origin":[11.763409,-2.0,13.183431],"angle":-45.0,"axis":"y"}},{"from":[8.0,2.75,3.0],"to":[16.0,11.25,13.0],"faces":{"east":{"uv":[5.8125,6.5,4.5625,7.5625],"tintindex":0,"rotation":0,"texture":"#2"},"south":{"uv":[7.0,7.9375,6.0,9.0],"tintindex":0,"rotation":0,"texture":"#2"},"north":{"uv":[6.0,7.5625,5.0,8.625],"tintindex":0,"rotation":0,"texture":"#2"},"west":{"uv":[4.5625,6.5,3.3125,7.5625],"tintindex":0,"rotation":0,"texture":"#2"},"up":{"uv":[7.0625,5.625,8.0625,4.375],"tintindex":0,"rotation":0,"texture":"#2"},"down":{"uv":[7.0625,5.625,8.0625,6.875],"tintindex":0,"rotation":0,"texture":"#2"}}},{"from":[9.0,-4.25,3.0],"to":[15.0,2.75,12.0],"faces":{"east":{"uv":[9.3125,0.0,8.1875,0.875],"tintindex":0,"rotation":0,"texture":"#2"},"south":{"uv":[0.75,9.0625,0.0,9.9375],"tintindex":0,"rotation":0,"texture":"#2"},"north":{"uv":[6.75,9.0,6.0,9.875],"tintindex":0,"rotation":0,"texture":"#2"},"west":{"uv":[1.125,8.1875,0.0,9.0625],"tintindex":0,"rotation":0,"texture":"#2"},"up":{"uv":[2.9375,9.8125,3.6875,8.6875],"tintindex":0,"rotation":0,"texture":"#2"},"down":{"uv":[3.6875,8.6875,4.4375,9.8125],"tintindex":0,"rotation":0,"texture":"#2"}}},{"from":[15.0,-5.75,6.5],"to":[17.0,3.25,15.5],"faces":{"east":{"uv":[8.1875,0.0,7.0625,1.125],"tintindex":0,"rotation":0,"texture":"#2"},"south":{"uv":[2.75,10.4375,2.5,11.5625],"tintindex":0,"rotation":0,"texture":"#2"},"north":{"uv":[6.75,10.375,6.5,11.5],"tintindex":0,"rotation":0,"texture":"#2"},"west":{"uv":[1.125,7.0625,0.0,8.1875],"tintindex":0,"rotation":0,"texture":"#2"},"up":{"uv":[2.75,11.5625,3.0,10.4375],"tintindex":0,"rotation":0,"texture":"#2"},"down":{"uv":[3.0,10.4375,3.25,11.5625],"tintindex":0,"rotation":0,"texture":"#2"}},"rotation":{"origin":[16.0,-3.25,11.0],"angle":-22.5,"axis":"y"}}],"display":{"head":{"rotation":[0.0,0.0,0.0]},"firstperson_righthand":{"rotation":[0.0,0.0,0.0]},"thirdperson_lefthand":{"rotation":[0.0,-0.0,-0.0]},"firstperson_lefthand":{"rotation":[0.0,-0.0,-0.0]},"fixed":{"rotation":[0.0,0.0,0.0]},"ground":{"rotation":[0.0,0.0,0.0]},"thirdperson_righthand":{"rotation":[0.0,0.0,0.0]},"gui":{"rotation":[-150.0,-45.0,180.0]}}}