{"textures":{"0":"modelengine:entity/lr_yeti_snowball","particle":"#0"},"elements":[{"from":[0.833333,-4.333334,8.5],"to":[6.1666665,-1.666667,14.5],"faces":{"east":{"uv":[14.125,12.125,13.0,12.625],"tintindex":0,"rotation":0,"texture":"#0"},"south":{"uv":[14.5,9.0,13.5,9.5],"tintindex":0,"rotation":0,"texture":"#0"},"north":{"uv":[14.5,9.5,13.5,10.0],"tintindex":0,"rotation":0,"texture":"#0"},"west":{"uv":[14.625,8.5,13.5,9.0],"tintindex":0,"rotation":0,"texture":"#0"},"up":{"uv":[12.75,7.625,13.75,6.5],"tintindex":0,"rotation":180,"texture":"#0"},"down":{"uv":[6.125,12.875,7.125,14.0],"tintindex":0,"rotation":180,"texture":"#0"}}},{"from":[0.0,-11.0,3.6666665],"to":[15.333334,-3.666667,14.333334],"faces":{"east":{"uv":[5.625,5.625,4.375,6.375],"tintindex":0,"rotation":0,"texture":"#0"},"south":{"uv":[7.375,5.625,4.375,6.375],"tintindex":0,"rotation":0,"texture":"#0"},"north":{"uv":[7.375,5.625,4.375,6.375],"tintindex":0,"rotation":0,"texture":"#0"},"west":{"uv":[5.625,5.625,4.375,6.375],"tintindex":0,"rotation":0,"texture":"#0"},"up":{"uv":[7.375,5.625,4.375,7.625],"tintindex":0,"rotation":0,"texture":"#0"},"down":{"uv":[7.375,5.625,4.375,7.625],"tintindex":0,"rotation":0,"texture":"#0"}}},{"from":[11.5,-4.333334,3.833333],"to":[15.5,-1.666667,8.5],"faces":{"east":{"uv":[14.625,6.5,13.75,7.0],"tintindex":0,"rotation":0,"texture":"#0"},"south":{"uv":[12.75,3.5,12.0,4.0],"tintindex":0,"rotation":0,"texture":"#0"},"north":{"uv":[7.875,13.75,7.125,14.25],"tintindex":0,"rotation":0,"texture":"#0"},"west":{"uv":[14.625,7.0,13.75,7.5],"tintindex":0,"rotation":0,"texture":"#0"},"up":{"uv":[13.0,11.25,13.75,10.375],"tintindex":0,"rotation":180,"texture":"#0"},"down":{"uv":[13.0,11.25,13.75,12.125],"tintindex":0,"rotation":180,"texture":"#0"}}},{"from":[1.5,-4.333334,5.1666665],"to":[14.166667,1.0,10.5],"faces":{"east":{"uv":[9.375,12.875,8.375,13.875],"tintindex":0,"rotation":0,"texture":"#0"},"south":{"uv":[14.75,12.625,12.375,13.625],"tintindex":0,"rotation":0,"texture":"#0"},"north":{"uv":[15.125,3.5,12.75,4.5],"tintindex":0,"rotation":0,"texture":"#0"},"west":{"uv":[10.375,12.875,9.375,13.875],"tintindex":0,"rotation":0,"texture":"#0"},"up":{"uv":[12.75,5.5,15.125,4.5],"tintindex":0,"rotation":180,"texture":"#0"},"down":{"uv":[12.75,5.5,15.125,6.5],"tintindex":0,"rotation":180,"texture":"#0"}}},{"from":[0.16666651,-4.333334,3.833333],"to":[6.833333,-1.666667,8.5],"faces":{"east":{"uv":[13.25,13.625,12.375,14.125],"tintindex":0,"rotation":0,"texture":"#0"},"south":{"uv":[7.75,8.0,6.5,8.5],"tintindex":0,"rotation":0,"texture":"#0"},"north":{"uv":[3.5,12.0,2.25,12.5],"tintindex":0,"rotation":0,"texture":"#0"},"west":{"uv":[14.125,13.625,13.25,14.125],"tintindex":0,"rotation":0,"texture":"#0"},"up":{"uv":[12.75,8.5,14.0,7.625],"tintindex":0,"rotation":180,"texture":"#0"},"down":{"uv":[7.125,12.875,8.375,13.75],"tintindex":0,"rotation":180,"texture":"#0"}}}],"display":{"head":{"rotation":[0.0,0.0,0.0]},"firstperson_righthand":{"rotation":[0.0,0.0,0.0]},"thirdperson_lefthand":{"rotation":[0.0,-0.0,-0.0]},"firstperson_lefthand":{"rotation":[0.0,-0.0,-0.0]},"fixed":{"rotation":[0.0,0.0,0.0]},"ground":{"rotation":[0.0,0.0,0.0]},"thirdperson_righthand":{"rotation":[0.0,0.0,0.0]},"gui":{"rotation":[-150.0,-45.0,180.0]}}}