{"textures":{"0":"modelengine:entity/lr_yeti_snowball","particle":"#0"},"elements":[{"from":[9.083333,-2.9000006,4.083333],"to":[15.416667,-0.3666668,8.516666],"faces":{"east":{"uv":[13.25,13.625,14.125,14.125],"tintindex":0,"rotation":0,"texture":"#0"},"south":{"uv":[6.5,8.0,7.75,8.5],"tintindex":0,"rotation":0,"texture":"#0"},"north":{"uv":[2.25,12.0,3.5,12.5],"tintindex":0,"rotation":0,"texture":"#0"},"west":{"uv":[12.375,13.625,13.25,14.125],"tintindex":0,"rotation":0,"texture":"#0"},"up":{"uv":[14.0,8.5,12.75,7.625],"tintindex":0,"rotation":180,"texture":"#0"},"down":{"uv":[8.375,12.875,7.125,13.75],"tintindex":0,"rotation":180,"texture":"#0"}}},{"from":[2.1166668,-2.9000006,5.3499994],"to":[14.150001,2.1666665,10.416667],"faces":{"east":{"uv":[9.375,12.875,10.375,13.875],"tintindex":0,"rotation":0,"texture":"#0"},"south":{"uv":[12.375,12.625,14.75,13.625],"tintindex":0,"rotation":0,"texture":"#0"},"north":{"uv":[12.75,3.5,15.125,4.5],"tintindex":0,"rotation":0,"texture":"#0"},"west":{"uv":[8.375,12.875,9.375,13.875],"tintindex":0,"rotation":0,"texture":"#0"},"up":{"uv":[15.125,5.5,12.75,4.5],"tintindex":0,"rotation":180,"texture":"#0"},"down":{"uv":[15.125,5.5,12.75,6.5],"tintindex":0,"rotation":180,"texture":"#0"}}},{"from":[9.716667,-2.9000006,8.516666],"to":[14.783333,-0.3666668,14.216667],"faces":{"east":{"uv":[13.5,8.5,14.625,9.0],"tintindex":0,"rotation":0,"texture":"#0"},"south":{"uv":[13.5,9.0,14.5,9.5],"tintindex":0,"rotation":0,"texture":"#0"},"north":{"uv":[13.5,9.5,14.5,10.0],"tintindex":0,"rotation":0,"texture":"#0"},"west":{"uv":[13.0,12.125,14.125,12.625],"tintindex":0,"rotation":0,"texture":"#0"},"up":{"uv":[13.75,7.625,12.75,6.5],"tintindex":0,"rotation":180,"texture":"#0"},"down":{"uv":[7.125,12.875,6.125,14.0],"tintindex":0,"rotation":180,"texture":"#0"}}},{"from":[0.6666665,-10.0,4.0],"to":[16.0,-2.666667,14.666667],"faces":{"east":{"uv":[4.375,5.625,5.625,6.375],"tintindex":0,"rotation":0,"texture":"#0"},"south":{"uv":[4.375,5.625,7.375,6.375],"tintindex":0,"rotation":0,"texture":"#0"},"north":{"uv":[4.375,5.625,7.375,6.375],"tintindex":0,"rotation":0,"texture":"#0"},"west":{"uv":[4.375,5.625,5.625,6.375],"tintindex":0,"rotation":0,"texture":"#0"},"up":{"uv":[4.375,5.625,7.375,7.625],"tintindex":0,"rotation":0,"texture":"#0"},"down":{"uv":[4.375,5.625,7.375,7.625],"tintindex":0,"rotation":0,"texture":"#0"}}},{"from":[0.8499994,-2.9000006,4.083333],"to":[4.65,-0.3666668,8.516666],"faces":{"east":{"uv":[13.75,7.0,14.625,7.5],"tintindex":0,"rotation":0,"texture":"#0"},"south":{"uv":[12.0,3.5,12.75,4.0],"tintindex":0,"rotation":0,"texture":"#0"},"north":{"uv":[7.125,13.75,7.875,14.25],"tintindex":0,"rotation":0,"texture":"#0"},"west":{"uv":[13.75,6.5,14.625,7.0],"tintindex":0,"rotation":0,"texture":"#0"},"up":{"uv":[13.75,11.25,13.0,10.375],"tintindex":0,"rotation":180,"texture":"#0"},"down":{"uv":[13.75,11.25,13.0,12.125],"tintindex":0,"rotation":180,"texture":"#0"}}}],"display":{"head":{"rotation":[0.0,0.0,0.0]},"firstperson_righthand":{"rotation":[0.0,0.0,0.0]},"thirdperson_lefthand":{"rotation":[0.0,-0.0,-0.0]},"firstperson_lefthand":{"rotation":[0.0,-0.0,-0.0]},"fixed":{"rotation":[0.0,0.0,0.0]},"ground":{"rotation":[0.0,0.0,0.0]},"thirdperson_righthand":{"rotation":[0.0,0.0,0.0]},"gui":{"rotation":[-150.0,-45.0,180.0]}}}