{"display":{"firstperson_lefthand":{"rotation":[2,90,0],"scale":[0.6,0.6,0.6],"translation":[0.25,4,3.75]},"firstperson_righthand":{"rotation":[2,-90,0],"scale":[0.6,0.6,0.6],"translation":[0.25,4,3.75]},"fixed":{"scale":[0.5,0.5,0.5],"translation":[0,0,-0.75]},"ground":{"rotation":[-61,-0.58,-24],"scale":[0.65,0.65,0.65],"translation":[0,0.75,0]},"gui":{"rotation":[0,0,-45],"scale":[0.5,0.5,0.5],"translation":[-1.25,1.25,-0.75]},"head":{"rotation":[0,-90,0],"scale":[0.9,0.8,0.8],"translation":[0,9.75,0]},"thirdperson_lefthand":{"rotation":[0,90,0],"scale":[0.9,0.9,0.9],"translation":[0,-1.5,3.75]},"thirdperson_righthand":{"rotation":[0,-90,0],"scale":[0.9,0.9,0.9],"translation":[0,-1.5,3.75]}},"elements":[{"faces":{"down":{"texture":"#1","uv":[0.5,9,0,9.5]},"east":{"texture":"#1","uv":[7,7,7.5,8.75]},"north":{"texture":"#1","uv":[7,5.25,7.5,7]},"south":{"texture":"#1","uv":[7.25,0,7.75,1.75]},"up":{"texture":"#1","uv":[8.25,3,7.75,2.5]},"west":{"texture":"#1","uv":[3.5,7.25,4,9]}},"from":[3.65293,4.0203,7],"rotation":{"angle":0,"axis":"y","origin":[4.65293,8.0203,8]},"to":[5.65293,11.0203,9]},{"faces":{"down":{"texture":"#1","uv":[4,9,3.5,9.5]},"east":{"texture":"#1","uv":[7.5,5.75,8,7]},"north":{"texture":"#1","uv":[1,7.5,1.5,8.75]},"south":{"texture":"#1","uv":[7.5,7,8,8.25]},"up":{"texture":"#1","uv":[3.5,9.5,3,9]},"west":{"texture":"#1","uv":[7.75,0,8.25,1.25]}},"from":[7.72818,18.26921,7],"rotation":{"angle":0,"axis":"y","origin":[7.80953,17.65085,8]},"to":[9.72818,23.26921,9]},{"faces":{"down":{"texture":"#1","uv":[0.5,0,0,0]},"east":{"texture":"#1","uv":[0,0,0,3.75]},"north":{"texture":"#1","uv":[3.25,1.25,3.75,5]},"south":{"texture":"#1","uv":[0,3.75,0.5,7.5]},"up":{"texture":"#1","uv":[0.5,0,0,0]},"west":{"texture":"#1","uv":[0,0,0,3.75]}},"from":[8.12818,5.86921,7.9],"rotation":{"angle":0,"axis":"y","origin":[8.72818,19.95,7.9]},"to":[10.12818,20.86921,7.9]},{"faces":{"down":{"texture":"#1","uv":[10.5,5.5,8.5,5.75]},"east":{"texture":"#1","uv":[3,3.75,3.25,4.25]},"north":{"texture":"#1","uv":[5.5,4.25,7.5,4.75]},"south":{"texture":"#1","uv":[5.5,4.75,7.5,5.25]},"up":{"texture":"#1","uv":[10.5,5.5,8.5,5.25]},"west":{"texture":"#1","uv":[3,4.25,3.25,4.75]}},"from":[8.72818,24.26921,7.5],"rotation":{"angle":22.5,"axis":"z","origin":[13.47818,21.01921,8]},"to":[16.72818,26.26921,8.5]},{"faces":{"down":{"texture":"#1","uv":[1.75,0,0,0]},"east":{"texture":"#1","uv":[0,0,0,0.75]},"north":{"texture":"#1","uv":[4.5,1.25,6.25,2]},"south":{"texture":"#1","uv":[4.5,2,6.25,2.75]},"up":{"texture":"#1","uv":[1.75,0,0,0]},"west":{"texture":"#1","uv":[0,0,0,0.75]}},"from":[8.72818,21.26921,8],"rotation":{"angle":22.5,"axis":"z","origin":[13.47818,21.01921,8]},"to":[15.72818,24.26921,8]},{"faces":{"down":{"texture":"#1","uv":[2,9,1.5,9.5]},"east":{"texture":"#1","uv":[7.5,8.25,8,9.25]},"north":{"texture":"#1","uv":[5,8.25,5.5,9.25]},"south":{"texture":"#1","uv":[8,8.25,8.5,9.25]},"up":{"texture":"#1","uv":[1,9.5,0.5,9]},"west":{"texture":"#1","uv":[8.5,4.25,9,5.25]}},"from":[3.65293,11.0203,7],"rotation":{"angle":22.5,"axis":"z","origin":[5.65293,12.0203,8]},"to":[5.65293,15.0203,9]},{"faces":{"down":{"texture":"#1","uv":[3,9,2.5,9.5]},"east":{"texture":"#1","uv":[3,5,3.5,7]},"north":{"texture":"#1","uv":[4.5,4.25,5,6.25]},"south":{"texture":"#1","uv":[5,4.25,5.5,6.25]},"up":{"texture":"#1","uv":[2.5,9.5,2,9]},"west":{"texture":"#1","uv":[3.5,5.25,4,7.25]}},"from":[8.67913,11.1619,7.01],"rotation":{"angle":-45,"axis":"z","origin":[9.13316,19.84637,8]},"to":[10.65913,19.1419,8.99]},{"faces":{"down":{"texture":"#1","uv":[9.5,6.75,9,7.25]},"east":{"texture":"#1","uv":[5.5,5.25,6,7.25]},"north":{"texture":"#1","uv":[4,5.25,4.5,7.25]},"south":{"texture":"#1","uv":[1.5,5.75,2,7.75]},"up":{"texture":"#1","uv":[9.5,6.75,9,6.25]},"west":{"texture":"#1","uv":[2,5.75,2.5,7.75]}},"from":[8.62913,11.1119,6.96],"rotation":{"angle":-45,"axis":"z","origin":[9.13316,19.84637,8]},"to":[10.70913,19.1919,9.04]},{"faces":{"down":{"texture":"#1","uv":[9.5,4.75,9,5.25]},"east":{"texture":"#1","uv":[1.5,7.75,2,9]},"north":{"texture":"#1","uv":[7.75,1.25,8.25,2.5]},"south":{"texture":"#1","uv":[2,7.75,2.5,9]},"up":{"texture":"#1","uv":[9.5,4.75,9,4.25]},"west":{"texture":"#1","uv":[2.5,7.75,3,9]}},"from":[7.67818,18.21921,6.95],"rotation":{"angle":0,"axis":"y","origin":[7.80953,17.65085,8]},"to":[9.77818,23.31921,9.05]},{"faces":{"down":{"texture":"#1","uv":[0.75,0,0,0]},"east":{"texture":"#1","uv":[0,0,0,2]},"north":{"texture":"#1","uv":[3.75,1.25,4.5,3.25]},"south":{"texture":"#1","uv":[1.5,3.75,2.25,5.75]},"up":{"texture":"#1","uv":[0.75,0,0,0]},"west":{"texture":"#1","uv":[0,0,0,2]}},"from":[4.07133,15.26921,8],"rotation":{"angle":-22.5,"axis":"z","origin":[4.07133,18.26921,8]},"to":[7.07133,23.26921,8]},{"faces":{"down":{"texture":"#1","uv":[8.25,3,7.75,3.25]},"east":{"texture":"#1","uv":[1,8.75,1.25,10.25]},"north":{"texture":"#1","uv":[4,7.25,4.5,8.75]},"south":{"texture":"#1","uv":[6.5,7.25,7,8.75]},"up":{"texture":"#1","uv":[7.75,2,7.25,1.75]},"west":{"texture":"#1","uv":[1.25,8.75,1.5,10.25]}},"from":[9.66913,11.1519,7.5],"rotation":{"angle":-45,"axis":"z","origin":[9.13316,19.84637,8]},"to":[11.66913,17.1519,8.5]},{"faces":{"down":{"texture":"#1","uv":[6.5,7.25,5.5,8]},"east":{"texture":"#1","uv":[8.75,2,9.5,2.5]},"north":{"texture":"#1","uv":[6.75,2.75,7.75,3.25]},"south":{"texture":"#1","uv":[8.25,3.75,9.25,4.25]},"up":{"texture":"#1","uv":[7.75,2.75,6.75,2]},"west":{"texture":"#1","uv":[8.75,2.5,9.5,3]}},"from":[2.45293,10.0203,6.5],"rotation":{"angle":-22.5,"axis":"z","origin":[4.65293,11.0203,8]},"to":[6.45293,12.0203,9.5]},{"faces":{"down":{"texture":"#1","uv":[8.5,5,7.5,5.75]},"east":{"texture":"#1","uv":[8.75,3,9.5,3.5]},"north":{"texture":"#1","uv":[8.75,1,9.75,1.5]},"south":{"texture":"#1","uv":[8.75,1.5,9.75,2]},"up":{"texture":"#1","uv":[8.5,5,7.5,4.25]},"west":{"texture":"#1","uv":[6.5,8.75,7.25,9.25]}},"from":[2.45293,2.9797,6.5],"rotation":{"angle":22.5,"axis":"z","origin":[4.65293,3.9797,8]},"to":[6.45293,4.9797,9.5]},{"faces":{"down":{"texture":"#1","uv":[6.5,9.25,6,9.75]},"east":{"texture":"#1","uv":[8.5,7.25,9,8.25]},"north":{"texture":"#1","uv":[8.5,6.25,9,7.25]},"south":{"texture":"#1","uv":[8.5,8.25,9,9.25]},"up":{"texture":"#1","uv":[6,9.75,5.5,9.25]},"west":{"texture":"#1","uv":[8.75,0,9.25,1]}},"from":[3.65293,-0.0203,7],"rotation":{"angle":-22.5,"axis":"z","origin":[5.65293,2.9797,8]},"to":[5.65293,3.9797,9]},{"faces":{"down":{"texture":"#1","uv":[5.5,9.25,5,9.75]},"east":{"texture":"#1","uv":[6.5,5.25,7,7.25]},"north":{"texture":"#1","uv":[5,6.25,5.5,8.25]},"south":{"texture":"#1","uv":[6.75,0,7.25,2]},"up":{"texture":"#1","uv":[9.75,4,9.25,3.5]},"west":{"texture":"#1","uv":[3,7,3.5,9]}},"from":[8.67913,-4.1419,7.01],"rotation":{"angle":45,"axis":"z","origin":[9.13316,-4.84637,8]},"to":[10.65913,3.8381,8.99]},{"faces":{"down":{"texture":"#1","uv":[9.75,0.5,9.25,1]},"east":{"texture":"#1","uv":[8.25,1.25,8.75,2.5]},"north":{"texture":"#1","uv":[8.25,0,8.75,1.25]},"south":{"texture":"#1","uv":[8.25,2.5,8.75,3.75]},"up":{"texture":"#1","uv":[9.75,0.5,9.25,0]},"west":{"texture":"#1","uv":[4.5,8.25,5,9.5]}},"from":[7.72818,-8.26921,7],"rotation":{"angle":0,"axis":"y","origin":[7.80953,-2.65085,8]},"to":[9.72818,-3.26921,9]},{"faces":{"down":{"texture":"#1","uv":[9.75,4,9.25,4.25]},"east":{"texture":"#1","uv":[4,8.75,4.25,10.25]},"north":{"texture":"#1","uv":[0,7.5,0.5,9]},"south":{"texture":"#1","uv":[0.5,7.5,1,9]},"up":{"texture":"#1","uv":[9.25,3.75,8.75,3.5]},"west":{"texture":"#1","uv":[4.25,8.75,4.5,10.25]}},"from":[9.66913,-2.1519,7.5],"rotation":{"angle":45,"axis":"z","origin":[9.13316,-4.84637,8]},"to":[11.66913,3.8481,8.5]},{"faces":{"down":{"texture":"#1","uv":[0.75,0,0,0]},"east":{"texture":"#1","uv":[0,0,0,2]},"north":{"texture":"#1","uv":[2.25,3.75,3,5.75]},"south":{"texture":"#1","uv":[3.75,3.25,4.5,5.25]},"up":{"texture":"#1","uv":[0.75,0,0,0]},"west":{"texture":"#1","uv":[0,0,0,2]}},"from":[4.07133,-8.26921,8],"rotation":{"angle":22.5,"axis":"z","origin":[4.07133,-3.26921,8]},"to":[7.07133,-0.26921,8]},{"faces":{"down":{"texture":"#1","uv":[10.5,6,8.5,6.25]},"east":{"texture":"#1","uv":[6.5,0,6.75,0.5]},"north":{"texture":"#1","uv":[6.25,3.25,8.25,3.75]},"south":{"texture":"#1","uv":[6.25,3.75,8.25,4.25]},"up":{"texture":"#1","uv":[10.5,6,8.5,5.75]},"west":{"texture":"#1","uv":[6.5,0.5,6.75,1]}},"from":[8.72818,-11.26921,7.5],"rotation":{"angle":-22.5,"axis":"z","origin":[13.47818,-6.01921,8]},"to":[16.72818,-9.26921,8.5]},{"faces":{"down":{"texture":"#1","uv":[1.75,0,0,0]},"east":{"texture":"#1","uv":[0,0,0,0.75]},"north":{"texture":"#1","uv":[4.5,2.75,6.25,3.5]},"south":{"texture":"#1","uv":[4.5,3.5,6.25,4.25]},"up":{"texture":"#1","uv":[1.75,0,0,0]},"west":{"texture":"#1","uv":[0,0,0,0.75]}},"from":[8.72818,-9.26921,8],"rotation":{"angle":-22.5,"axis":"z","origin":[13.47818,-6.01921,8]},"to":[15.72818,-6.26921,8]},{"faces":{"down":{"texture":"#1","uv":[9.5,8.75,9,9.25]},"east":{"texture":"#1","uv":[8,5.75,8.5,7]},"north":{"texture":"#1","uv":[5.5,8,6,9.25]},"south":{"texture":"#1","uv":[6,8,6.5,9.25]},"up":{"texture":"#1","uv":[9.5,8.75,9,8.25]},"west":{"texture":"#1","uv":[8,7,8.5,8.25]}},"from":[7.67818,-8.31921,6.95],"rotation":{"angle":0,"axis":"y","origin":[7.80953,-2.65085,8]},"to":[9.77818,-3.21921,9.05]},{"faces":{"down":{"texture":"#1","uv":[9.5,7.75,9,8.25]},"east":{"texture":"#1","uv":[6,5.25,6.5,7.25]},"north":{"texture":"#1","uv":[2.5,5.75,3,7.75]},"south":{"texture":"#1","uv":[6.25,1.25,6.75,3.25]},"up":{"texture":"#1","uv":[9.5,7.75,9,7.25]},"west":{"texture":"#1","uv":[4.5,6.25,5,8.25]}},"from":[8.62913,-4.1919,6.96],"rotation":{"angle":45,"axis":"z","origin":[9.13316,-4.84637,8]},"to":[10.70913,3.8881,9.04]},{"faces":{"down":{"texture":"#1","uv":[0.5,0,0,0]},"east":{"texture":"#1","uv":[0,0,0,3.75]},"north":{"texture":"#1","uv":[0.5,3.75,1,7.5]},"south":{"texture":"#1","uv":[1,3.75,1.5,7.5]},"up":{"texture":"#1","uv":[0.5,0,0,0]},"west":{"texture":"#1","uv":[0,0,0,3.75]}},"from":[8.12818,-5.86921,7.9],"rotation":{"angle":0,"axis":"y","origin":[8.72818,-4.95,7.9]},"to":[10.12818,9.13079,7.9]}],"gui_light":"front","texture_size":[64,64],"textures":{"1":"civilization:item/tools/artemis_bow/default","particle":"civilization:item/tools/artemis_bow/default"}}