{"textures":{"0":"modelengine:entity/lr_yeti","particle":"#0"},"elements":[{"from":[0.0,-0.5,2.0],"to":[9.0,11.5,14.0],"faces":{"east":{"uv":[1.5,9.6875,2.25,10.4375],"tintindex":0,"rotation":0,"texture":"#0"},"south":{"uv":[7.625,10.3125,8.1875,11.0625],"tintindex":0,"rotation":0,"texture":"#0"},"north":{"uv":[4.8125,10.25,5.375,11.0],"tintindex":0,"rotation":0,"texture":"#0"},"west":{"uv":[9.6875,2.0625,10.4375,2.8125],"tintindex":0,"rotation":0,"texture":"#0"},"up":{"uv":[10.875,9.5,10.3125,8.75],"tintindex":0,"rotation":0,"texture":"#0"},"down":{"uv":[6.5,10.375,5.9375,11.125],"tintindex":0,"rotation":0,"texture":"#0"}}},{"from":[2.1213207,-0.5,13.121321],"to":[2.1213207,11.5,19.12132],"faces":{"east":{"uv":[10.875,5.0625,10.5,5.8125],"tintindex":0,"rotation":0,"texture":"#0"},"west":{"uv":[10.5,5.0625,10.875,5.8125],"tintindex":0,"rotation":0,"texture":"#0"}},"rotation":{"origin":[2.1213207,5.5,16.12132],"angle":45.0,"axis":"y"}}],"display":{"head":{"rotation":[0.0,0.0,0.0]},"firstperson_righthand":{"rotation":[0.0,0.0,0.0]},"thirdperson_lefthand":{"rotation":[0.0,-0.0,-0.0]},"firstperson_lefthand":{"rotation":[0.0,-0.0,-0.0]},"fixed":{"rotation":[0.0,0.0,0.0]},"ground":{"rotation":[0.0,0.0,0.0]},"thirdperson_righthand":{"rotation":[0.0,0.0,0.0]},"gui":{"rotation":[-150.0,-45.0,180.0]}}}