{"textures":{"0":"modelengine:entity/lr_yeti","particle":"#0"},"elements":[{"from":[2.5,-1.0,7.25],"to":[13.5,0.5,8.75],"faces":{"east":{"uv":[12.8125,0.1875,13.0,0.375],"tintindex":0,"rotation":0,"texture":"#0"},"south":{"uv":[11.4375,0.5625,12.8125,0.75],"tintindex":0,"rotation":0,"texture":"#0"},"north":{"uv":[11.4375,0.0,12.8125,0.1875],"tintindex":0,"rotation":0,"texture":"#0"},"west":{"uv":[12.8125,0.0,13.0,0.1875],"tintindex":0,"rotation":0,"texture":"#0"},"up":{"uv":[11.4375,0.375,12.8125,0.5625],"tintindex":0,"rotation":0,"texture":"#0"},"down":{"uv":[11.4375,0.1875,12.8125,0.375],"tintindex":0,"rotation":0,"texture":"#0"}}},{"from":[9.5,-10.0,7.25],"to":[12.0,-2.0,8.75],"faces":{"east":{"uv":[12.25,1.625,12.4375,2.625],"tintindex":0,"rotation":0,"texture":"#0"},"south":{"uv":[11.4375,1.625,11.75,2.625],"tintindex":0,"rotation":0,"texture":"#0"},"north":{"uv":[11.75,1.625,12.0625,2.625],"tintindex":0,"rotation":0,"texture":"#0"},"west":{"uv":[12.0625,1.625,12.25,2.625],"tintindex":0,"rotation":0,"texture":"#0"},"up":{"uv":[12.4375,1.8125,12.75,2.0],"tintindex":0,"rotation":0,"texture":"#0"},"down":{"uv":[12.4375,1.625,12.75,1.8125],"tintindex":0,"rotation":0,"texture":"#0"}}},{"from":[6.5,-4.999999,6.75],"to":[9.5,-1.5,9.25],"faces":{"east":{"uv":[12.875,0.75,13.1875,1.1875],"tintindex":0,"rotation":0,"texture":"#0"},"south":{"uv":[11.4375,0.75,11.8125,1.1875],"tintindex":0,"rotation":0,"texture":"#0"},"north":{"uv":[11.8125,0.75,12.1875,1.1875],"tintindex":0,"rotation":0,"texture":"#0"},"west":{"uv":[12.5625,0.75,12.875,1.1875],"tintindex":0,"rotation":0,"texture":"#0"},"up":{"uv":[12.1875,1.0625,12.5625,1.375],"tintindex":0,"rotation":0,"texture":"#0"},"down":{"uv":[12.1875,0.75,12.5625,1.0625],"tintindex":0,"rotation":0,"texture":"#0"}}},{"from":[2.5,-2.999999,8.0],"to":[13.5,8.0,8.0],"faces":{"south":{"uv":[14.625,0.0,16.0,1.375],"tintindex":0,"rotation":0,"texture":"#0"},"north":{"uv":[14.625,0.0,16.0,1.375],"tintindex":0,"rotation":0,"texture":"#0"}}},{"from":[4.0,-10.0,7.25],"to":[6.5,-2.0,8.75],"faces":{"east":{"uv":[14.0,0.625,14.1875,1.625],"tintindex":0,"rotation":0,"texture":"#0"},"south":{"uv":[13.1875,0.625,13.5,1.625],"tintindex":0,"rotation":0,"texture":"#0"},"north":{"uv":[13.5,0.625,13.8125,1.625],"tintindex":0,"rotation":0,"texture":"#0"},"west":{"uv":[13.8125,0.625,14.0,1.625],"tintindex":0,"rotation":0,"texture":"#0"},"up":{"uv":[13.5,1.625,13.8125,1.8125],"tintindex":0,"rotation":0,"texture":"#0"},"down":{"uv":[13.1875,1.625,13.5,1.8125],"tintindex":0,"rotation":0,"texture":"#0"}}},{"from":[6.5,-10.0,7.25],"to":[9.5,-7.499999,8.75],"faces":{"east":{"uv":[13.0625,0.3125,13.25,0.625],"tintindex":0,"rotation":0,"texture":"#0"},"south":{"uv":[13.25,0.0,13.625,0.3125],"tintindex":0,"rotation":0,"texture":"#0"},"north":{"uv":[13.25,0.3125,13.625,0.625],"tintindex":0,"rotation":0,"texture":"#0"},"west":{"uv":[13.0625,0.0,13.25,0.3125],"tintindex":0,"rotation":0,"texture":"#0"},"up":{"uv":[13.625,0.1875,14.0,0.375],"tintindex":0,"rotation":0,"texture":"#0"},"down":{"uv":[13.625,0.0,14.0,0.1875],"tintindex":0,"rotation":0,"texture":"#0"}}}],"display":{"head":{"rotation":[0.0,0.0,0.0]},"firstperson_righthand":{"rotation":[0.0,0.0,0.0]},"thirdperson_lefthand":{"rotation":[0.0,-0.0,-0.0]},"firstperson_lefthand":{"rotation":[0.0,-0.0,-0.0]},"fixed":{"rotation":[0.0,0.0,0.0]},"ground":{"rotation":[0.0,0.0,0.0]},"thirdperson_righthand":{"rotation":[0.0,0.0,0.0]},"gui":{"rotation":[-150.0,-45.0,180.0]}}}