{"textures":{"0":"modelengine:entity/lr_yeti","particle":"#0"},"elements":[{"from":[6.75,4.0,-1.75],"to":[12.75,7.0,2.25],"faces":{"east":{"uv":[5.0625,11.0,4.8125,11.1875],"tintindex":0,"rotation":0,"texture":"#0"},"south":{"uv":[11.375,2.8125,11.0,3.0],"tintindex":0,"rotation":0,"texture":"#0"},"north":{"uv":[11.375,2.625,11.0,2.8125],"tintindex":0,"rotation":0,"texture":"#0"},"west":{"uv":[3.875,10.4375,3.625,10.625],"tintindex":0,"rotation":0,"texture":"#0"},"up":{"uv":[10.8125,4.1875,11.1875,3.9375],"tintindex":0,"rotation":0,"texture":"#0"},"down":{"uv":[10.9375,6.0,11.3125,6.25],"tintindex":0,"rotation":0,"texture":"#0"}},"rotation":{"origin":[4.75,5.5,0.25],"angle":-22.5,"axis":"x"}},{"from":[3.25,3.0,0.25],"to":[13.25,8.0,12.25],"faces":{"east":{"uv":[11.375,0.3125,10.625,0.625],"tintindex":0,"rotation":0,"texture":"#0"},"south":{"uv":[11.25,10.4375,10.625,10.75],"tintindex":0,"rotation":0,"texture":"#0"},"north":{"uv":[9.6875,2.0625,9.0625,2.375],"tintindex":0,"rotation":0,"texture":"#0"},"west":{"uv":[11.375,0.0,10.625,0.3125],"tintindex":0,"rotation":0,"texture":"#0"},"up":{"uv":[1.375,5.9375,2.0,5.1875],"tintindex":0,"rotation":0,"texture":"#0"},"down":{"uv":[10.1875,6.5625,10.8125,7.3125],"tintindex":0,"rotation":0,"texture":"#0"}}},{"from":[2.75,4.0,-2.75],"to":[6.75,8.0,3.25],"faces":{"east":{"uv":[1.0625,11.0,0.6875,11.25],"tintindex":0,"rotation":0,"texture":"#0"},"south":{"uv":[5.9375,10.875,5.6875,11.125],"tintindex":0,"rotation":0,"texture":"#0"},"north":{"uv":[10.1875,6.5625,9.9375,6.8125],"tintindex":0,"rotation":0,"texture":"#0"},"west":{"uv":[11.3125,6.25,10.9375,6.5],"tintindex":0,"rotation":0,"texture":"#0"},"up":{"uv":[5.8125,7.4375,6.0625,7.0625],"tintindex":0,"rotation":0,"texture":"#0"},"down":{"uv":[1.75,7.625,2.0,8.0],"tintindex":0,"rotation":0,"texture":"#0"}},"rotation":{"origin":[4.75,5.5,0.25],"angle":-22.5,"axis":"x"}}],"display":{"head":{"rotation":[0.0,0.0,0.0]},"firstperson_righthand":{"rotation":[0.0,0.0,0.0]},"thirdperson_lefthand":{"rotation":[0.0,-0.0,-0.0]},"firstperson_lefthand":{"rotation":[0.0,-0.0,-0.0]},"fixed":{"rotation":[0.0,0.0,0.0]},"ground":{"rotation":[0.0,0.0,0.0]},"thirdperson_righthand":{"rotation":[0.0,0.0,0.0]},"gui":{"rotation":[-150.0,-45.0,180.0]}}}