{"textures":{"0":"modelengine:entity/lr_yeti","particle":"#0"},"elements":[{"from":[12.4995,-5.0,9.0],"to":[12.4995,8.0,12.0],"faces":{"east":{"uv":[4.4375,8.6875,4.8125,10.3125],"tintindex":0,"rotation":0,"texture":"#0"},"west":{"uv":[4.8125,8.6875,4.4375,10.3125],"tintindex":0,"rotation":0,"texture":"#0"}}},{"from":[4.5,-5.0,-1.5],"to":[12.5,8.0,9.0],"faces":{"east":{"uv":[3.3125,5.0625,2.0,6.6875],"tintindex":0,"rotation":0,"texture":"#0"},"south":{"uv":[7.0625,6.3125,6.0625,7.9375],"tintindex":0,"rotation":0,"texture":"#0"},"north":{"uv":[7.0625,4.6875,6.0625,6.3125],"tintindex":0,"rotation":0,"texture":"#0"},"west":{"uv":[5.3125,3.5,4.0,5.125],"tintindex":0,"rotation":0,"texture":"#0"},"up":{"uv":[2.0,8.0,3.0,6.6875],"tintindex":0,"rotation":0,"texture":"#0"},"down":{"uv":[6.6875,3.0625,7.6875,4.375],"tintindex":0,"rotation":0,"texture":"#0"}}},{"from":[5.0396357,-8.814409,-1.0],"to":[8.039636,-3.8144093,3.5],"faces":{"east":{"uv":[2.5,10.4375,1.9375,11.0625],"tintindex":0,"rotation":0,"texture":"#0"},"south":{"uv":[0.375,10.625,0.0,11.25],"tintindex":0,"rotation":0,"texture":"#0"},"north":{"uv":[10.625,10.5,10.25,11.125],"tintindex":0,"rotation":0,"texture":"#0"},"west":{"uv":[1.9375,10.4375,1.375,11.0625],"tintindex":0,"rotation":0,"texture":"#0"},"up":{"uv":[10.625,3.1875,11.0,2.625],"tintindex":0,"rotation":0,"texture":"#0"},"down":{"uv":[3.625,10.625,4.0,11.1875],"tintindex":0,"rotation":0,"texture":"#0"}},"rotation":{"origin":[9.289636,-5.5644093,3.25],"angle":-22.5,"axis":"z"}},{"from":[13.169697,-8.366789,-1.5],"to":[13.169697,-4.866789,9.0],"faces":{"east":{"uv":[10.5,5.625,9.1875,6.0625],"tintindex":0,"rotation":0,"texture":"#0"},"west":{"uv":[9.1875,5.625,10.5,6.0625],"tintindex":0,"rotation":0,"texture":"#0"}},"rotation":{"origin":[13.169697,-6.616789,3.75],"angle":22.5,"axis":"z"}},{"from":[6.5396357,-8.314409,-0.5],"to":[12.039636,-3.8144093,8.0],"faces":{"east":{"uv":[10.25,4.625,9.1875,5.1875],"tintindex":0,"rotation":0,"texture":"#0"},"south":{"uv":[1.375,10.4375,0.6875,11.0],"tintindex":0,"rotation":0,"texture":"#0"},"north":{"uv":[11.0625,7.8125,10.375,8.375],"tintindex":0,"rotation":0,"texture":"#0"},"west":{"uv":[10.25,4.0625,9.1875,4.625],"tintindex":0,"rotation":0,"texture":"#0"},"up":{"uv":[8.625,9.9375,9.3125,8.875],"tintindex":0,"rotation":0,"texture":"#0"},"down":{"uv":[7.0,8.9375,7.6875,10.0],"tintindex":0,"rotation":0,"texture":"#0"}},"rotation":{"origin":[9.289636,-5.5644093,3.25],"angle":-22.5,"axis":"z"}},{"from":[4.5,-8.84795,9.764905],"to":[12.5,-4.84795,9.764905],"faces":{"south":{"uv":[10.9375,6.0625,9.9375,6.5625],"tintindex":0,"rotation":0,"texture":"#0"},"north":{"uv":[9.9375,6.0625,10.9375,6.5625],"tintindex":0,"rotation":0,"texture":"#0"}},"rotation":{"origin":[8.5,-6.84795,9.764905],"angle":-22.5,"axis":"x"}},{"from":[4.5,-8.84795,-2.264905],"to":[12.5,-4.84795,-2.264905],"faces":{"south":{"uv":[8.625,10.0,9.625,10.5],"tintindex":0,"rotation":0,"texture":"#0"},"north":{"uv":[9.625,10.0,8.625,10.5],"tintindex":0,"rotation":0,"texture":"#0"}},"rotation":{"origin":[8.5,-6.84795,-2.264905],"angle":22.5,"axis":"x"}},{"from":[3.8303041,-8.366789,-1.5],"to":[3.8303041,-4.866789,9.0],"faces":{"east":{"uv":[9.3125,0.0,10.625,0.4375],"tintindex":0,"rotation":0,"texture":"#0"},"west":{"uv":[10.625,0.0,9.3125,0.4375],"tintindex":0,"rotation":0,"texture":"#0"}},"rotation":{"origin":[3.8303041,-6.616789,3.75],"angle":-22.5,"axis":"z"}}],"display":{"head":{"rotation":[0.0,0.0,0.0]},"firstperson_righthand":{"rotation":[0.0,0.0,0.0]},"thirdperson_lefthand":{"rotation":[0.0,-0.0,-0.0]},"firstperson_lefthand":{"rotation":[0.0,-0.0,-0.0]},"fixed":{"rotation":[0.0,0.0,0.0]},"ground":{"rotation":[0.0,0.0,0.0]},"thirdperson_righthand":{"rotation":[0.0,0.0,0.0]},"gui":{"rotation":[-150.0,-45.0,180.0]}}}