{"textures":{"0":"modelengine:entity/lr_yeti","particle":"#0"},"elements":[{"from":[7.0,8.0,7.0],"to":[9.0,10.0,9.0],"faces":{"east":{"uv":[13.5,4.25,13.625,4.375],"tintindex":0,"rotation":0,"texture":"#0"},"south":{"uv":[13.5,4.25,13.625,4.375],"tintindex":0,"rotation":0,"texture":"#0"},"north":{"uv":[13.5,4.25,13.625,4.375],"tintindex":0,"rotation":0,"texture":"#0"},"west":{"uv":[13.5,4.25,13.625,4.375],"tintindex":0,"rotation":0,"texture":"#0"},"up":{"uv":[13.5,4.25,13.625,4.375],"tintindex":0,"rotation":0,"texture":"#0"},"down":{"uv":[13.5,4.25,13.625,4.375],"tintindex":0,"rotation":0,"texture":"#0"}}}],"display":{"head":{"rotation":[0.0,0.0,0.0]},"firstperson_righthand":{"rotation":[0.0,0.0,0.0]},"thirdperson_lefthand":{"rotation":[0.0,-0.0,-0.0]},"firstperson_lefthand":{"rotation":[0.0,-0.0,-0.0]},"fixed":{"rotation":[0.0,0.0,0.0]},"ground":{"rotation":[0.0,0.0,0.0]},"thirdperson_righthand":{"rotation":[0.0,0.0,0.0]},"gui":{"rotation":[-150.0,-45.0,180.0]}}}