{"textures":{"0":"modelengine:entity/lr_yeti","particle":"#0"},"elements":[{"from":[4.0,4.2231445,2.6145072],"to":[12.0,11.223145,11.614508],"faces":{"east":{"uv":[8.0625,4.4375,9.1875,5.3125],"tintindex":0,"rotation":0,"texture":"#0"},"south":{"uv":[8.625,8.0,9.625,8.875],"tintindex":0,"rotation":0,"texture":"#0"},"north":{"uv":[5.0,8.625,6.0,9.5],"tintindex":0,"rotation":0,"texture":"#0"},"west":{"uv":[8.0625,5.3125,9.1875,6.1875],"tintindex":0,"rotation":0,"texture":"#0"},"up":{"uv":[4.0,8.6875,3.0,7.5625],"tintindex":0,"rotation":0,"texture":"#0"},"down":{"uv":[5.0,7.5625,4.0,8.6875],"tintindex":0,"rotation":0,"texture":"#0"}}},{"from":[-3.9142132,15.0,3.1642137],"to":[0.58578634,29.0,3.1642137],"faces":{"south":{"uv":[2.9375,8.0,2.375,9.75],"tintindex":0,"rotation":0,"texture":"#0"},"north":{"uv":[2.375,8.0,2.9375,9.75],"tintindex":0,"rotation":0,"texture":"#0"}},"rotation":{"origin":[-1.4142132,22.0,3.1642137],"angle":45.0,"axis":"y"}},{"from":[0.0,15.0,1.75],"to":[16.0,29.0,15.25],"faces":{"east":{"uv":[5.6875,1.75,4.0,3.5],"tintindex":0,"rotation":0,"texture":"#0"},"south":{"uv":[0.0,1.75,2.0,3.5],"tintindex":0,"rotation":0,"texture":"#0"},"north":{"uv":[0.0,0.0,2.0,1.75],"tintindex":0,"rotation":0,"texture":"#0"},"west":{"uv":[4.0,1.75,5.6875,3.5],"tintindex":0,"rotation":0,"texture":"#0"},"up":{"uv":[4.0,1.6875,2.0,0.0],"tintindex":0,"rotation":0,"texture":"#0"},"down":{"uv":[4.0,1.6875,2.0,3.375],"tintindex":0,"rotation":0,"texture":"#0"}}},{"from":[15.414213,15.0,3.1642137],"to":[19.914213,29.0,3.1642137],"faces":{"south":{"uv":[2.375,8.0,2.9375,9.75],"tintindex":0,"rotation":0,"texture":"#0"},"north":{"uv":[2.9375,8.0,2.375,9.75],"tintindex":0,"rotation":0,"texture":"#0"}},"rotation":{"origin":[17.414213,22.0,3.1642137],"angle":-45.0,"axis":"y"}},{"from":[-4.80989,29.956245,1.75],"to":[0.19010973,29.956245,15.25],"faces":{"up":{"uv":[1.75,8.75,1.125,7.0625],"tintindex":0,"rotation":0,"texture":"#0"},"down":{"uv":[1.75,7.0625,1.125,8.75],"tintindex":0,"rotation":0,"texture":"#0"}},"rotation":{"origin":[-2.3098898,29.956245,8.5],"angle":-22.5,"axis":"z"}},{"from":[2.5,7.890211,3.2335997],"to":[13.5,17.390211,14.2336],"faces":{"east":{"uv":[5.3125,3.5,6.6875,4.6875],"tintindex":0,"rotation":0,"texture":"#0"},"south":{"uv":[5.6875,0.0,7.0625,1.1875],"tintindex":0,"rotation":0,"texture":"#0"},"north":{"uv":[0.0,5.1875,1.375,6.375],"tintindex":0,"rotation":0,"texture":"#0"},"west":{"uv":[6.6875,3.5,5.3125,4.6875],"tintindex":0,"rotation":0,"texture":"#0"},"up":{"uv":[4.6875,6.5,3.3125,5.125],"tintindex":0,"rotation":0,"texture":"#0"},"down":{"uv":[6.0625,5.125,4.6875,6.5],"tintindex":0,"rotation":0,"texture":"#0"}},"rotation":{"origin":[8.0,13.640211,8.7336],"angle":22.5,"axis":"x"}},{"from":[8.0,4.2231445,0.6145077],"to":[8.0,15.223145,3.6145072],"faces":{"east":{"uv":[5.9375,9.5,5.5625,10.875],"tintindex":0,"rotation":0,"texture":"#0"},"west":{"uv":[5.5625,9.5,5.9375,10.875],"tintindex":0,"rotation":0,"texture":"#0"}}},{"from":[0.0,31.582653,1.2363782],"to":[16.0,31.582653,14.736378],"faces":{"up":{"uv":[4.0,5.0625,2.0,3.375],"tintindex":0,"rotation":0,"texture":"#0"},"down":{"uv":[2.0,3.375,4.0,5.0625],"tintindex":0,"rotation":0,"texture":"#0"}},"rotation":{"origin":[8.0,31.582653,7.986378],"angle":-22.5,"axis":"x"}},{"from":[0.0,10.190301,0.79329157],"to":[16.0,15.190302,0.79329157],"faces":{"south":{"uv":[9.0625,1.125,7.0625,1.75],"tintindex":0,"rotation":0,"texture":"#0"},"north":{"uv":[7.0625,1.125,9.0625,1.75],"tintindex":0,"rotation":0,"texture":"#0"}},"rotation":{"origin":[8.0,12.690302,0.79329157],"angle":22.5,"axis":"x"}},{"from":[15.809891,29.956245,1.75],"to":[20.80989,29.956245,15.25],"faces":{"up":{"uv":[1.125,8.75,1.75,7.0625],"tintindex":0,"rotation":0,"texture":"#0"},"down":{"uv":[1.125,7.0625,1.75,8.75],"tintindex":0,"rotation":0,"texture":"#0"}},"rotation":{"origin":[18.30989,29.956245,8.5],"angle":22.5,"axis":"z"}},{"from":[0.0,30.051918,15.04086],"to":[16.0,30.051918,20.54086],"faces":{"up":{"uv":[7.6875,3.0625,5.6875,2.375],"tintindex":0,"rotation":0,"texture":"#0"},"down":{"uv":[5.6875,2.375,7.6875,3.0625],"tintindex":0,"rotation":0,"texture":"#0"}},"rotation":{"origin":[8.0,30.051918,17.79086],"angle":-22.5,"axis":"x"}},{"from":[0.0,11.552188,15.040207],"to":[16.0,16.052189,15.040207],"faces":{"south":{"uv":[9.6875,2.375,7.6875,2.9375],"tintindex":0,"rotation":0,"texture":"#0"},"north":{"uv":[7.6875,2.375,9.6875,2.9375],"tintindex":0,"rotation":0,"texture":"#0"}},"rotation":{"origin":[8.0,16.052189,17.790207],"angle":-22.5,"axis":"x"}},{"from":[4.0,0.72314453,11.614508],"to":[12.0,4.2231445,11.614508],"faces":{"south":{"uv":[6.6875,3.0625,5.6875,3.5],"tintindex":0,"rotation":0,"texture":"#0"},"north":{"uv":[5.6875,3.0625,6.6875,3.5],"tintindex":0,"rotation":0,"texture":"#0"}}},{"from":[4.0,-0.1055851,3.475545],"to":[12.0,4.3944154,3.475545],"faces":{"south":{"uv":[10.3125,8.875,9.3125,9.4375],"tintindex":0,"rotation":0,"texture":"#0"},"north":{"uv":[9.3125,8.875,10.3125,9.4375],"tintindex":0,"rotation":0,"texture":"#0"}},"rotation":{"origin":[8.0,2.1444154,3.475545],"angle":-22.5,"axis":"x"}}],"display":{"head":{"rotation":[0.0,0.0,0.0]},"firstperson_righthand":{"rotation":[0.0,0.0,0.0]},"thirdperson_lefthand":{"rotation":[0.0,-0.0,-0.0]},"firstperson_lefthand":{"rotation":[0.0,-0.0,-0.0]},"fixed":{"rotation":[0.0,0.0,0.0]},"ground":{"rotation":[0.0,0.0,0.0]},"thirdperson_righthand":{"rotation":[0.0,0.0,0.0]},"gui":{"rotation":[-150.0,-45.0,180.0]}}}