{"display":{"firstperson_lefthand":{"rotation":[9,-9,-40],"scale":[0.6,0.6,0.6],"translation":[0.5,0.5,-0.5]},"firstperson_righthand":{"rotation":[15,-9,50],"scale":[0.6,0.6,0.6],"translation":[2.5,1,-0.5]},"fixed":{"rotation":[-90,-135,45],"scale":[0.6,0.6,0.6],"translation":[-0.5,1.5,0]},"ground":{"rotation":[11,0,19],"scale":[0.45,0.45,0.45],"translation":[0,4,-1.5]},"gui":{"rotation":[90,-45,45],"scale":[0.65,0.65,0.65],"translation":[2,0.5,0]},"head":{"rotation":[0,0,45],"translation":[0,-1.5,0]},"thirdperson_lefthand":{"rotation":[0,0,-44],"scale":[0.7,0.7,0.7],"translation":[-1.25,-0.5,-2.5]},"thirdperson_righthand":{"rotation":[0,0,44],"scale":[0.7,0.7,0.7],"translation":[1,-0.5,-2.5]}},"elements":[{"faces":{"down":{"texture":"#0","uv":[8,1.5,7.75,3.5]},"east":{"texture":"#0","uv":[0,0,2,0]},"north":{"texture":"#0","uv":[0,0,0.25,0]},"south":{"texture":"#0","uv":[0,0,0.25,0]},"up":{"texture":"#0","uv":[1.75,9.75,1.5,7.75]},"west":{"texture":"#0","uv":[0,0,2,0]}},"from":[1.32836,10.3,3.42597],"rotation":{"angle":45,"axis":"y","origin":[5.22836,10.3,6.42597]},"to":[2.32836,10.3,11.42597]},{"faces":{"down":{"texture":"#0","uv":[2.25,7.75,2,9.75]},"east":{"texture":"#0","uv":[0,0,2,0]},"north":{"texture":"#0","uv":[0,0,0.25,0]},"south":{"texture":"#0","uv":[0,0,0.25,0]},"up":{"texture":"#0","uv":[2,9.75,1.75,7.75]},"west":{"texture":"#0","uv":[0,0,2,0]}},"from":[13.67164,10.3,3.42597],"rotation":{"angle":-45,"axis":"y","origin":[10.77164,10.3,6.42597]},"to":[14.67164,10.3,11.42597]},{"faces":{"down":{"texture":"#0","uv":[0,0,0,2]},"east":{"texture":"#0","uv":[7.5,0.25,9.5,0.5]},"north":{"texture":"#0","uv":[0,0,0,0.25]},"south":{"texture":"#0","uv":[0,0,0,0.25]},"up":{"texture":"#0","uv":[0,2,0,0]},"west":{"texture":"#0","uv":[7.5,6.75,9.5,7]}},"from":[8,7.64016,2.79161],"rotation":{"angle":-45,"axis":"x","origin":[8,10.3,10.95146]},"to":[8,8.64016,10.79161]},{"faces":{"down":{"texture":"#0","uv":[0,0,0,2]},"east":{"texture":"#0","uv":[7.5,7,9.5,7.25]},"north":{"texture":"#0","uv":[0,0,0,0.25]},"south":{"texture":"#0","uv":[0,0,0,0.25]},"up":{"texture":"#0","uv":[0,2,0,0]},"west":{"texture":"#0","uv":[7.75,0.5,9.75,0.75]}},"from":[8,11.95984,2.79161],"rotation":{"angle":45,"axis":"x","origin":[8,10.3,10.95146]},"to":[8,12.95984,10.79161]},{"faces":{"down":{"texture":"#0","uv":[5,7,4.5,7.5]},"east":{"texture":"#0","uv":[2.25,6.5,2.75,7.75]},"north":{"texture":"#0","uv":[5,6.25,5.5,7.5]},"south":{"texture":"#0","uv":[2.75,6.5,3.25,7.75]},"up":{"texture":"#0","uv":[4,3.5,3.5,3]},"west":{"texture":"#0","uv":[3.25,6.5,3.75,7.75]}},"from":[7,11.56744,3.793],"rotation":{"angle":0,"axis":"y","origin":[8,10.2,7.05775]},"to":[9,16.56744,5.793]},{"faces":{"down":{"texture":"#0","uv":[8.75,3.5,8.25,4]},"east":{"texture":"#0","uv":[7.25,8,7.75,8.5]},"north":{"texture":"#0","uv":[6.75,8,7.25,8.5]},"south":{"texture":"#0","uv":[7.75,8,8.25,8.5]},"up":{"texture":"#0","uv":[3.25,8.75,2.75,8.25]},"west":{"texture":"#0","uv":[2.25,8.25,2.75,8.75]}},"from":[6.75,10.76744,3.543],"rotation":{"angle":0,"axis":"y","origin":[8,10.3,7.05775]},"to":[9.25,13.26744,6.043]},{"faces":{"down":{"texture":"#0","uv":[5.75,5.25,5,6.25]},"east":{"texture":"#0","uv":[5,3.5,6,4.25]},"north":{"texture":"#0","uv":[6.75,6.5,7.5,7.25]},"south":{"texture":"#0","uv":[7,0.5,7.75,1.25]},"up":{"texture":"#0","uv":[5.75,5.25,5,4.25]},"west":{"texture":"#0","uv":[4,5,5,5.75]}},"from":[6.5,14.09257,9.05317],"rotation":{"angle":-45,"axis":"x","origin":[8,10.3,7.05775]},"to":[9.5,17.09257,13.05317]},{"faces":{"down":{"texture":"#0","uv":[6.25,2.25,5.5,2.75]},"east":{"texture":"#0","uv":[2.5,4.75,3,5.5]},"north":{"texture":"#0","uv":[1.5,7,2.25,7.75]},"south":{"texture":"#0","uv":[7,2,7.75,2.75]},"up":{"texture":"#0","uv":[2.75,3.5,2,3]},"west":{"texture":"#0","uv":[7.75,3.5,8.25,4.25]}},"from":[6.25,13.84257,10.80317],"rotation":{"angle":-45,"axis":"x","origin":[8,10.3,7.05775]},"to":[9.75,17.34257,13.30317]},{"faces":{"down":{"texture":"#0","uv":[3,3.5,2,4.75]},"east":{"texture":"#0","uv":[0.75,3,2,4]},"north":{"texture":"#0","uv":[3,3.5,4,4.5]},"south":{"texture":"#0","uv":[0.75,4,1.75,5]},"up":{"texture":"#0","uv":[4.5,3,3.5,1.75]},"west":{"texture":"#0","uv":[3.5,0.75,4.75,1.75]}},"from":[6,13.59257,13.05317],"rotation":{"angle":-45,"axis":"x","origin":[8,10.3,7.05775]},"to":[10,17.59257,18.05317]},{"faces":{"down":{"texture":"#1","uv":[3,0,0,6]},"east":{"rotation":270,"texture":"#1","uv":[7,0,4,6]},"north":{"texture":"#1","uv":[0,0,0,0]},"up":{"texture":"#1","uv":[3,6,0,0]},"west":{"rotation":90,"texture":"#1","uv":[7,0,4,6]}},"from":[6.498,14.09057,17.55117],"name":"out","rotation":{"angle":-45,"axis":"x","origin":[8,10.3,7.05775]},"to":[9.502,17.09457,23.55517]},{"faces":{"down":{"texture":"#1","uv":[0,0,3,6]},"east":{"rotation":270,"texture":"#1","uv":[4,0,7,6]},"north":{"texture":"#1","uv":[0,0,0,0]},"up":{"texture":"#1","uv":[0,6,3,0]},"west":{"rotation":90,"texture":"#1","uv":[4,0,7,6]}},"from":[9.5,14.09257,17.55317],"name":"in","rotation":{"angle":-45,"axis":"x","origin":[11,10.3,7.05775]},"to":[6.5,17.09257,23.55317]},{"faces":{"down":{"texture":"#1","uv":[3,0,0,0]},"east":{"rotation":270,"texture":"#1","uv":[7,0,4,0]},"north":{"texture":"#1","uv":[0,9,3,12]},"south":{"texture":"#1","uv":[0,9,3,12]},"up":{"texture":"#1","uv":[3,0,0,0]},"west":{"rotation":90,"texture":"#1","uv":[7,0,4,0]}},"from":[6.5,14.09257,18.55317],"rotation":{"angle":-45,"axis":"x","origin":[8,10.3,7.05775]},"to":[9.5,17.09257,18.55317]},{"faces":{"down":{"rotation":270,"texture":"#0","uv":[3.25,6.5,3.75,7.75]},"east":{"rotation":270,"texture":"#0","uv":[5,7,4.5,7.5]},"north":{"rotation":90,"texture":"#0","uv":[5,6.25,5.5,7.5]},"south":{"rotation":270,"texture":"#0","uv":[2.75,6.5,3.25,7.75]},"up":{"rotation":270,"texture":"#0","uv":[2.25,6.5,2.75,7.75]},"west":{"rotation":270,"texture":"#0","uv":[4,3.5,3.5,3]}},"from":[1.80756,9.375,3.793],"rotation":{"angle":0,"axis":"y","origin":[8,10.375,8.47197]},"to":[6.80756,11.375,5.793]},{"faces":{"down":{"rotation":270,"texture":"#0","uv":[2.25,8.25,2.75,8.75]},"east":{"rotation":270,"texture":"#0","uv":[8.75,3.5,8.25,4]},"north":{"rotation":90,"texture":"#0","uv":[6.75,8,7.25,8.5]},"south":{"rotation":270,"texture":"#0","uv":[7.75,8,8.25,8.5]},"up":{"rotation":270,"texture":"#0","uv":[7.25,8,7.75,8.5]},"west":{"rotation":270,"texture":"#0","uv":[3.25,8.75,2.75,8.25]}},"from":[5.10756,9.125,3.543],"rotation":{"angle":0,"axis":"y","origin":[8,10.375,8.47197]},"to":[7.60756,11.625,6.043]},{"faces":{"down":{"rotation":270,"texture":"#0","uv":[4,5,5,5.75]},"east":{"rotation":270,"texture":"#0","uv":[5.75,5.25,5,6.25]},"north":{"rotation":90,"texture":"#0","uv":[6.75,6.5,7.5,7.25]},"south":{"rotation":270,"texture":"#0","uv":[7,0.5,7.75,1.25]},"up":{"rotation":270,"texture":"#0","uv":[5,3.5,6,4.25]},"west":{"rotation":270,"texture":"#0","uv":[5.75,5.25,5,4.25]}},"from":[0.26046,8.875,9.41435],"rotation":{"angle":-45,"axis":"y","origin":[8,10.375,8.47197]},"to":[3.26046,11.875,13.41435]},{"faces":{"down":{"rotation":270,"texture":"#0","uv":[7.75,3.5,8.25,4.25]},"east":{"rotation":270,"texture":"#0","uv":[6.25,2.25,5.5,2.75]},"north":{"rotation":90,"texture":"#0","uv":[1.5,7,2.25,7.75]},"south":{"rotation":270,"texture":"#0","uv":[7,2,7.75,2.75]},"up":{"rotation":270,"texture":"#0","uv":[2.5,4.75,3,5.5]},"west":{"rotation":270,"texture":"#0","uv":[2.75,3.5,2,3]}},"from":[0.01046,8.625,11.16435],"rotation":{"angle":-45,"axis":"y","origin":[8,10.375,8.47197]},"to":[3.51046,12.125,13.66435]},{"faces":{"down":{"rotation":270,"texture":"#0","uv":[3.5,0.75,4.75,1.75]},"east":{"rotation":270,"texture":"#0","uv":[3,3.5,2,4.75]},"north":{"rotation":90,"texture":"#0","uv":[3,3.5,4,4.5]},"south":{"rotation":270,"texture":"#0","uv":[0.75,4,1.75,5]},"up":{"rotation":270,"texture":"#0","uv":[0.75,3,2,4]},"west":{"rotation":270,"texture":"#0","uv":[4.5,3,3.5,1.75]}},"from":[-0.23954,8.375,13.41435],"rotation":{"angle":-45,"axis":"y","origin":[8,10.375,8.47197]},"to":[3.76046,12.375,18.41435]},{"faces":{"down":{"texture":"#1","uv":[7,0,4,6]},"east":{"rotation":270,"texture":"#1","uv":[3,0,0,6]},"north":{"rotation":90,"texture":"#1","uv":[0,0,0,0]},"up":{"rotation":180,"texture":"#1","uv":[7,0,4,6]},"west":{"rotation":270,"texture":"#1","uv":[3,6,0,0]}},"from":[-2.34496,8.87259,18.9909],"name":"out","rotation":{"angle":-45,"axis":"y","origin":[7.999,10.37359,12.15094]},"to":[0.65904,11.87659,24.9949]},{"faces":{"down":{"texture":"#1","uv":[4,0,7,6]},"east":{"rotation":270,"texture":"#1","uv":[0,0,3,6]},"north":{"rotation":90,"texture":"#1","uv":[0,0,0,0]},"up":{"rotation":180,"texture":"#1","uv":[4,0,7,6]},"west":{"rotation":270,"texture":"#1","uv":[0,6,3,0]}},"from":[-2.34296,11.87459,18.9929],"name":"in","rotation":{"angle":-45,"axis":"y","origin":[7.999,10.37359,12.15094]},"to":[0.65704,8.87459,24.9929]},{"faces":{"down":{"texture":"#1","uv":[7,0,4,0]},"east":{"rotation":270,"texture":"#1","uv":[3,0,0,0]},"north":{"rotation":90,"texture":"#1","uv":[0,9,3,12]},"south":{"rotation":270,"texture":"#1","uv":[0,9,3,12]},"up":{"rotation":180,"texture":"#1","uv":[7,0,4,0]},"west":{"rotation":270,"texture":"#1","uv":[3,0,0,0]}},"from":[-2.34296,8.87459,19.9929],"rotation":{"angle":-45,"axis":"y","origin":[7.999,10.37359,12.15094]},"to":[0.65704,11.87459,19.9929]},{"faces":{"down":{"texture":"#0","uv":[4,3,3.5,3.5]},"east":{"texture":"#0","uv":[2.25,7.75,2.75,6.5]},"north":{"texture":"#0","uv":[5,7.5,5.5,6.25]},"south":{"texture":"#0","uv":[2.75,7.75,3.25,6.5]},"up":{"texture":"#0","uv":[5,7.5,4.5,7]},"west":{"texture":"#0","uv":[3.25,7.75,3.75,6.5]}},"from":[7,4.18256,3.793],"rotation":{"angle":0,"axis":"y","origin":[8,3.30228,8.47197]},"to":[9,9.18256,5.793]},{"faces":{"down":{"texture":"#0","uv":[3.25,8.25,2.75,8.75]},"east":{"texture":"#0","uv":[7.25,8.5,7.75,8]},"north":{"texture":"#0","uv":[6.75,8.5,7.25,8]},"south":{"texture":"#0","uv":[7.75,8.5,8.25,8]},"up":{"texture":"#0","uv":[8.75,4,8.25,3.5]},"west":{"texture":"#0","uv":[2.25,8.75,2.75,8.25]}},"from":[6.75,7.48256,3.543],"rotation":{"angle":0,"axis":"y","origin":[8,3.30228,8.47197]},"to":[9.25,9.98256,6.043]},{"faces":{"down":{"texture":"#0","uv":[5.75,4.25,5,5.25]},"east":{"texture":"#0","uv":[5,4.25,6,3.5]},"north":{"texture":"#0","uv":[6.75,7.25,7.5,6.5]},"south":{"texture":"#0","uv":[7,1.25,7.75,0.5]},"up":{"texture":"#0","uv":[5.75,6.25,5,5.25]},"west":{"texture":"#0","uv":[4,5.75,5,5]}},"from":[6.5,0.56391,4.41318],"rotation":{"angle":45,"axis":"x","origin":[8,3.30228,8.47197]},"to":[9.5,3.56391,8.41318]},{"faces":{"down":{"texture":"#0","uv":[2.75,3,2,3.5]},"east":{"texture":"#0","uv":[2.5,5.5,3,4.75]},"north":{"texture":"#0","uv":[1.5,7.75,2.25,7]},"south":{"texture":"#0","uv":[7,2.75,7.75,2]},"up":{"texture":"#0","uv":[6.25,2.75,5.5,2.25]},"west":{"texture":"#0","uv":[7.75,4.25,8.25,3.5]}},"from":[6.25,0.31391,6.16318],"rotation":{"angle":45,"axis":"x","origin":[8,3.30228,8.47197]},"to":[9.75,3.81391,8.66318]},{"faces":{"down":{"texture":"#0","uv":[4.5,1.75,3.5,3]},"east":{"texture":"#0","uv":[0.75,4,2,3]},"north":{"texture":"#0","uv":[3,4.5,4,3.5]},"south":{"texture":"#0","uv":[0.75,5,1.75,4]},"up":{"texture":"#0","uv":[3,4.75,2,3.5]},"west":{"texture":"#0","uv":[3.5,1.75,4.75,0.75]}},"from":[6,0.06391,8.41318],"rotation":{"angle":45,"axis":"x","origin":[8,3.30228,8.47197]},"to":[10,4.06391,13.41318]},{"faces":{"down":{"texture":"#1","uv":[3,0,0,6]},"east":{"rotation":270,"texture":"#1","uv":[4,0,7,6]},"north":{"texture":"#1","uv":[0,0,0,0]},"up":{"texture":"#1","uv":[3,6,0,0]},"west":{"rotation":90,"texture":"#1","uv":[4,0,7,6]}},"from":[6.496,3.6526,17.55117],"name":"out","rotation":{"angle":45,"axis":"x","origin":[7.998,10.44717,7.05775]},"to":[9.5,6.6566,23.55517]},{"faces":{"down":{"texture":"#1","uv":[0,0,3,6]},"east":{"rotation":270,"texture":"#1","uv":[7,0,4,6]},"north":{"texture":"#1","uv":[0,0,0,0]},"up":{"texture":"#1","uv":[0,6,3,0]},"west":{"rotation":90,"texture":"#1","uv":[7,0,4,6]}},"from":[9.498,3.6546,17.55317],"name":"in","rotation":{"angle":45,"axis":"x","origin":[10.998,10.44717,7.05775]},"to":[6.498,6.6546,23.55317]},{"faces":{"down":{"texture":"#1","uv":[3,0,0,0]},"east":{"rotation":270,"texture":"#1","uv":[4,0,7,0]},"north":{"texture":"#1","uv":[0,12,3,9]},"south":{"texture":"#1","uv":[0,12,3,9]},"up":{"texture":"#1","uv":[3,0,0,0]},"west":{"rotation":90,"texture":"#1","uv":[4,0,7,0]}},"from":[6.498,3.6546,18.55317],"rotation":{"angle":45,"axis":"x","origin":[7.998,10.44717,7.05775]},"to":[9.498,6.6546,18.55317]},{"faces":{"down":{"rotation":270,"texture":"#0","uv":[3.25,7.75,3.75,6.5]},"east":{"rotation":270,"texture":"#0","uv":[4,3,3.5,3.5]},"north":{"rotation":90,"texture":"#0","uv":[5,7.5,5.5,6.25]},"south":{"rotation":270,"texture":"#0","uv":[2.75,7.75,3.25,6.5]},"up":{"rotation":270,"texture":"#0","uv":[2.25,7.75,2.75,6.5]},"west":{"rotation":270,"texture":"#0","uv":[5,7.5,4.5,7]}},"from":[9.19244,9.375,3.793],"rotation":{"angle":0,"axis":"y","origin":[8,10.375,8.47197]},"to":[14.19244,11.375,5.793]},{"faces":{"down":{"rotation":270,"texture":"#0","uv":[2.25,8.75,2.75,8.25]},"east":{"rotation":270,"texture":"#0","uv":[3.25,8.25,2.75,8.75]},"north":{"rotation":90,"texture":"#0","uv":[6.75,8.5,7.25,8]},"south":{"rotation":270,"texture":"#0","uv":[7.75,8.5,8.25,8]},"up":{"rotation":270,"texture":"#0","uv":[7.25,8.5,7.75,8]},"west":{"rotation":270,"texture":"#0","uv":[8.75,4,8.25,3.5]}},"from":[8.39244,9.125,3.543],"rotation":{"angle":0,"axis":"y","origin":[8,10.375,8.47197]},"to":[10.89244,11.625,6.043]},{"faces":{"down":{"rotation":270,"texture":"#0","uv":[4,5.75,5,5]},"east":{"rotation":270,"texture":"#0","uv":[5.75,4.25,5,5.25]},"north":{"rotation":90,"texture":"#0","uv":[6.75,7.25,7.5,6.5]},"south":{"rotation":270,"texture":"#0","uv":[7,1.25,7.75,0.5]},"up":{"rotation":270,"texture":"#0","uv":[5,4.25,6,3.5]},"west":{"rotation":270,"texture":"#0","uv":[5.75,6.25,5,5.25]}},"from":[12.73954,8.875,9.41435],"rotation":{"angle":45,"axis":"y","origin":[8,10.375,8.47197]},"to":[15.73954,11.875,13.41435]},{"faces":{"down":{"rotation":270,"texture":"#0","uv":[7.75,4.25,8.25,3.5]},"east":{"rotation":270,"texture":"#0","uv":[2.75,3,2,3.5]},"north":{"rotation":90,"texture":"#0","uv":[1.5,7.75,2.25,7]},"south":{"rotation":270,"texture":"#0","uv":[7,2.75,7.75,2]},"up":{"rotation":270,"texture":"#0","uv":[2.5,5.5,3,4.75]},"west":{"rotation":270,"texture":"#0","uv":[6.25,2.75,5.5,2.25]}},"from":[12.48954,8.625,11.16435],"rotation":{"angle":45,"axis":"y","origin":[8,10.375,8.47197]},"to":[15.98954,12.125,13.66435]},{"faces":{"down":{"rotation":270,"texture":"#0","uv":[3.5,1.75,4.75,0.75]},"east":{"rotation":270,"texture":"#0","uv":[4.5,1.75,3.5,3]},"north":{"rotation":90,"texture":"#0","uv":[3,4.5,4,3.5]},"south":{"rotation":270,"texture":"#0","uv":[0.75,5,1.75,4]},"up":{"rotation":270,"texture":"#0","uv":[0.75,4,2,3]},"west":{"rotation":270,"texture":"#0","uv":[3,4.75,2,3.5]}},"from":[12.23954,8.375,13.41435],"rotation":{"angle":45,"axis":"y","origin":[8,10.375,8.47197]},"to":[16.23954,12.375,18.41435]},{"faces":{"down":{"texture":"#1","uv":[4,0,7,6]},"east":{"rotation":270,"texture":"#1","uv":[3,0,0,6]},"north":{"rotation":90,"texture":"#1","uv":[0,0,0,0]},"up":{"rotation":180,"texture":"#1","uv":[4,0,7,6]},"west":{"rotation":270,"texture":"#1","uv":[3,6,0,0]}},"from":[15.33896,8.87059,18.9909],"name":"out","rotation":{"angle":45,"axis":"y","origin":[7.999,10.37359,12.15094]},"to":[18.34296,11.87459,24.9949]},{"faces":{"down":{"texture":"#1","uv":[7,0,4,6]},"east":{"rotation":270,"texture":"#1","uv":[0,0,3,6]},"north":{"rotation":90,"texture":"#1","uv":[0,0,0,0]},"up":{"rotation":180,"texture":"#1","uv":[7,0,4,6]},"west":{"rotation":270,"texture":"#1","uv":[0,6,3,0]}},"from":[15.34096,11.87259,18.9929],"name":"in","rotation":{"angle":45,"axis":"y","origin":[7.999,10.37359,12.15094]},"to":[18.34096,8.87259,24.9929]},{"faces":{"down":{"texture":"#1","uv":[4,0,7,0]},"east":{"rotation":270,"texture":"#1","uv":[3,0,0,0]},"north":{"rotation":90,"texture":"#1","uv":[0,12,3,9]},"south":{"rotation":270,"texture":"#1","uv":[0,12,3,9]},"up":{"rotation":180,"texture":"#1","uv":[4,0,7,0]},"west":{"rotation":270,"texture":"#1","uv":[3,0,0,0]}},"from":[15.34096,8.87259,19.9929],"rotation":{"angle":45,"axis":"y","origin":[7.999,10.37359,12.15094]},"to":[18.34096,11.87259,19.9929]},{"faces":{"down":{"texture":"#0","uv":[2.25,6,1.5,7]},"east":{"texture":"#0","uv":[5.75,5,6.75,5.75]},"north":{"texture":"#0","uv":[3.75,7,4.5,7.75]},"south":{"texture":"#0","uv":[5.5,7,6.25,7.75]},"up":{"texture":"#0","uv":[0.75,6.75,0,5.75]},"west":{"texture":"#0","uv":[5.75,5.75,6.75,6.5]}},"from":[6.5,8.9,2.3],"rotation":{"angle":0,"axis":"y","origin":[7,12,7.8]},"to":[9.5,11.9,6.3]},{"faces":{"down":{"texture":"#0","uv":[0.75,3,0,5.75]},"east":{"texture":"#0","uv":[0,2.25,2.75,3]},"north":{"texture":"#0","uv":[0.5,7.25,1.25,8]},"south":{"texture":"#0","uv":[7.25,5.25,8,6]},"up":{"texture":"#0","uv":[3.5,3.5,2.75,0.75]},"west":{"texture":"#0","uv":[2.5,0,5.25,0.75]}},"from":[6.495,8.895,6.495],"rotation":{"angle":45,"axis":"z","origin":[8,10.4,11.5]},"to":[9.505,11.905,17.505]},{"faces":{"down":{"texture":"#0","uv":[8.75,4.25,8,4.75]},"east":{"texture":"#0","uv":[8,1.5,8.5,2.25]},"north":{"texture":"#0","uv":[6.25,7.25,7,8]},"south":{"texture":"#0","uv":[7,7.25,7.75,8]},"up":{"texture":"#0","uv":[8.75,3.5,8,3]},"west":{"texture":"#0","uv":[8,2.25,8.5,3]}},"from":[6.25,8.65,11.75],"rotation":{"angle":45,"axis":"z","origin":[8,10.4,11.8]},"to":[9.75,12.15,14.25]},{"faces":{"down":{"texture":"#0","uv":[6.75,6.5,5.5,7]},"east":{"texture":"#0","uv":[7.25,8.5,7.75,9]},"north":{"texture":"#0","uv":[6.25,0,7.5,0.5]},"south":{"texture":"#0","uv":[6.5,1.5,7.75,2]},"up":{"texture":"#0","uv":[5,7,3.75,6.5]},"west":{"texture":"#0","uv":[7.75,8.5,8.25,9]}},"from":[1.5,9.4,12.5],"rotation":{"angle":45,"axis":"z","origin":[8,10.4,11.5]},"to":[6.5,11.4,14.5]},{"faces":{"down":{"texture":"#0","uv":[6.75,8,6.5,9.25]},"east":{"texture":"#0","uv":[4.75,0.75,6,1.5]},"north":{"texture":"#0","uv":[8.75,3,9,3.75]},"south":{"texture":"#0","uv":[3.25,8.75,3.5,9.5]},"up":{"texture":"#0","uv":[6.5,9.25,6.25,8]},"west":{"texture":"#0","uv":[5,2.75,6.25,3.5]}},"from":[0.5,8.9,10.5],"rotation":{"angle":45,"axis":"z","origin":[8,10.4,11.5]},"to":[1.5,11.9,15.5]},{"faces":{"down":{"texture":"#0","uv":[7.75,9,7.5,9.5]},"east":{"texture":"#0","uv":[8.75,2,9.25,2.5]},"north":{"texture":"#0","uv":[6,9,6.25,9.5]},"south":{"texture":"#0","uv":[7.25,9,7.5,9.5]},"up":{"texture":"#0","uv":[9.25,7.75,9,7.25]},"west":{"texture":"#0","uv":[2.25,8.75,2.75,9.25]}},"from":[5.25,9.15,12.25],"rotation":{"angle":45,"axis":"z","origin":[8,10.4,11.5]},"to":[6.75,11.65,14.75]},{"faces":{"down":{"texture":"#0","uv":[5,4,4,5]},"east":{"texture":"#0","uv":[8.25,4,9.25,4.25]},"north":{"texture":"#0","uv":[8,5.75,9,6]},"south":{"texture":"#0","uv":[8.25,6,9.25,6.25]},"up":{"texture":"#0","uv":[5,4,4,3]},"west":{"texture":"#0","uv":[8.25,6.25,9.25,6.5]}},"from":[7.61432,8.77168,6.493],"rotation":{"angle":22.5,"axis":"z","origin":[10.12132,8.27868,12.5]},"to":[11.62832,9.78568,10.507]},{"faces":{"down":{"texture":"#0","uv":[8.75,7.25,8.25,7.75]},"east":{"texture":"#0","uv":[3.5,9,4,9.25]},"north":{"texture":"#0","uv":[9,3.25,9.5,3.5]},"south":{"texture":"#0","uv":[9,3.5,9.5,3.75]},"up":{"texture":"#0","uv":[5,8.75,4.5,8.25]},"west":{"texture":"#0","uv":[9,4.25,9.5,4.5]}},"from":[3.8,7.28284,7.25],"rotation":{"angle":45,"axis":"z","origin":[8,10.68284,11.7]},"to":[6.3,8.78284,9.75]},{"faces":{"down":{"texture":"#0","uv":[8.75,8.25,8.25,8.75]},"east":{"texture":"#0","uv":[9,4.75,9.5,5]},"north":{"texture":"#0","uv":[9,4.5,9.5,4.75]},"south":{"texture":"#0","uv":[9,5,9.5,5.25]},"up":{"texture":"#0","uv":[8.75,8.25,8.25,7.75]},"west":{"texture":"#0","uv":[9,5.25,9.5,5.5]}},"from":[3.8,11.78284,7.25],"rotation":{"angle":45,"axis":"z","origin":[8,10.68284,11.7]},"to":[6.3,13.28284,9.75]},{"faces":{"down":{"texture":"#0","uv":[1,9.25,0.75,9.5]},"east":{"texture":"#0","uv":[4.25,7.75,4.5,9]},"north":{"texture":"#0","uv":[2.5,0.75,2.75,2]},"south":{"texture":"#0","uv":[6,7.75,6.25,9]},"up":{"texture":"#0","uv":[0.75,9.5,0.5,9.25]},"west":{"texture":"#0","uv":[1,8,1.25,9.25]}},"from":[8.745,7.895,7.995],"rotation":{"angle":45,"axis":"z","origin":[8,10.4,11]},"to":[9.755,12.905,9.005]},{"faces":{"down":{"texture":"#0","uv":[5.75,8.5,5.5,9.5]},"east":{"texture":"#0","uv":[4.5,1.75,5.5,2.75]},"north":{"texture":"#0","uv":[1.5,5,1.75,6]},"south":{"texture":"#0","uv":[5,8.25,5.25,9.25]},"up":{"texture":"#0","uv":[8.75,2.5,8.5,1.5]},"west":{"texture":"#0","uv":[3,4.5,4,5.5]}},"from":[6.37168,10.01432,6.493],"rotation":{"angle":-22.5,"axis":"z","origin":[5.87868,12.52132,12.5]},"to":[7.38568,14.02832,10.507]},{"faces":{"down":{"texture":"#0","uv":[1,0,0,0]},"east":{"texture":"#0","uv":[0,0,0,0.75]},"north":{"texture":"#0","uv":[4,5.75,5,6.5]},"south":{"texture":"#0","uv":[5.75,4.25,6.75,5]},"up":{"texture":"#0","uv":[1,0,0,0]},"west":{"texture":"#0","uv":[0,0,0,0.75]}},"from":[9.745,8.895,8.495],"rotation":{"angle":45,"axis":"z","origin":[8,10.4,11.5]},"to":[13.755,11.905,8.505]},{"faces":{"down":{"texture":"#0","uv":[7.25,8.5,6.75,9]},"east":{"texture":"#0","uv":[7.75,7.25,8.25,8]},"north":{"texture":"#0","uv":[5.5,7.75,6,8.5]},"south":{"texture":"#0","uv":[0,8,0.5,8.75]},"up":{"texture":"#0","uv":[9,3,8.5,2.5]},"west":{"texture":"#0","uv":[0.5,8,1,8.75]}},"from":[4.25,8.7,7.5],"rotation":{"angle":45,"axis":"z","origin":[8,10.4,11.5]},"to":[6.25,11.7,9.5]},{"faces":{"down":{"texture":"#0","uv":[8,4.75,6.75,5.25]},"east":{"texture":"#0","uv":[0,0,0.5,0]},"north":{"texture":"#0","uv":[0,0,1.25,0]},"south":{"texture":"#0","uv":[0,0,1.25,0]},"up":{"texture":"#0","uv":[8,4.75,6.75,4.25]},"west":{"texture":"#0","uv":[0,0,0.5,0]}},"from":[1.5,10.4,10.5],"rotation":{"angle":45,"axis":"z","origin":[8,10.4,11.5]},"to":[6.5,10.4,12.5]},{"faces":{"down":{"texture":"#0","uv":[4.25,7.75,3.75,8.75]},"east":{"texture":"#0","uv":[7.75,0.75,8.75,1.25]},"north":{"texture":"#0","uv":[0,8.75,0.5,9.25]},"south":{"texture":"#0","uv":[0.5,8.75,1,9.25]},"up":{"texture":"#0","uv":[3.75,8.75,3.25,7.75]},"west":{"texture":"#0","uv":[2.25,7.75,3.25,8.25]}},"from":[5.62319,9.55901,17.505],"rotation":{"angle":-45,"axis":"z","origin":[7.12319,8.80901,19.005]},"to":[7.62319,11.55901,21.505]},{"faces":{"down":{"texture":"#0","uv":[8.75,5.25,8,5.75]},"east":{"texture":"#0","uv":[0,6.75,0.5,8]},"north":{"texture":"#0","uv":[1.75,4.75,2.5,6]},"south":{"texture":"#0","uv":[0.75,5,1.5,6.25]},"up":{"texture":"#0","uv":[8.75,5.25,8,4.75]},"west":{"texture":"#0","uv":[6.75,5.25,7.25,6.5]}},"from":[5.08579,7.48579,21.25],"rotation":{"angle":-45,"axis":"z","origin":[6.58579,8.98579,22.75]},"to":[8.08579,12.48579,23.25]},{"faces":{"down":{"texture":"#0","uv":[7,2.25,6.25,3.25]},"east":{"texture":"#0","uv":[6,0.75,7,1.5]},"north":{"texture":"#0","uv":[4.5,7.5,5.25,8.25]},"south":{"texture":"#0","uv":[7.5,6,8.25,6.75]},"up":{"texture":"#0","uv":[1.5,7.25,0.75,6.25]},"west":{"texture":"#0","uv":[6,3.5,7,4.25]}},"from":[6.25,8.65,2.05],"rotation":{"angle":0,"axis":"y","origin":[7,12,7.8]},"to":[9.75,12.15,6.55]}],"textures":{"0":"civilization:item/tools/harpoon_launcher/horn/default","1":"civilization:item/tools/harpoon_launcher/horn/anim","particle":"civilization:item/tools/harpoon_launcher/horn/default"}}