{"display":{"firstperson_lefthand":{"rotation":[13,-9,-43],"scale":[0.6,0.6,0.6],"translation":[0.5,-0.5,-3]},"firstperson_righthand":{"rotation":[13,-10,47],"scale":[0.6,0.6,0.6],"translation":[3,-0.5,-2.75]},"fixed":{"rotation":[-90,-135,45],"translation":[-0.5,1.5,0]},"ground":{"rotation":[11,0,19],"scale":[0.45,0.45,0.45],"translation":[0,4,-1.5]},"gui":{"rotation":[90,-45,45],"translation":[2,-0.5,0]},"head":{"rotation":[0,0,45],"translation":[0,-1.5,0]},"thirdperson_lefthand":{"rotation":[0,0,-44],"scale":[0.7,0.7,0.7],"translation":[-1.25,-0.5,-2.5]},"thirdperson_righthand":{"rotation":[0,0,44],"scale":[0.7,0.7,0.7],"translation":[1,-0.5,-2.5]}},"elements":[{"faces":{"down":{"texture":"#0","uv":[0.75,6.75,0.5,7.25]},"east":{"texture":"#0","uv":[4.5,2.75,5,3]},"north":{"texture":"#0","uv":[2.5,2,2.75,2.25]},"south":{"texture":"#0","uv":[5.5,6.25,5.75,6.5]},"up":{"texture":"#0","uv":[2.5,6.5,2.25,6]},"west":{"texture":"#0","uv":[6.5,2,7,2.25]}},"from":[7.05,9.73284,3.95],"rotation":{"angle":45,"axis":"z","origin":[8,10.68284,24.4]},"to":[8.55,11.23284,6.45]},{"faces":{"down":{"texture":"#0","uv":[4.25,8.75,4,9.25]},"east":{"texture":"#0","uv":[6.25,7,6.75,7.25]},"north":{"texture":"#0","uv":[7.75,9,8,9.25]},"south":{"texture":"#0","uv":[9,7.75,9.25,8]},"up":{"texture":"#0","uv":[7.5,6.5,7.25,6]},"west":{"texture":"#0","uv":[3.5,8.75,4,9]}},"from":[7.4,9.8,7.4],"rotation":{"angle":45,"axis":"z","origin":[8,10.4,24.5]},"to":[8.6,11,9.6]},{"faces":{"down":{"texture":"#0","uv":[5.5,7.5,5.25,9.5]},"east":{"texture":"#0","uv":[7,1.25,9,1.5]},"north":{"texture":"#0","uv":[8,9,8.25,9.25]},"south":{"texture":"#0","uv":[9,8,9.25,8.25]},"up":{"texture":"#0","uv":[1.5,9.25,1.25,7.25]},"west":{"texture":"#0","uv":[7.5,0,9.5,0.25]}},"from":[7.5,9.9,6.5],"rotation":{"angle":45,"axis":"z","origin":[8,10.4,24.5]},"to":[8.5,10.9,14.5]},{"faces":{"down":{"texture":"#0","uv":[0.5,9.25,0.25,9.5]},"east":{"texture":"#0","uv":[8.75,9,9,9.25]},"north":{"texture":"#0","uv":[8.5,9,8.75,9.25]},"south":{"texture":"#0","uv":[9,8.75,9.25,9]},"up":{"texture":"#0","uv":[0.25,9.5,0,9.25]},"west":{"texture":"#0","uv":[9,9,9.25,9.25]}},"from":[7.4,9.8,10.4],"rotation":{"angle":45,"axis":"z","origin":[8,10.4,24.5]},"to":[8.6,11,11.6]},{"faces":{"down":{"texture":"#0","uv":[0.25,0,0,0]},"east":{"texture":"#0","uv":[0,0,0,0.5]},"north":{"texture":"#0","uv":[8.75,4.25,9,4.75]},"south":{"texture":"#0","uv":[4.5,8.75,4.75,9.25]},"up":{"texture":"#0","uv":[0.25,0,0,0]},"west":{"texture":"#0","uv":[0,0,0,0.5]}},"from":[7.5,13.9,11.6],"rotation":{"angle":-45,"axis":"x","origin":[8,10.4,11.5]},"to":[8.5,15.9,11.6]},{"faces":{"down":{"texture":"#0","uv":[6,8.5,5.75,9.25]},"east":{"texture":"#0","uv":[0,0,0.75,0]},"north":{"texture":"#0","uv":[0,0,0.25,0]},"south":{"texture":"#0","uv":[0,0,0.25,0]},"up":{"texture":"#0","uv":[2,4.75,1.75,4]},"west":{"texture":"#0","uv":[0,0,0.75,0]}},"from":[7.5,15.9,8.6],"rotation":{"angle":-45,"axis":"x","origin":[8,10.4,11.5]},"to":[8.5,15.9,11.6]},{"faces":{"down":{"texture":"#0","uv":[0.25,0,0,0]},"east":{"texture":"#0","uv":[0,0,0,0.5]},"north":{"texture":"#0","uv":[4.75,8.75,5,9.25]},"south":{"texture":"#0","uv":[8.75,4.75,9,5.25]},"up":{"texture":"#0","uv":[0.25,0,0,0]},"west":{"texture":"#0","uv":[0,0,0,0.5]}},"from":[7.5,13.9,8.6],"rotation":{"angle":-45,"axis":"x","origin":[8,10.4,11.5]},"to":[8.5,15.9,8.6]},{"faces":{"down":{"texture":"#0","uv":[0.25,0,0,0]},"east":{"texture":"#0","uv":[0,0,0,0.5]},"north":{"texture":"#0","uv":[8.75,5.25,9,5.75]},"south":{"texture":"#0","uv":[8.75,7.25,9,7.75]},"up":{"texture":"#0","uv":[0.25,0,0,0]},"west":{"texture":"#0","uv":[0,0,0,0.5]}},"from":[7.5,-0.20122,9.54975],"rotation":{"angle":45,"axis":"x","origin":[8,5.29878,16.44975]},"to":[8.5,1.79878,9.54975]},{"faces":{"down":{"texture":"#0","uv":[3.25,8.75,3,9.5]},"east":{"texture":"#0","uv":[0,0,0.75,0]},"north":{"texture":"#0","uv":[0,0,0.25,0]},"south":{"texture":"#0","uv":[0,0,0.25,0]},"up":{"texture":"#0","uv":[3,9.5,2.75,8.75]},"west":{"texture":"#0","uv":[0,0,0.75,0]}},"from":[7.5,-0.20122,6.54975],"rotation":{"angle":45,"axis":"x","origin":[8,5.29878,16.44975]},"to":[8.5,-0.20122,9.54975]},{"faces":{"down":{"texture":"#0","uv":[0.25,0,0,0]},"east":{"texture":"#0","uv":[0,0,0,0.5]},"north":{"texture":"#0","uv":[8.75,7.75,9,8.25]},"south":{"texture":"#0","uv":[8.25,8.75,8.5,9.25]},"up":{"texture":"#0","uv":[0.25,0,0,0]},"west":{"texture":"#0","uv":[0,0,0,0.5]}},"from":[7.5,-0.20122,6.54975],"rotation":{"angle":45,"axis":"x","origin":[8,5.29878,16.44975]},"to":[8.5,1.79878,6.54975]},{"faces":{"down":{"texture":"#0","uv":[0.5,0,0,0]},"east":{"texture":"#0","uv":[0,0,0,0.25]},"north":{"texture":"#0","uv":[8.75,3.75,9.25,4]},"south":{"texture":"#0","uv":[8.75,8.25,9.25,8.5]},"up":{"texture":"#0","uv":[0.5,0,0,0]},"west":{"texture":"#0","uv":[0,0,0,0.25]}},"from":[9.26777,9.82426,5.82807],"rotation":{"angle":45,"axis":"y","origin":[10.26777,10.32426,7.32807]},"to":[11.26777,10.82426,5.82807]},{"faces":{"down":{"texture":"#0","uv":[0,0,0,0.75]},"east":{"texture":"#0","uv":[4.75,1.5,5.5,1.75]},"north":{"texture":"#0","uv":[0,0,0,0.25]},"south":{"texture":"#0","uv":[0,0,0,0.25]},"up":{"texture":"#0","uv":[0,0.75,0,0]},"west":{"texture":"#0","uv":[6.25,0.5,7,0.75]}},"from":[11.26777,9.82426,5.82807],"rotation":{"angle":45,"axis":"y","origin":[10.26777,10.32426,7.32807]},"to":[11.26777,10.82426,8.82807]},{"faces":{"down":{"texture":"#0","uv":[0.5,0,0,0]},"east":{"texture":"#0","uv":[0,0,0,0.25]},"north":{"texture":"#0","uv":[8.5,8.75,9,9]},"south":{"texture":"#0","uv":[8.75,8.5,9.25,8.75]},"up":{"texture":"#0","uv":[0.5,0,0,0]},"west":{"texture":"#0","uv":[0,0,0,0.25]}},"from":[9.26777,9.82426,8.82807],"rotation":{"angle":45,"axis":"y","origin":[10.26777,10.32426,7.32807]},"to":[11.26777,10.82426,8.82807]},{"faces":{"down":{"texture":"#0","uv":[0.5,0,0,0]},"east":{"texture":"#0","uv":[0,0,0,0.25]},"north":{"texture":"#0","uv":[9,1.25,9.5,1.5]},"south":{"texture":"#0","uv":[9,2.5,9.5,2.75]},"up":{"texture":"#0","uv":[0.5,0,0,0]},"west":{"texture":"#0","uv":[0,0,0,0.25]}},"from":[4.73223,9.82426,5.82807],"rotation":{"angle":-45,"axis":"y","origin":[5.73223,10.32426,7.32807]},"to":[6.73223,10.82426,5.82807]},{"faces":{"down":{"texture":"#0","uv":[0,0,0,0.75]},"east":{"texture":"#0","uv":[6.25,3.25,7,3.5]},"north":{"texture":"#0","uv":[0,0,0,0.25]},"south":{"texture":"#0","uv":[0,0,0,0.25]},"up":{"texture":"#0","uv":[0,0.75,0,0]},"west":{"texture":"#0","uv":[8.25,6.5,9,6.75]}},"from":[4.73223,9.82426,5.82807],"rotation":{"angle":-45,"axis":"y","origin":[5.73223,10.32426,7.32807]},"to":[4.73223,10.82426,8.82807]},{"faces":{"down":{"texture":"#0","uv":[0.5,0,0,0]},"east":{"texture":"#0","uv":[0,0,0,0.25]},"north":{"texture":"#0","uv":[9,2.75,9.5,3]},"south":{"texture":"#0","uv":[9,3,9.5,3.25]},"up":{"texture":"#0","uv":[0.5,0,0,0]},"west":{"texture":"#0","uv":[0,0,0,0.25]}},"from":[4.73223,9.82426,8.82807],"rotation":{"angle":-45,"axis":"y","origin":[5.73223,10.32426,7.32807]},"to":[6.73223,10.82426,8.82807]}],"textures":{"0":"civilization:item/tools/harpoon_launcher/horn/default","particle":"civilization:item/tools/harpoon_launcher/horn/default"}}