{"display":{"firstperson_lefthand":{"rotation":[2,0,0],"scale":[0.75,0.75,0.75],"translation":[2.5,5,-0.75]},"firstperson_righthand":{"rotation":[2,0,0],"scale":[0.75,0.75,0.75],"translation":[2.5,5,-0.75]},"fixed":{"rotation":[90,-45,180],"scale":[0.7,0.7,0.7],"translation":[-2,-1.5,-4.5]},"ground":{"rotation":[10,0,20],"scale":[0.5,0.5,0.5],"translation":[-0.5,4,0]},"gui":{"rotation":[-90,135,180],"scale":[0.6,0.6,0.6],"translation":[1.75,-1.5,0]},"head":{"scale":[1.2,1.2,1.2],"translation":[0,-3,0]},"thirdperson_lefthand":{"rotation":[0,-3,0],"scale":[0.75,0.75,0.75],"translation":[0,4.5,0]},"thirdperson_righthand":{"rotation":[0,-3,0],"scale":[0.75,0.75,0.75],"translation":[0,4.5,0]}},"elements":[{"faces":{"down":{"texture":"#0","uv":[7.5,12.25,7.25,13]},"east":{"texture":"#0","uv":[10,1.25,10.75,1.5]},"north":{"texture":"#0","uv":[10,6,10.25,6.25]},"south":{"texture":"#0","uv":[10.25,3,10.5,3.25]},"up":{"texture":"#0","uv":[7,13,6.75,12.25]},"west":{"texture":"#0","uv":[12,8,12.75,8.25]}},"from":[7.5,2.5,6.5],"name":"body","rotation":{"angle":0,"axis":"y","origin":[8,3.52402,14.47704]},"to":[8.5,3.5,9.5]}],"gui_light":"front","textures":{"0":"civilization:item/tools/frog_crossbow/default","particle":"civilization:item/tools/frog_crossbow/default"}}