{"display":{"firstperson_lefthand":{"rotation":[0,-5,0],"scale":[0.8,0.8,0.8],"translation":[1.75,-1,1.25]},"firstperson_righthand":{"rotation":[0,-5,0],"scale":[0.8,0.8,0.8],"translation":[1.75,-1,1.25]},"fixed":{"rotation":[-90,-135,0],"translation":[-0.75,-0.25,0.5]},"ground":{"rotation":[17,40,-38],"scale":[0.5,0.5,0.5],"translation":[0,-2.25,0]},"gui":{"rotation":[90,-45,0],"scale":[0.7,0.7,0.7],"translation":[-1.5,-1.5,0]},"head":{"scale":[4,4,4],"translation":[0,5.75,0]},"thirdperson_lefthand":{"scale":[0.95,0.95,0.95],"translation":[0,-0.75,1.25]},"thirdperson_righthand":{"scale":[0.95,0.95,0.95],"translation":[0,-0.75,1.25]}},"elements":[{"faces":{"down":{"texture":"#0","uv":[7.75,9.5,7.5,10]},"east":{"texture":"#0","uv":[0,0,0.5,0]},"north":{"texture":"#0","uv":[0,0,0.25,0]},"south":{"texture":"#0","uv":[0,0,0.25,0]},"up":{"texture":"#0","uv":[6.5,9,6.25,8.5]},"west":{"texture":"#0","uv":[0,0,0.5,0]}},"from":[7.5,12.79143,7.09503],"rotation":{"angle":22.5,"axis":"x","origin":[8,12.04143,7.69503]},"to":[8.5,12.79143,9.09503]},{"faces":{"down":{"texture":"#0","uv":[0.25,0,0,0]},"east":{"texture":"#0","uv":[0,0,0,0.75]},"north":{"texture":"#0","uv":[10.75,6,11,6.75]},"south":{"texture":"#0","uv":[10.75,9.75,11,10.5]},"up":{"texture":"#0","uv":[0.25,0,0,0]},"west":{"texture":"#0","uv":[0,0,0,0.75]}},"from":[7.5,9.79143,7.09503],"rotation":{"angle":22.5,"axis":"x","origin":[8,12.04143,7.69503]},"to":[8.5,12.79143,7.09503]},{"faces":{"down":{"texture":"#0","uv":[1.5,3,0.75,5.5]},"east":{"texture":"#0","uv":[1.5,4,4,4.5]},"north":{"texture":"#0","uv":[9.25,7.25,10,7.75]},"south":{"texture":"#0","uv":[9.25,7.75,10,8.25]},"up":{"texture":"#0","uv":[0.75,5.5,0,3]},"west":{"texture":"#0","uv":[4,4,6.5,4.5]}},"from":[6.5,9,1.5],"rotation":{"angle":0,"axis":"y","origin":[7.5,0,8.5]},"to":[9.5,11,11.5]},{"faces":{"down":{"texture":"#0","uv":[1.5,0,0.75,3]},"east":{"texture":"#0","uv":[1.5,3,4.5,3.5]},"north":{"texture":"#0","uv":[5.75,3.5,6.5,4]},"south":{"texture":"#0","uv":[5.5,9.25,6.25,9.75]},"up":{"texture":"#0","uv":[0.75,3,0,0]},"west":{"texture":"#0","uv":[1.5,3.5,4.5,4]}},"from":[6.4,8.9,-0.6],"rotation":{"angle":0,"axis":"y","origin":[7.5,0,8.5]},"to":[9.6,11.1,11.6]},{"faces":{"down":{"texture":"#0","uv":[10.5,8.25,10,8.75]},"east":{"texture":"#0","uv":[5.5,7,6,8.5]},"north":{"texture":"#0","uv":[5,7,5.5,8.5]},"south":{"texture":"#0","uv":[6,7,6.5,8.5]},"up":{"texture":"#0","uv":[8.75,10.5,8.25,10]},"west":{"texture":"#0","uv":[7,6,7.5,7.5]}},"from":[6.9,4.2,6.4],"rotation":{"angle":-22.5,"axis":"x","origin":[8,8,6.8]},"to":[9.1,10.4,8.6]},{"faces":{"down":{"texture":"#0","uv":[9.75,10,9.25,10.5]},"east":{"texture":"#0","uv":[0,7.5,0.5,8.75]},"north":{"texture":"#0","uv":[6.5,7,7,8.25]},"south":{"texture":"#0","uv":[0.5,7.5,1,8.75]},"up":{"texture":"#0","uv":[10.5,9.25,10,8.75]},"west":{"texture":"#0","uv":[1,7.5,1.5,8.75]}},"from":[7,4.9,6.5],"rotation":{"angle":-22.5,"axis":"x","origin":[8,8,7.5]},"to":[9,9.9,8.5]},{"faces":{"down":{"texture":"#0","uv":[6,9.75,5.5,10.5]},"east":{"texture":"#0","uv":[9.75,0.75,10.5,1.25]},"north":{"texture":"#0","uv":[10.25,2,10.75,2.5]},"south":{"texture":"#0","uv":[2.5,10.25,3,10.75]},"up":{"texture":"#0","uv":[3.75,10.5,3.25,9.75]},"west":{"texture":"#0","uv":[2.5,9.75,3.25,10.25]}},"from":[6.9,7.93954,11.21826],"rotation":{"angle":22.5,"axis":"x","origin":[8,10.06292,13.82341]},"to":[9.1,10.13954,14.41826]},{"faces":{"down":{"texture":"#0","uv":[9.25,8.25,8.75,9.25]},"east":{"texture":"#0","uv":[8.75,2.25,9.75,2.75]},"north":{"texture":"#0","uv":[10.25,3.5,10.75,4]},"south":{"texture":"#0","uv":[10.25,4,10.75,4.5]},"up":{"texture":"#0","uv":[9.25,4.5,8.75,3.5]},"west":{"texture":"#0","uv":[2.75,8.75,3.75,9.25]}},"from":[6.9,8.47841,13.28275],"rotation":{"angle":-22.5,"axis":"x","origin":[8,8.6018,14.88791]},"to":[9.1,10.67841,17.48275]},{"faces":{"down":{"texture":"#0","uv":[1,9.75,0.5,10.5]},"east":{"texture":"#0","uv":[9.25,8.75,10,9.25]},"north":{"texture":"#0","uv":[0,10.25,0.5,10.75]},"south":{"texture":"#0","uv":[10.25,1.5,10.75,2]},"up":{"texture":"#0","uv":[10,10,9.5,9.25]},"west":{"texture":"#0","uv":[6.75,9.5,7.5,10]}},"from":[6.99,8.56841,13.37275],"rotation":{"angle":-22.5,"axis":"x","origin":[8,8.6018,14.88791]},"to":[9.01,10.58841,16.39275]},{"faces":{"down":{"texture":"#0","uv":[10,0,9.5,0.75]},"east":{"texture":"#0","uv":[9.25,8.25,10,8.75]},"north":{"texture":"#0","uv":[10,9.25,10.5,9.75]},"south":{"texture":"#0","uv":[9.75,10,10.25,10.5]},"up":{"texture":"#0","uv":[0.5,10.25,0,9.5]},"west":{"texture":"#0","uv":[8.75,9.25,9.5,9.75]}},"from":[7,8.03954,11.31826],"rotation":{"angle":22.5,"axis":"x","origin":[8,10.06292,13.82341]},"to":[9,10.03954,14.31826]},{"faces":{"down":{"texture":"#0","uv":[4.75,8.25,4.5,10.5]},"east":{"texture":"#0","uv":[5,5.5,7.25,6]},"north":{"texture":"#0","uv":[11,8.25,11.25,8.75]},"south":{"texture":"#0","uv":[8.5,11,8.75,11.5]},"up":{"texture":"#0","uv":[5,9.75,4.75,7.5]},"west":{"texture":"#0","uv":[5.75,0,8,0.5]}},"from":[5.49,9.39,0.49],"rotation":{"angle":22.5,"axis":"z","origin":[8,10.4,6]},"to":[6.51,11.41,9.51]},{"faces":{"down":{"texture":"#0","uv":[5.5,8.5,5.25,10.75]},"east":{"texture":"#0","uv":[5.75,0.5,8,1]},"north":{"texture":"#0","uv":[8.75,11,9,11.5]},"south":{"texture":"#0","uv":[11,8.75,11.25,9.25]},"up":{"texture":"#0","uv":[5.25,10.75,5,8.5]},"west":{"texture":"#0","uv":[5.75,1,8,1.5]}},"from":[9.49,9.39,0.49],"rotation":{"angle":-22.5,"axis":"z","origin":[8,10.4,6]},"to":[10.51,11.41,9.51]},{"faces":{"down":{"texture":"#0","uv":[0,0,0,3]},"east":{"texture":"#0","uv":[1.5,0,4.5,0.75]},"north":{"texture":"#0","uv":[0,0,0,0.75]},"south":{"texture":"#0","uv":[0,0,0,0.75]},"up":{"texture":"#0","uv":[0,3,0,0]},"west":{"texture":"#0","uv":[1.5,0.75,4.5,1.5]}},"from":[8,10,-4.3],"rotation":{"angle":-45,"axis":"z","origin":[8,11.5,1.7]},"to":[8,13,7.7]},{"faces":{"down":{"texture":"#0","uv":[0,0,0,3]},"east":{"texture":"#0","uv":[1.5,1.5,4.5,2.25]},"north":{"texture":"#0","uv":[0,0,0,0.75]},"south":{"texture":"#0","uv":[0,0,0,0.75]},"up":{"texture":"#0","uv":[0,3,0,0]},"west":{"texture":"#0","uv":[1.5,2.25,4.5,3]}},"from":[8,10,-4.3],"rotation":{"angle":45,"axis":"z","origin":[8,11.5,1.7]},"to":[8,13,7.7]},{"faces":{"down":{"texture":"#0","uv":[6.5,4.5,5.25,5.5]},"east":{"texture":"#0","uv":[0,6.5,1,7.5]},"north":{"texture":"#0","uv":[2.75,4.5,4,5.5]},"south":{"texture":"#0","uv":[4.5,3,5.75,4]},"up":{"texture":"#0","uv":[5.25,5.5,4,4.5]},"west":{"texture":"#0","uv":[1,6.5,2,7.5]}},"from":[5.4,10.34247,-2.01518],"rotation":{"angle":22.5,"axis":"x","origin":[8,11.30013,1.13715]},"to":[10.6,14.54247,2.18482]},{"faces":{"down":{"texture":"#0","uv":[3.5,10.5,3.75,11.25]},"east":{"rotation":270,"texture":"#0","uv":[2,9.75,2.5,10.5]},"north":{"rotation":180,"texture":"#0","uv":[11.25,4.5,11,5]},"south":{"texture":"#0","uv":[4.75,11.5,4.5,11]},"up":{"rotation":180,"texture":"#0","uv":[4.75,9.75,5,10.5]},"west":{"rotation":90,"texture":"#0","uv":[9.75,2,10.25,2.75]}},"from":[5.51,14.06936,2.4594],"rotation":{"angle":-45,"axis":"x","origin":[8,11.30013,1.13715]},"to":[6.49,16.04936,5.4394]},{"faces":{"down":{"texture":"#0","uv":[0.5,11.25,0.25,11.5]},"east":{"texture":"#0","uv":[4,10.75,4.25,11.5]},"north":{"texture":"#0","uv":[10.75,3.75,11,4.5]},"south":{"texture":"#0","uv":[5,10.75,5.25,11.5]},"up":{"texture":"#0","uv":[10.75,6.25,10.5,6]},"west":{"texture":"#0","uv":[5.25,10.75,5.5,11.5]}},"from":[5.52,15.45798,3.24316],"rotation":{"angle":-22.5,"axis":"x","origin":[8,11.30013,1.13715]},"to":[6.48,18.41798,4.20316]},{"faces":{"down":{"texture":"#0","uv":[10.75,1,10.5,1.25]},"east":{"texture":"#0","uv":[10,10.5,10.25,11.25]},"north":{"texture":"#0","uv":[4.75,10.5,5,11.25]},"south":{"texture":"#0","uv":[10.75,3,11,3.75]},"up":{"texture":"#0","uv":[3.25,10.5,3,10.25]},"west":{"texture":"#0","uv":[3.75,10.75,4,11.5]}},"from":[9.52,15.45798,3.24316],"rotation":{"angle":-22.5,"axis":"x","origin":[8,11.30013,1.13715]},"to":[10.48,18.41798,4.20316]},{"faces":{"down":{"texture":"#0","uv":[4.25,9.75,4.5,10.5]},"east":{"rotation":270,"texture":"#0","uv":[1,9.75,1.5,10.5]},"north":{"rotation":180,"texture":"#0","uv":[4.5,11,4.25,11.5]},"south":{"texture":"#0","uv":[11,5.5,10.75,5]},"up":{"rotation":180,"texture":"#0","uv":[4.25,9,4.5,9.75]},"west":{"rotation":90,"texture":"#0","uv":[1.5,9.75,2,10.5]}},"from":[9.51,14.06936,2.4594],"rotation":{"angle":-45,"axis":"x","origin":[8,11.30013,1.13715]},"to":[10.49,16.04936,5.4394]},{"faces":{"down":{"texture":"#0","uv":[5.75,2,4.5,3]},"east":{"texture":"#0","uv":[5.75,1.5,6.75,2.5]},"north":{"texture":"#0","uv":[4.5,0,5.75,1]},"south":{"texture":"#0","uv":[4.5,1,5.75,2]},"up":{"texture":"#0","uv":[2.75,5.5,1.5,4.5]},"west":{"texture":"#0","uv":[5.75,2.5,6.75,3.5]}},"from":[5.5,10.44247,-1.91518],"rotation":{"angle":22.5,"axis":"x","origin":[8,11.30013,1.13715]},"to":[10.5,14.44247,2.08482]},{"faces":{"down":{"texture":"#0","uv":[5,5.5,3.75,6.5]},"east":{"texture":"#0","uv":[6.5,3.5,7.5,4.5]},"north":{"texture":"#0","uv":[0,5.5,1.25,6.5]},"south":{"texture":"#0","uv":[1.25,5.5,2.5,6.5]},"up":{"texture":"#0","uv":[3.75,6.5,2.5,5.5]},"west":{"texture":"#0","uv":[4,6.5,5,7.5]}},"from":[10.6,14.54247,2.18482],"name":"cube_outline","rotation":{"angle":22.5,"axis":"x","origin":[8,11.30013,1.13715]},"to":[5.4,10.34247,-2.01518]},{"faces":{"down":{"texture":"#0","uv":[10.5,10.75,10.75,11.5]},"east":{"rotation":270,"texture":"#0","uv":[8.75,9.75,9.25,10.5]},"north":{"rotation":180,"texture":"#0","uv":[7.75,11,7.5,11.5]},"south":{"texture":"#0","uv":[11.25,7.75,11,7.25]},"up":{"rotation":180,"texture":"#0","uv":[10.25,10.75,10.5,11.5]},"west":{"rotation":90,"texture":"#0","uv":[10,0,10.5,0.75]}},"from":[6.6,16.15936,5.5494],"name":"cube_outline","rotation":{"angle":-45,"axis":"x","origin":[8,11.30013,1.13715]},"to":[5.4,13.95936,2.3494]},{"faces":{"down":{"texture":"#0","uv":[11.5,1,11.25,1.25]},"east":{"texture":"#0","uv":[11,0,11.25,0.75]},"north":{"texture":"#0","uv":[10.75,10.5,11,11.25]},"south":{"texture":"#0","uv":[0.5,11,0.75,11.75]},"up":{"texture":"#0","uv":[11.5,0.75,11.25,0.5]},"west":{"texture":"#0","uv":[0.75,11,1,11.75]}},"from":[6.6,18.53798,4.32316],"name":"cube_outline","rotation":{"angle":-22.5,"axis":"x","origin":[8,11.30013,1.13715]},"to":[5.4,15.33798,3.12316]},{"faces":{"down":{"texture":"#0","uv":[11.5,1.5,11.25,1.75]},"east":{"texture":"#0","uv":[1.25,11,1.5,11.75]},"north":{"texture":"#0","uv":[1,11,1.25,11.75]},"south":{"texture":"#0","uv":[1.5,11,1.75,11.75]},"up":{"texture":"#0","uv":[11.5,1.5,11.25,1.25]},"west":{"texture":"#0","uv":[1.75,11,2,11.75]}},"from":[10.6,18.53798,4.32316],"name":"cube_outline","rotation":{"angle":-22.5,"axis":"x","origin":[8,11.30013,1.13715]},"to":[9.4,15.33798,3.12316]},{"faces":{"down":{"texture":"#0","uv":[2.25,11,2.5,11.75]},"east":{"rotation":270,"texture":"#0","uv":[3.75,10,4.25,10.75]},"north":{"rotation":180,"texture":"#0","uv":[11.25,7.75,11,8.25]},"south":{"texture":"#0","uv":[8,11.5,7.75,11]},"up":{"rotation":180,"texture":"#0","uv":[2,11,2.25,11.75]},"west":{"rotation":90,"texture":"#0","uv":[10,5.5,10.5,6.25]}},"from":[10.6,16.15936,5.5494],"name":"cube_outline","rotation":{"angle":-45,"axis":"x","origin":[8,11.30013,1.13715]},"to":[9.4,13.95936,2.3494]},{"faces":{"down":{"texture":"#0","uv":[4,6.5,3,7.5]},"east":{"texture":"#0","uv":[0.75,9.25,1.75,9.75]},"north":{"texture":"#0","uv":[9,6.75,10,7.25]},"south":{"texture":"#0","uv":[9.25,1.5,10.25,2]},"up":{"texture":"#0","uv":[3,7.5,2,6.5]},"west":{"texture":"#0","uv":[1.75,9.25,2.75,9.75]}},"from":[5.9,8.99134,-2.46194],"rotation":{"angle":-22.5,"axis":"x","origin":[8,10.94329,0.9097]},"to":[10.1,11.19134,1.73806]},{"faces":{"down":{"rotation":180,"texture":"#0","uv":[0,0,0,0.25]},"east":{"rotation":90,"texture":"#0","uv":[9,7.25,9.25,7.5]},"north":{"rotation":180,"texture":"#0","uv":[0,0.25,0,0]},"south":{"texture":"#0","uv":[0,0,0,0.25]},"up":{"texture":"#0","uv":[0,0,0,0.25]},"west":{"rotation":270,"texture":"#0","uv":[0.5,9.5,0.75,9.75]}},"from":[9.9,7.68601,-0.91714],"rotation":{"angle":45,"axis":"x","origin":[8,10.94329,0.9097]},"to":[9.9,8.68601,0.08286]},{"faces":{"down":{"rotation":180,"texture":"#0","uv":[0,0,0,0.25]},"east":{"rotation":90,"texture":"#0","uv":[7.75,2.25,8,2.5]},"north":{"rotation":180,"texture":"#0","uv":[0,0.25,0,0]},"south":{"texture":"#0","uv":[0,0,0,0.25]},"up":{"texture":"#0","uv":[0,0,0,0.25]},"west":{"rotation":270,"texture":"#0","uv":[3.75,8,4,8.25]}},"from":[6.1,7.68601,-0.91714],"rotation":{"angle":45,"axis":"x","origin":[8,10.94329,0.9097]},"to":[6.1,8.68601,0.08286]},{"faces":{"down":{"texture":"#0","uv":[7,6,6,7]},"east":{"texture":"#0","uv":[0.75,8.75,1.75,9.25]},"north":{"texture":"#0","uv":[7.5,5,8.5,5.5]},"south":{"texture":"#0","uv":[8.75,0.75,9.75,1.25]},"up":{"texture":"#0","uv":[6,7,5,6]},"west":{"texture":"#0","uv":[1.75,8.75,2.75,9.25]}},"from":[6,9.09134,-2.36194],"rotation":{"angle":-22.5,"axis":"x","origin":[8,10.94329,0.9097]},"to":[10,11.09134,1.63806]},{"faces":{"down":{"rotation":180,"texture":"#0","uv":[11.25,1.75,11.5,2]},"east":{"rotation":90,"texture":"#0","uv":[11.25,2,11.5,2.25]},"north":{"rotation":180,"texture":"#0","uv":[11.5,2.75,11.25,2.5]},"south":{"texture":"#0","uv":[3,11.25,2.75,11.5]},"up":{"texture":"#0","uv":[11.25,2.25,11.5,2.5]},"west":{"rotation":270,"texture":"#0","uv":[2.5,11.25,2.75,11.5]}},"from":[10,8.78601,0.18286],"name":"cube_outline","rotation":{"angle":45,"axis":"x","origin":[8,10.94329,0.9097]},"to":[9.8,7.58601,-1.01714]},{"faces":{"down":{"rotation":180,"texture":"#0","uv":[11.25,2.75,11.5,3]},"east":{"rotation":90,"texture":"#0","uv":[11.25,3,11.5,3.25]},"north":{"rotation":180,"texture":"#0","uv":[11.5,3.75,11.25,3.5]},"south":{"texture":"#0","uv":[11.5,3.75,11.25,4]},"up":{"texture":"#0","uv":[11.25,3.25,11.5,3.5]},"west":{"rotation":270,"texture":"#0","uv":[3.5,11.25,3.75,11.5]}},"from":[6.2,8.78601,0.18286],"name":"cube_outline","rotation":{"angle":45,"axis":"x","origin":[8,10.94329,0.9097]},"to":[6,7.58601,-1.01714]},{"faces":{"down":{"texture":"#0","uv":[7.75,1.5,6.75,2.5]},"east":{"texture":"#0","uv":[9.25,3.5,10.25,4]},"north":{"texture":"#0","uv":[2.75,9.25,3.75,9.75]},"south":{"texture":"#0","uv":[9.25,4,10.25,4.5]},"up":{"texture":"#0","uv":[7.5,5.5,6.5,4.5]},"west":{"texture":"#0","uv":[9.25,5,10.25,5.5]}},"from":[10.1,11.19134,1.73806],"name":"cube_outline","rotation":{"angle":-22.5,"axis":"x","origin":[8,10.94329,0.9097]},"to":[5.9,8.99134,-2.46194]},{"faces":{"down":{"texture":"#0","uv":[10,3.25,8,3.5]},"east":{"texture":"#0","uv":[0,0,0.25,0]},"north":{"texture":"#0","uv":[0,0,2,0]},"south":{"texture":"#0","uv":[0,0,2,0]},"up":{"texture":"#0","uv":[10,3.25,8,3]},"west":{"texture":"#0","uv":[0,0,0.25,0]}},"from":[7.50418,11.199,4.4],"rotation":{"angle":22.5,"axis":"y","origin":[11.50418,11.199,4.9]},"to":[15.50418,11.199,5.4]},{"faces":{"down":{"texture":"#0","uv":[10.75,2.75,8.75,3]},"east":{"texture":"#0","uv":[0,0,0.25,0]},"north":{"texture":"#0","uv":[0,0,2,0]},"south":{"texture":"#0","uv":[0,0,2,0]},"up":{"texture":"#0","uv":[10.75,1.5,8.75,1.25]},"west":{"texture":"#0","uv":[0,0,0.25,0]}},"from":[0.85567,11.199,4.59093],"rotation":{"angle":-22.5,"axis":"y","origin":[5.15567,11.199,4.09093]},"to":[8.85567,11.199,5.59093]},{"faces":{"down":{"texture":"#0","uv":[8.5,7.5,7.75,8.25]},"east":{"texture":"#0","uv":[7.5,6,8.25,6.75]},"north":{"texture":"#0","uv":[4,7.5,4.75,8.25]},"south":{"texture":"#0","uv":[7.5,6.75,8.25,7.5]},"up":{"texture":"#0","uv":[8.5,2.25,7.75,1.5]},"west":{"texture":"#0","uv":[7,7.5,7.75,8.25]}},"from":[3.83871,8.5,0.3668],"rotation":{"angle":-22.5,"axis":"y","origin":[5.83453,10.3,1.60933]},"to":[6.83871,11.5,3.3668]},{"faces":{"down":{"texture":"#0","uv":[6,11,5.75,11.5]},"east":{"texture":"#0","uv":[9.25,5.5,9.75,5.75]},"north":{"texture":"#0","uv":[9.75,5.5,10,5.75]},"south":{"texture":"#0","uv":[6,9.75,6.25,10]},"up":{"texture":"#0","uv":[11.25,6,11,5.5]},"west":{"texture":"#0","uv":[10.25,2.5,10.75,2.75]}},"from":[2.93484,10.1,4.83514],"rotation":{"angle":-45,"axis":"y","origin":[5.83453,10.3,1.60933]},"to":[3.93484,11.1,6.83514]},{"faces":{"down":{"texture":"#0","uv":[6.75,9,6.25,10]},"east":{"texture":"#0","uv":[8.75,4.5,9.75,5]},"north":{"texture":"#0","uv":[4.25,10.5,4.75,11]},"south":{"texture":"#0","uv":[10.5,4.5,11,5]},"up":{"texture":"#0","uv":[4.25,10,3.75,9]},"west":{"texture":"#0","uv":[9,5.75,10,6.25]}},"from":[0.93484,9.1,2.83514],"rotation":{"angle":-45,"axis":"y","origin":[5.83453,10.3,1.60933]},"to":[2.93484,11.1,6.83514]},{"faces":{"down":{"texture":"#0","uv":[9.75,2,9.25,2.25]},"east":{"texture":"#0","uv":[11,5,11.25,5.5]},"north":{"texture":"#0","uv":[2,10.5,2.5,11]},"south":{"texture":"#0","uv":[3,10.5,3.5,11]},"up":{"texture":"#0","uv":[9,6,8.5,5.75]},"west":{"texture":"#0","uv":[5.5,11,5.75,11.5]}},"from":[-2.22456,9.1,3.51769],"rotation":{"angle":-22.5,"axis":"y","origin":[5.83453,10.3,1.60933]},"to":[-0.22456,11.1,4.51769]},{"faces":{"down":{"texture":"#0","uv":[11.25,3,11,3.75]},"east":{"texture":"#0","uv":[9.75,4.5,10.5,5]},"north":{"texture":"#0","uv":[8,11,8.25,11.5]},"south":{"texture":"#0","uv":[8.25,11,8.5,11.5]},"up":{"texture":"#0","uv":[3.25,11.75,3,11]},"west":{"texture":"#0","uv":[10,3,10.75,3.5]}},"from":[-2.23456,9.09,3.50769],"rotation":{"angle":-22.5,"axis":"y","origin":[5.83453,10.3,1.60933]},"to":[-1.21456,11.11,6.52769]},{"faces":{"down":{"texture":"#0","uv":[11.5,0,11.25,0.5]},"east":{"texture":"#0","uv":[2.5,10.75,3,11.25]},"north":{"texture":"#0","uv":[11,10.25,11.25,10.75]},"south":{"texture":"#0","uv":[11,10.75,11.25,11.25]},"up":{"texture":"#0","uv":[0.25,11.75,0,11.25]},"west":{"texture":"#0","uv":[10.75,2.5,11.25,3]}},"from":[-2.32456,9,4.41769],"rotation":{"angle":-22.5,"axis":"y","origin":[5.83453,10.3,1.60933]},"to":[-1.12456,11.2,6.61769]},{"faces":{"down":{"texture":"#0","uv":[2,10.5,1.5,11]},"east":{"texture":"#0","uv":[10.5,0,11,0.5]},"north":{"texture":"#0","uv":[10.25,10.25,10.75,10.75]},"south":{"texture":"#0","uv":[0.5,10.5,1,11]},"up":{"texture":"#0","uv":[1.5,11,1,10.5]},"west":{"texture":"#0","uv":[10.5,0.5,11,1]}},"from":[0.92484,9.09,2.82514],"rotation":{"angle":-45,"axis":"y","origin":[5.83453,10.3,1.60933]},"to":[2.94484,11.11,4.84514]},{"faces":{"down":{"texture":"#0","uv":[10.5,7.75,10,8.25]},"east":{"texture":"#0","uv":[10,6.75,10.5,7.25]},"north":{"texture":"#0","uv":[6.75,10,7.25,10.5]},"south":{"texture":"#0","uv":[7.25,10,7.75,10.5]},"up":{"texture":"#0","uv":[8.25,10.5,7.75,10]},"west":{"texture":"#0","uv":[10,7.25,10.5,7.75]}},"from":[0.81871,9.08,0.8468],"rotation":{"angle":-22.5,"axis":"y","origin":[5.83453,10.3,1.60933]},"to":[2.85871,11.12,2.8868]},{"faces":{"down":{"texture":"#0","uv":[2.75,7.5,1.5,8]},"east":{"texture":"#0","uv":[10.25,5,10.75,5.5]},"north":{"texture":"#0","uv":[6.75,2.5,8,3]},"south":{"texture":"#0","uv":[6.75,3,8,3.5]},"up":{"texture":"#0","uv":[8.5,6,7.25,5.5]},"west":{"texture":"#0","uv":[10.25,9.75,10.75,10.25]}},"from":[0.83871,9.1,0.8668],"rotation":{"angle":-22.5,"axis":"y","origin":[5.83453,10.3,1.60933]},"to":[5.83871,11.1,2.8668]},{"faces":{"down":{"texture":"#0","uv":[9.5,0,8.75,0.75]},"east":{"texture":"#0","uv":[8.5,5,9.25,5.75]},"north":{"texture":"#0","uv":[8.5,1.5,9.25,2.25]},"south":{"texture":"#0","uv":[5.5,8.5,6.25,9.25]},"up":{"texture":"#0","uv":[0.75,9.5,0,8.75]},"west":{"texture":"#0","uv":[8.5,7.5,9.25,8.25]}},"from":[3.73871,8.4,0.2668],"rotation":{"angle":-22.5,"axis":"y","origin":[5.83453,10.3,1.60933]},"to":[6.93871,11.6,3.4668]},{"faces":{"down":{"texture":"#0","uv":[3.75,8,3,8.75]},"east":{"texture":"#0","uv":[8,0.75,8.75,1.5]},"north":{"texture":"#0","uv":[8,0,8.75,0.75]},"south":{"texture":"#0","uv":[1.5,8,2.25,8.75]},"up":{"texture":"#0","uv":[8.75,3,8,2.25]},"west":{"texture":"#0","uv":[2.25,8,3,8.75]}},"from":[9.06129,8.4,0.2668],"rotation":{"angle":22.5,"axis":"y","origin":[10.16547,10.3,1.60933]},"to":[12.26129,11.6,3.4668]},{"faces":{"down":{"texture":"#0","uv":[8.75,8.25,8,9]},"east":{"texture":"#0","uv":[8.25,6,9,6.75]},"north":{"texture":"#0","uv":[3.75,8.25,4.5,9]},"south":{"texture":"#0","uv":[6.5,8.25,7.25,9]},"up":{"texture":"#0","uv":[8,9,7.25,8.25]},"west":{"texture":"#0","uv":[8.25,6.75,9,7.5]}},"from":[9.16129,8.5,0.3668],"rotation":{"angle":22.5,"axis":"y","origin":[10.16547,10.3,1.60933]},"to":[12.16129,11.5,3.3668]},{"faces":{"down":{"texture":"#0","uv":[6.75,11,6.5,11.5]},"east":{"texture":"#0","uv":[11,0.75,11.5,1]},"north":{"texture":"#0","uv":[9.25,9.75,9.5,10]},"south":{"texture":"#0","uv":[10,9.75,10.25,10]},"up":{"texture":"#0","uv":[11.25,6.5,11,6]},"west":{"texture":"#0","uv":[6,11,6.5,11.25]}},"from":[12.06516,10.1,4.83514],"rotation":{"angle":45,"axis":"y","origin":[10.16547,10.3,1.60933]},"to":[13.06516,11.1,6.83514]},{"faces":{"down":{"texture":"#0","uv":[8.75,9,8.25,10]},"east":{"texture":"#0","uv":[9,6.25,10,6.75]},"north":{"texture":"#0","uv":[5.5,10.5,6,11]},"south":{"texture":"#0","uv":[10.5,5.5,11,6]},"up":{"texture":"#0","uv":[8.25,10,7.75,9]},"west":{"texture":"#0","uv":[6.75,9,7.75,9.5]}},"from":[13.06516,9.1,2.83514],"rotation":{"angle":45,"axis":"y","origin":[10.16547,10.3,1.60933]},"to":[15.06516,11.1,6.83514]},{"faces":{"down":{"texture":"#0","uv":[11.5,7,11,7.25]},"east":{"texture":"#0","uv":[11,6.5,11.25,7]},"north":{"texture":"#0","uv":[6,10.5,6.5,11]},"south":{"texture":"#0","uv":[6.5,10.5,7,11]},"up":{"texture":"#0","uv":[7.5,11.25,7,11]},"west":{"texture":"#0","uv":[6.75,11,7,11.5]}},"from":[16.22456,9.1,3.51769],"rotation":{"angle":22.5,"axis":"y","origin":[10.16547,10.3,1.60933]},"to":[18.22456,11.1,4.51769]},{"faces":{"down":{"texture":"#0","uv":[8.5,10.5,8,11]},"east":{"texture":"#0","uv":[7,10.5,7.5,11]},"north":{"texture":"#0","uv":[10.5,6.75,11,7.25]},"south":{"texture":"#0","uv":[10.5,7.25,11,7.75]},"up":{"texture":"#0","uv":[11,8.25,10.5,7.75]},"west":{"texture":"#0","uv":[7.5,10.5,8,11]}},"from":[13.05516,9.09,2.82514],"rotation":{"angle":45,"axis":"y","origin":[10.16547,10.3,1.60933]},"to":[15.07516,11.11,4.84514]},{"faces":{"down":{"texture":"#0","uv":[10,10.5,9.5,11]},"east":{"texture":"#0","uv":[8.5,10.5,9,11]},"north":{"texture":"#0","uv":[10.5,8.25,11,8.75]},"south":{"texture":"#0","uv":[10.5,8.75,11,9.25]},"up":{"texture":"#0","uv":[11,9.75,10.5,9.25]},"west":{"texture":"#0","uv":[9,10.5,9.5,11]}},"from":[13.14129,9.08,0.8468],"rotation":{"angle":22.5,"axis":"y","origin":[10.16547,10.3,1.60933]},"to":[15.18129,11.12,2.8868]},{"faces":{"down":{"texture":"#0","uv":[8.75,4.5,7.5,5]},"east":{"texture":"#0","uv":[0,10.75,0.5,11.25]},"north":{"texture":"#0","uv":[2.75,7.5,4,8]},"south":{"texture":"#0","uv":[7.5,3.5,8.75,4]},"up":{"texture":"#0","uv":[8.75,4.5,7.5,4]},"west":{"texture":"#0","uv":[10.75,1,11.25,1.5]}},"from":[10.16129,9.1,0.8668],"rotation":{"angle":22.5,"axis":"y","origin":[10.16547,10.3,1.60933]},"to":[15.16129,11.1,2.8668]},{"faces":{"down":{"texture":"#0","uv":[11.25,3.75,11,4.5]},"east":{"texture":"#0","uv":[6,10,6.75,10.5]},"north":{"texture":"#0","uv":[9,11,9.25,11.5]},"south":{"texture":"#0","uv":[9.25,11,9.5,11.5]},"up":{"texture":"#0","uv":[3.5,11.75,3.25,11]},"west":{"texture":"#0","uv":[10,6.25,10.75,6.75]}},"from":[17.21456,9.09,3.50769],"rotation":{"angle":22.5,"axis":"y","origin":[10.16547,10.3,1.60933]},"to":[18.23456,11.11,6.52769]},{"faces":{"down":{"texture":"#0","uv":[11.25,9.75,11,10.25]},"east":{"texture":"#0","uv":[10.75,1.5,11.25,2]},"north":{"texture":"#0","uv":[11,9.25,11.25,9.75]},"south":{"texture":"#0","uv":[9.5,11,9.75,11.5]},"up":{"texture":"#0","uv":[10,11.5,9.75,11]},"west":{"texture":"#0","uv":[10.75,2,11.25,2.5]}},"from":[17.12456,9,4.41769],"rotation":{"angle":22.5,"axis":"y","origin":[10.16547,10.3,1.60933]},"to":[18.32456,11.2,6.61769]}],"gui_light":"front","texture_size":[64,64],"textures":{"0":"civilization:item/tools/corrupted_crossbow","particle":"civilization:item/tools/corrupted_crossbow"}}