{"overrides":[{"predicate":{"custom_model_data":1},"model":"modelengine:concussion/concussionring2"},{"predicate":{"custom_model_data":2},"model":"modelengine:dragon_stone/stone_ball"},{"predicate":{"custom_model_data":3},"model":"modelengine:aloc_the_demonic_mech_shrapnel/aloc_the_demonic_mech_shrapnel"},{"predicate":{"custom_model_data":4},"model":"modelengine:aloc_the_demonic_mech_base/base"},{"predicate":{"custom_model_data":5},"model":"modelengine:aloc_the_demonic_mech_blades/aloc_the_demonic_mech_blades"},{"predicate":{"custom_model_data":6},"model":"modelengine:aloc_the_demonic_mech_normal_fireball/aloc_the_demonic_mech_fireball"},{"predicate":{"custom_model_data":7},"model":"modelengine:concussion/concussionring3"},{"predicate":{"custom_model_data":8},"model":"modelengine:dragon_spirit/body2"},{"predicate":{"custom_model_data":9},"model":"modelengine:dragon_spirit/dragon_head"},{"predicate":{"custom_model_data":10},"model":"modelengine:dragon_spirit/body3"},{"predicate":{"custom_model_data":11},"model":"modelengine:dragon_spirit/jaw"},{"predicate":{"custom_model_data":12},"model":"modelengine:dragon_spirit/body4"},{"predicate":{"custom_model_data":13},"model":"modelengine:dragon_spirit/body5"},{"predicate":{"custom_model_data":14},"model":"modelengine:dragon_spirit/body6"},{"predicate":{"custom_model_data":15},"model":"modelengine:dragon_spirit/body7"},{"predicate":{"custom_model_data":16},"model":"modelengine:dragon_spirit/tail"},{"predicate":{"custom_model_data":17},"model":"modelengine:dragon_monk/left_leg"},{"predicate":{"custom_model_data":18},"model":"modelengine:dragon_monk/upper_body"},{"predicate":{"custom_model_data":19},"model":"modelengine:dragon_monk/right_leg"},{"predicate":{"custom_model_data":20},"model":"modelengine:dragon_monk/left_ankle"},{"predicate":{"custom_model_data":21},"model":"modelengine:dragon_monk/upper_body_mid"},{"predicate":{"custom_model_data":22},"model":"modelengine:dragon_monk/right_string"},{"predicate":{"custom_model_data":23},"model":"modelengine:dragon_monk/left_string"},{"predicate":{"custom_model_data":24},"model":"modelengine:dragon_monk/right_ankle"},{"predicate":{"custom_model_data":25},"model":"modelengine:dragon_monk/left_foot"},{"predicate":{"custom_model_data":26},"model":"modelengine:dragon_monk/upper_body_up"},{"predicate":{"custom_model_data":27},"model":"modelengine:dragon_monk/right_string_2"},{"predicate":{"custom_model_data":28},"model":"modelengine:dragon_monk/left_string_2"},{"predicate":{"custom_model_data":29},"model":"modelengine:dragon_monk/right_foot"},{"predicate":{"custom_model_data":30},"model":"modelengine:dragon_monk/head"},{"predicate":{"custom_model_data":31},"model":"modelengine:dragon_monk/left_arm"},{"predicate":{"custom_model_data":32},"model":"modelengine:dragon_monk/right_arm"},{"predicate":{"custom_model_data":33},"model":"modelengine:dragon_monk/left_eyebrow"},{"predicate":{"custom_model_data":34},"model":"modelengine:dragon_monk/right_eyebrow"},{"predicate":{"custom_model_data":35},"model":"modelengine:dragon_monk/left_wrist"},{"predicate":{"custom_model_data":36},"model":"modelengine:dragon_monk/right_wrist"},{"predicate":{"custom_model_data":37},"model":"modelengine:dragon_monk/left_hand"},{"predicate":{"custom_model_data":38},"model":"modelengine:dragon_monk/right_hand"},{"predicate":{"custom_model_data":39},"model":"modelengine:lr_yeti_icespikes/spike"},{"predicate":{"custom_model_data":40},"model":"modelengine:lr_yeti_snowball/body"},{"predicate":{"custom_model_data":41},"model":"modelengine:kobold_trap/base"},{"predicate":{"custom_model_data":42},"model":"modelengine:kobold_trap/jaw1"},{"predicate":{"custom_model_data":43},"model":"modelengine:kobold_trap/jaw2"},{"predicate":{"custom_model_data":44},"model":"modelengine:yin_yang_fx/yinyang"},{"predicate":{"custom_model_data":45},"model":"modelengine:lr_yeti_chest/base"},{"predicate":{"custom_model_data":46},"model":"modelengine:lr_yeti_chest/lid"},{"predicate":{"custom_model_data":47},"model":"modelengine:kobold_assassin_parts/right_swipe"},{"predicate":{"custom_model_data":48},"model":"modelengine:kobold_assassin_parts/left_swipe"},{"predicate":{"custom_model_data":49},"model":"modelengine:kobold_assassin_parts/hood2"},{"predicate":{"custom_model_data":50},"model":"modelengine:kobold_assassin_parts/empty_right"},{"predicate":{"custom_model_data":51},"model":"modelengine:kobold_assassin_parts/empty_left"},{"predicate":{"custom_model_data":52},"model":"modelengine:kobold_assassin_parts/empty"},{"predicate":{"custom_model_data":53},"model":"modelengine:kobold_assassin_parts/crossbow"},{"predicate":{"custom_model_data":54},"model":"modelengine:dragon_monk_dragon/left_leg"},{"predicate":{"custom_model_data":55},"model":"modelengine:dragon_monk_dragon/upper_body"},{"predicate":{"custom_model_data":56},"model":"modelengine:dragon_monk_dragon/right_leg"},{"predicate":{"custom_model_data":57},"model":"modelengine:dragon_monk_dragon/body2"},{"predicate":{"custom_model_data":58},"model":"modelengine:dragon_monk_dragon/dragon_head"},{"predicate":{"custom_model_data":59},"model":"modelengine:dragon_monk_dragon/left_ankle"},{"predicate":{"custom_model_data":60},"model":"modelengine:dragon_monk_dragon/upper_body_mid"},{"predicate":{"custom_model_data":61},"model":"modelengine:dragon_monk_dragon/right_string"},{"predicate":{"custom_model_data":62},"model":"modelengine:dragon_monk_dragon/left_string"},{"predicate":{"custom_model_data":63},"model":"modelengine:dragon_monk_dragon/right_ankle"},{"predicate":{"custom_model_data":64},"model":"modelengine:dragon_monk_dragon/body3"},{"predicate":{"custom_model_data":65},"model":"modelengine:dragon_monk_dragon/jaw"},{"predicate":{"custom_model_data":66},"model":"modelengine:dragon_monk_dragon/left_foot"},{"predicate":{"custom_model_data":67},"model":"modelengine:dragon_monk_dragon/upper_body_up"},{"predicate":{"custom_model_data":68},"model":"modelengine:dragon_monk_dragon/right_string_2"},{"predicate":{"custom_model_data":69},"model":"modelengine:dragon_monk_dragon/left_string_2"},{"predicate":{"custom_model_data":70},"model":"modelengine:dragon_monk_dragon/right_foot"},{"predicate":{"custom_model_data":71},"model":"modelengine:dragon_monk_dragon/body4"},{"predicate":{"custom_model_data":72},"model":"modelengine:dragon_monk_dragon/head"},{"predicate":{"custom_model_data":73},"model":"modelengine:dragon_monk_dragon/left_arm"},{"predicate":{"custom_model_data":74},"model":"modelengine:dragon_monk_dragon/right_arm"},{"predicate":{"custom_model_data":75},"model":"modelengine:dragon_monk_dragon/body5"},{"predicate":{"custom_model_data":76},"model":"modelengine:dragon_monk_dragon/left_eyebrow"},{"predicate":{"custom_model_data":77},"model":"modelengine:dragon_monk_dragon/right_eyebrow"},{"predicate":{"custom_model_data":78},"model":"modelengine:dragon_monk_dragon/left_wrist"},{"predicate":{"custom_model_data":79},"model":"modelengine:dragon_monk_dragon/right_wrist"},{"predicate":{"custom_model_data":80},"model":"modelengine:dragon_monk_dragon/body6"},{"predicate":{"custom_model_data":81},"model":"modelengine:dragon_monk_dragon/left_hand"},{"predicate":{"custom_model_data":82},"model":"modelengine:dragon_monk_dragon/right_hand"},{"predicate":{"custom_model_data":83},"model":"modelengine:dragon_monk_dragon/body7"},{"predicate":{"custom_model_data":84},"model":"modelengine:dragon_monk_dragon/tail"},{"predicate":{"custom_model_data":85},"model":"modelengine:lr_yeti_snowball_parts/swipe_snow"},{"predicate":{"custom_model_data":86},"model":"modelengine:lr_yeti_snowball_parts/swipe_snow2"},{"predicate":{"custom_model_data":87},"model":"modelengine:lr_yeti_snowball_parts/body_3"},{"predicate":{"custom_model_data":88},"model":"modelengine:lr_yeti_snowball_parts/left_forearm_snow_damaged"},{"predicate":{"custom_model_data":89},"model":"modelengine:lr_yeti_snowball_parts/body_4"},{"predicate":{"custom_model_data":90},"model":"modelengine:lr_yeti_snowball_parts/body_5"},{"predicate":{"custom_model_data":91},"model":"modelengine:lr_yeti_snowball_parts/left_forearm_snow"},{"predicate":{"custom_model_data":92},"model":"modelengine:lr_yeti_snowball_parts/torso"},{"predicate":{"custom_model_data":93},"model":"modelengine:lr_yeti_snowball_parts/right_arm"},{"predicate":{"custom_model_data":94},"model":"modelengine:lr_yeti_snowball_parts/necklace"},{"predicate":{"custom_model_data":95},"model":"modelengine:lr_yeti_snowball_parts/left_leg"},{"predicate":{"custom_model_data":96},"model":"modelengine:lr_yeti_snowball_parts/head"},{"predicate":{"custom_model_data":97},"model":"modelengine:lr_yeti_snowball_parts/left_arm"},{"predicate":{"custom_model_data":98},"model":"modelengine:lr_yeti_snowball_parts/right_leg"},{"predicate":{"custom_model_data":99},"model":"modelengine:lr_yeti_snowball_parts/right_forearm"},{"predicate":{"custom_model_data":100},"model":"modelengine:lr_yeti_snowball_parts/left_shin"},{"predicate":{"custom_model_data":101},"model":"modelengine:lr_yeti_snowball_parts/jaw"},{"predicate":{"custom_model_data":102},"model":"modelengine:lr_yeti_snowball_parts/left_forearm"},{"predicate":{"custom_model_data":103},"model":"modelengine:lr_yeti_snowball_parts/right_shin"},{"predicate":{"custom_model_data":104},"model":"modelengine:lr_yeti_snowball_parts/left_foot"},{"predicate":{"custom_model_data":105},"model":"modelengine:lr_yeti_snowball_parts/right_foot"},{"predicate":{"custom_model_data":106},"model":"modelengine:aloc_the_demonic_mech/main"},{"predicate":{"custom_model_data":107},"model":"modelengine:aloc_the_demonic_mech/sub_body3"},{"predicate":{"custom_model_data":108},"model":"modelengine:aloc_the_demonic_mech/sub_body2"},{"predicate":{"custom_model_data":109},"model":"modelengine:aloc_the_demonic_mech/sub_body1"},{"predicate":{"custom_model_data":110},"model":"modelengine:aloc_the_demonic_mech/body_main"},{"predicate":{"custom_model_data":111},"model":"modelengine:aloc_the_demonic_mech/head"},{"predicate":{"custom_model_data":112},"model":"modelengine:aloc_the_demonic_mech/arm2"},{"predicate":{"custom_model_data":113},"model":"modelengine:aloc_the_demonic_mech/arm1"},{"predicate":{"custom_model_data":114},"model":"modelengine:aloc_the_demonic_mech/horn2"},{"predicate":{"custom_model_data":115},"model":"modelengine:aloc_the_demonic_mech/horn1"},{"predicate":{"custom_model_data":116},"model":"modelengine:aloc_the_demonic_mech/sub_arm2"},{"predicate":{"custom_model_data":117},"model":"modelengine:aloc_the_demonic_mech/sub_arm1"},{"predicate":{"custom_model_data":118},"model":"modelengine:aloc_the_demonic_mech/hand2"},{"predicate":{"custom_model_data":119},"model":"modelengine:aloc_the_demonic_mech/hand1"},{"predicate":{"custom_model_data":120},"model":"modelengine:lr_yeti/swipe_snow"},{"predicate":{"custom_model_data":121},"model":"modelengine:lr_yeti/swipe_snow2"},{"predicate":{"custom_model_data":122},"model":"modelengine:lr_yeti/torso"},{"predicate":{"custom_model_data":123},"model":"modelengine:lr_yeti/right_arm"},{"predicate":{"custom_model_data":124},"model":"modelengine:lr_yeti/necklace"},{"predicate":{"custom_model_data":125},"model":"modelengine:lr_yeti/left_leg"},{"predicate":{"custom_model_data":126},"model":"modelengine:lr_yeti/head"},{"predicate":{"custom_model_data":127},"model":"modelengine:lr_yeti/left_arm"},{"predicate":{"custom_model_data":128},"model":"modelengine:lr_yeti/right_leg"},{"predicate":{"custom_model_data":129},"model":"modelengine:lr_yeti/right_forearm"},{"predicate":{"custom_model_data":130},"model":"modelengine:lr_yeti/left_shin"},{"predicate":{"custom_model_data":131},"model":"modelengine:lr_yeti/jaw"},{"predicate":{"custom_model_data":132},"model":"modelengine:lr_yeti/left_forearm"},{"predicate":{"custom_model_data":133},"model":"modelengine:lr_yeti/right_shin"},{"predicate":{"custom_model_data":134},"model":"modelengine:lr_yeti/left_foot"},{"predicate":{"custom_model_data":135},"model":"modelengine:lr_yeti/right_foot"},{"predicate":{"custom_model_data":136},"model":"modelengine:kobold_assassin/body"},{"predicate":{"custom_model_data":137},"model":"modelengine:kobold_assassin/right_arm"},{"predicate":{"custom_model_data":138},"model":"modelengine:kobold_assassin/left_arm"},{"predicate":{"custom_model_data":139},"model":"modelengine:kobold_assassin/tail1"},{"predicate":{"custom_model_data":140},"model":"modelengine:kobold_assassin/hood"},{"predicate":{"custom_model_data":141},"model":"modelengine:kobold_assassin/head"},{"predicate":{"custom_model_data":142},"model":"modelengine:kobold_assassin/right_leg"},{"predicate":{"custom_model_data":143},"model":"modelengine:kobold_assassin/left_leg"},{"predicate":{"custom_model_data":144},"model":"modelengine:kobold_assassin/xbow"},{"predicate":{"custom_model_data":145},"model":"modelengine:kobold_assassin/scarf1"},{"predicate":{"custom_model_data":146},"model":"modelengine:kobold_assassin/right_forearm"},{"predicate":{"custom_model_data":147},"model":"modelengine:kobold_assassin/left_forearm"},{"predicate":{"custom_model_data":148},"model":"modelengine:kobold_assassin/tail2"},{"predicate":{"custom_model_data":149},"model":"modelengine:kobold_assassin/left_horn"},{"predicate":{"custom_model_data":150},"model":"modelengine:kobold_assassin/left_brow"},{"predicate":{"custom_model_data":151},"model":"modelengine:kobold_assassin/right_brow"},{"predicate":{"custom_model_data":152},"model":"modelengine:kobold_assassin/right_horn"},{"predicate":{"custom_model_data":153},"model":"modelengine:kobold_assassin/left_ear"},{"predicate":{"custom_model_data":154},"model":"modelengine:kobold_assassin/jaw"},{"predicate":{"custom_model_data":155},"model":"modelengine:kobold_assassin/right_ear"},{"predicate":{"custom_model_data":156},"model":"modelengine:kobold_assassin/right_shin"},{"predicate":{"custom_model_data":157},"model":"modelengine:kobold_assassin/left_shin"},{"predicate":{"custom_model_data":158},"model":"modelengine:kobold_assassin/scarf2"},{"predicate":{"custom_model_data":159},"model":"modelengine:kobold_assassin/right_hand"},{"predicate":{"custom_model_data":160},"model":"modelengine:kobold_assassin/left_hand"},{"predicate":{"custom_model_data":161},"model":"modelengine:kobold_assassin/tail3"},{"predicate":{"custom_model_data":162},"model":"modelengine:kobold_assassin/right_foot"},{"predicate":{"custom_model_data":163},"model":"modelengine:kobold_assassin/left_foot"},{"predicate":{"custom_model_data":164},"model":"modelengine:kobold_assassin/scarf3"},{"predicate":{"custom_model_data":165},"model":"modelengine:kobold_assassin/tail4"},{"predicate":{"custom_model_data":166},"model":"modelengine:kobold_assassin/scarf4"},{"predicate":{"custom_model_data":167},"model":"modelengine:kobold_assassin/scarf5"}],"parent":"minecraft:item/generated","textures":{"layer0":"minecraft:item/leather_horse_armor"}}