{
  "parent": "minecraft:item/handheld_mace",
  "textures": {
    "layer0": "minecraft:item/mace"
  },
  "overrides": [
    {
      "predicate": {
        "custom_model_data": 1
      },
      "model": "minecraft:item/windmace"
    },
    {
      "predicate": {
        "custom_model_data": 2
      },
      "model": "minecraft:item/detonatemace"
    },
    {
      "predicate": {
        "custom_model_data": 3
      },
      "model": "minecraft:item/voidmace"
    },
    {
      "predicate": {
        "custom_model_data": 4
      },
      "model": "minecraft:item/glaciermace"
    }
  ]
}