{"display":{"firstperson_lefthand":{"rotation":[17.5,90,0],"scale":[0.6,0.6,0.6],"translation":[1,2,0.75]},"firstperson_righthand":{"rotation":[17.5,90,0],"scale":[0.6,0.6,0.6],"translation":[1,2,0.75]},"fixed":{"rotation":[0,0,-45],"scale":[0.6,0.6,0.6]},"ground":{"rotation":[72,22,0],"scale":[0.5,0.5,0.5]},"gui":{"rotation":[0,0,-45],"scale":[0.58,0.58,0.58],"translation":[-0.5,-0.5,0]},"head":{"scale":[1.3,1.3,1.3],"translation":[0,15.25,0]},"thirdperson_lefthand":{"rotation":[0,90,0],"scale":[0.8,0.8,0.8],"translation":[0,5,1.5]},"thirdperson_righthand":{"rotation":[0,90,0],"scale":[0.8,0.8,0.8],"translation":[0,5,1.5]}},"elements":[{"faces":{"down":{"texture":"#0","uv":[0.5,5.5,0,6]},"east":{"texture":"#0","uv":[1.5,4,2,5.5]},"north":{"texture":"#0","uv":[1,4,1.5,5.5]},"south":{"texture":"#0","uv":[4,3.25,4.5,4.75]},"up":{"texture":"#0","uv":[3.75,1.25,3.25,0.75]},"west":{"texture":"#0","uv":[4.25,0.75,4.75,2.25]}},"from":[7,-3.3,7],"rotation":{"angle":0,"axis":"y","origin":[8,1,8]},"to":[9,2.7,9]},{"faces":{"down":{"texture":"#0","uv":[4.5,7.25,4,7.75]},"east":{"texture":"#0","uv":[4.75,0,5.25,1.5]},"north":{"texture":"#0","uv":[4.5,3.25,5,4.75]},"south":{"texture":"#0","uv":[4,4.75,4.5,6.25]},"up":{"texture":"#0","uv":[4,7.75,3.5,7.25]},"west":{"texture":"#0","uv":[4.5,4.75,5,6.25]}},"from":[6.75,-3.55,6.75],"rotation":{"angle":0,"axis":"y","origin":[8,1,8]},"to":[9.25,2.95,9.25]},{"faces":{"down":{"texture":"#0","uv":[2,3.25,0.75,4]},"east":{"texture":"#0","uv":[2,2.5,2.75,3.75]},"north":{"texture":"#0","uv":[1.25,0,2.5,1.25]},"south":{"texture":"#0","uv":[1.25,1.25,2.5,2.5]},"up":{"texture":"#0","uv":[4.5,0.75,3.25,0]},"west":{"texture":"#0","uv":[2.75,2,3.5,3.25]}},"from":[8,8.5,6.5],"rotation":{"angle":45,"axis":"z","origin":[16.5,5,8]},"to":[13,13.5,9.5]},{"faces":{"down":{"texture":"#0","uv":[3.75,1.25,2.5,2]},"east":{"texture":"#0","uv":[0,2.5,0.75,3.75]},"north":{"texture":"#0","uv":[0,0,1.25,1.25]},"south":{"texture":"#0","uv":[0,1.25,1.25,2.5]},"up":{"texture":"#0","uv":[2,3.25,0.75,2.5]},"west":{"texture":"#0","uv":[2.5,0,3.25,1.25]}},"from":[7.75,8.25,6.25],"rotation":{"angle":45,"axis":"z","origin":[16.5,5,8]},"to":[13.25,13.75,9.75]},{"faces":{"down":{"texture":"#0","uv":[5.25,7,4.75,7.5]},"east":{"texture":"#0","uv":[8,3,8.5,3.25]},"north":{"texture":"#0","uv":[0.5,5.75,1,6]},"south":{"texture":"#0","uv":[8,3.25,8.5,3.5]},"up":{"texture":"#0","uv":[3,7.5,2.5,7]},"west":{"texture":"#0","uv":[3.5,8,4,8.25]}},"from":[7,-4.3,7],"rotation":{"angle":0,"axis":"y","origin":[8,2.5,8]},"to":[9,-3.3,9]},{"faces":{"down":{"texture":"#0","uv":[7.75,0,7.25,0.5]},"east":{"texture":"#0","uv":[3.75,6.25,4.25,7.25]},"north":{"texture":"#0","uv":[3.25,6.25,3.75,7.25]},"south":{"texture":"#0","uv":[6.25,4,6.75,5]},"up":{"texture":"#0","uv":[6.75,7.5,6.25,7]},"west":{"texture":"#0","uv":[4.25,6.25,4.75,7.25]}},"from":[7,-8.3,7],"rotation":{"angle":0,"axis":"y","origin":[8,2.5,8]},"to":[9,-4.3,9]},{"faces":{"down":{"texture":"#0","uv":[8.5,2.25,7.75,2.5]},"east":{"texture":"#0","uv":[0.5,3.75,0.75,4]},"north":{"texture":"#0","uv":[7.75,1.5,8.5,1.75]},"south":{"texture":"#0","uv":[7.75,1.75,8.5,2]},"up":{"texture":"#0","uv":[8.5,2.25,7.75,2]},"west":{"texture":"#0","uv":[4.75,6.25,5,6.5]}},"from":[5.51492,24.98,7.48],"rotation":{"angle":22.5,"axis":"z","origin":[6.53492,25,8]},"to":[8.55492,26.02,8.52]},{"faces":{"down":{"texture":"#0","uv":[5.75,7.75,5,8]},"east":{"texture":"#0","uv":[6.5,1.25,6.75,1.5]},"north":{"texture":"#0","uv":[7.75,2.5,8.5,2.75]},"south":{"texture":"#0","uv":[2.75,7.75,3.5,8]},"up":{"texture":"#0","uv":[4.25,8,3.5,7.75]},"west":{"texture":"#0","uv":[0.5,7,0.75,7.25]}},"from":[7.44508,24.98,7.48],"rotation":{"angle":-22.5,"axis":"z","origin":[9.46508,25,8]},"to":[10.48508,26.02,8.52]},{"faces":{"down":{"texture":"#0","uv":[7.75,1.25,7.25,1.75]},"east":{"texture":"#0","uv":[0,3.75,0.5,5.5]},"north":{"texture":"#0","uv":[3.5,3.25,4,5]},"south":{"texture":"#0","uv":[2,3.75,2.5,5.5]},"up":{"texture":"#0","uv":[1,7.75,0.5,7.25]},"west":{"texture":"#0","uv":[0.5,4,1,5.75]}},"from":[5.3,4.2,7],"rotation":{"angle":0,"axis":"y","origin":[8,0.5,8]},"to":[7.3,11.2,9]},{"faces":{"down":{"texture":"#0","uv":[1.25,6.5,0.75,7.25]},"east":{"texture":"#0","uv":[4.25,2.25,5,3.25]},"north":{"texture":"#0","uv":[6.25,5,6.75,6]},"south":{"texture":"#0","uv":[6.25,6,6.75,7]},"up":{"texture":"#0","uv":[7,1.25,6.5,0.5]},"west":{"texture":"#0","uv":[2.5,4.5,3.25,5.5]}},"from":[7.96,-6.89,6.46],"rotation":{"angle":0,"axis":"y","origin":[8,0.75,7.5]},"to":[9.96,-2.89,9.46]},{"faces":{"down":{"texture":"#0","uv":[4.75,0,4.5,0.75]},"east":{"texture":"#0","uv":[1.25,6.5,2,7]},"north":{"texture":"#0","uv":[2.5,2,2.75,2.5]},"south":{"texture":"#0","uv":[3.25,4.5,3.5,5]},"up":{"texture":"#0","uv":[2.75,4.5,2.5,3.75]},"west":{"texture":"#0","uv":[4.75,6.5,5.5,7]}},"from":[6.48,-4.87,6.48],"rotation":{"angle":0,"axis":"y","origin":[8,0.75,7.5]},"to":[7.48,-2.87,9.48]},{"faces":{"down":{"texture":"#0","uv":[6.25,6,5,6.5]},"east":{"texture":"#0","uv":[2.25,7.5,2.75,8]},"north":{"texture":"#0","uv":[5,5.5,6.25,6]},"south":{"texture":"#0","uv":[0,6,1.25,6.5]},"up":{"texture":"#0","uv":[2.5,6.5,1.25,6]},"west":{"texture":"#0","uv":[7.5,2.75,8,3.25]}},"from":[9.23,4.23,6.73],"rotation":{"angle":22.5,"axis":"z","origin":[12,4.5,8]},"to":[14.77,6.77,9.27]},{"faces":{"down":{"texture":"#0","uv":[6.75,1.5,5.5,2]},"east":{"texture":"#0","uv":[7.25,2.25,7.75,2.75]},"north":{"texture":"#0","uv":[5.25,0.5,6.5,1]},"south":{"texture":"#0","uv":[5.25,1,6.5,1.5]},"up":{"texture":"#0","uv":[2.25,6,1,5.5]},"west":{"texture":"#0","uv":[3,7.25,3.5,7.75]}},"from":[9.48,4.48,6.98],"rotation":{"angle":22.5,"axis":"z","origin":[12,4.5,8]},"to":[14.52,6.52,9.02]},{"faces":{"down":{"texture":"#0","uv":[6.75,3.5,5.5,4]},"east":{"texture":"#0","uv":[7.25,7.25,7.75,7.75]},"north":{"texture":"#0","uv":[5.5,2,6.75,2.5]},"south":{"texture":"#0","uv":[5.5,2.5,6.75,3]},"up":{"texture":"#0","uv":[6.75,3.5,5.5,3]},"west":{"texture":"#0","uv":[7.5,0.5,8,1]}},"from":[1.23,4.23,6.73],"rotation":{"angle":-22.5,"axis":"z","origin":[4,4.5,8]},"to":[6.77,6.77,9.27]},{"faces":{"down":{"texture":"#0","uv":[6.5,0,5.25,0.5]},"east":{"texture":"#0","uv":[1.75,7.25,2.25,7.75]},"north":{"texture":"#0","uv":[5,4,6.25,4.5]},"south":{"texture":"#0","uv":[5,4.5,6.25,5]},"up":{"texture":"#0","uv":[6.25,5.5,5,5]},"west":{"texture":"#0","uv":[7.25,1.75,7.75,2.25]}},"from":[1.48,4.48,6.98],"rotation":{"angle":-22.5,"axis":"z","origin":[4,4.5,8]},"to":[6.52,6.52,9.02]},{"faces":{"down":{"texture":"#0","uv":[8.5,3.75,8,4]},"east":{"texture":"#0","uv":[3.75,5,4,6.25]},"north":{"texture":"#0","uv":[5,2.75,5.5,4]},"south":{"texture":"#0","uv":[3.25,5,3.75,6.25]},"up":{"texture":"#0","uv":[8.5,3.75,8,3.5]},"west":{"texture":"#0","uv":[6,6.5,6.25,7.75]}},"from":[5,4.5,7.5],"rotation":{"angle":22.5,"axis":"z","origin":[5,5.5,8]},"to":[7,9.5,8.5]},{"faces":{"down":{"texture":"#0","uv":[8.75,2.75,8,3]},"east":{"texture":"#0","uv":[4.75,1.5,5,2.25]},"north":{"texture":"#0","uv":[2.5,5.5,3.25,6.25]},"south":{"texture":"#0","uv":[2.5,6.25,3.25,7]},"up":{"texture":"#0","uv":[3.5,8.25,2.75,8]},"west":{"texture":"#0","uv":[5.75,7.25,6,8]}},"from":[8,5.25,7.5],"rotation":{"angle":-22.5,"axis":"z","origin":[11,5.25,8]},"to":[11,8.25,8.5]},{"faces":{"down":{"texture":"#0","uv":[7.5,6.25,6.75,6.75]},"east":{"texture":"#0","uv":[0,7.75,0.5,8.25]},"north":{"texture":"#0","uv":[6.75,4.75,7.5,5.25]},"south":{"texture":"#0","uv":[6.75,5.25,7.5,5.75]},"up":{"texture":"#0","uv":[7.5,6.25,6.75,5.75]},"west":{"texture":"#0","uv":[7.75,0,8.25,0.5]}},"from":[8.68821,-5.79016,7],"rotation":{"angle":-22.5,"axis":"z","origin":[10.18821,-5.29016,8.5]},"to":[11.68821,-3.79016,9]},{"faces":{"down":{"texture":"#0","uv":[8.5,5.25,8,5.5]},"east":{"texture":"#0","uv":[8,4.75,8.25,5.25]},"north":{"texture":"#0","uv":[0.5,7.75,1,8.25]},"south":{"texture":"#0","uv":[1,7.75,1.5,8.25]},"up":{"texture":"#0","uv":[5.75,8.25,5.25,8]},"west":{"texture":"#0","uv":[5,8,5.25,8.5]}},"from":[6.06179,-6.04016,7.5],"rotation":{"angle":45,"axis":"z","origin":[6.56179,-5.54016,8]},"to":[8.06179,-4.04016,8.5]},{"faces":{"down":{"texture":"#0","uv":[8.5,7.25,7.75,7.5]},"east":{"texture":"#0","uv":[1.75,7,2,7.25]},"north":{"texture":"#0","uv":[7.75,6.75,8.5,7]},"south":{"texture":"#0","uv":[7.75,7,8.5,7.25]},"up":{"texture":"#0","uv":[8,8,7.25,7.75]},"west":{"texture":"#0","uv":[3,7,3.25,7.25]}},"from":[7.45608,23.991,7.491],"rotation":{"angle":-22.5,"axis":"z","origin":[9.46508,25,8]},"to":[10.47408,25.009,8.509]},{"faces":{"down":{"texture":"#0","uv":[2.75,8,2,8.25]},"east":{"texture":"#0","uv":[5.25,7,5.5,7.25]},"north":{"texture":"#0","uv":[7.75,7.5,8.5,7.75]},"south":{"texture":"#0","uv":[8,0.5,8.75,0.75]},"up":{"texture":"#0","uv":[8.75,1,8,0.75]},"west":{"texture":"#0","uv":[2.25,7.25,2.5,7.5]}},"from":[5.52492,23.99,7.49],"rotation":{"angle":22.5,"axis":"z","origin":[6.53492,25,8]},"to":[8.54492,25.01,8.51]},{"faces":{"down":{"texture":"#0","uv":[7.25,0,6.5,0.5]},"east":{"texture":"#0","uv":[3.75,0.75,4.25,2]},"north":{"texture":"#0","uv":[2.75,3.25,3.5,4.5]},"south":{"texture":"#0","uv":[3.5,2,4.25,3.25]},"up":{"texture":"#0","uv":[0.75,7,0,6.5]},"west":{"texture":"#0","uv":[5,1.5,5.5,2.75]}},"from":[8,4.2,7],"rotation":{"angle":0,"axis":"y","origin":[8,0.5,8]},"to":[11,9.2,9]},{"faces":{"down":{"texture":"#2","uv":[8,0,0,0]},"east":{"texture":"#2","uv":[0,0,0,11.5]},"north":{"texture":"#2","uv":[0,0,8,11.5]},"south":{"texture":"#2","uv":[8,0,0,11.5]},"up":{"texture":"#2","uv":[8,0,0,0]},"west":{"texture":"#2","uv":[0,0,0,11.5]}},"from":[0,5,8],"name":"vfx","rotation":{"angle":0,"axis":"y","origin":[8,6,8.5]},"to":[16,28,8]},{"faces":{"down":{"texture":"#1","uv":[8.25,6,7.25,6.25]},"east":{"texture":"#1","uv":[0,2,0.5,11]},"north":{"texture":"#1","uv":[0,2,2,11]},"south":{"texture":"#1","uv":[2,2,0,11]},"up":{"texture":"#1","uv":[7.25,4.75,6.25,4.5]},"west":{"texture":"#1","uv":[1.5,2,2,11]}},"from":[6,7,7.5],"rotation":{"angle":0,"axis":"y","origin":[8,4,8]},"to":[10,25,8.5]},{"faces":{"down":{"texture":"#2","uv":[8,0,0,0]},"east":{"texture":"#2","uv":[0,0,0,11.5]},"north":{"texture":"#2","uv":[0,12,2.5,16]},"south":{"texture":"#2","uv":[2.5,12,0,16]},"up":{"texture":"#2","uv":[8,0,0,0]},"west":{"texture":"#2","uv":[0,0,0,11.5]}},"from":[5.5,-13,8],"name":"vfx","rotation":{"angle":0,"axis":"y","origin":[7.5,-15,8.5]},"to":[10.5,-5,8]},{"faces":{"down":{"texture":"#0","uv":[8,5.25,7.5,5.75]},"east":{"texture":"#0","uv":[7.5,3.75,8,4.25]},"north":{"texture":"#0","uv":[7.5,3.25,8,3.75]},"south":{"texture":"#0","uv":[7.5,4.25,8,4.75]},"up":{"texture":"#0","uv":[8,5.25,7.5,4.75]},"west":{"texture":"#0","uv":[4.5,7.5,5,8]}},"from":[5.5,19.45,7],"rotation":{"angle":0,"axis":"y","origin":[5.5,14.75,8]},"to":[7.5,21.45,9]},{"faces":{"down":{"texture":"#0","uv":[5,8,4.75,8.5]},"east":{"texture":"#0","uv":[7.5,5.75,8,6.25]},"north":{"texture":"#0","uv":[6,7.75,6.25,8.25]},"south":{"texture":"#0","uv":[8,4.25,8.25,4.75]},"up":{"texture":"#0","uv":[4.75,8.5,4.5,8]},"west":{"texture":"#0","uv":[6.25,7.5,6.75,8]}},"from":[5.5,17.45,7],"rotation":{"angle":0,"axis":"y","origin":[4.5,14.75,8]},"to":[6.5,19.45,9]},{"faces":{"down":{"texture":"#0","uv":[7.5,4.25,6.75,4.75]},"east":{"texture":"#0","uv":[7.5,6.25,8,6.75]},"north":{"texture":"#0","uv":[6.75,2.75,7.5,3.25]},"south":{"texture":"#0","uv":[6.75,3.25,7.5,3.75]},"up":{"texture":"#0","uv":[7.5,4.25,6.75,3.75]},"west":{"texture":"#0","uv":[6.75,7.5,7.25,8]}},"from":[7.5,16.45,7],"rotation":{"angle":0,"axis":"y","origin":[7.5,12.75,8]},"to":[10.5,18.45,9]},{"faces":{"down":{"texture":"#0","uv":[7.75,6.75,7.25,7.25]},"east":{"texture":"#0","uv":[5.5,6.5,6,7.25]},"north":{"texture":"#0","uv":[2,6.5,2.5,7.25]},"south":{"texture":"#0","uv":[6.75,1.25,7.25,2]},"up":{"texture":"#0","uv":[5.75,7.75,5.25,7.25]},"west":{"texture":"#0","uv":[6.75,2,7.25,2.75]}},"from":[5.5,12.7,7],"rotation":{"angle":0,"axis":"y","origin":[5.5,9,8]},"to":[7.5,15.7,9]},{"faces":{"down":{"texture":"#0","uv":[1.25,7.25,1,7.75]},"east":{"texture":"#0","uv":[4,8,4.5,8.25]},"north":{"texture":"#0","uv":[4.5,7.25,4.75,7.5]},"south":{"texture":"#0","uv":[7.5,1,7.75,1.25]},"up":{"texture":"#0","uv":[2.5,6,2.25,5.5]},"west":{"texture":"#0","uv":[8,4,8.5,4.25]}},"from":[7.5,14.7,7],"rotation":{"angle":0,"axis":"y","origin":[7.5,10,8]},"to":[8.5,15.7,9]},{"faces":{"down":{"texture":"#0","uv":[2,7.75,1.5,8.25]},"east":{"texture":"#0","uv":[0,7,0.5,7.75]},"north":{"texture":"#0","uv":[6.75,6.75,7.25,7.5]},"south":{"texture":"#0","uv":[7,0.5,7.5,1.25]},"up":{"texture":"#0","uv":[8.25,1.5,7.75,1]},"west":{"texture":"#0","uv":[1.25,7,1.75,7.75]}},"from":[8.5,10.45,7],"rotation":{"angle":0,"axis":"y","origin":[7.5,6.75,8]},"to":[10.5,13.45,9]}],"gui_light":"front","texture_size":[64,64],"textures":{"0":"civilization:item/tools/magma_club/inferno/default","1":"civilization:item/tools/magma_club/inferno/anim","2":"civilization:item/tools/magma_club/inferno/anim_1","particle":"civilization:item/tools/magma_club/inferno/default"}}