{"textures":{"0":"modelengine:entity/58626f28-0e0c-348b-a7d4-00dbb78fc9da","particle":"#0"},"elements":[{"from":[25.5,25.5,25.5],"to":[-9.5,-9.5,-9.5],"faces":{"east":{"uv":[10.875,10.25,11.0625,10.0625],"tintindex":0,"rotation":180,"texture":"#0"},"south":{"uv":[10.875,10.25,11.0625,10.0625],"tintindex":0,"rotation":180,"texture":"#0"},"north":{"uv":[10.875,10.25,11.0625,10.0625],"tintindex":0,"rotation":180,"texture":"#0"},"west":{"uv":[10.875,10.25,11.0625,10.0625],"tintindex":0,"rotation":180,"texture":"#0"},"up":{"uv":[10.875,10.25,11.0625,10.0625],"tintindex":0,"rotation":180,"texture":"#0"},"down":{"uv":[10.875,10.25,11.0625,10.0625],"tintindex":0,"rotation":180,"texture":"#0"}}},{"from":[-8.0,-8.0,-8.0],"to":[24.0,24.0,24.0],"faces":{"east":{"uv":[9.875,9.875,10.875,10.875],"tintindex":0,"rotation":0,"texture":"#0"},"south":{"uv":[9.875,9.875,10.875,10.875],"tintindex":0,"rotation":0,"texture":"#0"},"north":{"uv":[9.875,9.875,10.875,10.875],"tintindex":0,"rotation":0,"texture":"#0"},"west":{"uv":[9.875,9.875,10.875,10.875],"tintindex":0,"rotation":0,"texture":"#0"},"up":{"uv":[9.875,9.875,10.875,10.875],"tintindex":0,"rotation":0,"texture":"#0"},"down":{"uv":[9.875,9.875,10.875,10.875],"tintindex":0,"rotation":0,"texture":"#0"}}}],"display":{"head":{"rotation":[0.0,0.0,0.0]},"firstperson_righthand":{"rotation":[0.0,0.0,0.0]},"thirdperson_lefthand":{"rotation":[0.0,-0.0,-0.0]},"firstperson_lefthand":{"rotation":[0.0,-0.0,-0.0]},"fixed":{"rotation":[0.0,0.0,0.0]},"ground":{"rotation":[0.0,0.0,0.0]},"thirdperson_righthand":{"rotation":[0.0,0.0,0.0]},"gui":{"rotation":[-150.0,-45.0,180.0]}}}