{"display":{"firstperson_lefthand":{"rotation":[0,-8,0],"scale":[0.6,0.6,0.6],"translation":[-0.5,1,1.75]},"firstperson_righthand":{"rotation":[0,-8,0],"scale":[0.6,0.6,0.6],"translation":[-0.5,1,1.75]},"fixed":{"translation":[0,-1,5]},"ground":{"rotation":[14,23,28],"scale":[0.5,0.5,0.5],"translation":[-1,2,-2.25]},"gui":{"rotation":[22.5,135,0],"scale":[0.52,0.52,0.52],"translation":[-1.75,-1.25,0]},"head":{"scale":[1.2,1.2,1.2],"translation":[0,-4,-4]},"thirdperson_lefthand":{"rotation":[0,0,-3],"scale":[0.8,0.8,0.8],"translation":[0.75,0.5,0]},"thirdperson_righthand":{"rotation":[0,0,-3],"scale":[0.8,0.8,0.8],"translation":[0.75,0.5,0]}},"elements":[{"faces":{"down":{"texture":"#0","uv":[11.375,3.875,10.5,3.875]},"east":{"texture":"#0","uv":[7.875,10.375,7.875,11.25]},"north":{"texture":"#0","uv":[5,6,5.875,6.875]},"south":{"texture":"#0","uv":[6,6,6.875,6.875]},"up":{"texture":"#0","uv":[11.375,3.75,10.5,3.75]},"west":{"texture":"#0","uv":[8,10.375,8,11.25]}},"from":[4.5,5.5,0.4],"rotation":{"angle":0,"axis":"y","origin":[8,9.5,0.9]},"to":[11.5,12.5,0.4]},{"faces":{"down":{"texture":"#0","uv":[11.375,3.625,10.5,3.625]},"east":{"texture":"#0","uv":[7.375,10.375,7.375,11.25]},"north":{"texture":"#0","uv":[2,6,2.875,6.875]},"south":{"texture":"#0","uv":[4,6,4.875,6.875]},"up":{"texture":"#0","uv":[11.375,3.5,10.5,3.5]},"west":{"texture":"#0","uv":[7.5,10.375,7.5,11.25]}},"from":[4.5,5.7,-1.1],"rotation":{"angle":0,"axis":"y","origin":[8,9.5,0.9]},"to":[11.5,12.7,-1.1]},{"faces":{"down":{"texture":"#0","uv":[4.375,10.5,3.5,10.5]},"east":{"texture":"#0","uv":[7.125,10.375,7.125,11.25]},"north":{"texture":"#0","uv":[5.5,5,6.375,5.875]},"south":{"texture":"#0","uv":[1,6,1.875,6.875]},"up":{"texture":"#0","uv":[11.375,3.375,10.5,3.375]},"west":{"texture":"#0","uv":[7.25,10.375,7.25,11.25]}},"from":[4.5,5.8,1.9],"rotation":{"angle":0,"axis":"y","origin":[8,9.5,0.9]},"to":[11.5,12.8,1.9]},{"faces":{"down":{"texture":"#0","uv":[0.625,8.25,0,8.875]},"east":{"texture":"#0","uv":[5.125,7.875,5.75,8.5]},"north":{"texture":"#0","uv":[4.375,7.875,5,8.5]},"south":{"texture":"#0","uv":[8,5.5,8.625,6.125]},"up":{"texture":"#0","uv":[8.75,8.125,8.125,7.5]},"west":{"texture":"#0","uv":[6.375,8,7,8.625]}},"from":[5.5,7,-2.1],"rotation":{"angle":0,"axis":"y","origin":[6.5,-12,-9.1]},"to":[10.5,12,2.9]},{"faces":{"down":{"texture":"#0","uv":[1.75,7,0.875,7.75]},"east":{"texture":"#0","uv":[10.375,7.75,11.125,7.75]},"north":{"texture":"#0","uv":[10.375,7.625,11.25,7.625]},"south":{"texture":"#0","uv":[10.375,7.875,11.25,7.875]},"up":{"texture":"#0","uv":[7.375,5.5,6.5,4.75]},"west":{"texture":"#0","uv":[10.375,8,11.125,8]}},"from":[4.5,11,-2.1],"rotation":{"angle":0,"axis":"y","origin":[8,9.5,0.9]},"to":[11.5,11,3.9]},{"faces":{"down":{"texture":"#0","uv":[4.75,7,3.875,7.75]},"east":{"texture":"#0","uv":[10.125,10.375,10.875,10.375]},"north":{"texture":"#0","uv":[10.375,8.125,11.25,8.125]},"south":{"texture":"#0","uv":[10.5,1.125,11.375,1.125]},"up":{"texture":"#0","uv":[2.75,7.75,1.875,7]},"west":{"texture":"#0","uv":[10.5,1.25,11.25,1.25]}},"from":[4.5,9.5,-2.1],"rotation":{"angle":0,"axis":"y","origin":[8,9.5,0.9]},"to":[11.5,9.5,3.9]},{"faces":{"down":{"texture":"#0","uv":[7.875,5.625,7,6.375]},"east":{"texture":"#0","uv":[10.5,1.5,11.25,1.5]},"north":{"texture":"#0","uv":[10.5,1.375,11.375,1.375]},"south":{"texture":"#0","uv":[10.5,1.625,11.375,1.625]},"up":{"texture":"#0","uv":[5.75,7.75,4.875,7]},"west":{"texture":"#0","uv":[2.625,10.5,3.375,10.5]}},"from":[4.5,8,-2.1],"rotation":{"angle":0,"axis":"y","origin":[8,9.5,0.9]},"to":[11.5,8,3.9]},{"faces":{"down":{"texture":"#0","uv":[10.125,3.875,9.625,4.25]},"east":{"texture":"#0","uv":[2.625,10.375,3,10.375]},"north":{"texture":"#0","uv":[9.125,1.125,9.625,1.125]},"south":{"texture":"#0","uv":[3.875,10.375,4.375,10.375]},"up":{"texture":"#0","uv":[10.125,3.75,9.625,3.375]},"west":{"texture":"#0","uv":[6.625,10.375,7,10.375]}},"from":[3.01449,8.41351,-1.1],"rotation":{"angle":45,"axis":"z","origin":[5.01449,8.41351,0.4]},"to":[7.01449,8.41351,1.9]},{"faces":{"down":{"texture":"#0","uv":[3.375,10.625,3.375,11.125]},"east":{"texture":"#0","uv":[3.875,9.875,4.375,10.25]},"north":{"texture":"#0","uv":[2,10.625,2,11]},"south":{"texture":"#0","uv":[2.125,10.625,2.125,11]},"up":{"texture":"#0","uv":[3.25,11.125,3.25,10.625]},"west":{"texture":"#0","uv":[9.875,7,10.375,7.375]}},"from":[8.01449,7.31351,1.4],"rotation":{"angle":0,"axis":"y","origin":[8.01449,8.41351,4.4]},"to":[8.01449,10.31351,5.4]},{"faces":{"down":{"texture":"#0","uv":[10,9.75,9.5,10.125]},"east":{"texture":"#0","uv":[1.5,10.625,1.875,10.625]},"north":{"texture":"#0","uv":[10.625,1,11.125,1]},"south":{"texture":"#0","uv":[2.625,10.625,3.125,10.625]},"up":{"texture":"#0","uv":[7.25,10.125,6.75,9.75]},"west":{"texture":"#0","uv":[10.625,3,11,3]}},"from":[8.98551,8.41351,-1.1],"rotation":{"angle":-45,"axis":"z","origin":[10.98551,8.41351,0.4]},"to":[12.98551,8.41351,1.9]},{"faces":{"down":{"texture":"#0","uv":[4.375,1.75,3.5,3.375]},"east":{"texture":"#0","uv":[10.25,6.75,11.875,6.75]},"north":{"texture":"#0","uv":[6.625,10.25,7.5,10.25]},"south":{"texture":"#0","uv":[10.25,6.875,11.125,6.875]},"up":{"texture":"#0","uv":[4.375,1.625,3.5,0]},"west":{"texture":"#0","uv":[10.375,1.75,12,1.75]}},"from":[-0.47487,14.47487,10.5],"rotation":{"angle":-45,"axis":"z","origin":[3.02513,14.47487,17]},"to":[6.52513,14.47487,23.5]},{"faces":{"down":{"texture":"#0","uv":[3.375,3.25,2.5,4.875]},"east":{"texture":"#0","uv":[9.875,9.25,11.5,9.25]},"north":{"texture":"#0","uv":[9.25,5.375,10.125,5.375]},"south":{"texture":"#0","uv":[10,2.875,10.875,2.875]},"up":{"texture":"#0","uv":[2.375,4.875,1.5,3.25]},"west":{"texture":"#0","uv":[10.25,6.625,11.875,6.625]}},"from":[9.47487,14.47487,10.5],"rotation":{"angle":45,"axis":"z","origin":[12.97487,14.47487,17]},"to":[16.47487,14.47487,23.5]},{"faces":{"down":{"texture":"#0","uv":[0.875,4.5,0,6.125]},"east":{"texture":"#0","uv":[7.5,3,9.125,3.375]},"north":{"texture":"#0","uv":[9,1.25,9.875,1.625]},"south":{"texture":"#0","uv":[9,1.75,9.875,2.125]},"up":{"texture":"#0","uv":[4.375,5.125,3.5,3.5]},"west":{"texture":"#0","uv":[7.5,3.5,9.125,3.875]}},"from":[4.5,5.5,1.5],"rotation":{"angle":0,"axis":"y","origin":[8,4.5,8]},"to":[11.5,8.5,14.5]},{"faces":{"down":{"texture":"#0","uv":[3.375,1.5,2.5,3.125]},"east":{"texture":"#0","uv":[5.875,7,7.5,7.375]},"north":{"texture":"#0","uv":[8.875,7,9.75,7.375]},"south":{"texture":"#0","uv":[8.875,7.5,9.75,7.875]},"up":{"texture":"#0","uv":[2.375,3.125,1.5,1.5]},"west":{"texture":"#0","uv":[7,6.5,8.625,6.875]}},"from":[4.5,10.5,1.5],"rotation":{"angle":0,"axis":"y","origin":[8,11.5,8]},"to":[11.5,13.5,14.5]},{"faces":{"down":{"texture":"#0","uv":[7.625,2.25,6.5,2.875]},"east":{"texture":"#0","uv":[1.5,7.875,2.125,8.5]},"north":{"texture":"#0","uv":[6.5,0,7.625,0.625]},"south":{"texture":"#0","uv":[6.5,0.75,7.625,1.375]},"up":{"texture":"#0","uv":[7.625,2.125,6.5,1.5]},"west":{"texture":"#0","uv":[3.625,7.875,4.25,8.5]}},"from":[3.5,7,7],"rotation":{"angle":0,"axis":"y","origin":[6.5,1,8.5]},"to":[12.5,12,12]},{"faces":{"down":{"texture":"#0","uv":[8.875,8.25,8.125,8.75]},"east":{"texture":"#0","uv":[8.625,10.125,9.125,10.375]},"north":{"texture":"#0","uv":[5.875,9.75,6.625,10]},"south":{"texture":"#0","uv":[8.625,9.75,9.375,10]},"up":{"texture":"#0","uv":[3,8.75,2.25,8.25]},"west":{"texture":"#0","uv":[10.125,9.75,10.625,10]}},"from":[5,10.5,19],"rotation":{"angle":0,"axis":"y","origin":[6.5,15,8.5]},"to":[11,12.5,23]},{"faces":{"down":{"texture":"#0","uv":[9,0.625,8.25,1.125]},"east":{"texture":"#0","uv":[2.25,7.875,2.75,8.125]},"north":{"texture":"#0","uv":[9.625,4.375,10.375,4.625]},"south":{"texture":"#0","uv":[9.625,9.375,10.375,9.625]},"up":{"texture":"#0","uv":[9,0.5,8.25,0]},"west":{"texture":"#0","uv":[5.75,10.125,6.25,10.375]}},"from":[5,6.5,19],"rotation":{"angle":0,"axis":"y","origin":[6.5,1,8.5]},"to":[11,8.5,23]},{"faces":{"down":{"texture":"#0","uv":[8.375,4.75,7.5,5.375]},"east":{"texture":"#0","uv":[0,7.25,0.625,8.125]},"north":{"texture":"#0","uv":[3,5.25,3.875,6.125]},"south":{"texture":"#0","uv":[5.5,0,6.375,0.875]},"up":{"texture":"#0","uv":[8.375,4.625,7.5,4]},"west":{"texture":"#0","uv":[2.875,7.25,3.5,8.125]}},"from":[4.5,6,25.5],"rotation":{"angle":0,"axis":"y","origin":[6.5,1,8.5]},"to":[11.5,13,30.5]},{"faces":{"down":{"texture":"#0","uv":[8.5,9.375,8.25,10.25]},"east":{"texture":"#0","uv":[4.5,3,5.375,4.375]},"north":{"texture":"#0","uv":[8.5,4,8.75,5.375]},"south":{"texture":"#0","uv":[0.75,8.625,1,10]},"up":{"texture":"#0","uv":[8.125,10.25,7.875,9.375]},"west":{"texture":"#0","uv":[4.5,4.5,5.375,5.875]}},"from":[2.5,4,-2.5],"rotation":{"angle":0,"axis":"y","origin":[6.5,1,11.5]},"to":[4.5,15,4.5]},{"faces":{"down":{"texture":"#0","uv":[10.375,3.375,10.25,3.75]},"east":{"texture":"#0","uv":[4,5.25,4.375,5.75]},"north":{"texture":"#0","uv":[3.625,7.25,3.75,7.75]},"south":{"texture":"#0","uv":[0.5,9,0.625,9.5]},"up":{"texture":"#0","uv":[0.625,10,0.5,9.625]},"west":{"texture":"#0","uv":[3,9.75,3.375,10.25]}},"from":[2,6,-0.5],"rotation":{"angle":-45,"axis":"z","origin":[2.5,10,1]},"to":[3,10,2.5]},{"faces":{"down":{"texture":"#0","uv":[10.375,5,10.25,5.375]},"east":{"texture":"#0","uv":[0,10,0.375,10.5]},"north":{"texture":"#0","uv":[6.375,10.125,6.5,10.625]},"south":{"texture":"#0","uv":[9.25,10.125,9.375,10.625]},"up":{"texture":"#0","uv":[10.375,4.25,10.25,3.875]},"west":{"texture":"#0","uv":[10,1.125,10.375,1.625]}},"from":[13,6,-0.5],"rotation":{"angle":45,"axis":"z","origin":[13.5,10,1]},"to":[14,10,2.5]},{"faces":{"down":{"texture":"#0","uv":[6.375,4,5.5,4.875]},"east":{"texture":"#0","uv":[9.625,0.375,10.5,0.625]},"north":{"texture":"#0","uv":[9.625,0,10.5,0.25]},"south":{"texture":"#0","uv":[9.625,0.75,10.5,1]},"up":{"texture":"#0","uv":[6.375,3.875,5.5,3]},"west":{"texture":"#0","uv":[9.625,3,10.5,3.25]}},"from":[4.5,4,-2.5],"rotation":{"angle":0,"axis":"y","origin":[6.5,1,8.5]},"to":[11.5,6,4.5]},{"faces":{"down":{"texture":"#0","uv":[9.5,4,9.25,4.875]},"east":{"texture":"#0","uv":[4.5,0,5.375,1.375]},"north":{"texture":"#0","uv":[7.125,8,7.375,9.375]},"south":{"texture":"#0","uv":[3.125,8.25,3.375,9.625]},"up":{"texture":"#0","uv":[9.5,3.875,9.25,3]},"west":{"texture":"#0","uv":[4.5,1.5,5.375,2.875]}},"from":[11.5,4,-2.5],"rotation":{"angle":0,"axis":"y","origin":[6.5,1,8.5]},"to":[13.5,15,4.5]},{"faces":{"down":{"texture":"#0","uv":[7.375,3.875,6.5,4.625]},"east":{"texture":"#0","uv":[0,6.25,0.75,7.125]},"north":{"texture":"#0","uv":[1,5,1.875,5.875]},"south":{"texture":"#0","uv":[2,5,2.875,5.875]},"up":{"texture":"#0","uv":[7.375,3.75,6.5,3]},"west":{"texture":"#0","uv":[3,6.25,3.75,7.125]}},"from":[4.5,6,-1.5],"rotation":{"angle":0,"axis":"y","origin":[6.5,1,8.5]},"to":[11.5,13,4.5]},{"faces":{"down":{"texture":"#0","uv":[6.375,2,5.5,2.875]},"east":{"texture":"#0","uv":[9.25,5,10.125,5.25]},"north":{"texture":"#0","uv":[9,8.5,9.875,8.75]},"south":{"texture":"#0","uv":[8.625,9.375,9.5,9.625]},"up":{"texture":"#0","uv":[6.375,1.875,5.5,1]},"west":{"texture":"#0","uv":[3.875,9.5,4.75,9.75]}},"from":[4.5,13,-2.5],"rotation":{"angle":0,"axis":"y","origin":[6.5,1,8.5]},"to":[11.5,15,4.5]},{"faces":{"down":{"texture":"#0","uv":[7.25,9.5,7.125,9.5]},"east":{"texture":"#0","uv":[2.875,7,2.875,7.125]},"north":{"texture":"#0","uv":[3,1.25,3.125,1.375]},"south":{"texture":"#0","uv":[3.25,1.25,3.375,1.375]},"up":{"texture":"#0","uv":[8,8.75,7.875,8.75]},"west":{"texture":"#0","uv":[8.875,8,8.875,8.125]}},"from":[2.5,13.1,-2.6],"rotation":{"angle":0,"axis":"y","origin":[6.5,1,11.5]},"to":[3.5,14.1,-2.6]},{"faces":{"down":{"texture":"#0","uv":[9.875,1.125,9.75,1.125]},"east":{"texture":"#0","uv":[7.375,10,7.375,10.125]},"north":{"texture":"#0","uv":[3,5,3.125,5.125]},"south":{"texture":"#0","uv":[3.25,5,3.375,5.125]},"up":{"texture":"#0","uv":[7.25,9.625,7.125,9.625]},"west":{"texture":"#0","uv":[10.625,3.125,10.625,3.25]}},"from":[12.5,13.1,-2.6],"rotation":{"angle":0,"axis":"y","origin":[9.5,1,11.5]},"to":[13.5,14.1,-2.6]},{"faces":{"down":{"texture":"#0","uv":[7.75,5.5,7.5,5.5]},"east":{"texture":"#0","uv":[9.5,10.25,9.5,11.625]},"north":{"texture":"#0","uv":[1.125,8.625,1.375,10]},"south":{"texture":"#0","uv":[1.5,8.625,1.75,10]},"up":{"texture":"#0","uv":[4.25,5.875,4,5.875]},"west":{"texture":"#0","uv":[9.625,10.25,9.625,11.625]}},"from":[2.49269,4,-2.99058],"rotation":{"angle":22.5,"axis":"y","origin":[8,9.5,0.5]},"to":[4.49269,15,-2.99058]},{"faces":{"down":{"texture":"#0","uv":[9.375,1,9.125,1]},"east":{"texture":"#0","uv":[9.75,10.25,9.75,11.625]},"north":{"texture":"#0","uv":[1.875,8.625,2.125,10]},"south":{"texture":"#0","uv":[3.5,8.625,3.75,10]},"up":{"texture":"#0","uv":[5.625,8.625,5.375,8.625]},"west":{"texture":"#0","uv":[9.875,10.25,9.875,11.625]}},"from":[1.34464,4,0.78106],"rotation":{"angle":22.5,"axis":"y","origin":[8,9.5,1.5]},"to":[3.34464,15,0.78106]},{"faces":{"down":{"texture":"#0","uv":[11.75,4.75,10.375,4.75]},"east":{"texture":"#0","uv":[10,10.25,10,10.5]},"north":{"texture":"#0","uv":[8.75,5.5,10.125,5.75]},"south":{"texture":"#0","uv":[8.75,5.875,10.125,6.125]},"up":{"texture":"#0","uv":[11.75,2.375,10.375,2.375]},"west":{"texture":"#0","uv":[2.25,10.375,2.25,10.625]}},"from":[2.5,13.00731,-2.49058],"rotation":{"angle":22.5,"axis":"x","origin":[8,9.5,1]},"to":[13.5,15.00731,-2.49058]},{"faces":{"down":{"texture":"#0","uv":[11.75,7.5,10.375,7.5]},"east":{"texture":"#0","uv":[2.375,10.375,2.375,10.625]},"north":{"texture":"#0","uv":[8.75,6.25,10.125,6.5]},"south":{"texture":"#0","uv":[8.75,6.625,10.125,6.875]},"up":{"texture":"#0","uv":[11.75,4.875,10.375,4.875]},"west":{"texture":"#0","uv":[2.5,10.375,2.5,10.625]}},"from":[2.5,14.15536,0.28106],"rotation":{"angle":22.5,"axis":"x","origin":[8,9.5,1]},"to":[13.5,16.15536,0.28106]},{"faces":{"down":{"texture":"#0","uv":[11.75,2.25,10.375,2.25]},"east":{"texture":"#0","uv":[3,9.375,3,9.625]},"north":{"texture":"#0","uv":[3.875,8.625,5.25,8.875]},"south":{"texture":"#0","uv":[5.375,8.75,6.75,9]},"up":{"texture":"#0","uv":[11.75,2.125,10.375,2.125]},"west":{"texture":"#0","uv":[9.875,7.5,9.875,7.75]}},"from":[2.5,3.99269,-2.49058],"rotation":{"angle":-22.5,"axis":"x","origin":[8,9.5,1]},"to":[13.5,5.99269,-2.49058]},{"faces":{"down":{"texture":"#0","uv":[11.75,2,10.375,2]},"east":{"texture":"#0","uv":[6.875,5.625,6.875,5.875]},"north":{"texture":"#0","uv":[8.5,2.25,9.875,2.5]},"south":{"texture":"#0","uv":[8.5,2.625,9.875,2.875]},"up":{"texture":"#0","uv":[11.75,1.875,10.375,1.875]},"west":{"texture":"#0","uv":[3.5,8.25,3.5,8.5]}},"from":[2.5,2.84464,0.28106],"rotation":{"angle":-22.5,"axis":"x","origin":[8,9.5,1]},"to":[13.5,4.84464,0.28106]},{"faces":{"down":{"texture":"#0","uv":[0.75,10.5,0.5,10.5]},"east":{"texture":"#0","uv":[8.125,10.375,8.125,11.75]},"north":{"texture":"#0","uv":[7.5,8.75,7.75,10.125]},"south":{"texture":"#0","uv":[2.25,8.875,2.5,10.25]},"up":{"texture":"#0","uv":[3.375,10.375,3.125,10.375]},"west":{"texture":"#0","uv":[8.25,10.375,8.25,11.75]}},"from":[12.65536,4,0.78106],"rotation":{"angle":-22.5,"axis":"y","origin":[8,9.5,1.5]},"to":[14.65536,15,0.78106]},{"faces":{"down":{"texture":"#0","uv":[10.75,4,10.5,4]},"east":{"texture":"#0","uv":[8.375,10.375,8.375,11.75]},"north":{"texture":"#0","uv":[2.625,8.875,2.875,10.25]},"south":{"texture":"#0","uv":[8.875,4,9.125,5.375]},"up":{"texture":"#0","uv":[1.125,10.5,0.875,10.5]},"west":{"texture":"#0","uv":[8.5,10.375,8.5,11.75]}},"from":[11.50731,4,-2.99058],"rotation":{"angle":-22.5,"axis":"y","origin":[8,9.5,0.5]},"to":[13.50731,15,-2.99058]},{"faces":{"down":{"texture":"#0","uv":[7.5,8,7.5,8.5]},"east":{"texture":"#0","uv":[5.875,9.125,6.375,9.625]},"north":{"texture":"#0","uv":[0.875,6.25,0.875,6.75]},"south":{"texture":"#0","uv":[3.875,6.25,3.875,6.75]},"up":{"texture":"#0","uv":[0.75,7.75,0.75,7.25]},"west":{"texture":"#0","uv":[6.5,9.125,7,9.625]}},"from":[8,2.5,4.5],"rotation":{"angle":0,"axis":"y","origin":[6.5,1,8.5]},"to":[8,6.5,8.5]},{"faces":{"down":{"texture":"#0","uv":[3.75,10.125,3.5,10.375]},"east":{"texture":"#0","uv":[10,1.75,10.25,2.375]},"north":{"texture":"#0","uv":[4.5,9.875,4.75,10.5]},"south":{"texture":"#0","uv":[4.875,10,5.125,10.625]},"up":{"texture":"#0","uv":[6.75,5.875,6.5,5.625]},"west":{"texture":"#0","uv":[10,7.5,10.25,8.125]}},"from":[7,1,8.5],"rotation":{"angle":0,"axis":"y","origin":[6.5,1,8.5]},"to":[9,6,10.5]},{"faces":{"down":{"texture":"#0","uv":[1.375,1.5,0.75,4.375]},"east":{"texture":"#0","uv":[0,0,2.875,0.625]},"north":{"texture":"#0","uv":[7.75,2.25,8.375,2.875]},"south":{"texture":"#0","uv":[0.75,7.875,1.375,8.5]},"up":{"texture":"#0","uv":[0.625,4.375,0,1.5]},"west":{"texture":"#0","uv":[0,0.75,2.875,1.375]}},"from":[5.5,7,2.5],"rotation":{"angle":0,"axis":"y","origin":[6.5,1,8.5]},"to":[10.5,12,25.5]},{"faces":{"down":{"texture":"#0","uv":[6.25,7.5,5.875,8.625]},"east":{"texture":"#0","uv":[10.5,4.25,11.625,4.25]},"north":{"texture":"#0","uv":[10.5,4.125,10.875,4.125]},"south":{"texture":"#0","uv":[10.5,4.375,10.875,4.375]},"up":{"texture":"#0","uv":[3.375,1.125,3,0]},"west":{"texture":"#0","uv":[10.5,4.5,11.625,4.5]}},"from":[-0.63773,9.90631,5],"rotation":{"angle":-22.5,"axis":"z","origin":[0.46227,11.40631,9.5]},"to":[2.56227,9.90631,14]},{"faces":{"down":{"texture":"#0","uv":[8.125,0,7.75,1.125]},"east":{"texture":"#0","uv":[10.5,9.5,11.625,9.5]},"north":{"texture":"#0","uv":[10.5,9.375,10.875,9.375]},"south":{"texture":"#0","uv":[10.5,9.625,10.875,9.625]},"up":{"texture":"#0","uv":[8,8.625,7.625,7.5]},"west":{"texture":"#0","uv":[0,10.625,1.125,10.625]}},"from":[-0.56211,13.09146,5],"rotation":{"angle":-22.5,"axis":"z","origin":[0.53789,11.59146,9.5]},"to":[2.63789,13.09146,14]},{"faces":{"down":{"texture":"#0","uv":[10.5,10.5,10.5,11.625]},"east":{"texture":"#0","uv":[6.375,7.5,7.5,7.875]},"north":{"texture":"#0","uv":[10.125,10.5,10.125,10.875]},"south":{"texture":"#0","uv":[10.25,10.5,10.25,10.875]},"up":{"texture":"#0","uv":[10.375,11.625,10.375,10.5]},"west":{"texture":"#0","uv":[7.625,7,8.75,7.375]}},"from":[-0.6,9.9,5],"rotation":{"angle":-22.5,"axis":"z","origin":[0.5,11.5,9.5]},"to":[-0.6,13.1,14]},{"faces":{"down":{"texture":"#0","uv":[1.375,10.625,1.375,11.75]},"east":{"texture":"#0","uv":[7.75,1.25,8.875,1.625]},"north":{"texture":"#0","uv":[10.625,0,10.625,0.375]},"south":{"texture":"#0","uv":[10.625,0.5,10.625,0.875]},"up":{"texture":"#0","uv":[1.25,11.75,1.25,10.625]},"west":{"texture":"#0","uv":[7.75,1.75,8.875,2.125]}},"from":[2.6,9.9,5],"rotation":{"angle":-22.5,"axis":"z","origin":[0.5,11.5,9.5]},"to":[2.6,13.1,14]},{"faces":{"down":{"texture":"#0","uv":[10.75,10.125,10.125,10.25]},"east":{"texture":"#0","uv":[10.25,5.875,10.375,6.125]},"north":{"texture":"#0","uv":[10,8.25,10.625,8.5]},"south":{"texture":"#0","uv":[0.5,10.125,1.125,10.375]},"up":{"texture":"#0","uv":[10.625,8.75,10,8.625]},"west":{"texture":"#0","uv":[10.25,6.25,10.375,6.5]}},"from":[2.9,8.7,12],"rotation":{"angle":-22.5,"axis":"z","origin":[4.5,11.5,9.5]},"to":[7.5,10.7,13]},{"faces":{"down":{"texture":"#0","uv":[10.25,4.75,9.625,4.875]},"east":{"texture":"#0","uv":[6.875,8.75,7,9]},"north":{"texture":"#0","uv":[9.875,8.875,10.5,9.125]},"south":{"texture":"#0","uv":[10,2.5,10.625,2.75]},"up":{"texture":"#0","uv":[8.625,6.375,8,6.25]},"west":{"texture":"#0","uv":[10.25,5.5,10.375,5.75]}},"from":[2.8,8.7,6],"rotation":{"angle":-22.5,"axis":"z","origin":[4.5,11.5,9.5]},"to":[7.5,10.7,7]},{"faces":{"down":{"texture":"#0","uv":[7.75,10.25,7.75,11.125]},"east":{"texture":"#0","uv":[7.875,8.875,8.75,9.25]},"north":{"texture":"#0","uv":[3,8.875,3,9.25]},"south":{"texture":"#0","uv":[7.375,9.5,7.375,9.875]},"up":{"texture":"#0","uv":[7.625,11.125,7.625,10.25]},"west":{"texture":"#0","uv":[8.875,8.875,9.75,9.25]}},"from":[-0.5,10,6],"rotation":{"angle":-22.5,"axis":"z","origin":[0.5,11.5,9.5]},"to":[-0.5,13,13]},{"faces":{"down":{"texture":"#0","uv":[5.875,10.5,5.875,11.375]},"east":{"texture":"#0","uv":[3.875,9,4.75,9.375]},"north":{"texture":"#0","uv":[10.5,5,10.5,5.375]},"south":{"texture":"#0","uv":[10.5,5.5,10.5,5.875]},"up":{"texture":"#0","uv":[5.75,11.375,5.75,10.5]},"west":{"texture":"#0","uv":[9,8,9.875,8.375]}},"from":[2.5,10,6],"rotation":{"angle":-22.5,"axis":"z","origin":[0.5,11.5,9.5]},"to":[2.5,13,13]},{"faces":{"down":{"texture":"#0","uv":[10.875,7.25,10.5,7.25]},"east":{"texture":"#0","uv":[6,10.5,6,10.875]},"north":{"texture":"#0","uv":[1,4.5,1.375,4.875]},"south":{"texture":"#0","uv":[1.25,10.125,1.625,10.5]},"up":{"texture":"#0","uv":[10.875,7.125,10.5,7.125]},"west":{"texture":"#0","uv":[6.125,10.5,6.125,10.875]}},"from":[-0.5,10,13],"rotation":{"angle":-22.5,"axis":"z","origin":[0.5,11.5,9.5]},"to":[2.5,13,13]},{"faces":{"down":{"texture":"#0","uv":[9.125,10.5,8.75,10.5]},"east":{"texture":"#0","uv":[6.25,10.5,6.25,10.875]},"north":{"texture":"#0","uv":[1.75,10.125,2.125,10.5]},"south":{"texture":"#0","uv":[5.25,10.125,5.625,10.5]},"up":{"texture":"#0","uv":[10.875,7.375,10.5,7.375]},"west":{"texture":"#0","uv":[8.625,10.5,8.625,10.875]}},"from":[-0.5,10,6],"rotation":{"angle":-22.5,"axis":"z","origin":[0.5,11.5,9.5]},"to":[2.5,13,6]},{"faces":{"down":{"texture":"#0","uv":[5.25,9,4.875,9.875]},"east":{"texture":"#0","uv":[10.5,6,11.375,6]},"north":{"texture":"#0","uv":[10.5,4.625,10.875,4.625]},"south":{"texture":"#0","uv":[10.5,6.125,10.875,6.125]},"up":{"texture":"#0","uv":[0.375,9.875,0,9]},"west":{"texture":"#0","uv":[10.5,6.25,11.375,6.25]}},"from":[-0.5,10,6],"rotation":{"angle":-22.5,"axis":"z","origin":[0.5,11.5,9.5]},"to":[2.5,10,13]},{"faces":{"down":{"texture":"#0","uv":[5.75,9.125,5.375,10]},"east":{"texture":"#0","uv":[10.5,6.5,11.375,6.5]},"north":{"texture":"#0","uv":[10.5,6.375,10.875,6.375]},"south":{"texture":"#0","uv":[6.625,10.5,7,10.5]},"up":{"texture":"#0","uv":[9.5,0.875,9.125,0]},"west":{"texture":"#0","uv":[10.5,7,11.375,7]}},"from":[-0.5,13,6],"rotation":{"angle":-22.5,"axis":"z","origin":[0.5,11.5,9.5]},"to":[2.5,13,13]}],"gui_light":"front","texture_size":[128,128],"textures":{"0":"civilization:item/tools/pufferfish_cannon/normal/pulling/3","particle":"civilization:item/tools/pufferfish_cannon/normal/pulling/3"}}