{"display":{"firstperson_lefthand":{"rotation":[0,-8,0],"scale":[0.6,0.6,0.6],"translation":[-0.5,2,1.75]},"firstperson_righthand":{"rotation":[0,-8,0],"scale":[0.6,0.6,0.6],"translation":[1.25,2,1.75]},"fixed":{"translation":[0,-1,5]},"ground":{"rotation":[14,23,28],"scale":[0.5,0.5,0.5],"translation":[-1,2,-2.25]},"gui":{"rotation":[22.5,135,0],"scale":[0.53,0.53,0.53],"translation":[-1.25,-1.25,0]},"head":{"scale":[1.2,1.2,1.2],"translation":[0,-4,-4]},"thirdperson_lefthand":{"rotation":[0,0,-3],"scale":[0.8,0.8,0.8],"translation":[0.75,0.5,0]},"thirdperson_righthand":{"rotation":[0,0,-3],"scale":[0.8,0.8,0.8],"translation":[0.75,0.5,0]}},"elements":[{"faces":{"down":{"texture":"#0","uv":[0.875,0,0,0]},"east":{"texture":"#0","uv":[0,0,0,0.875]},"north":{"texture":"#0","uv":[5.625,0,6.5,0.875]},"south":{"texture":"#0","uv":[5.625,0.875,6.5,1.75]},"up":{"texture":"#0","uv":[0.875,0,0,0]},"west":{"texture":"#0","uv":[0,0,0,0.875]}},"from":[4.5,5.5,0.4],"rotation":{"angle":0,"axis":"y","origin":[8,9.5,0.9]},"to":[11.5,12.5,0.4]},{"faces":{"down":{"texture":"#0","uv":[0.875,0,0,0]},"east":{"texture":"#0","uv":[0,0,0,0.875]},"north":{"texture":"#0","uv":[5.25,5.25,6.125,6.125]},"south":{"texture":"#0","uv":[1.75,5.375,2.625,6.25]},"up":{"texture":"#0","uv":[0.875,0,0,0]},"west":{"texture":"#0","uv":[0,0,0,0.875]}},"from":[4.5,5.7,-1.1],"rotation":{"angle":0,"axis":"y","origin":[8,9.5,0.9]},"to":[11.5,12.7,-1.1]},{"faces":{"down":{"texture":"#0","uv":[0.875,0,0,0]},"east":{"texture":"#0","uv":[0,0,0,0.875]},"north":{"texture":"#0","uv":[3.5,4.875,4.375,5.75]},"south":{"texture":"#0","uv":[4.375,5.25,5.25,6.125]},"up":{"texture":"#0","uv":[0.875,0,0,0]},"west":{"texture":"#0","uv":[0,0,0,0.875]}},"from":[4.5,5.8,1.9],"rotation":{"angle":0,"axis":"y","origin":[8,9.5,0.9]},"to":[11.5,12.8,1.9]},{"faces":{"down":{"texture":"#0","uv":[0.625,7.5,0,8.125]},"east":{"texture":"#0","uv":[7,7,7.625,7.625]},"north":{"texture":"#0","uv":[6.375,7,7,7.625]},"south":{"texture":"#0","uv":[7.25,0,7.875,0.625]},"up":{"texture":"#0","uv":[4.25,8,3.625,7.375]},"west":{"texture":"#0","uv":[4.625,7.25,5.25,7.875]}},"from":[5.5,7,-2.1],"rotation":{"angle":0,"axis":"y","origin":[6.5,-12,-9.1]},"to":[10.5,12,2.9]},{"faces":{"down":{"texture":"#0","uv":[5.25,6.125,4.375,6.875]},"east":{"texture":"#0","uv":[0,0,0.75,0]},"north":{"texture":"#0","uv":[0,0,0.875,0]},"south":{"texture":"#0","uv":[0,0,0.875,0]},"up":{"texture":"#0","uv":[1.625,6.875,0.75,6.125]},"west":{"texture":"#0","uv":[0,0,0.75,0]}},"from":[4.5,11,-2.1],"rotation":{"angle":0,"axis":"y","origin":[8,9.5,0.9]},"to":[11.5,11,3.9]},{"faces":{"down":{"texture":"#0","uv":[6.125,6.125,5.25,6.875]},"east":{"texture":"#0","uv":[0,0,0.75,0]},"north":{"texture":"#0","uv":[0,0,0.875,0]},"south":{"texture":"#0","uv":[0,0,0.875,0]},"up":{"texture":"#0","uv":[7,5.875,6.125,5.125]},"west":{"texture":"#0","uv":[0,0,0.75,0]}},"from":[4.5,9.5,-2.1],"rotation":{"angle":0,"axis":"y","origin":[8,9.5,0.9]},"to":[11.5,9.5,3.9]},{"faces":{"down":{"texture":"#0","uv":[2.5,6.25,1.625,7]},"east":{"texture":"#0","uv":[0,0,0.75,0]},"north":{"texture":"#0","uv":[0,0,0.875,0]},"south":{"texture":"#0","uv":[0,0,0.875,0]},"up":{"texture":"#0","uv":[7,6.625,6.125,5.875]},"west":{"texture":"#0","uv":[0,0,0.75,0]}},"from":[4.5,8,-2.1],"rotation":{"angle":0,"axis":"y","origin":[8,9.5,0.9]},"to":[11.5,8,3.9]},{"faces":{"down":{"texture":"#0","uv":[0.5,8.5,0,8.875]},"east":{"texture":"#0","uv":[0,0,0.375,0]},"north":{"texture":"#0","uv":[0,0,0.5,0]},"south":{"texture":"#0","uv":[0,0,0.5,0]},"up":{"texture":"#0","uv":[8.875,3,8.375,2.625]},"west":{"texture":"#0","uv":[0,0,0.375,0]}},"from":[3.01449,8.41351,-1.1],"rotation":{"angle":45,"axis":"z","origin":[5.01449,8.41351,0.4]},"to":[7.01449,8.41351,1.9]},{"faces":{"down":{"texture":"#0","uv":[0,0,0,0.5]},"east":{"texture":"#0","uv":[6.75,8.625,7.25,9]},"north":{"texture":"#0","uv":[0,0,0,0.375]},"south":{"texture":"#0","uv":[0,0,0,0.375]},"up":{"texture":"#0","uv":[0,0.5,0,0]},"west":{"texture":"#0","uv":[8.75,0,9.25,0.375]}},"from":[8.01449,7.31351,1.4],"rotation":{"angle":0,"axis":"y","origin":[8.01449,8.41351,4.4]},"to":[8.01449,10.31351,5.4]},{"faces":{"down":{"texture":"#0","uv":[5.625,8.625,5.125,9]},"east":{"texture":"#0","uv":[0,0,0.375,0]},"north":{"texture":"#0","uv":[0,0,0.5,0]},"south":{"texture":"#0","uv":[0,0,0.5,0]},"up":{"texture":"#0","uv":[1.75,8.875,1.25,8.5]},"west":{"texture":"#0","uv":[0,0,0.375,0]}},"from":[8.98551,8.41351,-1.1],"rotation":{"angle":-45,"axis":"z","origin":[10.98551,8.41351,0.4]},"to":[12.98551,8.41351,1.9]},{"faces":{"down":{"texture":"#0","uv":[4.75,3.25,3.875,4.875]},"east":{"texture":"#0","uv":[0,0,1.625,0]},"north":{"texture":"#0","uv":[0,0,0.875,0]},"south":{"texture":"#0","uv":[0,0,0.875,0]},"up":{"texture":"#0","uv":[4.75,3.25,3.875,1.625]},"west":{"texture":"#0","uv":[0,0,1.625,0]}},"from":[-0.47487,14.47487,10.5],"rotation":{"angle":-45,"axis":"z","origin":[3.02513,14.47487,17]},"to":[6.52513,14.47487,23.5]},{"faces":{"down":{"texture":"#0","uv":[4.75,0,3.875,1.625]},"east":{"texture":"#0","uv":[0,0,1.625,0]},"north":{"texture":"#0","uv":[0,0,0.875,0]},"south":{"texture":"#0","uv":[0,0,0.875,0]},"up":{"texture":"#0","uv":[3.875,4.875,3,3.25]},"west":{"texture":"#0","uv":[0,0,1.625,0]}},"from":[9.47487,14.47487,10.5],"rotation":{"angle":45,"axis":"z","origin":[12.97487,14.47487,17]},"to":[16.47487,14.47487,23.5]},{"faces":{"down":{"texture":"#0","uv":[1.75,4.5,0.875,6.125]},"east":{"texture":"#0","uv":[6.125,6.625,7.75,7]},"north":{"texture":"#0","uv":[8.125,5,9,5.375]},"south":{"texture":"#0","uv":[8.125,5.375,9,5.75]},"up":{"texture":"#0","uv":[0.875,5.75,0,4.125]},"west":{"texture":"#0","uv":[6.75,1.625,8.375,2]}},"from":[4.5,5.5,1.5],"rotation":{"angle":0,"axis":"y","origin":[8,4.5,8]},"to":[11.5,8.5,14.5]},{"faces":{"down":{"texture":"#0","uv":[3.875,1.625,3,3.25]},"east":{"texture":"#0","uv":[6.375,4.25,8,4.625]},"north":{"texture":"#0","uv":[8,7.875,8.875,8.25]},"south":{"texture":"#0","uv":[0,8.125,0.875,8.5]},"up":{"texture":"#0","uv":[3.875,1.625,3,0]},"west":{"texture":"#0","uv":[6.375,4.625,8,5]}},"from":[4.5,10.5,1.5],"rotation":{"angle":0,"axis":"y","origin":[8,11.5,8]},"to":[11.5,13.5,14.5]},{"faces":{"down":{"texture":"#0","uv":[6.75,3.625,5.625,4.25]},"east":{"texture":"#0","uv":[7,5.625,7.625,6.25]},"north":{"texture":"#0","uv":[5.625,1.75,6.75,2.375]},"south":{"texture":"#0","uv":[5.625,2.375,6.75,3]},"up":{"texture":"#0","uv":[6.75,3.625,5.625,3]},"west":{"texture":"#0","uv":[5.75,7,6.375,7.625]}},"from":[3.5,7,7],"rotation":{"angle":0,"axis":"y","origin":[6.5,1,8.5]},"to":[12.5,12,12]},{"faces":{"down":{"texture":"#0","uv":[8.375,2.5,7.625,3]},"east":{"texture":"#0","uv":[8.75,6.375,9.25,6.625]},"north":{"texture":"#0","uv":[2.125,8.5,2.875,8.75]},"south":{"texture":"#0","uv":[8.5,7.5,9.25,7.75]},"up":{"texture":"#0","uv":[8.375,2.5,7.625,2]},"west":{"texture":"#0","uv":[7.5,8.75,8,9]}},"from":[5,10.5,19],"rotation":{"angle":0,"axis":"y","origin":[6.5,15,8.5]},"to":[11,12.5,23]},{"faces":{"down":{"texture":"#0","uv":[2.125,7.625,1.375,8.125]},"east":{"texture":"#0","uv":[6,8.75,6.5,9]},"north":{"texture":"#0","uv":[8.125,4,8.875,4.25]},"south":{"texture":"#0","uv":[0.5,8.5,1.25,8.75]},"up":{"texture":"#0","uv":[8,1.125,7.25,0.625]},"west":{"texture":"#0","uv":[8.75,6.125,9.25,6.375]}},"from":[5,6.5,19],"rotation":{"angle":0,"axis":"y","origin":[6.5,1,8.5]},"to":[11,8.5,23]},{"faces":{"down":{"texture":"#0","uv":[7.625,2.625,6.75,3.25]},"east":{"texture":"#0","uv":[3.625,6.5,4.25,7.375]},"north":{"texture":"#0","uv":[4.75,4.375,5.625,5.25]},"south":{"texture":"#0","uv":[2.625,4.875,3.5,5.75]},"up":{"texture":"#0","uv":[7.625,2.625,6.75,2]},"west":{"texture":"#0","uv":[0,6.625,0.625,7.5]}},"from":[4.5,6,23.5],"rotation":{"angle":0,"axis":"y","origin":[6.5,1,8.5]},"to":[11.5,13,28.5]},{"faces":{"down":{"texture":"#0","uv":[6.75,7.875,6.375,8.75]},"east":{"texture":"#0","uv":[1.25,1.25,2.125,2.875]},"north":{"texture":"#0","uv":[6.5,0,6.875,1.625]},"south":{"texture":"#0","uv":[2.5,6.5,2.875,8.125]},"up":{"texture":"#0","uv":[6.375,8.75,6,7.875]},"west":{"texture":"#0","uv":[2.125,1.25,3,2.875]}},"from":[1.5,3,-1.5],"rotation":{"angle":0,"axis":"y","origin":[5.5,1,12.5]},"to":[4.5,16,5.5]},{"faces":{"down":{"texture":"#0","uv":[4.375,6.5,4.25,6.875]},"east":{"texture":"#0","uv":[3.625,8.375,4,8.875]},"north":{"texture":"#0","uv":[2.875,0,3,0.5]},"south":{"texture":"#0","uv":[2.875,0.5,3,1]},"up":{"texture":"#0","uv":[0.875,6.125,0.75,5.75]},"west":{"texture":"#0","uv":[4,8.375,4.375,8.875]}},"from":[1,6,0.5],"rotation":{"angle":-45,"axis":"z","origin":[1.5,10,2]},"to":[2,10,3.5]},{"faces":{"down":{"texture":"#0","uv":[5.25,7.875,5.125,8.25]},"east":{"texture":"#0","uv":[8.375,6.125,8.75,6.625]},"north":{"texture":"#0","uv":[2,7,2.125,7.5]},"south":{"texture":"#0","uv":[2.375,7,2.5,7.5]},"up":{"texture":"#0","uv":[2.5,7.875,2.375,7.5]},"west":{"texture":"#0","uv":[8.375,8.25,8.75,8.75]}},"from":[14,6,0.5],"rotation":{"angle":45,"axis":"z","origin":[14.5,10,2]},"to":[15,10,3.5]},{"faces":{"down":{"texture":"#0","uv":[5.625,0,4.75,0.875]},"east":{"texture":"#0","uv":[7.875,3.25,8.75,3.625]},"north":{"texture":"#0","uv":[7.875,0,8.75,0.375]},"south":{"texture":"#0","uv":[7.875,3.625,8.75,4]},"up":{"texture":"#0","uv":[2.625,5.375,1.75,4.5]},"west":{"texture":"#0","uv":[6.75,7.875,7.625,8.25]}},"from":[4.5,3,-1.5],"rotation":{"angle":0,"axis":"y","origin":[6.5,0,9.5]},"to":[11.5,6,5.5]},{"faces":{"down":{"texture":"#0","uv":[8.375,0.375,8,1.25]},"east":{"texture":"#0","uv":[1.25,2.875,2.125,4.5]},"north":{"texture":"#0","uv":[2.875,6.5,3.25,8.125]},"south":{"texture":"#0","uv":[3.25,6.5,3.625,8.125]},"up":{"texture":"#0","uv":[8,8.75,7.625,7.875]},"west":{"texture":"#0","uv":[2.125,2.875,3,4.5]}},"from":[11.5,3,-1.5],"rotation":{"angle":0,"axis":"y","origin":[7.5,1,9.5]},"to":[14.5,16,5.5]},{"faces":{"down":{"texture":"#0","uv":[4.375,5.75,3.5,6.5]},"east":{"texture":"#0","uv":[5.625,4.25,6.375,5.125]},"north":{"texture":"#0","uv":[4.75,0.875,5.625,1.75]},"south":{"texture":"#0","uv":[4.75,1.75,5.625,2.625]},"up":{"texture":"#0","uv":[3.5,6.5,2.625,5.75]},"west":{"texture":"#0","uv":[0,5.75,0.75,6.625]}},"from":[4.5,6,-0.5],"rotation":{"angle":0,"axis":"y","origin":[6.5,1,9.5]},"to":[11.5,13,5.5]},{"faces":{"down":{"texture":"#0","uv":[5.625,3.5,4.75,4.375]},"east":{"texture":"#0","uv":[3.625,8,4.5,8.375]},"north":{"texture":"#0","uv":[8,1.25,8.875,1.625]},"south":{"texture":"#0","uv":[8,4.25,8.875,4.625]},"up":{"texture":"#0","uv":[5.625,3.5,4.75,2.625]},"west":{"texture":"#0","uv":[8,4.625,8.875,5]}},"from":[4.5,13,-1.5],"rotation":{"angle":0,"axis":"y","origin":[6.5,2,9.5]},"to":[11.5,16,5.5]},{"faces":{"down":{"texture":"#0","uv":[0.125,0,0,0]},"east":{"texture":"#0","uv":[0,0,0,0.125]},"north":{"texture":"#0","uv":[5.625,5.125,5.75,5.25]},"south":{"texture":"#0","uv":[5.75,5.125,5.875,5.25]},"up":{"texture":"#0","uv":[0.125,0,0,0]},"west":{"texture":"#0","uv":[0,0,0,0.125]}},"from":[1.2,14.2,-1.6],"rotation":{"angle":0,"axis":"y","origin":[5.5,1,12.5]},"to":[2.2,15.2,-1.6]},{"faces":{"down":{"texture":"#0","uv":[0.125,0,0,0]},"east":{"texture":"#0","uv":[0,0,0,0.125]},"north":{"texture":"#0","uv":[5.875,5.125,6,5.25]},"south":{"texture":"#0","uv":[6,5.125,6.125,5.25]},"up":{"texture":"#0","uv":[0.125,0,0,0]},"west":{"texture":"#0","uv":[0,0,0,0.125]}},"from":[13.8,14.2,-1.6],"rotation":{"angle":0,"axis":"y","origin":[10.5,1,12.5]},"to":[14.8,15.2,-1.6]},{"faces":{"down":{"texture":"#0","uv":[0.25,0,0,0]},"east":{"texture":"#0","uv":[0,0,0,1.375]},"north":{"texture":"#0","uv":[2.125,7,2.375,8.375]},"south":{"texture":"#0","uv":[5.25,7.25,5.5,8.625]},"up":{"texture":"#0","uv":[0.25,0,0,0]},"west":{"texture":"#0","uv":[0,0,0,1.375]}},"from":[1.49269,4,-1.99058],"rotation":{"angle":22.5,"axis":"y","origin":[7,9.5,1.5]},"to":[3.49269,15,-1.99058]},{"faces":{"down":{"texture":"#0","uv":[0.25,0,0,0]},"east":{"texture":"#0","uv":[0,0,0,1.375]},"north":{"texture":"#0","uv":[5.5,7.25,5.75,8.625]},"south":{"texture":"#0","uv":[7.625,5,7.875,6.375]},"up":{"texture":"#0","uv":[0.25,0,0,0]},"west":{"texture":"#0","uv":[0,0,0,1.375]}},"from":[0.34464,4,1.78106],"rotation":{"angle":22.5,"axis":"y","origin":[7,9.5,2.5]},"to":[2.34464,15,1.78106]},{"faces":{"down":{"texture":"#0","uv":[1.375,0,0,0]},"east":{"texture":"#0","uv":[0,0,0,0.25]},"north":{"texture":"#0","uv":[6.75,4,8.125,4.25]},"south":{"texture":"#0","uv":[7,6.375,8.375,6.625]},"up":{"texture":"#0","uv":[1.375,0,0,0]},"west":{"texture":"#0","uv":[0,0,0,0.25]}},"from":[2.5,14.00731,-1.49058],"rotation":{"angle":22.5,"axis":"x","origin":[8,10.5,2]},"to":[13.5,16.00731,-1.49058]},{"faces":{"down":{"texture":"#0","uv":[1.375,0,0,0]},"east":{"texture":"#0","uv":[0,0,0,0.25]},"north":{"texture":"#0","uv":[7.625,3,9,3.25]},"south":{"texture":"#0","uv":[5.75,7.625,7.125,7.875]},"up":{"texture":"#0","uv":[1.375,0,0,0]},"west":{"texture":"#0","uv":[0,0,0,0.25]}},"from":[2.5,15.15536,1.28106],"rotation":{"angle":22.5,"axis":"x","origin":[8,10.5,2]},"to":[13.5,17.15536,1.28106]},{"faces":{"down":{"texture":"#0","uv":[1.375,0,0,0]},"east":{"texture":"#0","uv":[0,0,0,0.25]},"north":{"texture":"#0","uv":[7.625,7,9,7.25]},"south":{"texture":"#0","uv":[7.125,7.625,8.5,7.875]},"up":{"texture":"#0","uv":[1.375,0,0,0]},"west":{"texture":"#0","uv":[0,0,0,0.25]}},"from":[2.5,2.99269,-1.49058],"rotation":{"angle":-22.5,"axis":"x","origin":[8,8.5,2]},"to":[13.5,4.99269,-1.49058]},{"faces":{"down":{"texture":"#0","uv":[1.375,0,0,0]},"east":{"texture":"#0","uv":[0,0,0,0.25]},"north":{"texture":"#0","uv":[7.625,7.25,9,7.5]},"south":{"texture":"#0","uv":[7.75,6.625,9.125,6.875]},"up":{"texture":"#0","uv":[1.375,0,0,0]},"west":{"texture":"#0","uv":[0,0,0,0.25]}},"from":[2.5,1.84464,1.28106],"rotation":{"angle":-22.5,"axis":"x","origin":[8,8.5,2]},"to":[13.5,3.84464,1.28106]},{"faces":{"down":{"texture":"#0","uv":[0.25,0,0,0]},"east":{"texture":"#0","uv":[0,0,0,1.375]},"north":{"texture":"#0","uv":[4.625,7.875,4.875,9.25]},"south":{"texture":"#0","uv":[4.875,7.875,5.125,9.25]},"up":{"texture":"#0","uv":[0.25,0,0,0]},"west":{"texture":"#0","uv":[0,0,0,1.375]}},"from":[13.65536,4,1.78106],"rotation":{"angle":-22.5,"axis":"y","origin":[9,9.5,2.5]},"to":[15.65536,15,1.78106]},{"faces":{"down":{"texture":"#0","uv":[0.25,0,0,0]},"east":{"texture":"#0","uv":[0,0,0,1.375]},"north":{"texture":"#0","uv":[7.875,5,8.125,6.375]},"south":{"texture":"#0","uv":[5.75,7.875,6,9.25]},"up":{"texture":"#0","uv":[0.25,0,0,0]},"west":{"texture":"#0","uv":[0,0,0,1.375]}},"from":[12.50731,4,-1.99058],"rotation":{"angle":-22.5,"axis":"y","origin":[9,9.5,1.5]},"to":[14.50731,15,-1.99058]},{"faces":{"down":{"texture":"#0","uv":[0,0,0,0.5]},"east":{"texture":"#0","uv":[8.375,1.625,8.875,2.125]},"north":{"texture":"#0","uv":[0,0,0,0.5]},"south":{"texture":"#0","uv":[0,0,0,0.5]},"up":{"texture":"#0","uv":[0,0.5,0,0]},"west":{"texture":"#0","uv":[8.375,2.125,8.875,2.625]}},"from":[8,2.5,4.5],"rotation":{"angle":0,"axis":"y","origin":[6.5,1,8.5]},"to":[8,6.5,8.5]},{"faces":{"down":{"texture":"#0","uv":[6.75,8.75,6.5,9]},"east":{"texture":"#0","uv":[2.875,8.5,3.125,9.125]},"north":{"texture":"#0","uv":[4.375,8.375,4.625,9]},"south":{"texture":"#0","uv":[7.25,8.625,7.5,9.25]},"up":{"texture":"#0","uv":[8.375,6.375,8.125,6.125]},"west":{"texture":"#0","uv":[8.75,0.375,9,1]}},"from":[7,1,8.5],"rotation":{"angle":0,"axis":"y","origin":[6.5,1,8.5]},"to":[9,6,10.5]},{"faces":{"down":{"texture":"#0","uv":[1.25,1.25,0.625,4.125]},"east":{"texture":"#0","uv":[0,0,2.875,0.625]},"north":{"texture":"#0","uv":[1.375,7,2,7.625]},"south":{"texture":"#0","uv":[7,5,7.625,5.625]},"up":{"texture":"#0","uv":[0.625,4.125,0,1.25]},"west":{"texture":"#0","uv":[0,0.625,2.875,1.25]}},"from":[5.5,7,2.5],"rotation":{"angle":0,"axis":"y","origin":[6.5,1,8.5]},"to":[10.5,12,25.5]},{"faces":{"down":{"texture":"#0","uv":[1,6.875,0.625,8]},"east":{"texture":"#0","uv":[0,0,1.125,0]},"north":{"texture":"#0","uv":[0,0,0.375,0]},"south":{"texture":"#0","uv":[0,0,0.375,0]},"up":{"texture":"#0","uv":[7.25,1.125,6.875,0]},"west":{"texture":"#0","uv":[0,0,1.125,0]}},"from":[-0.63773,9.90631,5],"rotation":{"angle":-22.5,"axis":"z","origin":[0.46227,11.40631,9.5]},"to":[2.56227,9.90631,14]},{"faces":{"down":{"texture":"#0","uv":[4.625,6.875,4.25,8]},"east":{"texture":"#0","uv":[0,0,1.125,0]},"north":{"texture":"#0","uv":[0,0,0.375,0]},"south":{"texture":"#0","uv":[0,0,0.375,0]},"up":{"texture":"#0","uv":[1.375,8,1,6.875]},"west":{"texture":"#0","uv":[0,0,1.125,0]}},"from":[-0.56211,13.09146,5],"rotation":{"angle":-22.5,"axis":"z","origin":[0.53789,11.59146,9.5]},"to":[2.63789,13.09146,14]},{"faces":{"down":{"texture":"#0","uv":[0,0,0,1.125]},"east":{"texture":"#0","uv":[6.75,3.25,7.875,3.625]},"north":{"texture":"#0","uv":[0,0,0,0.375]},"south":{"texture":"#0","uv":[0,0,0,0.375]},"up":{"texture":"#0","uv":[0,1.125,0,0]},"west":{"texture":"#0","uv":[6.75,3.625,7.875,4]}},"from":[-0.6,9.9,5],"rotation":{"angle":-22.5,"axis":"z","origin":[0.5,11.5,9.5]},"to":[-0.6,13.1,14]},{"faces":{"down":{"texture":"#0","uv":[0,0,0,1.125]},"east":{"texture":"#0","uv":[6.875,1.125,8,1.5]},"north":{"texture":"#0","uv":[0,0,0,0.375]},"south":{"texture":"#0","uv":[0,0,0,0.375]},"up":{"texture":"#0","uv":[0,1.125,0,0]},"west":{"texture":"#0","uv":[4.625,6.875,5.75,7.25]}},"from":[2.6,9.9,5],"rotation":{"angle":-22.5,"axis":"z","origin":[0.5,11.5,9.5]},"to":[2.6,13.1,14]},{"faces":{"down":{"texture":"#0","uv":[8.25,7.5,7.625,7.625]},"east":{"texture":"#0","uv":[0.625,6.625,0.75,6.875]},"north":{"texture":"#0","uv":[2.125,8.75,2.75,9]},"south":{"texture":"#0","uv":[8.75,3.25,9.375,3.5]},"up":{"texture":"#0","uv":[7.625,6.375,7,6.25]},"west":{"texture":"#0","uv":[7.875,0.375,8,0.625]}},"from":[2.9,8.7,12],"rotation":{"angle":-22.5,"axis":"z","origin":[4.5,11.5,9.5]},"to":[7.5,10.7,13]},{"faces":{"down":{"texture":"#0","uv":[7.5,1.5,6.875,1.625]},"east":{"texture":"#0","uv":[2.875,1,3,1.25]},"north":{"texture":"#0","uv":[0.5,8.75,1.125,9]},"south":{"texture":"#0","uv":[8.75,1,9.375,1.25]},"up":{"texture":"#0","uv":[7,5.125,6.375,5]},"west":{"texture":"#0","uv":[2.5,6.25,2.625,6.5]}},"from":[2.8,8.7,6],"rotation":{"angle":-22.5,"axis":"z","origin":[4.5,11.5,9.5]},"to":[7.5,10.7,7]},{"faces":{"down":{"texture":"#0","uv":[0,0,0,0.875]},"east":{"texture":"#0","uv":[0.875,8.125,1.75,8.5]},"north":{"texture":"#0","uv":[0,0,0,0.375]},"south":{"texture":"#0","uv":[0,0,0,0.375]},"up":{"texture":"#0","uv":[0,0.875,0,0]},"west":{"texture":"#0","uv":[2.375,8.125,3.25,8.5]}},"from":[-0.5,10,6],"rotation":{"angle":-22.5,"axis":"z","origin":[0.5,11.5,9.5]},"to":[-0.5,13,13]},{"faces":{"down":{"texture":"#0","uv":[0,0,0,0.875]},"east":{"texture":"#0","uv":[8.125,5.75,9,6.125]},"north":{"texture":"#0","uv":[0,0,0,0.375]},"south":{"texture":"#0","uv":[0,0,0,0.375]},"up":{"texture":"#0","uv":[0,0.875,0,0]},"west":{"texture":"#0","uv":[6.75,8.25,7.625,8.625]}},"from":[2.5,10,6],"rotation":{"angle":-22.5,"axis":"z","origin":[0.5,11.5,9.5]},"to":[2.5,13,13]},{"faces":{"down":{"texture":"#0","uv":[0.375,0,0,0]},"east":{"texture":"#0","uv":[0,0,0,0.375]},"north":{"texture":"#0","uv":[0.875,4.125,1.25,4.5]},"south":{"texture":"#0","uv":[2.625,4.5,3,4.875]},"up":{"texture":"#0","uv":[0.375,0,0,0]},"west":{"texture":"#0","uv":[0,0,0,0.375]}},"from":[-0.5,10,13],"rotation":{"angle":-22.5,"axis":"z","origin":[0.5,11.5,9.5]},"to":[2.5,13,13]},{"faces":{"down":{"texture":"#0","uv":[0.375,0,0,0]},"east":{"texture":"#0","uv":[0,0,0,0.375]},"north":{"texture":"#0","uv":[4.375,4.875,4.75,5.25]},"south":{"texture":"#0","uv":[8.75,3.5,9.125,3.875]},"up":{"texture":"#0","uv":[0.375,0,0,0]},"west":{"texture":"#0","uv":[0,0,0,0.375]}},"from":[-0.5,10,6],"rotation":{"angle":-22.5,"axis":"z","origin":[0.5,11.5,9.5]},"to":[2.5,13,6]},{"faces":{"down":{"texture":"#0","uv":[3.625,8.125,3.25,9]},"east":{"texture":"#0","uv":[0,0,0.875,0]},"north":{"texture":"#0","uv":[0,0,0.375,0]},"south":{"texture":"#0","uv":[0,0,0.375,0]},"up":{"texture":"#0","uv":[2.125,9,1.75,8.125]},"west":{"texture":"#0","uv":[0,0,0.875,0]}},"from":[-0.5,10,6],"rotation":{"angle":-22.5,"axis":"z","origin":[0.5,11.5,9.5]},"to":[2.5,10,13]},{"faces":{"down":{"texture":"#0","uv":[8.75,0.375,8.375,1.25]},"east":{"texture":"#0","uv":[0,0,0.875,0]},"north":{"texture":"#0","uv":[0,0,0.375,0]},"south":{"texture":"#0","uv":[0,0,0.375,0]},"up":{"texture":"#0","uv":[8.375,9.125,8,8.25]},"west":{"texture":"#0","uv":[0,0,0.875,0]}},"from":[-0.5,13,6],"rotation":{"angle":-22.5,"axis":"z","origin":[0.5,11.5,9.5]},"to":[2.5,13,13]}],"gui_light":"front","texture_size":[128,128],"textures":{"0":"civilization:item/tools/pufferfish_cannon/normal/pulling/4","particle":"civilization:item/tools/pufferfish_cannon/normal/pulling/4"}}