{"textures":{"0":"modelengine:entity/kobold_assassin","particle":"#0"},"elements":[{"from":[4.0,5.0,5.0],"to":[6.0,8.0,9.0],"faces":{"east":{"uv":[0.4875,11.6375,0.0125,11.9875],"tintindex":0,"rotation":0,"texture":"#0"},"south":{"uv":[7.2375,2.2625,7.0125,2.6125],"tintindex":0,"rotation":0,"texture":"#0"},"north":{"uv":[4.9875,3.5125,4.7625,3.8625],"tintindex":0,"rotation":0,"texture":"#0"},"west":{"uv":[8.9875,11.5125,8.5125,11.8625],"tintindex":0,"rotation":0,"texture":"#0"},"up":{"uv":[11.8875,2.9875,12.1125,2.5125],"tintindex":0,"rotation":0,"texture":"#0"},"down":{"uv":[2.6375,11.8875,2.8625,12.3625],"tintindex":0,"rotation":0,"texture":"#0"}}},{"from":[6.0,3.0,5.0],"to":[8.0,8.0,11.0],"faces":{"east":{"uv":[10.7375,0.0125,10.0125,0.6125],"tintindex":0,"rotation":0,"texture":"#0"},"south":{"uv":[10.1125,11.6375,9.8875,12.2375],"tintindex":0,"rotation":0,"texture":"#0"},"north":{"uv":[9.8625,11.6375,9.6375,12.2375],"tintindex":0,"rotation":0,"texture":"#0"},"west":{"uv":[8.8625,9.8875,8.1375,10.4875],"tintindex":0,"rotation":0,"texture":"#0"},"up":{"uv":[1.3875,4.6125,1.6125,3.8875],"tintindex":0,"rotation":0,"texture":"#0"},"down":{"uv":[1.1375,5.8875,1.3625,6.6125],"tintindex":0,"rotation":0,"texture":"#0"}}},{"from":[2.8786798,1.2928934,4.9],"to":[6.8786798,4.2928934,10.9],"faces":{"east":{"uv":[11.7375,5.3875,11.0125,5.7375],"tintindex":0,"rotation":0,"texture":"#0"},"south":{"uv":[8.4875,11.5125,8.0125,11.8625],"tintindex":0,"rotation":0,"texture":"#0"},"north":{"uv":[11.9875,7.7625,11.5125,8.1125],"tintindex":0,"rotation":0,"texture":"#0"},"west":{"uv":[11.7375,5.0125,11.0125,5.3625],"tintindex":0,"rotation":0,"texture":"#0"},"up":{"uv":[9.7625,11.1125,10.2375,10.3875],"tintindex":0,"rotation":0,"texture":"#0"},"down":{"uv":[10.3875,10.0125,10.8625,10.7375],"tintindex":0,"rotation":0,"texture":"#0"}},"rotation":{"origin":[5.8786798,2.2928934,6.0],"angle":-45.0,"axis":"z"}}],"display":{"head":{"rotation":[0.0,0.0,0.0]},"firstperson_righthand":{"rotation":[0.0,0.0,0.0]},"thirdperson_lefthand":{"rotation":[0.0,-0.0,-0.0]},"firstperson_lefthand":{"rotation":[0.0,-0.0,-0.0]},"fixed":{"rotation":[0.0,0.0,0.0]},"ground":{"rotation":[0.0,0.0,0.0]},"thirdperson_righthand":{"rotation":[0.0,0.0,0.0]},"gui":{"rotation":[-150.0,-45.0,180.0]}}}