{"textures":{"2":"modelengine:entity/kobold_dagger","particle":"#2"},"elements":[{"from":[8.0,8.0,8.0],"to":[9.0,9.0,9.0],"faces":{"east":{"uv":[8.25,1.25,9.75,2.75],"tintindex":0,"rotation":0,"texture":"#2"},"south":{"uv":[8.25,1.25,9.75,2.75],"tintindex":0,"rotation":0,"texture":"#2"},"north":{"uv":[8.25,1.25,9.75,2.75],"tintindex":0,"rotation":0,"texture":"#2"},"west":{"uv":[8.25,1.25,9.75,2.75],"tintindex":0,"rotation":0,"texture":"#2"},"up":{"uv":[8.25,1.25,9.75,2.75],"tintindex":0,"rotation":0,"texture":"#2"},"down":{"uv":[8.25,1.25,9.75,2.75],"tintindex":0,"rotation":0,"texture":"#2"}}}],"display":{"head":{"rotation":[0.0,0.0,0.0]},"firstperson_righthand":{"rotation":[0.0,0.0,0.0]},"thirdperson_lefthand":{"rotation":[0.0,-0.0,-0.0]},"firstperson_lefthand":{"rotation":[0.0,-0.0,-0.0]},"fixed":{"rotation":[0.0,0.0,0.0]},"ground":{"rotation":[0.0,0.0,0.0]},"thirdperson_righthand":{"rotation":[0.0,0.0,0.0]},"gui":{"rotation":[-150.0,-45.0,180.0]}}}