{"display":{"firstperson_lefthand":{"rotation":[15,0,0],"scale":[0.62,0.62,0.62],"translation":[1.5,2.25,0.25]},"firstperson_righthand":{"rotation":[15,0,0],"scale":[0.62,0.62,0.62],"translation":[1.5,2.25,0.25]},"fixed":{"rotation":[90,90,-90],"scale":[0.65,0.65,0.65],"translation":[0,0,-0.5]},"ground":{"rotation":[60,0,37],"scale":[0.6,0.6,0.6],"translation":[0,4,0]},"gui":{"rotation":[90,-135,90],"scale":[0.5,0.5,0.5],"translation":[0,0,-0.5]},"head":{"scale":[0.85,0.85,0.85],"translation":[0,9,0]},"thirdperson_lefthand":{"scale":[0.75,0.75,0.75],"translation":[0,6.25,1.5]},"thirdperson_righthand":{"scale":[0.75,0.75,0.75],"translation":[0,6.25,1.5]}},"elements":[{"faces":{"down":{"texture":"#0","uv":[7,7.25,6.5,7.75]},"east":{"texture":"#0","uv":[0,4.25,0.5,6.5]},"north":{"texture":"#0","uv":[4,2.5,4.5,4.75]},"south":{"texture":"#0","uv":[0.5,4.25,1,6.5]},"up":{"texture":"#0","uv":[6.5,7.75,6,7.25]},"west":{"texture":"#0","uv":[1,4.25,1.5,6.5]}},"from":[7,-7,6.86182],"rotation":{"angle":0,"axis":"y","origin":[7,-5,6.86182]},"to":[9,2,8.86182]},{"faces":{"down":{"texture":"#0","uv":[7.5,3.5,6.75,4.25]},"east":{"texture":"#0","uv":[6.5,2,7.25,2.75]},"north":{"texture":"#0","uv":[0.75,6.5,1.5,7.25]},"south":{"texture":"#0","uv":[6.5,2.75,7.25,3.5]},"up":{"texture":"#0","uv":[2.25,7.5,1.5,6.75]},"west":{"texture":"#0","uv":[6.25,6.5,7,7.25]}},"from":[6.5,-9,6.36182],"rotation":{"angle":45,"axis":"x","origin":[8.5,-7.5,7.86182]},"to":[9.5,-6,9.36182]},{"faces":{"down":{"texture":"#0","uv":[8,4.5,7.5,5]},"east":{"texture":"#0","uv":[1.25,7.5,1.75,8]},"north":{"texture":"#0","uv":[0,7.5,0.5,8]},"south":{"texture":"#0","uv":[1.75,7.5,2.25,8]},"up":{"texture":"#0","uv":[8,4.5,7.5,4]},"west":{"texture":"#0","uv":[7.5,3.5,8,4]}},"from":[7,-10,7.86182],"rotation":{"angle":45,"axis":"x","origin":[8,-8,7.86182]},"to":[9,-8,9.86182]},{"faces":{"down":{"texture":"#0","uv":[7.5,6,7,6.75]},"east":{"texture":"#0","uv":[5.25,2,6,2.5]},"north":{"texture":"#0","uv":[4.75,7.5,5.25,8]},"south":{"texture":"#0","uv":[7.5,5,8,5.5]},"up":{"texture":"#0","uv":[6,7.75,5.5,7]},"west":{"texture":"#0","uv":[7,1.5,7.75,2]}},"from":[7,0.25013,3.6],"rotation":{"angle":-22.5,"axis":"x","origin":[8,1.50013,4.1]},"to":[9,2.25013,6.6]},{"faces":{"down":{"texture":"#0","uv":[1.25,8,0.75,8.25]},"east":{"texture":"#0","uv":[3.75,5,4,6]},"north":{"texture":"#0","uv":[3.5,6,4,7]},"south":{"texture":"#0","uv":[7,5,7.5,6]},"up":{"texture":"#0","uv":[8.5,0.75,8,0.5]},"west":{"texture":"#0","uv":[0.5,7.5,0.75,8.5]}},"from":[7,-0.18964,2.38911],"rotation":{"angle":-22.5,"axis":"x","origin":[8,1.81036,2.88911]},"to":[9,3.81036,3.38911]},{"faces":{"down":{"texture":"#0","uv":[8.5,1,8,1.25]},"east":{"texture":"#0","uv":[2.25,6.75,2.5,8.25]},"north":{"texture":"#0","uv":[5.75,5.5,6.25,7]},"south":{"texture":"#0","uv":[6,2,6.5,3.5]},"up":{"texture":"#0","uv":[8.5,1,8,0.75]},"west":{"texture":"#0","uv":[4.25,7,4.5,8.5]}},"from":[7,0.50013,11.3],"rotation":{"angle":22.5,"axis":"x","origin":[8,1.75013,11.3]},"to":[9,6.50013,12.3]},{"faces":{"down":{"texture":"#0","uv":[8,7.5,7.5,8]},"east":{"texture":"#0","uv":[7.5,6,8,6.5]},"north":{"texture":"#0","uv":[7.5,5.5,8,6]},"south":{"texture":"#0","uv":[7.5,6.5,8,7]},"up":{"texture":"#0","uv":[8,7.5,7.5,7]},"west":{"texture":"#0","uv":[7,7.5,7.5,8]}},"from":[7,0.50013,9.3],"rotation":{"angle":22.5,"axis":"x","origin":[8,1.75013,11.3]},"to":[9,2.50013,11.3]},{"faces":{"down":{"texture":"#0","uv":[8.25,0,8,0.5]},"east":{"texture":"#0","uv":[5,4.5,5.5,4.75]},"north":{"texture":"#0","uv":[5.5,4.5,5.75,4.75]},"south":{"texture":"#0","uv":[5.5,6.75,5.75,7]},"up":{"texture":"#0","uv":[7,5.5,6.75,5]},"west":{"texture":"#0","uv":[0,8,0.5,8.25]}},"from":[7.5,22.99,7.35182],"rotation":{"angle":0,"axis":"y","origin":[7.5,-1,6.36182]},"to":[8.5,24,9.36182]},{"faces":{"down":{"texture":"#0","uv":[8.25,2.25,8,2.5]},"east":{"texture":"#0","uv":[1.25,7.25,1.5,7.5]},"north":{"texture":"#0","uv":[6,7,6.25,7.25]},"south":{"texture":"#0","uv":[8,1.75,8.25,2]},"up":{"texture":"#0","uv":[8.25,2.25,8,2]},"west":{"texture":"#0","uv":[2,8,2.25,8.25]}},"from":[7.5,24,8.36182],"rotation":{"angle":0,"axis":"y","origin":[7.5,-1,6.36182]},"to":[8.5,25,9.36182]},{"faces":{"down":{"texture":"#0","uv":[8.25,4.25,8,4.5]},"east":{"texture":"#0","uv":[8,2.75,8.25,3]},"north":{"texture":"#0","uv":[8,2.5,8.25,2.75]},"south":{"texture":"#0","uv":[8,3.5,8.25,3.75]},"up":{"texture":"#0","uv":[8.25,4.25,8,4]},"west":{"texture":"#0","uv":[8,3.75,8.25,4]}},"from":[7.5,25,8.86182],"rotation":{"angle":0,"axis":"y","origin":[7.5,-1,6.36182]},"to":[8.5,25.5,9.36182]},{"faces":{"down":{"texture":"#0","uv":[4.25,7.75,4,8.5]},"east":{"texture":"#0","uv":[2.75,6,3.5,7]},"north":{"texture":"#0","uv":[5.25,7.5,5.5,8.5]},"south":{"texture":"#0","uv":[7.75,0,8,1]},"up":{"texture":"#0","uv":[4,8.5,3.75,7.75]},"west":{"texture":"#0","uv":[6,3.5,6.75,4.5]}},"from":[7.25,2.44239,6.11182],"rotation":{"angle":0,"axis":"y","origin":[6.7,-3.10761,6.56182]},"to":[8.75,6.94239,9.61182]},{"faces":{"down":{"texture":"#0","uv":[0.75,6.5,0,7.5]},"east":{"texture":"#0","uv":[4.75,4.75,5.75,5.75]},"north":{"texture":"#0","uv":[6.25,0,7,1]},"south":{"texture":"#0","uv":[6.25,1,7,2]},"up":{"texture":"#0","uv":[7,6.5,6.25,5.5]},"west":{"texture":"#0","uv":[5,2.5,6,3.5]}},"from":[6.5,3,-0.50214],"rotation":{"angle":45,"axis":"x","origin":[6.5,-4,1.49786]},"to":[9.5,7,3.49786]},{"faces":{"down":{"texture":"#0","uv":[0,0,0,0.5]},"east":{"texture":"#0","uv":[7,6.75,7.5,7.5]},"north":{"texture":"#0","uv":[0,0,0,0.75]},"south":{"texture":"#0","uv":[0,0,0,0.75]},"up":{"texture":"#0","uv":[0,0.5,0,0]},"west":{"texture":"#0","uv":[0.75,7.25,1.25,8]}},"from":[7.46,20.91421,6.7405],"rotation":{"angle":45,"axis":"x","origin":[7.9,23.41421,7.2405]},"to":[7.46,23.91421,8.7405]},{"faces":{"down":{"texture":"#0","uv":[0,0,0,0.5]},"east":{"texture":"#0","uv":[7.25,2,7.75,2.75]},"north":{"texture":"#0","uv":[0,0,0,0.75]},"south":{"texture":"#0","uv":[0,0,0,0.75]},"up":{"texture":"#0","uv":[0,0.5,0,0]},"west":{"texture":"#0","uv":[7.25,2.75,7.75,3.5]}},"from":[8.54,20.91421,6.7405],"rotation":{"angle":45,"axis":"x","origin":[8.1,23.41421,7.2405]},"to":[8.54,23.91421,8.7405]},{"faces":{"down":{"texture":"#0","uv":[6.5,7.75,6.25,8.5]},"east":{"texture":"#0","uv":[6.75,4.25,7.5,5]},"north":{"texture":"#0","uv":[5.5,7.75,5.75,8.5]},"south":{"texture":"#0","uv":[5.75,7.75,6,8.5]},"up":{"texture":"#0","uv":[6.25,8.5,6,7.75]},"west":{"texture":"#0","uv":[4.75,6.75,5.5,7.5]}},"from":[7.495,20.90921,6.7355],"rotation":{"angle":45,"axis":"x","origin":[8,23.41421,7.2405]},"to":[8.505,23.91921,9.7455]},{"faces":{"down":{"texture":"#0","uv":[5,8,4.75,8.25]},"east":{"texture":"#0","uv":[8,1.25,8.25,1.75]},"north":{"texture":"#0","uv":[1.25,8,1.5,8.5]},"south":{"texture":"#0","uv":[1.5,8,1.75,8.5]},"up":{"texture":"#0","uv":[8.25,4.75,8,4.5]},"west":{"texture":"#0","uv":[1.75,8,2,8.5]}},"from":[7.5,23.91421,6.7405],"rotation":{"angle":45,"axis":"x","origin":[8,23.41421,7.2405]},"to":[8.5,25.91421,7.7405]},{"faces":{"down":{"texture":"#0","uv":[8.25,5.75,8,6]},"east":{"texture":"#0","uv":[5,8,5.25,8.25]},"north":{"texture":"#0","uv":[8,4.75,8.25,5]},"south":{"texture":"#0","uv":[8,5,8.25,5.25]},"up":{"texture":"#0","uv":[8.25,5.75,8,5.5]},"west":{"texture":"#0","uv":[8,5.25,8.25,5.5]}},"from":[7.5,25.91421,6.7405],"rotation":{"angle":45,"axis":"x","origin":[8,23.41421,7.2405]},"to":[8.5,26.41421,7.2405]},{"faces":{"down":{"texture":"#0","uv":[8.25,7,8,7.25]},"east":{"texture":"#0","uv":[8,6.25,8.25,6.5]},"north":{"texture":"#0","uv":[8,6,8.25,6.25]},"south":{"texture":"#0","uv":[8,6.5,8.25,6.75]},"up":{"texture":"#0","uv":[7.25,8.25,7,8]},"west":{"texture":"#0","uv":[8,6.75,8.25,7]}},"from":[7.5,26.40685,6.73745],"rotation":{"angle":45,"axis":"x","origin":[8,23.40685,7.24786]},"to":[8.5,26.67063,6.94786]},{"faces":{"down":{"texture":"#0","uv":[8.25,7.75,8,8]},"east":{"texture":"#0","uv":[8,7.25,8.25,7.5]},"north":{"texture":"#0","uv":[7.25,8,7.5,8.25]},"south":{"texture":"#0","uv":[7.5,8,7.75,8.25]},"up":{"texture":"#0","uv":[8,8.25,7.75,8]},"west":{"texture":"#0","uv":[8,7.5,8.25,7.75]}},"from":[7.5,26.41421,6.9405],"rotation":{"angle":45,"axis":"x","origin":[8,23.41421,7.2405]},"to":[8.5,26.61421,7.0405]},{"faces":{"down":{"texture":"#0","uv":[1,8.25,0.75,8.5]},"east":{"texture":"#0","uv":[0,8.25,0.25,8.5]},"north":{"texture":"#0","uv":[8,8,8.25,8.25]},"south":{"texture":"#0","uv":[8.25,0,8.5,0.25]},"up":{"texture":"#0","uv":[8.5,0.5,8.25,0.25]},"west":{"texture":"#0","uv":[0.25,8.25,0.5,8.5]}},"from":[7.5,26.41421,7.0405],"rotation":{"angle":45,"axis":"x","origin":[8,23.41421,7.2405]},"to":[8.5,26.51421,7.1405]},{"faces":{"down":{"rotation":180,"texture":"#2","uv":[2.48,14.02,2,16]},"east":{"rotation":90,"texture":"#2","uv":[0.5,14,2.48,15.98]},"north":{"rotation":90,"texture":"#2","uv":[0.5,14,2.48,14.48]},"west":{"rotation":90,"texture":"#2","uv":[0.5,15.98,2.48,14]}},"from":[7.52,6.77,15.63182],"rotation":{"angle":45,"axis":"x","origin":[8,20.25,8.11182]},"to":[8.48,10.73,19.59182]},{"faces":{"down":{"texture":"#0","uv":[8.5,2,8.25,2.25]},"east":{"texture":"#0","uv":[8.25,1.25,8.5,1.5]},"north":{"texture":"#0","uv":[1,8.25,1.25,8.5]},"south":{"texture":"#0","uv":[8.25,1.5,8.5,1.75]},"up":{"texture":"#0","uv":[2.25,8.5,2,8.25]},"west":{"texture":"#0","uv":[8.25,1.75,8.5,2]}},"from":[7.497,25.497,9.2625],"rotation":{"angle":0,"axis":"y","origin":[7.5,-1.00368,6.3655]},"to":[8.503,26.14932,9.36482]},{"faces":{"down":{"texture":"#0","uv":[3.5,8.25,3.25,8.5]},"east":{"texture":"#0","uv":[8.25,2.25,8.5,2.5]},"north":{"texture":"#0","uv":[2.25,8.25,2.5,8.5]},"south":{"texture":"#0","uv":[8.25,2.5,8.5,2.75]},"up":{"texture":"#0","uv":[8.5,3.25,8.25,3]},"west":{"texture":"#0","uv":[8.25,2.75,8.5,3]}},"from":[7.5,26.60685,6.73745],"rotation":{"angle":45,"axis":"x","origin":[8,23.40685,7.24786]},"to":[8.5,26.77063,6.84786]},{"faces":{"down":{"texture":"#0","uv":[3.75,7.75,3.25,8.25]},"east":{"texture":"#0","uv":[2,4.5,2.5,6.75]},"north":{"texture":"#0","uv":[1.5,4.5,2,6.75]},"south":{"texture":"#0","uv":[4.5,2.5,5,4.75]},"up":{"texture":"#0","uv":[8.25,3.5,7.75,3]},"west":{"texture":"#0","uv":[4,4.75,4.5,7]}},"from":[6.7,-8.4,6.56182],"rotation":{"angle":0,"axis":"y","origin":[7,-5.1,6.86182]},"to":[9.3,1.2,9.16182]},{"faces":{"east":{"texture":"#2","uv":[1.99,5,0.5,13.49]},"north":{"texture":"#2","uv":[0.98,5,0.49,13.49]},"south":{"texture":"#2","uv":[1.5,5,1.99,13.49]},"west":{"texture":"#2","uv":[0.5,5,1.99,13.49]}},"from":[7.51,6.01,6.37182],"rotation":{"angle":0,"axis":"y","origin":[7.5,-1,6.36182]},"to":[8.49,22.99,9.35182]},{"faces":{"down":{"texture":"#0","uv":[0,0,0,0.25]},"east":{"texture":"#0","uv":[8.25,3.25,8.5,3.5]},"north":{"texture":"#0","uv":[0,0,0,0.25]},"south":{"texture":"#0","uv":[0,0,0,0.25]},"up":{"texture":"#0","uv":[0,0.25,0,0]},"west":{"texture":"#0","uv":[3.5,8.25,3.75,8.5]}},"from":[7.76,20,7.38062],"rotation":{"angle":0,"axis":"y","origin":[8,11.21778,10.5]},"to":[7.76,21,8.36062]},{"faces":{"down":{"texture":"#0","uv":[0,0,0,0]},"east":{"texture":"#0","uv":[0,0,0,4.25]},"north":{"texture":"#0","uv":[0,0,0,4.25]},"south":{"texture":"#0","uv":[0,0,0,4.25]},"up":{"texture":"#0","uv":[0,0,0,0]},"west":{"texture":"#0","uv":[0,0,0,4.25]}},"from":[7.47,6,6.37182],"rotation":{"angle":0,"axis":"y","origin":[7.5,-2.1,6.36182]},"to":[7.47,23,6.37182]},{"faces":{"down":{"texture":"#2","uv":[0,0,0,1.25]},"east":{"texture":"#2","uv":[4.5,6.5,2,9]},"north":{"texture":"#2","uv":[0,0,0,1.25]},"south":{"texture":"#2","uv":[0,0,0,1.25]},"up":{"texture":"#2","uv":[0,1.25,0,0]},"west":{"texture":"#2","uv":[2,6.5,4.5,9]}},"from":[6.55422,15.01,9.0819],"rotation":{"angle":-22.5,"axis":"y","origin":[6.55422,17.51,11.5819]},"to":[6.55422,20.01,14.0819]},{"faces":{"down":{"texture":"#2","uv":[0,0,0,1]},"east":{"texture":"#2","uv":[4,9.5,2,11.5]},"north":{"texture":"#2","uv":[0,0,0,1]},"south":{"texture":"#2","uv":[0,0,0,1]},"up":{"texture":"#2","uv":[0,1,0,0]},"west":{"texture":"#2","uv":[2,9.5,4,11.5]}},"from":[6.55422,10.01,9.0819],"rotation":{"angle":-22.5,"axis":"y","origin":[6.55422,11.51,11.5819]},"to":[6.55422,14.01,13.0819]},{"faces":{"down":{"texture":"#2","uv":[0,0,0,0.75]},"east":{"texture":"#2","uv":[3.5,12,2,13.5]},"north":{"texture":"#2","uv":[0,0,0,0.75]},"south":{"texture":"#2","uv":[0,0,0,0.75]},"up":{"texture":"#2","uv":[0,0.75,0,0]},"west":{"texture":"#2","uv":[2,12,3.5,13.5]}},"from":[6.55422,6.01,9.0819],"rotation":{"angle":-22.5,"axis":"y","origin":[6.55422,6.51,11.5819]},"to":[6.55422,9.01,12.0819]},{"faces":{"down":{"texture":"#2","uv":[0,0,0,1]},"east":{"texture":"#2","uv":[4,9.5,2,11.5]},"north":{"texture":"#2","uv":[0,0,0,1]},"south":{"texture":"#2","uv":[0,0,0,1]},"up":{"texture":"#2","uv":[0,1,0,0]},"west":{"texture":"#2","uv":[2,9.5,4,11.5]}},"from":[9.44578,10.01,9.0819],"rotation":{"angle":22.5,"axis":"y","origin":[9.44578,11.51,11.5819]},"to":[9.44578,14.01,13.0819]},{"faces":{"down":{"texture":"#2","uv":[0,0,0,1.25]},"east":{"texture":"#2","uv":[4.5,6.5,2,9]},"north":{"texture":"#2","uv":[0,0,0,1.25]},"south":{"texture":"#2","uv":[0,0,0,1.25]},"up":{"texture":"#2","uv":[0,1.25,0,0]},"west":{"texture":"#2","uv":[2,6.5,4.5,9]}},"from":[9.44578,15.01,9.0819],"rotation":{"angle":22.5,"axis":"y","origin":[9.44578,17.51,11.5819]},"to":[9.44578,20.01,14.0819]},{"faces":{"down":{"texture":"#2","uv":[0,0,0,0.75]},"east":{"texture":"#2","uv":[3.5,12,2,13.5]},"north":{"texture":"#2","uv":[0,0,0,0.75]},"south":{"texture":"#2","uv":[0,0,0,0.75]},"up":{"texture":"#2","uv":[0,0.75,0,0]},"west":{"texture":"#2","uv":[2,12,3.5,13.5]}},"from":[9.44578,6.01,9.0819],"rotation":{"angle":22.5,"axis":"y","origin":[9.44578,6.51,11.5819]},"to":[9.44578,9.01,12.0819]},{"faces":{"down":{"texture":"#1","uv":[0,0,0,2.5]},"east":{"texture":"#1","uv":[3,0,5.5,4.5]},"north":{"texture":"#1","uv":[0,0,0,4.5]},"south":{"texture":"#1","uv":[0,0,0,4.5]},"up":{"texture":"#1","uv":[0,2.5,0,0]},"west":{"texture":"#1","uv":[3,4.5,5.5,9]}},"from":[7.995,-6.905,3.60682],"rotation":{"angle":22.5,"axis":"x","origin":[8,-2.9,6.11182]},"to":[8.005,2.105,8.61682]},{"faces":{"down":{"texture":"#1","uv":[0,0,0,2.5]},"east":{"texture":"#1","uv":[5.5,0,8,2.5]},"north":{"texture":"#1","uv":[0,0,0,2.5]},"south":{"texture":"#1","uv":[0,0,0,2.5]},"up":{"texture":"#1","uv":[0,2.5,0,0]},"west":{"texture":"#1","uv":[5.5,2.5,8,5]}},"from":[7.995,-12.155,4.85682],"rotation":{"angle":45,"axis":"x","origin":[8,-10.15,7.86182]},"to":[8.005,-7.145,9.86682]},{"faces":{"down":{"texture":"#1","uv":[0,0,0,1]},"east":{"texture":"#1","uv":[8,8,9,9]},"north":{"texture":"#1","uv":[0,0,0,1]},"south":{"texture":"#1","uv":[0,0,0,1]},"up":{"texture":"#1","uv":[0,1,0,0]},"west":{"texture":"#1","uv":[0,8.5,1,9.5]}},"from":[6.445,3.995,0.49286],"rotation":{"angle":45,"axis":"x","origin":[7.4,-4,1.49786]},"to":[6.455,6.005,2.50286]},{"faces":{"down":{"texture":"#1","uv":[0,0,0,0.5]},"east":{"texture":"#1","uv":[5,9,5.5,9.5]},"north":{"texture":"#1","uv":[0,0,0,0.5]},"south":{"texture":"#1","uv":[0,0,0,0.5]},"up":{"texture":"#1","uv":[0,0.5,0,0]},"west":{"texture":"#1","uv":[9,8.5,9.5,9]}},"from":[6.445,-8.16756,7.2836],"rotation":{"angle":45,"axis":"x","origin":[6.5,-7.66256,8.0386]},"to":[6.455,-7.15756,8.2936]},{"faces":{"down":{"texture":"#1","uv":[0,0,0,0.5]},"east":{"texture":"#1","uv":[9,9,9.5,9.5]},"north":{"texture":"#1","uv":[0,0,0,0.5]},"south":{"texture":"#1","uv":[0,0,0,0.5]},"up":{"texture":"#1","uv":[0,0.5,0,0]},"west":{"texture":"#1","uv":[0,9.5,0.5,10]}},"from":[9.545,-8.16756,7.2836],"rotation":{"angle":45,"axis":"x","origin":[9.5,-7.66256,8.0386]},"to":[9.555,-7.15756,8.2936]},{"faces":{"down":{"texture":"#1","uv":[0,0,0,1]},"east":{"texture":"#1","uv":[1,8.5,2,9.5]},"north":{"texture":"#1","uv":[0,0,0,1]},"south":{"texture":"#1","uv":[0,0,0,1]},"up":{"texture":"#1","uv":[0,1,0,0]},"west":{"texture":"#1","uv":[2,8.5,3,9.5]}},"from":[9.545,3.995,0.49286],"rotation":{"angle":45,"axis":"x","origin":[8.6,-4,1.49786]},"to":[9.555,6.005,2.50286]},{"faces":{"down":{"texture":"#1","uv":[0,0,0,1.5]},"east":{"texture":"#1","uv":[8,6,9.5,7]},"north":{"texture":"#1","uv":[0,0,0,1]},"south":{"texture":"#1","uv":[0,0,0,1]},"up":{"texture":"#1","uv":[0,1.5,0,0]},"west":{"texture":"#1","uv":[8,7,9.5,8]}},"from":[7.995,1.82176,1.9371],"rotation":{"angle":-45,"axis":"x","origin":[8,3.32676,4.4421]},"to":[8.005,3.83176,4.9471]},{"faces":{"down":{"texture":"#1","uv":[0,0,0,2.5]},"east":{"texture":"#1","uv":[8,4,10.5,5]},"north":{"texture":"#1","uv":[0,0,0,1]},"south":{"texture":"#1","uv":[0,0,0,1]},"up":{"texture":"#1","uv":[0,2.5,0,0]},"west":{"texture":"#1","uv":[8,5,10.5,6]}},"from":[7.995,2.72176,8.1529],"rotation":{"angle":45,"axis":"x","origin":[8,4.22676,10.6579]},"to":[8.005,4.73176,13.1629]},{"faces":{"down":{"texture":"#1","uv":[0,0,0,1]},"east":{"texture":"#1","uv":[8,9,9,9.5]},"north":{"texture":"#1","uv":[0,0,0,0.5]},"south":{"texture":"#1","uv":[0,0,0,0.5]},"up":{"texture":"#1","uv":[0,1,0,0]},"west":{"texture":"#1","uv":[9,8,10,8.5]}},"from":[7.995,25.91921,5.7355],"rotation":{"angle":45,"axis":"x","origin":[8,23.41421,7.2405]},"to":[8.005,26.41921,7.2455]},{"faces":{"down":{"texture":"#1","uv":[0,0,0,1]},"east":{"texture":"#1","uv":[3,9,4,10]},"north":{"texture":"#1","uv":[0,0,0,1]},"south":{"texture":"#1","uv":[0,0,0,1]},"up":{"texture":"#1","uv":[0,1,0,0]},"west":{"texture":"#1","uv":[4,9,5,10]}},"from":[7.995,23.90921,5.7355],"rotation":{"angle":45,"axis":"x","origin":[8,23.41421,7.2405]},"to":[8.005,25.91921,7.7455]},{"faces":{"down":{"texture":"#1","uv":[0,0,0,0.5]},"east":{"texture":"#1","uv":[0.5,9.5,1,10]},"north":{"texture":"#1","uv":[0,0,0,0.5]},"south":{"texture":"#1","uv":[0,0,0,0.5]},"up":{"texture":"#1","uv":[0,0.5,0,0]},"west":{"texture":"#1","uv":[1,9.5,1.5,10]}},"from":[7.996,26.41021,5.7365],"rotation":{"angle":45,"axis":"x","origin":[8,23.41421,7.2405]},"to":[8.004,26.71821,6.9445]},{"faces":{"down":{"texture":"#1","uv":[0,0,0,0.5]},"east":{"texture":"#1","uv":[1.5,9.5,2,10]},"north":{"texture":"#1","uv":[0,0,0,0.5]},"south":{"texture":"#1","uv":[0,0,0,0.5]},"up":{"texture":"#1","uv":[0,0.5,0,0]},"west":{"texture":"#1","uv":[2,9.5,2.5,10]}},"from":[7.994,26.14532,9.269],"rotation":{"angle":0,"axis":"y","origin":[8.5,26.10046,8.47849]},"to":[8.006,27.56593,9.36292]},{"faces":{"down":{"texture":"#1","uv":[0,0,0,0.5]},"east":{"texture":"#1","uv":[2.5,9.5,3,10]},"north":{"texture":"#1","uv":[0,0,0,0.5]},"south":{"texture":"#1","uv":[0,0,0,0.5]},"up":{"texture":"#1","uv":[0,0.5,0,0]},"west":{"texture":"#1","uv":[5,9.5,5.5,10]}},"from":[8.001,27.68903,6.21528],"rotation":{"angle":45,"axis":"x","origin":[8.005,24.09303,7.21928]},"to":[8.009,27.78903,6.52328]},{"faces":{"down":{"texture":"#1","uv":[0,0,0,0.5]},"east":{"texture":"#1","uv":[9.5,6,10,6.5]},"north":{"texture":"#1","uv":[0,0,0,0.5]},"south":{"texture":"#1","uv":[0,0,0,0.5]},"up":{"texture":"#1","uv":[0,0.5,0,0]},"west":{"texture":"#1","uv":[9.5,6.5,10,7]}},"from":[8.001,27.78903,6.21528],"rotation":{"angle":45,"axis":"x","origin":[8.005,24.09303,7.21928]},"to":[8.009,27.88903,6.42328]},{"faces":{"down":{"texture":"#1","uv":[0,0,0,0.5]},"east":{"texture":"#1","uv":[9.5,7,10,7.5]},"north":{"texture":"#1","uv":[0,0,0,0.5]},"south":{"texture":"#1","uv":[0,0,0,0.5]},"up":{"texture":"#1","uv":[0,0.5,0,0]},"west":{"texture":"#1","uv":[9.5,7.5,10,8]}},"from":[8.001,27.88903,6.21528],"rotation":{"angle":45,"axis":"x","origin":[8.005,24.09303,7.21928]},"to":[8.009,27.99703,6.32328]},{"faces":{"down":{"texture":"#1","uv":[0,0,0,0.5]},"east":{"texture":"#1","uv":[8,9.5,8.5,10]},"north":{"texture":"#1","uv":[0,0,0,0.5]},"south":{"texture":"#1","uv":[0,0,0,0.5]},"up":{"texture":"#1","uv":[0,0.5,0,0]},"west":{"texture":"#1","uv":[8.5,9.5,9,10]}},"from":[8.001,26.91732,6.24357],"rotation":{"angle":45,"axis":"x","origin":[8.005,24.12132,7.24757]},"to":[8.009,27.57731,6.75157]},{"faces":{"down":{"texture":"#1","uv":[0,0,0,0.5]},"east":{"texture":"#1","uv":[9.5,8.5,10,9]},"north":{"texture":"#1","uv":[0,0,0,0.5]},"south":{"texture":"#1","uv":[0,0,0,0.5]},"up":{"texture":"#1","uv":[0,0.5,0,0]},"west":{"texture":"#1","uv":[9,9.5,9.5,10]}},"from":[8.001,27.58903,6.21528],"rotation":{"angle":45,"axis":"x","origin":[8.005,24.09303,7.21928]},"to":[8.009,27.68903,6.62328]},{"faces":{"down":{"texture":"#1","uv":[0,0,0,0.5]},"east":{"texture":"#1","uv":[9.5,9,10,9.5]},"north":{"texture":"#1","uv":[0,0,0,0.5]},"south":{"texture":"#1","uv":[0,0,0,0.5]},"up":{"texture":"#1","uv":[0,0.5,0,0]},"west":{"texture":"#1","uv":[9.5,9.5,10,10]}},"from":[8.001,26.71521,6.2495],"rotation":{"angle":45,"axis":"x","origin":[8,23.41421,7.2405]},"to":[8.004,27.27821,6.3445]},{"faces":{"down":{"texture":"#1","uv":[0,0,0,0.5]},"east":{"texture":"#1","uv":[0,10,0.5,10.5]},"north":{"texture":"#1","uv":[0,0,0,0.5]},"south":{"texture":"#1","uv":[0,0,0,0.5]},"up":{"texture":"#1","uv":[0,0.5,0,0]},"west":{"texture":"#1","uv":[10,0,10.5,0.5]}},"from":[8.001,26.71521,6.3445],"rotation":{"angle":45,"axis":"x","origin":[8,23.41421,7.2405]},"to":[8.004,27.21821,6.4445]},{"faces":{"down":{"texture":"#1","uv":[0,0,0,0.5]},"east":{"texture":"#1","uv":[0.5,10,1,10.5]},"north":{"texture":"#1","uv":[0,0,0,0.5]},"south":{"texture":"#1","uv":[0,0,0,0.5]},"up":{"texture":"#1","uv":[0,0.5,0,0]},"west":{"texture":"#1","uv":[10,0.5,10.5,1]}},"from":[8.001,26.71521,6.4445],"rotation":{"angle":45,"axis":"x","origin":[8,23.41421,7.2405]},"to":[8.004,27.11821,6.5445]},{"faces":{"down":{"texture":"#1","uv":[0,0,0,0.5]},"east":{"texture":"#1","uv":[1,10,1.5,10.5]},"north":{"texture":"#1","uv":[0,0,0,0.5]},"south":{"texture":"#1","uv":[0,0,0,0.5]},"up":{"texture":"#1","uv":[0,0.5,0,0]},"west":{"texture":"#1","uv":[10,1,10.5,1.5]}},"from":[8.001,26.71521,6.5445],"rotation":{"angle":45,"axis":"x","origin":[8,23.41421,7.2405]},"to":[8.004,27.01821,6.6445]},{"faces":{"down":{"texture":"#1","uv":[0,0,0,0.5]},"east":{"texture":"#1","uv":[1.5,10,2,10.5]},"north":{"texture":"#1","uv":[0,0,0,0.5]},"south":{"texture":"#1","uv":[0,0,0,0.5]},"up":{"texture":"#1","uv":[0,0.5,0,0]},"west":{"texture":"#1","uv":[10,1.5,10.5,2]}},"from":[8.001,26.71521,6.6445],"rotation":{"angle":45,"axis":"x","origin":[8,23.41421,7.2405]},"to":[8.004,26.91821,6.7445]},{"faces":{"down":{"texture":"#1","uv":[0,0,0,2]},"east":{"texture":"#1","uv":[8,0,10,2]},"north":{"texture":"#1","uv":[0,0,0,2]},"south":{"texture":"#1","uv":[0,0,0,2]},"up":{"texture":"#1","uv":[0,2,0,0]},"west":{"texture":"#1","uv":[8,2,10,4]}},"from":[7.992,19.90621,5.7325],"rotation":{"angle":45,"axis":"x","origin":[8,23.41421,7.2405]},"to":[8.008,23.92221,9.7485]},{"faces":{"down":{"texture":"#1","uv":[0,0,0,1.5]},"east":{"texture":"#1","uv":[0,0,1.5,8.5]},"north":{"texture":"#1","uv":[0,0,0,8.5]},"south":{"texture":"#1","uv":[0,0,0,8.5]},"up":{"texture":"#1","uv":[0,1.5,0,0]},"west":{"texture":"#1","uv":[1.5,0,3,8.5]}},"from":[7.995,4.995,5.35682],"rotation":{"angle":0,"axis":"y","origin":[7.5,-1,6.36182]},"to":[8.005,22.005,8.36682]},{"faces":{"down":{"texture":"#1","uv":[0,0,0,2.5]},"east":{"texture":"#1","uv":[5.5,5,8,7.5]},"north":{"texture":"#1","uv":[0,0,0,2.5]},"south":{"texture":"#1","uv":[0,0,0,2.5]},"up":{"texture":"#1","uv":[0,2.5,0,0]},"west":{"texture":"#1","uv":[5.5,7.5,8,10]}},"from":[7.992,5.742,14.60382],"rotation":{"angle":45,"axis":"x","origin":[7.5,20.25,8.11182]},"to":[8.008,10.758,19.61982]}],"gui_light":"front","texture_size":[32,32],"textures":{"0":"civilization:item/tools/cloud_sword/air_king/default","1":"civilization:item/tools/cloud_sword/air_king/anim_0","2":"civilization:item/tools/cloud_sword/air_king/anim_1","particle":"civilization:item/tools/cloud_sword/air_king/default"}}