{"display":{"firstperson_lefthand":{"rotation":[0,-5,0],"scale":[0.8,0.8,0.8],"translation":[1.75,0,0]},"firstperson_righthand":{"rotation":[0,-5,0],"scale":[0.8,0.8,0.8],"translation":[1.75,0,0]},"fixed":{"rotation":[-90,-135,0],"scale":[0.6,0.6,0.6]},"ground":{"rotation":[11,0,19],"scale":[0.5,0.5,0.5],"translation":[0,-1.25,0]},"gui":{"rotation":[90,45,0],"scale":[0.7,0.7,0.7]},"thirdperson_lefthand":{"scale":[0.8,0.8,0.8],"translation":[0,-0.75,-1.5]},"thirdperson_righthand":{"scale":[0.8,0.8,0.8],"translation":[0,-0.75,-1.5]}},"elements":[{"faces":{"down":{"texture":"#1","uv":[3,1.5,2.25,4.5]},"east":{"texture":"#1","uv":[3,1.5,6,2]},"north":{"texture":"#1","uv":[6.5,0,7.25,0.5]},"south":{"texture":"#1","uv":[1.25,6.75,2,7.25]},"up":{"texture":"#1","uv":[2.25,4.5,1.5,1.5]},"west":{"texture":"#1","uv":[3,2,6,2.5]}},"from":[6.5,9,4],"rotation":{"angle":0,"axis":"y","origin":[0.5,0,7]},"to":[9.5,11,16]},{"faces":{"down":{"texture":"#1","uv":[0.25,0,0,0]},"east":{"texture":"#1","uv":[0,0,0,0.5]},"north":{"texture":"#1","uv":[5.75,6.75,6,7.25]},"south":{"texture":"#1","uv":[0.25,7.75,0.5,8.25]},"up":{"texture":"#1","uv":[0.25,0,0,0]},"west":{"texture":"#1","uv":[0,0,0,0.5]}},"from":[7.5,10.84693,16.26955],"rotation":{"angle":45,"axis":"x","origin":[8,12.34693,15.11955]},"to":[8.5,12.84693,16.26955]},{"faces":{"down":{"texture":"#1","uv":[1.75,5.25,1.5,5.5]},"east":{"texture":"#1","uv":[0,0,0.25,0]},"north":{"texture":"#1","uv":[0,0,0.25,0]},"south":{"texture":"#1","uv":[0,0,0.25,0]},"up":{"texture":"#1","uv":[3,4.75,2.75,4.5]},"west":{"texture":"#1","uv":[0,0,0.25,0]}},"from":[7.5,12.84693,15.26955],"rotation":{"angle":45,"axis":"x","origin":[8,12.34693,15.11955]},"to":[8.5,12.84693,16.26955]},{"faces":{"down":{"texture":"#1","uv":[8,0.5,7.25,1]},"east":{"texture":"#1","uv":[4.5,7.5,5,8]},"north":{"texture":"#1","uv":[6.75,5.25,7.5,5.75]},"south":{"texture":"#1","uv":[6.75,7,7.5,7.5]},"up":{"texture":"#1","uv":[8,0.5,7.25,0]},"west":{"texture":"#1","uv":[7.5,5,8,5.5]}},"from":[6.5,9,18],"rotation":{"angle":0,"axis":"y","origin":[0.5,0,7]},"to":[9.5,11,20]},{"faces":{"down":{"texture":"#1","uv":[0.75,7,0.25,7.75]},"east":{"texture":"#1","uv":[5,1.25,5.75,1.5]},"north":{"texture":"#1","uv":[6.25,5.5,6.75,5.75]},"south":{"texture":"#1","uv":[0.75,7,1.25,7.25]},"up":{"texture":"#1","uv":[7.25,7,6.75,6.25]},"west":{"texture":"#1","uv":[7.5,3.75,8.25,4]}},"from":[7,9.5,16],"rotation":{"angle":0,"axis":"y","origin":[0.5,0,7]},"to":[9,10.5,19]},{"faces":{"down":{"texture":"#1","uv":[8,3.25,7.5,3.75]},"east":{"texture":"#1","uv":[6.25,4.5,6.75,5.5]},"north":{"texture":"#1","uv":[1,3.5,1.5,4.5]},"south":{"texture":"#1","uv":[6,6.25,6.5,7.25]},"up":{"texture":"#1","uv":[8,3.25,7.5,2.75]},"west":{"texture":"#1","uv":[4.5,6.5,5,7.5]}},"from":[7,6,10],"rotation":{"angle":-22.5,"axis":"x","origin":[8,7.5,11]},"to":[9,10,12]},{"faces":{"down":{"texture":"#1","uv":[0,0,0,0.75]},"east":{"texture":"#1","uv":[5.25,5.75,6,6.75]},"north":{"texture":"#1","uv":[0,0,0,1]},"south":{"texture":"#1","uv":[0,0,0,1]},"up":{"texture":"#1","uv":[0,0.75,0,0]},"west":{"texture":"#1","uv":[0.5,6,1.25,7]}},"from":[8,5.7315,7.65015],"rotation":{"angle":0,"axis":"y","origin":[7,7.7315,9.65015]},"to":[8,9.7315,10.65015]},{"faces":{"down":{"texture":"#1","uv":[0.5,5.25,0,6.75]},"east":{"texture":"#1","uv":[4.75,4.5,6.25,5]},"north":{"texture":"#1","uv":[2,7.25,2.5,7.75]},"south":{"texture":"#1","uv":[7.25,2.25,7.75,2.75]},"up":{"texture":"#1","uv":[5.25,6.5,4.75,5]},"west":{"texture":"#1","uv":[5,0,6.5,0.5]}},"from":[4.48,9.08,0.98],"rotation":{"angle":0,"axis":"y","origin":[0.5,0,7]},"to":[6.52,11.12,7.02]},{"faces":{"down":{"texture":"#1","uv":[0,0,0,3.5]},"east":{"texture":"#1","uv":[1.5,0,5,0.75]},"north":{"texture":"#1","uv":[0,0,0,0.75]},"south":{"texture":"#1","uv":[0,0,0,0.75]},"up":{"texture":"#1","uv":[0,3.5,0,0]},"west":{"texture":"#1","uv":[1.5,0.75,5,1.5]}},"from":[7.98,9.78,1.98],"rotation":{"angle":-45,"axis":"z","origin":[8,11.3,9]},"to":[8.02,12.82,16.02]},{"faces":{"down":{"texture":"#1","uv":[0,0,0,3.5]},"east":{"texture":"#1","uv":[1.5,0,5,0.75]},"north":{"texture":"#1","uv":[0,0,0,0.75]},"south":{"texture":"#1","uv":[0,0,0,0.75]},"up":{"texture":"#1","uv":[0,3.5,0,0]},"west":{"texture":"#1","uv":[1.5,0.75,5,1.5]}},"from":[7.98,9.78,1.98],"rotation":{"angle":45,"axis":"z","origin":[8,11.3,9]},"to":[8.02,12.82,16.02]},{"faces":{"down":{"texture":"#1","uv":[4.5,5.75,4,7.25]},"east":{"texture":"#1","uv":[2.5,5.75,4,6.25]},"north":{"texture":"#1","uv":[2.5,7.25,3,7.75]},"south":{"texture":"#1","uv":[3,7.25,3.5,7.75]},"up":{"texture":"#1","uv":[6.25,4.5,5.75,3]},"west":{"texture":"#1","uv":[5.75,2.5,7.25,3]}},"from":[9.48,9.08,0.98],"rotation":{"angle":0,"axis":"y","origin":[15.5,0,7]},"to":[11.52,11.12,7.02]},{"faces":{"down":{"texture":"#1","uv":[5.75,6.75,5.25,7.5]},"east":{"texture":"#1","uv":[2,6.75,2.75,7.25]},"north":{"texture":"#1","uv":[4,7.25,4.5,7.75]},"south":{"texture":"#1","uv":[7.25,4.5,7.75,5]},"up":{"texture":"#1","uv":[7.25,5.25,6.75,4.5]},"west":{"texture":"#1","uv":[2.75,6.75,3.5,7.25]}},"from":[13.5,9.1,6],"rotation":{"angle":0,"axis":"y","origin":[11.5,10.1,4.75]},"to":[15.5,11.1,9]},{"faces":{"down":{"texture":"#1","uv":[5.25,6.5,5,8.25]},"east":{"texture":"#1","uv":[3,2.5,4.75,3.25]},"north":{"texture":"#1","uv":[4.5,5.75,4.75,6.5]},"south":{"texture":"#1","uv":[3.5,6.75,3.75,7.5]},"up":{"texture":"#1","uv":[4,8,3.75,6.25]},"west":{"texture":"#1","uv":[3,3.25,4.75,4]}},"from":[15,8.6,3.5],"rotation":{"angle":0,"axis":"y","origin":[11.5,10.1,4.75]},"to":[16,11.6,10.5]},{"faces":{"down":{"texture":"#1","uv":[7.25,2,6,2.5]},"east":{"texture":"#1","uv":[5.75,7.25,6.25,7.75]},"north":{"texture":"#1","uv":[6,0.5,7.25,1]},"south":{"texture":"#1","uv":[6,1,7.25,1.5]},"up":{"texture":"#1","uv":[7.25,2,6,1.5]},"west":{"texture":"#1","uv":[7.25,6.25,7.75,6.75]}},"from":[10.5,9.1,4],"rotation":{"angle":0,"axis":"y","origin":[11.5,10.1,4.75]},"to":[15.5,11.1,6]},{"faces":{"down":{"texture":"#1","uv":[7.5,3.5,6.25,4]},"east":{"texture":"#1","uv":[7.5,6.75,8,7.25]},"north":{"texture":"#1","uv":[1.25,6.25,2.5,6.75]},"south":{"texture":"#1","uv":[2.5,6.25,3.75,6.75]},"up":{"texture":"#1","uv":[7.5,3.5,6.25,3]},"west":{"texture":"#1","uv":[7.25,7.5,7.75,8]}},"from":[0.5,9.1,4],"rotation":{"angle":0,"axis":"y","origin":[4.5,10.1,4.75]},"to":[5.5,11.1,6]},{"faces":{"down":{"texture":"#1","uv":[5.75,3.5,4.75,4.5]},"east":{"texture":"#1","uv":[5.75,4.5,4.75,3.5]},"north":{"texture":"#1","uv":[5.75,4.5,4.75,3.5]},"south":{"texture":"#1","uv":[5.75,4.5,4.75,3.5]},"up":{"texture":"#1","uv":[5.75,4.5,4.75,3.5]},"west":{"texture":"#1","uv":[5.75,4.5,4.75,3.5]}},"from":[12.29538,10.1,-0.35604],"rotation":{"angle":-22.5,"axis":"y","origin":[12.29538,10.1,1.44396]},"to":[16.29538,10.1,3.64396]},{"faces":{"down":{"texture":"#1","uv":[4.75,3.5,5.75,4.5]},"east":{"texture":"#1","uv":[4.75,4.5,5.75,3.5]},"north":{"texture":"#1","uv":[4.75,4.5,5.75,3.5]},"south":{"texture":"#1","uv":[4.75,4.5,5.75,3.5]},"up":{"texture":"#1","uv":[4.75,4.5,5.75,3.5]},"west":{"texture":"#1","uv":[4.75,4.5,5.75,3.5]}},"from":[-0.29538,10.1,-0.35604],"rotation":{"angle":22.5,"axis":"y","origin":[3.70462,10.1,1.44396]},"to":[3.70462,10.1,3.64396]},{"faces":{"down":{"texture":"#1","uv":[7.75,1.5,7.25,2.25]},"east":{"texture":"#1","uv":[0.75,7.25,1.5,7.75]},"north":{"texture":"#1","uv":[5.25,7.5,5.75,8]},"south":{"texture":"#1","uv":[6.75,7.5,7.25,8]},"up":{"texture":"#1","uv":[2,8,1.5,7.25]},"west":{"texture":"#1","uv":[7.25,1,8,1.5]}},"from":[0.5,9.1,6],"rotation":{"angle":0,"axis":"y","origin":[4.5,10.1,4.75]},"to":[2.5,11.1,9]},{"faces":{"down":{"texture":"#1","uv":[0.25,6.75,0,8.5]},"east":{"texture":"#1","uv":[3,4,4.75,4.75]},"north":{"texture":"#1","uv":[6.25,7.25,6.5,8]},"south":{"texture":"#1","uv":[3.5,7.5,3.75,8.25]},"up":{"texture":"#1","uv":[6.75,8,6.5,6.25]},"west":{"texture":"#1","uv":[0,4.5,1.75,5.25]}},"from":[0,8.6,3.5],"rotation":{"angle":0,"axis":"y","origin":[4.5,10.1,4.75]},"to":[1,11.6,10.5]},{"faces":{"down":{"texture":"#1","uv":[6,6,8.5,6.25]},"east":{"texture":"#1","uv":[0.25,0,0,0]},"north":{"texture":"#1","uv":[2.5,0,0,0]},"south":{"texture":"#1","uv":[2.5,0,0,0]},"up":{"texture":"#1","uv":[6,6,8.5,5.75]},"west":{"texture":"#1","uv":[0.25,0,0,0]}},"from":[4.65,11,7],"rotation":{"angle":45,"axis":"y","origin":[15.6,11,7.5]},"to":[14.65,11,8]},{"faces":{"down":{"texture":"#1","uv":[8.5,6,6,6.25]},"east":{"texture":"#1","uv":[0,0,0.25,0]},"north":{"texture":"#1","uv":[0,0,2.5,0]},"south":{"texture":"#1","uv":[0,0,2.5,0]},"up":{"texture":"#1","uv":[8.5,6,6,5.75]},"west":{"texture":"#1","uv":[0,0,0.25,0]}},"from":[1.45,11,7],"rotation":{"angle":-45,"axis":"y","origin":[0.4,11,7.5]},"to":[11.45,11,8]},{"faces":{"down":{"texture":"#1","uv":[2.75,4.5,1.75,5.5]},"east":{"texture":"#1","uv":[0.5,5.25,1.5,6]},"north":{"texture":"#1","uv":[5,0.5,6,1.25]},"south":{"texture":"#1","uv":[5.25,5,6.25,5.75]},"up":{"texture":"#1","uv":[1,4.5,0,3.5]},"west":{"texture":"#1","uv":[1.5,5.5,2.5,6.25]}},"from":[6,8.5,2.5],"rotation":{"angle":0,"axis":"y","origin":[15.5,0,7]},"to":[10,11.5,6.5]}],"gui_light":"front","texture_size":[64,64],"textures":{"1":"civilization:item/tools/sonic_crossbow/pulling/3","particle":"civilization:item/tools/sonic_crossbow/pulling/3"}}