{"display":{"firstperson_lefthand":{"translation":[6,-5.5,-6.5]},"firstperson_righthand":{"translation":[6,-5.5,-6.5]},"fixed":{"rotation":[90,-45,90],"scale":[0.6,0.6,0.6],"translation":[5.25,-1,-0.75]},"ground":{"rotation":[20,0,0],"scale":[0.5,0.5,0.5],"translation":[0,1,-2.5]},"gui":{"rotation":[30,135,0],"scale":[0.55,0.55,0.55],"translation":[-1.75,-3,0]},"thirdperson_lefthand":{"rotation":[68,0,0],"scale":[0.9,0.9,0.9],"translation":[0,2,-9.25]},"thirdperson_righthand":{"rotation":[68,0,0],"scale":[0.9,0.9,0.9],"translation":[0,2,-9.25]}},"elements":[{"faces":{"down":{"texture":"#0","uv":[0,0,0,1]},"east":{"texture":"#0","uv":[3.5,2.75,4.5,3.5]},"north":{"texture":"#0","uv":[0,0,0,0.75]},"south":{"texture":"#0","uv":[0,0,0,0.75]},"up":{"texture":"#0","uv":[0,1,0,0]},"west":{"texture":"#0","uv":[3,6.25,4,7]}},"from":[8,16.75,26.10597],"rotation":{"angle":22.5,"axis":"x","origin":[8,18.25,15.60597]},"to":[8,19.75,30.10597]},{"faces":{"down":{"texture":"#0","uv":[7.25,5.5,6.5,6.5]},"east":{"texture":"#0","uv":[0,0,1,0]},"north":{"texture":"#0","uv":[0,0,0.75,0]},"south":{"texture":"#0","uv":[0,0,0.75,0]},"up":{"texture":"#0","uv":[6.25,7.5,5.5,6.5]},"west":{"texture":"#0","uv":[0,0,1,0]}},"from":[6.5,18.25,26.10597],"rotation":{"angle":22.5,"axis":"x","origin":[8,18.25,15.60597]},"to":[9.5,18.25,30.10597]},{"faces":{"down":{"texture":"#0","uv":[1,4,0.5,9.25]},"east":{"texture":"#0","uv":[0,3.5,5.25,4]},"north":{"texture":"#0","uv":[8.75,5.5,9.25,6]},"south":{"texture":"#0","uv":[8.75,6,9.25,6.5]},"up":{"texture":"#0","uv":[0.5,9.25,0,4]},"west":{"texture":"#0","uv":[3.5,0,8.75,0.5]}},"from":[7,17.25,4.10597],"rotation":{"angle":22.5,"axis":"x","origin":[8,18.25,15.60597]},"to":[9,19.25,25.10597]},{"faces":{"down":{"texture":"#0","uv":[6.25,8.25,5.5,8.75]},"east":{"texture":"#0","uv":[2.5,7.25,3,8]},"north":{"texture":"#0","uv":[8,6.25,8.75,7]},"south":{"texture":"#0","uv":[8,7,8.75,7.75]},"up":{"texture":"#0","uv":[9,5.5,8.25,5]},"west":{"texture":"#0","uv":[2.5,8,3,8.75]}},"from":[6.5,16.75,24.10597],"rotation":{"angle":22.5,"axis":"x","origin":[8,18.25,15.60597]},"to":[9.5,19.75,26.10597]},{"faces":{"down":{"texture":"#0","uv":[2,4,1.5,9]},"east":{"texture":"#0","uv":[3.5,0.5,8.5,1]},"north":{"texture":"#0","uv":[4,8.75,4.5,9.25]},"south":{"texture":"#0","uv":[5.5,8.75,6,9.25]},"up":{"texture":"#0","uv":[1.5,9,1,4]},"west":{"texture":"#0","uv":[3.5,1,8.5,1.5]}},"from":[6.7,16.95,3.80597],"rotation":{"angle":22.5,"axis":"x","origin":[8,18.25,15.60597]},"to":[9.3,19.55,24.40597]},{"faces":{"down":{"texture":"#0","uv":[8.75,5.5,8,6.25]},"east":{"texture":"#0","uv":[7.25,6.25,8,7]},"north":{"texture":"#0","uv":[7.25,5.5,8,6.25]},"south":{"texture":"#0","uv":[7.25,7,8,7.75]},"up":{"texture":"#0","uv":[8,8.5,7.25,7.75]},"west":{"texture":"#0","uv":[5.5,7.5,6.25,8.25]}},"from":[6.5,22.01623,1.5336],"rotation":{"angle":-22.5,"axis":"x","origin":[8,23.51623,3.0336]},"to":[9.5,25.01623,4.5336]},{"faces":{"down":{"texture":"#0","uv":[8.75,8.5,7.75,8.75]},"east":{"texture":"#0","uv":[7.25,8.5,7.5,9.5]},"north":{"texture":"#0","uv":[5.5,4.5,6.5,5.5]},"south":{"texture":"#0","uv":[5.5,5.5,6.5,6.5]},"up":{"texture":"#0","uv":[9.5,1.5,8.5,1.25]},"west":{"texture":"#0","uv":[7.5,8.5,7.75,9.5]}},"from":[6,16.25,6.10597],"rotation":{"angle":22.5,"axis":"x","origin":[8,18.25,15.60597]},"to":[10,20.25,7.10597]},{"faces":{"down":{"texture":"#0","uv":[9.75,0.25,8.75,0.5]},"east":{"texture":"#0","uv":[2.5,8.75,2.75,9.75]},"north":{"texture":"#0","uv":[4.5,6,5.5,7]},"south":{"texture":"#0","uv":[2,6.25,3,7.25]},"up":{"texture":"#0","uv":[9.75,0.25,8.75,0]},"west":{"texture":"#0","uv":[2.75,8.75,3,9.75]}},"from":[6,16.25,3.10597],"rotation":{"angle":22.5,"axis":"x","origin":[8,18.25,15.60597]},"to":[10,20.25,4.10597]}],"texture_size":[64,64],"textures":{"0":"civilization:item/tools/sculkweaver_lantern/normal/default","particle":"civilization:item/tools/sculkweaver_lantern/normal/default"}}