{"display":{"firstperson_lefthand":{"translation":[6,-5.5,-6.5]},"firstperson_righthand":{"translation":[6,-5.5,-6.5]},"fixed":{"rotation":[90,-45,90],"scale":[0.6,0.6,0.6],"translation":[5.25,-1,-0.75]},"ground":{"rotation":[20,0,0],"scale":[0.5,0.5,0.5],"translation":[0,1,-2.5]},"gui":{"rotation":[30,135,0],"scale":[0.55,0.55,0.55],"translation":[-1.75,-3,0]},"thirdperson_lefthand":{"rotation":[68,0,0],"scale":[0.9,0.9,0.9],"translation":[0,2,-9.25]},"thirdperson_righthand":{"rotation":[68,0,0],"scale":[0.9,0.9,0.9],"translation":[0,2,-9.25]}},"elements":[{"faces":{"down":{"texture":"#0","uv":[0,0,0,1]},"east":{"texture":"#0","uv":[3.5,2.75,4.5,3.5]},"north":{"texture":"#0","uv":[0,0,0,0.75]},"south":{"texture":"#0","uv":[0,0,0,0.75]},"up":{"texture":"#0","uv":[0,1,0,0]},"west":{"texture":"#0","uv":[3,6.25,4,7]}},"from":[8,16.75,26.10597],"rotation":{"angle":22.5,"axis":"x","origin":[8,18.25,15.60597]},"to":[8,19.75,30.10597]},{"faces":{"down":{"texture":"#0","uv":[7.25,5.5,6.5,6.5]},"east":{"texture":"#0","uv":[0,0,1,0]},"north":{"texture":"#0","uv":[0,0,0.75,0]},"south":{"texture":"#0","uv":[0,0,0.75,0]},"up":{"texture":"#0","uv":[6.25,7.5,5.5,6.5]},"west":{"texture":"#0","uv":[0,0,1,0]}},"from":[6.5,18.25,26.10597],"rotation":{"angle":22.5,"axis":"x","origin":[8,18.25,15.60597]},"to":[9.5,18.25,30.10597]},{"faces":{"down":{"texture":"#0","uv":[1,4,0.5,9.25]},"east":{"texture":"#0","uv":[0,3.5,5.25,4]},"north":{"texture":"#0","uv":[8.75,5.5,9.25,6]},"south":{"texture":"#0","uv":[8.75,6,9.25,6.5]},"up":{"texture":"#0","uv":[0.5,9.25,0,4]},"west":{"texture":"#0","uv":[3.5,0,8.75,0.5]}},"from":[7,17.25,4.10597],"rotation":{"angle":22.5,"axis":"x","origin":[8,18.25,15.60597]},"to":[9,19.25,25.10597]},{"faces":{"down":{"texture":"#0","uv":[6.25,8.25,5.5,8.75]},"east":{"texture":"#0","uv":[2.5,7.25,3,8]},"north":{"texture":"#0","uv":[8,6.25,8.75,7]},"south":{"texture":"#0","uv":[8,7,8.75,7.75]},"up":{"texture":"#0","uv":[9,5.5,8.25,5]},"west":{"texture":"#0","uv":[2.5,8,3,8.75]}},"from":[6.5,16.75,24.10597],"rotation":{"angle":22.5,"axis":"x","origin":[8,18.25,15.60597]},"to":[9.5,19.75,26.10597]},{"faces":{"down":{"texture":"#0","uv":[2,4,1.5,9]},"east":{"texture":"#0","uv":[3.5,0.5,8.5,1]},"north":{"texture":"#0","uv":[4,8.75,4.5,9.25]},"south":{"texture":"#0","uv":[5.5,8.75,6,9.25]},"up":{"texture":"#0","uv":[1.5,9,1,4]},"west":{"texture":"#0","uv":[3.5,1,8.5,1.5]}},"from":[6.7,16.95,3.80597],"rotation":{"angle":22.5,"axis":"x","origin":[8,18.25,15.60597]},"to":[9.3,19.55,24.40597]},{"faces":{"down":{"texture":"#0","uv":[8.75,5.5,8,6.25]},"east":{"texture":"#0","uv":[7.25,6.25,8,7]},"north":{"texture":"#0","uv":[7.25,5.5,8,6.25]},"south":{"texture":"#0","uv":[7.25,7,8,7.75]},"up":{"texture":"#0","uv":[8,8.5,7.25,7.75]},"west":{"texture":"#0","uv":[5.5,7.5,6.25,8.25]}},"from":[6.5,22.01623,1.5336],"rotation":{"angle":-22.5,"axis":"x","origin":[8,23.51623,3.0336]},"to":[9.5,25.01623,4.5336]},{"faces":{"down":{"texture":"#0","uv":[8.75,8.5,7.75,8.75]},"east":{"texture":"#0","uv":[7.25,8.5,7.5,9.5]},"north":{"texture":"#0","uv":[5.5,4.5,6.5,5.5]},"south":{"texture":"#0","uv":[5.5,5.5,6.5,6.5]},"up":{"texture":"#0","uv":[9.5,1.5,8.5,1.25]},"west":{"texture":"#0","uv":[7.5,8.5,7.75,9.5]}},"from":[6,16.25,6.10597],"rotation":{"angle":22.5,"axis":"x","origin":[8,18.25,15.60597]},"to":[10,20.25,7.10597]},{"faces":{"down":{"texture":"#0","uv":[9.75,0.25,8.75,0.5]},"east":{"texture":"#0","uv":[2.5,8.75,2.75,9.75]},"north":{"texture":"#0","uv":[4.5,6,5.5,7]},"south":{"texture":"#0","uv":[2,6.25,3,7.25]},"up":{"texture":"#0","uv":[9.75,0.25,8.75,0]},"west":{"texture":"#0","uv":[2.75,8.75,3,9.75]}},"from":[6,16.25,3.10597],"rotation":{"angle":22.5,"axis":"x","origin":[8,18.25,15.60597]},"to":[10,20.25,4.10597]},{"faces":{"down":{"texture":"#0","uv":[0.75,0,0,0]},"east":{"texture":"#0","uv":[0,0,0,2]},"north":{"texture":"#0","uv":[4.75,1.5,5.5,3.5]},"south":{"texture":"#0","uv":[4.75,4,5.5,6]},"up":{"texture":"#0","uv":[0.75,0,0,0]},"west":{"texture":"#0","uv":[0,0,0,2]}},"from":[6.5,12.75,5.35597],"rotation":{"angle":0,"axis":"y","origin":[8,10.75,5.35597]},"to":[9.5,20.75,5.35597]},{"faces":{"down":{"texture":"#0","uv":[0,0,0,0.75]},"east":{"texture":"#0","uv":[2,4,2.75,6.25]},"north":{"texture":"#0","uv":[0,0,0,2.25]},"south":{"texture":"#0","uv":[0,0,0,2.25]},"up":{"texture":"#0","uv":[0,0.75,0,0]},"west":{"texture":"#0","uv":[2.75,4,3.5,6.25]}},"from":[8,12.75,3.85597],"rotation":{"angle":0,"axis":"y","origin":[8,10.75,5.35597]},"to":[8,21.75,6.85597]},{"faces":{"down":{"texture":"#0","uv":[0,0,0,0.25]},"east":{"texture":"#0","uv":[6.25,6.5,6.5,9]},"north":{"texture":"#0","uv":[0,0,0,2.5]},"south":{"texture":"#0","uv":[0,0,0,2.5]},"up":{"texture":"#0","uv":[0,0.25,0,0]},"west":{"texture":"#0","uv":[6.5,6.5,6.75,9]}},"from":[10,5.75,0.85597],"rotation":{"angle":0,"axis":"y","origin":[13,11.75,-2.14403]},"to":[10,15.75,1.85597]},{"faces":{"down":{"texture":"#0","uv":[0,0,0,0.25]},"east":{"texture":"#0","uv":[4,6.25,4.25,8.75]},"north":{"texture":"#0","uv":[0,0,0,2.5]},"south":{"texture":"#0","uv":[0,0,0,2.5]},"up":{"texture":"#0","uv":[0,0.25,0,0]},"west":{"texture":"#0","uv":[4.25,6.25,4.5,8.75]}},"from":[6,5.75,0.85597],"rotation":{"angle":0,"axis":"y","origin":[9,11.75,-2.14403]},"to":[6,15.75,1.85597]},{"faces":{"down":{"texture":"#0","uv":[0.25,0,0,0]},"east":{"texture":"#0","uv":[0,0,0,2.5]},"north":{"texture":"#0","uv":[4.75,7,5,9.5]},"south":{"texture":"#0","uv":[5,7,5.25,9.5]},"up":{"texture":"#0","uv":[0.25,0,0,0]},"west":{"texture":"#0","uv":[0,0,0,2.5]}},"from":[3.5,5.75,3.35497],"rotation":{"angle":0,"axis":"y","origin":[7.5,11.75,6.35497]},"to":[4.5,15.75,3.35497]},{"faces":{"down":{"texture":"#0","uv":[0.25,0,0,0]},"east":{"texture":"#0","uv":[0,0,0,2.5]},"north":{"texture":"#0","uv":[3.75,7,4,9.5]},"south":{"texture":"#0","uv":[4.5,7,4.75,9.5]},"up":{"texture":"#0","uv":[0.25,0,0,0]},"west":{"texture":"#0","uv":[0,0,0,2.5]}},"from":[3.5,5.75,7.35497],"rotation":{"angle":0,"axis":"y","origin":[7.5,11.75,10.35497]},"to":[4.5,15.75,7.35497]},{"faces":{"down":{"texture":"#0","uv":[0,0,0,0.25]},"east":{"texture":"#0","uv":[3.25,7,3.5,9.5]},"north":{"texture":"#0","uv":[0,0,0,2.5]},"south":{"texture":"#0","uv":[0,0,0,2.5]},"up":{"texture":"#0","uv":[0,0.25,0,0]},"west":{"texture":"#0","uv":[3.5,7,3.75,9.5]}},"from":[6,5.75,8.85597],"rotation":{"angle":0,"axis":"y","origin":[9,11.75,5.85597]},"to":[6,15.75,9.85597]},{"faces":{"down":{"texture":"#0","uv":[0,0,0,0.25]},"east":{"texture":"#0","uv":[6.75,6.5,7,9]},"north":{"texture":"#0","uv":[0,0,0,2.5]},"south":{"texture":"#0","uv":[0,0,0,2.5]},"up":{"texture":"#0","uv":[0,0.25,0,0]},"west":{"texture":"#0","uv":[3,7,3.25,9.5]}},"from":[10,5.75,8.85597],"rotation":{"angle":0,"axis":"y","origin":[13,11.75,5.85597]},"to":[10,15.75,9.85597]},{"faces":{"down":{"texture":"#0","uv":[0.25,0,0,0]},"east":{"texture":"#0","uv":[0,0,0,2.5]},"north":{"texture":"#0","uv":[2,7.25,2.25,9.75]},"south":{"texture":"#0","uv":[2.25,7.25,2.5,9.75]},"up":{"texture":"#0","uv":[0.25,0,0,0]},"west":{"texture":"#0","uv":[0,0,0,2.5]}},"from":[11.5,5.75,7.35497],"rotation":{"angle":0,"axis":"y","origin":[15.5,11.75,10.35497]},"to":[12.5,15.75,7.35497]},{"faces":{"down":{"texture":"#0","uv":[0.25,0,0,0]},"east":{"texture":"#0","uv":[0,0,0,2.5]},"north":{"texture":"#0","uv":[5.25,7,5.5,9.5]},"south":{"texture":"#0","uv":[7,6.5,7.25,9]},"up":{"texture":"#0","uv":[0.25,0,0,0]},"west":{"texture":"#0","uv":[0,0,0,2.5]}},"from":[11.5,5.75,3.35497],"rotation":{"angle":0,"axis":"y","origin":[15.5,11.75,6.35497]},"to":[12.5,15.75,3.35497]},{"faces":{"down":{"texture":"#0","uv":[1.75,1.75,0,3.5]},"east":{"texture":"#0","uv":[6.5,2,8.25,2.5]},"north":{"texture":"#0","uv":[6.5,1.5,8.25,2]},"south":{"texture":"#0","uv":[6.5,2.5,8.25,3]},"up":{"texture":"#0","uv":[1.75,1.75,0,0]},"west":{"texture":"#0","uv":[6.5,3,8.25,3.5]}},"from":[4.5,12.75,1.85597],"rotation":{"angle":0,"axis":"y","origin":[8,11.75,5.35597]},"to":[11.5,14.75,8.85597]},{"faces":{"down":{"texture":"#0","uv":[6.5,1.5,5.5,2.5]},"east":{"texture":"#0","uv":[8.25,1.5,9.25,2]},"north":{"texture":"#0","uv":[8,7.75,9,8.25]},"south":{"texture":"#0","uv":[8.25,2,9.25,2.5]},"up":{"texture":"#0","uv":[4.5,6.25,3.5,5.25]},"west":{"texture":"#0","uv":[8.25,2.5,9.25,3]}},"from":[6,14.75,3.35597],"rotation":{"angle":0,"axis":"y","origin":[8.5,12.75,6.85597]},"to":[10,16.75,7.35597]},{"faces":{"down":{"texture":"#0","uv":[6.5,3.5,5.5,4.5]},"east":{"texture":"#0","uv":[8.25,3.5,9.25,4]},"north":{"texture":"#0","uv":[8.25,3,9.25,3.5]},"south":{"texture":"#0","uv":[8.25,4,9.25,4.5]},"up":{"texture":"#0","uv":[6.5,3.5,5.5,2.5]},"west":{"texture":"#0","uv":[8.25,4.5,9.25,5]}},"from":[6,5.25,3.35597],"rotation":{"angle":0,"axis":"y","origin":[8.5,3.25,6.85597]},"to":[10,7.25,7.35597]},{"faces":{"down":{"texture":"#0","uv":[4.75,4,3.5,5.25]},"east":{"texture":"#0","uv":[8.5,0.5,9.75,0.75]},"north":{"texture":"#0","uv":[8,8.25,9.25,8.5]},"south":{"texture":"#0","uv":[8.5,0.75,9.75,1]},"up":{"texture":"#0","uv":[4.75,2.75,3.5,1.5]},"west":{"texture":"#0","uv":[8.5,1,9.75,1.25]}},"from":[5.5,4.25,2.85597],"rotation":{"angle":0,"axis":"y","origin":[9,1.25,7.35597]},"to":[10.5,5.25,7.85597]},{"faces":{"down":{"texture":"#0","uv":[3.5,1.75,1.75,3.5]},"east":{"texture":"#0","uv":[6.5,4,8.25,4.5]},"north":{"texture":"#0","uv":[6.5,3.5,8.25,4]},"south":{"texture":"#0","uv":[6.5,4.5,8.25,5]},"up":{"texture":"#0","uv":[3.5,1.75,1.75,0]},"west":{"texture":"#0","uv":[6.5,5,8.25,5.5]}},"from":[4.5,6.75,1.85597],"rotation":{"angle":0,"axis":"y","origin":[8,12.75,5.35597]},"to":[11.5,8.75,8.85597]},{"faces":{"down":{"texture":"#1","uv":[6,5,0,6]},"east":{"texture":"#1","uv":[0,0,6,6]},"north":{"texture":"#1","uv":[0,0,6,6]},"south":{"texture":"#1","uv":[0,0,6,6]},"up":{"texture":"#1","uv":[6,1,0,0]},"west":{"texture":"#1","uv":[0,0,6,6]}},"from":[5.25,8,2.60597],"rotation":{"angle":0,"axis":"y","origin":[8,11.75,5.35597]},"to":[10.75,13.5,8.10597]}],"texture_size":[64,64],"textures":{"0":"civilization:item/tools/sculkweaver_lantern/normal/default","1":"civilization:item/tools/sculkweaver_lantern/normal/anim","particle":"civilization:item/tools/sculkweaver_lantern/normal/default"}}